dataset,neuron,encoding,accuracy,balanced_accuracy,f1_macro,f1_weighted,precision_macro,recall_macro,roc_auc_weighted,matthews_corrcoef,cohen_kappa,detection_rate,false_alarm_rate,binary_accuracy,binary_f1,test21_accuracy,test21_f1_macro,test21_matthews_corrcoef,test21_detection_rate,test21_false_alarm_rate,energy_spikes_per_sample,spike_sparsity,input_spikes_per_sample,hidden_spikes_per_sample,output_spikes_per_sample,sops_per_sample,trainable_parameters,train_time_s,inference_ms_per_sample,epochs,num_steps,hidden_size,batch_size,lr,seed,protocol,manifest_sha256,fold
nslkdd_v2,LeakyParallel,rate,0.7698278921220724,0.5156196554694625,0.5405143063813094,0.7385015696871674,0.773075211384073,0.5156196554694625,0.8947052630823428,0.6644339150506334,0.6346482332276475,0.6533935946388217,0.028112449799196786,0.7905872959545777,0.7803266483644316,0.5594936708860759,0.46112951444909916,0.479031923366135,0.5374303980202103,0.13011152416356878,389.16199432221435,0.8829587987000859,238.59958303761533,371.1516589779986,18.010335344215754,32396.504923704757,16901,65.21605253219604,0.025827466722411242,10,25,128,128,0.001,42,nslkdd_v2,acc0af8831e88fef0b5c06e3ce974ac35cb3e4345e8d071f18deb2948b3bdd6d,
nslkdd_v2,LeakyParallel,rate,0.7551011355571328,0.4890622697062817,0.5006149399814059,0.720336958714378,0.6090916588312818,0.4890622697062817,0.9005537665051848,0.6421419789054357,0.609724474664405,0.6304839086729526,0.03521779425393883,0.774485450674237,0.7609329446064139,0.5342616033755274,0.4035872059269975,0.44894858004185,0.5110332027222108,0.1607806691449814,383.8165809084457,0.8845664418320464,238.55606813342797,368.0540720369056,15.7625088715401,32375.447081263308,16901,236.5112533569336,0.10748126136232894,10,25,128,128,0.001,45,nslkdd_v2,acc0af8831e88fef0b5c06e3ce974ac35cb3e4345e8d071f18deb2948b3bdd6d,
nslkdd_v2,LeakyParallel,rate,0.7538591199432222,0.5409298155778076,0.5656602451241926,0.716946896814427,0.7381919781210712,0.5409298155778076,0.9188591294930556,0.6355494657061905,0.6117996004581855,0.6579911166523806,0.0732159406858202,0.7737757274662882,0.7680553028924868,0.5308016877637131,0.44267258009170946,0.4240238642338283,0.5446483811095071,0.3266728624535316,423.58241660752304,0.8726067919977374,238.5822391767211,406.31329843860897,17.269118168914122,32570.093106813343,16901,236.49811601638794,0.10532277158340551,10,25,128,128,0.001,46,nslkdd_v2,acc0af8831e88fef0b5c06e3ce974ac35cb3e4345e8d071f18deb2948b3bdd6d,
nslkdd_v2,LeakyParallel,rate,0.7740862313697658,0.5399117916532415,0.5522552069194555,0.7416789656933279,0.8230951207092836,0.5399117916532415,0.9251800155405502,0.6677283518350652,0.6464656091415166,0.6833164497779163,0.0760992688703532,0.7869499645138396,0.7850140996374378,0.5711392405063291,0.4402315437503401,0.4743961118113728,0.5811507527325221,0.34107806691449816,422.742503548616,0.8728593974289877,238.61874556422995,406.12127395315827,16.62122959545777,32573.805801987226,16901,236.5714774131775,0.10358655892677389,10,25,128,128,0.001,43,nslkdd_v2,acc0af8831e88fef0b5c06e3ce974ac35cb3e4345e8d071f18deb2948b3bdd6d,
nslkdd_v2,LeakyParallel,rate,0.7531050390347764,0.5426799295282008,0.576381277068891,0.7195568904063357,0.7759719265873481,0.5426799295282008,0.9015004123308925,0.6372389727674217,0.6090655512393981,0.6427179926751344,0.051076099268870356,0.7746185237757275,0.7645177735551745,0.530042194092827,0.4697065352250851,0.4337008308300491,0.5275314497834606,0.24024163568773235,427.8243435060326,0.8713310245094639,238.56777856635912,411.53251419446417,16.29182931156849,32594.338227466287,16901,236.58520913124084,0.10386478444039188,10,25,128,128,0.001,44,nslkdd_v2,acc0af8831e88fef0b5c06e3ce974ac35cb3e4345e8d071f18deb2948b3bdd6d,
nslkdd_v2,LeakyParallel,latency,0.7416607523066004,0.5374656762397969,0.5630699991707409,0.7114661576139859,0.7626312737731471,0.5374656762397969,0.9049569115152323,0.6208092575460629,0.592359892459424,0.6234707394997273,0.07125939656060137,0.7549680624556423,0.7433800984855524,0.5088607594936709,0.4547528435277604,0.40979180005783167,0.5017529387502578,0.31970260223048325,303.16838183108587,0.9088215392989215,14.580154364797728,276.83241660752304,26.33596522356281,3250.4218417317247,16901,236.65595149993896,0.10223864366857612,10,25,128,128,0.001,42,nslkdd_v2,acc0af8831e88fef0b5c06e3ce974ac35cb3e4345e8d071f18deb2948b3bdd6d,
nslkdd_v2,LeakyParallel,latency,0.7776792051100071,0.5534349942031491,0.5713460918148636,0.7488618021793818,0.8200149403914981,0.5534349942031491,0.8916102498615779,0.6732404766967766,0.6533049535046804,0.6958622301877971,0.07198022860673463,0.7958658623136976,0.7951206482058588,0.5774683544303797,0.47349444386128214,0.4810268271179899,0.5975458857496391,0.3224907063197026,401.1429205110007,0.8793555126282705,14.580154364797728,354.1529009936125,46.99001951738822,3637.024263662172,16901,236.63606786727905,0.10100169922968781,10,25,128,128,0.001,43,nslkdd_v2,acc0af8831e88fef0b5c06e3ce974ac35cb3e4345e8d071f18deb2948b3bdd6d,
nslkdd_v2,LeakyParallel,latency,0.7635290986515259,0.52951733608208,0.5594057829276176,0.7436431747276289,0.7622590164361447,0.52951733608208,0.8817053678797162,0.651927521383973,0.6290926300526951,0.6611080807293696,0.06662547626403048,0.778388928317956,0.7725368785285012,0.5518143459915612,0.45832745700256733,0.4542695962613094,0.5516601361105382,0.3006505576208178,333.32740418736694,0.8997511566353784,14.580154364797728,300.2933374733854,33.034066713981545,3367.7264460610363,16901,243.63232898712158,0.12681801916437846,10,25,128,128,0.001,45,nslkdd_v2,acc0af8831e88fef0b5c06e3ce974ac35cb3e4345e8d071f18deb2948b3bdd6d,
nslkdd_v2,LeakyParallel,latency,0.7909421575585521,0.5694610774422442,0.6108810808586742,0.7662562104566438,0.8149809684038383,0.5694610774422442,0.8737705708064524,0.6937215294143076,0.6707783683471831,0.6954726096781735,0.03943981052414788,0.8096611071682044,0.8061966487511857,0.6023628691983123,0.5216336304706397,0.5191504955253632,0.597030315528975,0.1779739776951673,318.59958303761533,0.9041805765300405,14.580154364797728,289.52457416607524,29.0750088715401,3313.8826295244853,16901,243.73601937294006,0.12457652071674637,10,25,128,128,0.001,44,nslkdd_v2,acc0af8831e88fef0b5c06e3ce974ac35cb3e4345e8d071f18deb2948b3bdd6d,
nslkdd_v2,LeakyParallel,latency,0.7636178140525195,0.5945877283806054,0.6183432800281145,0.7380535960139124,0.7768287144001131,0.5945877283806054,0.9059721938400469,0.6528764738522636,0.6310028666337876,0.6718616067949816,0.07486355679126763,0.7809616749467707,0.7773870705977819,0.5516455696202531,0.5149945362718534,0.4532305295461498,0.5657867601567333,0.33596654275092935,304.89003726046843,0.9083037481923404,14.580154364797728,275.9000177430802,28.99001951738822,3245.7598474095103,16901,243.794047832489,0.11791032920753473,10,25,128,128,0.001,46,nslkdd_v2,acc0af8831e88fef0b5c06e3ce974ac35cb3e4345e8d071f18deb2948b3bdd6d,
nslkdd_v2,LeakyParallel,delta,0.7662792760823279,0.5017649884742653,0.5013035323111636,0.7202087020979178,0.792035356724686,0.5017649884742653,0.9448678737829364,0.6581066670850239,0.6287527308751417,0.6679654016987454,0.02862732983214911,0.7986603974449965,0.7906654983166536,0.569789029535865,0.42064615133287475,0.48908156461718977,0.5606310579500928,0.12174721189591078,175.37366926898508,0.9472560393175985,13.56028211497516,158.32044002838893,17.053229240596167,2527.318310858765,16901,244.63802814483643,0.12043509777764888,10,25,128,128,0.001,43,nslkdd_v2,acc0af8831e88fef0b5c06e3ce974ac35cb3e4345e8d071f18deb2948b3bdd6d,
nslkdd_v2,LeakyParallel,delta,0.7604684173172462,0.5213433852563751,0.540416853637883,0.7186633414935458,0.7976502427633719,0.5213433852563751,0.9407543704550194,0.650092449605015,0.6187068762881817,0.6506662510714564,0.028833281845330037,0.7887242725337118,0.7780832129711597,0.5552742616033756,0.45353109219054044,0.4749700297455002,0.5377397401526088,0.12314126394052044,173.0319375443577,0.9479603195355315,13.56028211497516,157.29413591199432,15.737801632363379,2522.186790276792,16901,244.77877497673035,0.12206836657121387,10,25,128,128,0.001,44,nslkdd_v2,acc0af8831e88fef0b5c06e3ce974ac35cb3e4345e8d071f18deb2948b3bdd6d,
nslkdd_v2,LeakyParallel,delta,0.738777501774308,0.5066860435673161,0.5270397133566488,0.6980048087504466,0.7902070002808104,0.5066860435673161,0.9301109895361787,0.619163161955458,0.5832101367912733,0.6148990882880074,0.02842137781896818,0.768541518807665,0.7515238095238095,0.5184810126582279,0.4349403967622825,0.4383219768309544,0.4904103938956486,0.1212825278810409,141.11896735273243,0.957558205307449,13.56028211497516,125.28686124911285,15.832106103619589,2362.1504169623845,16901,244.67345571517944,0.12268767955880203,10,25,128,128,0.001,42,nslkdd_v2,acc0af8831e88fef0b5c06e3ce974ac35cb3e4345e8d071f18deb2948b3bdd6d,
nslkdd_v2,LeakyParallel,delta,0.7582948899929027,0.4969195832992687,0.5061427169027221,0.7124384484887676,0.8443125638386254,0.4969195832992687,0.941781213882062,0.6444495261601279,0.6147668844943683,0.6625107145640147,0.028318401812377717,0.7956884315117104,0.7868579361406757,0.5541772151898734,0.42250768447952564,0.4661885066439578,0.553413074860796,0.1212825278810409,160.33543293115684,0.9517788171635618,13.56028211497516,142.7760823278921,17.559350603264726,2449.596522356281,16901,240.0379936695099,0.23121525836887724,10,25,128,128,0.001,45,nslkdd_v2,acc0af8831e88fef0b5c06e3ce974ac35cb3e4345e8d071f18deb2948b3bdd6d,
nslkdd_v2,LeakyParallel,delta,0.752306600425834,0.5070633915197182,0.5235989645452973,0.7089097769170978,0.7808889178044672,0.5070633915197182,0.9338062786142459,0.6367378684112343,0.6055475083117356,0.6481726798098651,0.029245185871691896,0.7871273953158269,0.7761138325169116,0.5444725738396624,0.4394012765733879,0.45923366060331233,0.5345432047844917,0.12453531598513011,116.93031405251952,0.9648329882548814,13.56028211497516,101.77807842441447,15.15223562810504,2244.606502838893,16901,241.56430864334106,0.22809207439422607,10,25,128,128,0.001,46,nslkdd_v2,acc0af8831e88fef0b5c06e3ce974ac35cb3e4345e8d071f18deb2948b3bdd6d,
kddcup99_v2,LeakyParallel,rate,0.9269232129479887,0.6342969625444713,0.6484849530830616,0.9108594178667012,0.7978008841420023,0.6342969625444713,0.9720819384848454,0.8315892286453276,0.8243015206953009,0.9139700362567682,0.005330648754806661,0.9296914435631404,0.9544084228082977,,,,,,344.1014567773423,0.8965108400669647,245.5823990688971,324.90728838789954,19.194168389442787,33059.08352275833,16389,928.7738995552063,0.1443476065987033,10,25,128,128,0.001,42,kddcup99_v2,da7e7fae00a54821b062a6ed3ce86f6aec975e5e296fec2f83a72067dadab5a9,
kddcup99_v2,LeakyParallel,rate,0.9251709647653434,0.6263089675351783,0.6272914728258014,0.9082500139786396,0.7593096717035467,0.6263089675351783,0.974128467527781,0.8272415274653383,0.8200837709524316,0.9132672618952546,0.014391101282326341,0.9273604712100801,0.9529335052695391,,,,,,448.25672525713037,0.8651859472910886,245.5822543878545,429.0593738847503,19.197351372380066,33579.825431069126,16389,928.9096927642822,0.1436528636790997,10,25,128,128,0.001,43,kddcup99_v2,da7e7fae00a54821b062a6ed3ce86f6aec975e5e296fec2f83a72067dadab5a9,
kddcup99_v2,LeakyParallel,rate,0.9237981024277478,0.5866260951915336,0.5876542740191051,0.9072863598949916,0.7593767746144304,0.5866260951915336,0.973038686005623,0.824186350589793,0.8169025371391881,0.9119615390758518,0.015216279108147806,0.9261483655864887,0.9521204970963802,,,,,,369.79194223046727,0.8887843782765512,245.57718412109483,352.3191599497153,17.472782280751957,33195.47536724871,16389,928.7050356864929,0.14365309287687597,10,25,128,128,0.001,44,kddcup99_v2,da7e7fae00a54821b062a6ed3ce86f6aec975e5e296fec2f83a72067dadab5a9,
kddcup99_v2,LeakyParallel,rate,0.9233222625542956,0.5626895588795355,0.5493977092631922,0.9059975764781805,0.6977576156875482,0.5626895588795355,0.9525742282952854,0.8230047580021023,0.815737313275516,0.911817789774633,0.01650355651642929,0.9257818402785593,0.9518870834618623,,,,,,355.27231865838877,0.8931511823583793,245.5681624543049,337.91888537724776,17.353433281140987,33122.319221037265,16389,928.5076100826263,0.14215920170147575,10,25,128,128,0.001,45,kddcup99_v2,da7e7fae00a54821b062a6ed3ce86f6aec975e5e296fec2f83a72067dadab5a9,
kddcup99_v2,LeakyParallel,rate,0.9252416977195053,0.619023672246204,0.6315667170062543,0.9080756699193027,0.8043863222001789,0.619023672246204,0.9674778810748982,0.8269728102061288,0.8197468763535415,0.9136346212205912,0.010809829518261186,0.9283539477026258,0.9535651325906754,,,,,,365.74766018602764,0.8900007037034503,245.57733201727171,346.6310054689434,19.11665471708426,33167.05352555549,16389,889.6909747123718,0.21003642439318287,10,25,128,128,0.001,46,kddcup99_v2,da7e7fae00a54821b062a6ed3ce86f6aec975e5e296fec2f83a72067dadab5a9,
kddcup99_v2,LeakyParallel,latency,0.9238527597105093,0.6371398487300473,0.6382430103128522,0.907163851713861,0.8203588201572177,0.6371398487300473,0.966388019586004,0.8244180005111164,0.8170376624356898,0.9115861936782251,0.015414321786344958,0.9258075613527998,0.9518913239267487,,,,,,297.88416835729146,0.9104107764338973,12.490578048992216,255.43521986695774,42.4489484903337,2875.9700896057925,16389,889.8658308982849,0.2098279050089405,10,25,128,128,0.001,42,kddcup99_v2,da7e7fae00a54821b062a6ed3ce86f6aec975e5e296fec2f83a72067dadab5a9,
kddcup99_v2,LeakyParallel,latency,0.9236887878622251,0.6285931981592968,0.6377369766722987,0.9075701654458767,0.8243027562268257,0.6285931981592968,0.9772448092926571,0.8241957407382439,0.8167706900074998,0.9107516491239279,0.015694882247124255,0.9250809410055011,0.951400707444856,,,,,,324.33966607615366,0.9024542357665704,12.490578048992216,284.04929765391654,40.29036842223716,3019.0404785405863,16389,931.211829662323,0.1564778973739974,10,25,128,128,0.001,43,kddcup99_v2,da7e7fae00a54821b062a6ed3ce86f6aec975e5e296fec2f83a72067dadab5a9,
kddcup99_v2,LeakyParallel,latency,0.9270421729163518,0.6647375340825038,0.6422472423127366,0.9102649989083487,0.7912965089182603,0.6647375340825038,0.9695190942519613,0.832151494120539,0.82449298551109,0.9122410516059991,0.004488967372468767,0.9284632622681487,0.9535651527862995,,,,,,339.930263737465,0.8977653342142963,12.490578048992216,295.12992679139245,44.800336946072555,3074.4436242279658,16389,931.165412902832,0.15628962788157902,10,25,128,128,0.001,44,kddcup99_v2,da7e7fae00a54821b062a6ed3ce86f6aec975e5e296fec2f83a72067dadab5a9,
kddcup99_v2,LeakyParallel,latency,0.9253349366136276,0.6131532120134515,0.615191912756064,0.9082912124751302,0.8021558221029419,0.6131532120134515,0.9630195490985027,0.8275411481638258,0.8202682046172504,0.9130676100880065,0.013615434126054165,0.9273508258072398,0.9529177414851456,,,,,,205.05131032797584,0.9383304329840674,12.490578048992216,183.75052487067123,21.300785457304624,2517.54661462436,16389,931.0273957252502,0.15580452657211896,10,25,128,128,0.001,45,kddcup99_v2,da7e7fae00a54821b062a6ed3ce86f6aec975e5e296fec2f83a72067dadab5a9,
kddcup99_v2,LeakyParallel,latency,0.9245054319693662,0.6280088141583,0.6212687146485109,0.908942715806475,0.748710902747094,0.6280088141583,0.9793444857379305,0.8261515501161318,0.8190678473631713,0.9131394847386158,0.01600844982093641,0.9269425037536693,0.9526691925872078,,,,,,265.66606007799913,0.9201004330592484,12.490578048992216,226.0143041324121,39.65175594558707,2728.8655109330643,16389,931.098051071167,0.15555747436574655,10,25,128,128,0.001,46,kddcup99_v2,da7e7fae00a54821b062a6ed3ce86f6aec975e5e296fec2f83a72067dadab5a9,
kddcup99_v2,LeakyParallel,delta,0.9215860900430507,0.6112173278673279,0.6079053895294769,0.9031168727124048,0.7834989510186383,0.6112173278673279,0.9468193421880223,0.819354708692831,0.8117164496504035,0.9119375808589819,0.0074596075454260394,0.9276401878924473,0.953041083314207,,,,,,90.34512858929553,0.9728285327550991,12.086130232229149,73.37247009121336,16.972658498082172,1913.887020181398,16389,938.6925168037415,0.22061778356522205,10,25,128,128,0.001,42,kddcup99_v2,da7e7fae00a54821b062a6ed3ce86f6aec975e5e296fec2f83a72067dadab5a9,
kddcup99_v2,LeakyParallel,delta,0.9221841050191462,0.6479832498220126,0.6304227649857568,0.9033422647573415,0.732189477261713,0.6479832498220126,0.9540836893312703,0.8204790317914623,0.8128080168055182,0.9115103259914709,0.00744310398890961,0.9272993836587585,0.9528092795338529,,,,,,84.98076706673655,0.974441874566395,12.086130232229149,68.58740824810548,16.39335881863106,1889.9617109658584,16389,944.1843113899231,0.22650157333785187,10,25,128,128,0.001,43,kddcup99_v2,da7e7fae00a54821b062a6ed3ce86f6aec975e5e296fec2f83a72067dadab5a9,
ctu13_v2_f0,LeakyParallel,rate,0.9906518450594796,0.9916801302860963,0.9904048664836765,0.9906634209915635,0.9892505927797295,0.9916801302860963,0.9996961195891295,0.980927714361231,0.98081084670415,0.9855578017018476,0.0021975411296549265,0.9906518450594796,0.9919442794920993,,,,,,341.3079208111069,0.8949821782119671,309.0388916190565,323.74853875022995,17.559382060876942,40204.47520473969,3714,749.3106815814972,0.23079019520960037,10,25,128,128,0.001,42,ctu13_v2_f0,855476eadf4b4a098dcda7f57266971095f0fc80129808ea8bf3e21c9399c806,0
kddcup99_v2,LeakyParallel,delta,0.92078873674159,0.6499258602904667,0.6314261506677697,0.9015687364312245,0.789123421078661,0.6499258602904667,0.9469585986162313,0.817905801354279,0.8100363349061911,0.9107676212685077,0.007377089762843893,0.9267142292197834,0.9524105793240524,,,,,,87.84343903623135,0.9735809205906071,12.086130232229149,74.4809744428976,13.36246459333374,1919.429541939819,16389,854.6639041900635,0.17131173536217142,10,25,128,128,0.001,44,kddcup99_v2,da7e7fae00a54821b062a6ed3ce86f6aec975e5e296fec2f83a72067dadab5a9,
kddcup99_v2,LeakyParallel,delta,0.9229814583206067,0.5592496227346748,0.5452637486072429,0.9037054107575944,0.7761151645221821,0.5592496227346748,0.9553346687317911,0.8221370047766673,0.8145106029115448,0.9124606685939721,0.007476111101942469,0.9280581553488582,0.9533251842920972,,,,,,85.1754884592755,0.9743833117415712,12.086130232229149,69.16542187384456,16.01006658543094,1892.8517790945539,16389,854.8610420227051,0.17071372156962566,10,25,128,128,0.001,45,kddcup99_v2,da7e7fae00a54821b062a6ed3ce86f6aec975e5e296fec2f83a72067dadab5a9,
kddcup99_v2,LeakyParallel,delta,0.9236920029965051,0.6162363978525358,0.6264372736241391,0.9060351025535649,0.8023909518732186,0.6162363978525358,0.9543785919059167,0.8237138529485007,0.8162756976132495,0.9127401811241196,0.008070239136533923,0.9281674699143809,0.9534064082351077,,,,,,105.01677978580776,0.9684160060794563,12.086130232229149,87.0662832083182,17.95049657748956,1982.356085766922,16389,855.237087726593,0.1711001459542036,10,25,128,128,0.001,46,kddcup99_v2,da7e7fae00a54821b062a6ed3ce86f6aec975e5e296fec2f83a72067dadab5a9,
ctu13_v2_f0,LeakyParallel,rate,0.9885625804751224,0.9899605863221188,0.9882699488056845,0.9885811258692017,0.9867927150272481,0.9899605863221188,0.9995552403025226,0.9767481642103795,0.9765423081163533,0.9816369705232476,0.0017157978790098526,0.9885625804751224,0.9901226723316278,,,,,,297.8053167802813,0.9083675948368365,309.1090288626,281.1051935109254,16.700123269355895,40128.16608143465,3714,694.072610616684,0.18646276860885358,10,25,128,128,0.001,43,ctu13_v2_f0,855476eadf4b4a098dcda7f57266971095f0fc80129808ea8bf3e21c9399c806,0
ctu13_v2_f0,LeakyParallel,rate,0.986519988029969,0.9882601250197052,0.9861854143787446,0.9865465013022863,0.984433228713865,0.9882601250197052,0.9997649679622665,0.9726858255686285,0.9723751344679677,0.9778994875652297,0.0013792375258194585,0.986519988029969,0.9883352972479853,,,,,,345.2310600340981,0.8937750584510468,309.0532062386923,328.5900182021343,16.641041831963825,40215.99043495688,3714,693.9585652351379,0.18054434450018902,10,25,128,128,0.001,44,ctu13_v2_f0,855476eadf4b4a098dcda7f57266971095f0fc80129808ea8bf3e21c9399c806,0
ctu13_v2_f0,LeakyParallel,rate,0.9867451124661284,0.9885278461675001,0.9864170297999699,0.986771586730274,0.9846397634709414,0.9885278461675001,0.9995767614436991,0.9731598426067235,0.9728384372719122,0.9779135912745052,0.0008578989395049263,0.9867451124661284,0.9885280336080142,,,,,,361.7892505827154,0.8886802305899337,309.0340102623798,345.7724321400823,16.016818442633078,40247.89817786478,3714,611.8697319030762,0.21340911535273738,10,25,128,128,0.001,45,ctu13_v2_f0,855476eadf4b4a098dcda7f57266971095f0fc80129808ea8bf3e21c9399c806,0
ctu13_v2_f0,LeakyParallel,rate,0.986972982322241,0.9886100173010546,0.9866467808508719,0.9869973170780623,0.9849721644482266,0.9886100173010546,0.9995290879472305,0.9735753851892062,0.9732972828632762,0.9788632410323915,0.0016432064302825127,0.986972982322241,0.9887338457118571,,,,,,328.903105893593,0.8987990443404329,309.0466529212641,310.8844013474521,18.0187045461409,40179.74037661671,3714,621.8393023014069,0.15370362461674783,10,25,128,128,0.001,46,ctu13_v2_f0,855476eadf4b4a098dcda7f57266971095f0fc80129808ea8bf3e21c9399c806,0
ctu13_v2_f0,LeakyParallel,latency,0.9997446759443558,0.9997557696927128,0.9997372740479755,0.9997446806660341,0.9997188033575319,0.9997557696927128,0.9999984614482246,0.9994745723666305,0.9994745481021495,0.9996897183959381,0.00017817901051256162,0.9997446759443558,0.9997813724637443,,,,,,297.50081127159615,0.9084612888395088,22.232778666988796,272.47127055290014,25.029540718696037,3390.738210480366,3714,621.8526391983032,0.154082417981963,10,25,128,128,0.001,42,ctu13_v2_f0,855476eadf4b4a098dcda7f57266971095f0fc80129808ea8bf3e21c9399c806,0
ctu13_v2_f0,LeakyParallel,latency,0.9996787858654799,0.9996623441249759,0.9996694568673508,0.9996787835786619,0.999676573301482,0.9996623441249759,0.9999989018876201,0.9993389173251562,0.9993389137358553,0.9997602369423159,0.00043554869236403954,0.9996787858654799,0.9997249873658725,,,,,,273.2225739410229,0.9159315157104545,22.232778666988796,247.12505113344662,26.09752280757626,3340.045771641459,3714,621.4701833724976,0.15300278685327343,10,25,128,128,0.001,43,ctu13_v2_f0,855476eadf4b4a098dcda7f57266971095f0fc80129808ea8bf3e21c9399c806,0
ctu13_v2_f0,LeakyParallel,latency,0.9990089033969081,0.99883541212522,0.9989798375571024,0.9990087592070453,0.9991257894548891,0.99883541212522,0.9999940749709222,0.997961159334481,0.9979596765867532,0.9998683653800949,0.0021975411296549265,0.9990089033969081,0.9991520347642256,,,,,,328.02316859898474,0.8990697942772354,22.232778666988796,302.48825372073037,25.53491487825435,3450.772176816027,3714,617.374594449997,0.2022632053466872,10,25,128,128,0.001,44,ctu13_v2_f0,855476eadf4b4a098dcda7f57266971095f0fc80129808ea8bf3e21c9399c806,0
ctu13_v2_f0,LeakyParallel,latency,0.9968510033137219,0.9972934019861341,0.9967630174542033,0.9968526516200557,0.9962532704804969,0.9972934019861341,0.9999964394881133,0.9935461280161914,0.9935260983913221,0.9946593954209957,7.259144872733992e-05,0.9968510033137219,0.9972966921599359,,,,,,327.838569306754,0.8991265940594603,22.232778666988796,300.53977976241134,27.29878954434265,3446.8752288993887,3714,618.433434009552,0.2002629387733889,10,25,128,128,0.001,45,ctu13_v2_f0,855476eadf4b4a098dcda7f57266971095f0fc80129808ea8bf3e21c9399c806,0
ctu13_v2_f0,LeakyParallel,latency,0.9976197209006076,0.9978101751147728,0.9975518906341159,0.9976203328609534,0.9972984969172127,0.9978101751147728,0.9999820617704033,0.9951085404812301,0.9951037926250053,0.9966762258473979,0.001055875617852217,0.9976197209006076,0.9979593902177827,,,,,,285.2771803438913,0.9122224060480335,22.232778666988796,259.6026196797193,25.674560664171995,3365.0009087340045,3714,668.5349793434143,0.2317616093873926,10,25,128,128,0.001,46,ctu13_v2_f0,855476eadf4b4a098dcda7f57266971095f0fc80129808ea8bf3e21c9399c806,0
ctu13_v2_f0,LeakyParallel,delta,0.6070315695840415,0.6532643163233932,0.5959586117588684,0.5847244231177532,0.6983364341134282,0.6532643163233932,0.7743803293901741,0.34869985934275516,0.27484458096338105,0.37799821353015844,0.07146958088337194,0.6070315695840415,0.5290711446845472,,,,,,54.02054397750952,0.9833782941607663,21.362458578476456,41.27495655372924,12.745587423780279,2816.944611152445,3714,693.0580134391785,0.17527656459767244,10,25,128,128,0.001,42,ctu13_v2_f0,855476eadf4b4a098dcda7f57266971095f0fc80129808ea8bf3e21c9399c806,0
ctu13_v2_f0,LeakyParallel,delta,0.6070315695840415,0.6532462854546225,0.5959729561802857,0.584746245833601,0.6982581308940103,0.6532462854546225,0.7745740782195168,0.3486105111478047,0.274821132849298,0.37808753702223685,0.07159496611299189,0.6070315695840415,0.5291300142771611,,,,,,71.65579571879212,0.9779520628557563,21.362458578476456,53.58484857636248,18.07094714242964,2841.5643951977113,3714,693.2472550868988,0.17491560600491624,10,25,128,128,0.001,43,ctu13_v2_f0,855476eadf4b4a098dcda7f57266971095f0fc80129808ea8bf3e21c9399c806,0
ctu13_v2_f0,LeakyParallel,delta,0.5980183558778068,0.6456838917368811,0.5852662841581797,0.5730518878595791,0.6936732150877092,0.6456838917368811,0.7391261217119844,0.335946827335348,0.2604593953787693,0.3618870763010672,0.07051929282730494,0.5980183558778068,0.5125427385284297,,,,,,155.0256339861027,0.952299804927353,21.362458578476456,127.38337318767965,27.64226079842303,2989.1614444203456,3714,693.4674944877625,0.17447372819498128,10,25,128,128,0.001,44,ctu13_v2_f0,855476eadf4b4a098dcda7f57266971095f0fc80129808ea8bf3e21c9399c806,0
ctu13_v2_f0,LeakyParallel,delta,0.6069986245446035,0.6532275679670033,0.5959270041705295,0.5846930546303718,0.6982801968260066,0.6532275679670033,0.7058641788222254,0.34860861914569896,0.27478008403544707,0.3779841098208829,0.07152897388687612,0.6069986245446035,0.5290409606843232,,,,,,122.34998064478933,0.9623538521092956,21.362458578476456,103.91520221390665,18.43477843088268,2942.2251024728,3714,689.5536115169525,0.20099689395575576,10,25,128,128,0.001,45,ctu13_v2_f0,855476eadf4b4a098dcda7f57266971095f0fc80129808ea8bf3e21c9399c806,0
ctu13_v2_f0,LeakyParallel,delta,0.6069986245446035,0.6532237719946306,0.5959300248035987,0.584697649812217,0.698263711187592,0.6532237719946306,0.7403983123763433,0.34858980867384454,0.27477514725213914,0.3780029147665836,0.07155537077732244,0.6069986245446035,0.5290533560557709,,,,,,195.57696098483706,0.9398224735431271,21.362458578476456,163.21691563049941,32.36004535433763,3060.8285293059853,3714,689.6438281536102,0.2006511342258651,10,25,128,128,0.001,46,ctu13_v2_f0,855476eadf4b4a098dcda7f57266971095f0fc80129808ea8bf3e21c9399c806,0
ctu13_v2_f1,LeakyParallel,rate,0.7880006067961165,0.7684457657249163,0.7682928231792392,0.774171201419969,0.8534784438339249,0.7684457657249163,0.9854604252466397,0.6160837330176793,0.5568702050201333,0.9932401196716879,0.4563485882218553,0.7880006067961165,0.8358682247930003,,,,,,296.5035601865898,0.9087681353272031,308.24462416565535,278.66721025485435,17.836349931735437,40012.646313713594,3714,886.7622497081757,0.21873279339046153,10,25,128,128,0.001,42,ctu13_v2_f1,66ce4986e742f210d51d52fffc99f6522e778aa17764358a73256f0b92483896,1
ctu13_v2_f1,LeakyParallel,rate,0.7920443340412622,0.7729121693691601,0.7733534294187465,0.7790152829245847,0.855214768692205,0.7729121693691601,0.9800379637702749,0.6227115965380895,0.5656756089915351,0.9928476104913343,0.4470232717530141,0.7920443340412622,0.8384397523580128,,,,,,303.61600235133494,0.9065796915842046,308.2827053625607,284.92302222390776,18.692980127427184,40030.03233085558,3714,898.69775223732,0.16775876238435797,10,25,128,128,0.001,43,ctu13_v2_f1,66ce4986e742f210d51d52fffc99f6522e778aa17764358a73256f0b92483896,1
ctu13_v2_f1,LeakyParallel,rate,0.7986906477548543,0.7801451923854844,0.7814249047468961,0.7867688483466067,0.8590852879057359,0.7801451923854844,0.9804853809303545,0.6343375034258953,0.5800233387180542,0.9933360663602188,0.43304568158924994,0.7986906477548543,0.8428566670737259,,,,,,343.3540750151699,0.8943525923030247,308.24771503337377,325.07205703883494,18.282017976334952,40105.851638349515,3714,898.6235823631287,0.16660899493517806,10,25,128,128,0.001,44,ctu13_v2_f1,66ce4986e742f210d51d52fffc99f6522e778aa17764358a73256f0b92483896,1
ctu13_v2_f1,LeakyParallel,rate,0.7959268810679612,0.7771729488597632,0.7781334886168337,0.7835991679411866,0.8571582900263481,0.7771729488597632,0.9875391927202943,0.6292681986444683,0.5740922436137041,0.9927603862290335,0.43841448850950704,0.7959268810679612,0.8409646744149963,,,,,,371.3437120752427,0.8857403962845407,308.2547405946602,352.38052753337377,18.963184541868934,40161.367851183255,3714,898.7172725200653,0.16656644796066492,10,25,128,128,0.001,45,ctu13_v2_f1,66ce4986e742f210d51d52fffc99f6522e778aa17764358a73256f0b92483896,1
ctu13_v2_f1,LeakyParallel,rate,0.7924994311286407,0.7734879155319841,0.7740380791321755,0.7796565517938412,0.8547549737206441,0.7734879155319841,0.9780352166021116,0.6229645199767408,0.566731331823724,0.9920364248519368,0.4450605937879685,0.7924994311286407,0.8386257138538338,,,,,,344.98662204186894,0.8938502701409634,308.26123520934465,327.61175003792476,17.374872003944176,40112.66160687197,3714,891.0778846740723,0.18640898746772877,10,25,128,128,0.001,46,ctu13_v2_f1,66ce4986e742f210d51d52fffc99f6522e778aa17764358a73256f0b92483896,1
ctu13_v2_f1,LeakyParallel,latency,0.7890103534587378,0.769109597052251,0.7687977061041307,0.7747444133712426,0.8581895748843378,0.769109597052251,0.6437753007736415,0.6209420332541236,0.5586570732284015,0.9978804504260905,0.45966125632158844,0.7890103534587378,0.8371585899054204,,,,,,299.76557285345876,0.9077644391220127,20.652011908373787,283.9796201835558,15.785952669902912,3211.4167646389565,3714,886.670875787735,0.197375210191946,10,25,128,128,0.001,42,ctu13_v2_f1,66ce4986e742f210d51d52fffc99f6522e778aa17764358a73256f0b92483896,1
ctu13_v2_f1,LeakyParallel,latency,0.7952774195995146,0.7763984476000123,0.7772390181833853,0.7827532811981281,0.857382840974614,0.7763984476000123,0.8091512726303243,0.6285859128051324,0.5726304948566414,0.9934232906225196,0.440626395422495,0.7952774195995146,0.8406287019644167,,,,,,191.84456064168688,0.9409709044179425,20.652011908373787,179.61942980127426,12.225130840412621,3002.696383874393,3714,928.5397610664368,0.23214150902824204,10,25,128,128,0.001,43,ctu13_v2_f1,66ce4986e742f210d51d52fffc99f6522e778aa17764358a73256f0b92483896,1
ctu13_v2_f1,LeakyParallel,latency,0.7871472997572816,0.7673457769000148,0.7669511879920199,0.772919152353071,0.8546033682370224,0.7673457769000148,0.5762908713993283,0.6157977361851498,0.5548648101078202,0.9949758824914738,0.4602843286914442,0.7871472997572816,0.8355564345412061,,,,,,260.86273608161406,0.9197345427441187,20.652011908373787,238.5548676425971,22.30786843901699,3120.567259557039,3714,950.1886627674103,0.18252794251062918,10,25,128,128,0.001,44,ctu13_v2_f1,66ce4986e742f210d51d52fffc99f6522e778aa17764358a73256f0b92483896,1
ctu13_v2_f1,LeakyParallel,latency,0.7899821753640777,0.7701000483103502,0.7698817100860729,0.7757979736856396,0.8593834517267445,0.7701000483103502,0.8909907827740631,0.6231195316256235,0.5607001378189562,0.9986567463605677,0.4584566497398673,0.7899821753640777,0.8378926260940839,,,,,,187.3565069402306,0.9423518440183906,20.652011908373787,170.24363338137135,17.112873558859224,2983.9447910345875,3714,949.7144203186035,0.18225396300656993,10,25,128,128,0.001,46,ctu13_v2_f1,66ce4986e742f210d51d52fffc99f6522e778aa17764358a73256f0b92483896,1
ctu13_v2_f1,LeakyParallel,latency,0.7887164365898058,0.7686696662858319,0.7682286030606451,0.7742230183748359,0.8592033706435338,0.7686696662858319,0.6855765534503323,0.6213116761160834,0.5579103170640421,0.9991190349507619,0.461779702379098,0.7887164365898058,0.8371379188119609,,,,,,244.78690552942962,0.9246809521447908,20.652011908373787,227.8662820464199,16.92062348300971,3099.1900883646845,3714,949.8735466003418,0.18167599823181202,10,25,128,128,0.001,45,ctu13_v2_f1,66ce4986e742f210d51d52fffc99f6522e778aa17764358a73256f0b92483896,1
ctu13_v2_f1,LeakyParallel,delta,0.8766070615898058,0.8736995017447913,0.8751116104974093,0.8763004303018316,0.8774345390476134,0.8736995017447913,0.9517870628769629,0.7511247544406139,0.7503504251343511,0.9071236055021065,0.15972460201252375,0.8766070615898058,0.8887777905968114,,,,,,114.47398835709951,0.9647772343516617,19.467247231492717,96.61000075849515,17.863987598604368,2685.0276471480583,3714,940.6848912239075,0.16454282980773924,10,25,128,128,0.001,42,ctu13_v2_f1,66ce4986e742f210d51d52fffc99f6522e778aa17764358a73256f0b92483896,1
ctu13_v2_f1,LeakyParallel,delta,0.8889231265169902,0.8849310376782482,0.8872204486450616,0.8884259017470288,0.8918949119156574,0.8849310376782482,0.9612747689442701,0.7767947350607358,0.7747353681887805,0.9308224375692342,0.16096036221273768,0.8889231265169902,0.9010778382440482,,,,,,366.41266402457524,0.8872576418385922,19.467247231492717,319.53554023816747,46.877123786407765,3130.878726107403,3714,934.7956650257111,0.17061075579953713,10,25,128,128,0.001,43,ctu13_v2_f1,66ce4986e742f210d51d52fffc99f6522e778aa17764358a73256f0b92483896,1
ctu13_v2_f1,LeakyParallel,delta,0.8767966853762136,0.8739071925347432,0.8753087652745113,0.876493651524836,0.8776059250217199,0.8739071925347432,0.9511659911570688,0.7515040154499669,0.7507423920957843,0.9071236055021065,0.1593092204326199,0.8767966853762136,0.8889297268651677,,,,,,200.3390473300971,0.938357216206124,19.467247231492717,168.08663436741506,32.25241296268204,2827.980914365898,3714,578.517825126648,0.08426008189946992,10,25,128,128,0.001,44,ctu13_v2_f1,66ce4986e742f210d51d52fffc99f6522e778aa17764358a73256f0b92483896,1
ctu13_v2_f1,LeakyParallel,delta,0.8890463819781553,0.8850710230315195,0.887350653046703,0.888552949167106,0.8919914816720685,0.8850710230315195,0.9581949182128857,0.7770316875574755,0.774992481828497,0.9307701030118538,0.1606280569488146,0.8890463819781553,0.901171751293149,,,,,,136.97769076152912,0.9578530182272218,19.467247231492717,110.75560812348301,26.222082638046118,2713.318861878034,3714,546.0574195384979,0.04597898975050854,10,25,128,128,0.001,45,ctu13_v2_f1,66ce4986e742f210d51d52fffc99f6522e778aa17764358a73256f0b92483896,1
ctu13_v2_f1,LeakyParallel,delta,0.8893640018203883,0.8854056081985489,0.8876777669937268,0.8888749506611895,0.8922898245215127,0.8854056081985489,0.9622042244044544,0.7776649623322774,0.7756431634566594,0.930909661831535,0.16009844543443721,0.8893640018203883,0.9014400945985894,,,,,,109.53873539896844,0.9662957737233944,19.467247231492717,89.9087388121966,19.629996586771846,2671.625123255461,3714,546.1067221164703,0.04542742073716759,10,25,128,128,0.001,46,ctu13_v2_f1,66ce4986e742f210d51d52fffc99f6522e778aa17764358a73256f0b92483896,1
cicids2017_v2,LeakyParallel,rate,0.9927086718761039,0.8968741119176653,0.7410386019854639,0.9926651607843567,0.7700683780291581,0.7174992895341322,0.9977077597282472,0.9475533092907157,0.9473859127256529,0.9349799701329794,0.002460087982975962,0.9928782376464271,0.9513748191027497,,,,,,358.10894954005283,0.892298060288706,369.2054289307465,339.3353957947689,18.77355374528395,48954.9718821094,10885,2466.0371050834656,0.07052286027772138,10,25,128,128,0.001,44,cicids2017_v2,bab935988330fa211286aa16361ffd0d95747ae8d7f6c158ef779921b7b9d1ac,
cicids2017_v2,LeakyParallel,rate,0.9914104339470672,0.8984621296919234,0.7366889075565485,0.9912661912313011,0.7570084014911845,0.7187697037535388,0.9959790465985873,0.9381188110642537,0.9379194009042545,0.924621328845379,0.0030269197370053342,0.9915817660274979,0.9424257066924379,,,,,,365.1463069988272,0.890181561804864,369.17566307281436,343.9415722279529,21.204734770874254,48974.192734460004,10885,2466.2543728351593,0.07029672285460326,10,25,128,128,0.001,43,cicids2017_v2,bab935988330fa211286aa16361ffd0d95747ae8d7f6c158ef779921b7b9d1ac,
cicids2017_v2,LeakyParallel,rate,0.9922441323178228,0.8324024757479271,0.7029821838118199,0.9919042475966119,0.772454217547868,0.6659219805983417,0.996306619044519,0.9439617647661521,0.9436173290585644,0.9245265129068196,0.0020974683423511113,0.9924348938094363,0.9479517310940709,,,,,,342.31164069013266,0.897049130619509,369.2257361980528,322.70417838319037,19.607462306942306,48874.415125266714,10885,2466.18571805954,0.07027003724981778,10,25,128,128,0.001,45,cicids2017_v2,bab935988330fa211286aa16361ffd0d95747ae8d7f6c158ef779921b7b9d1ac,
cicids2017_v2,LeakyParallel,rate,0.9927881558309429,0.8852007419414095,0.7346193079080144,0.9926462117324413,0.7686736081052933,0.7081605935531277,0.9953376691076283,0.9480274616457388,0.9477867836342209,0.9321354919762012,0.002143272928535303,0.9929594879113737,0.9517631967471016,,,,,,326.0345225310517,0.9019445045019393,369.2022389746923,307.4039127301502,18.630609800901524,48794.906152411364,10885,2466.0253672599792,0.07034114945103125,10,25,128,128,0.001,42,cicids2017_v2,bab935988330fa211286aa16361ffd0d95747ae8d7f6c158ef779921b7b9d1ac,
cicids2017_v2,LeakyParallel,rate,0.991403368706637,0.8620984128547692,0.723152386821979,0.9911255777749707,0.7706934199374629,0.6896787302838153,0.9947350005634491,0.9377598985824159,0.9373172558231985,0.9155901106976083,0.0023016804557556324,0.9915799997173904,0.9418793206452164,,,,,,282.63509446226453,0.9149969640714994,369.20114739504584,262.76579434498154,19.86930011728299,48571.57583829078,10885,2536.8115134239197,0.0712469881953319,10,25,128,128,0.001,46,cicids2017_v2,bab935988330fa211286aa16361ffd0d95747ae8d7f6c158ef779921b7b9d1ac,
cicids2017_v2,LeakyParallel,latency,0.9977638514038633,0.9662383601321428,0.7837218496026104,0.9977692596597817,0.7951696599738262,0.7729906881057143,0.9995163839223503,0.9840361472007909,0.9839860732484165,0.9767226870836988,0.00037025373832221616,0.9979228193135412,0.9859306582442037,,,,,,371.92205803388487,0.8881437419446963,39.90437726970849,348.47041960462917,23.45163842925575,6850.112388545832,10885,2536.3277456760406,0.07123653344175906,10,25,128,128,0.001,42,cicids2017_v2,bab935988330fa211286aa16361ffd0d95747ae8d7f6c158ef779921b7b9d1ac,
cicids2017_v2,LeakyParallel,latency,0.9976154813548305,0.9670080811423916,0.7839072081047407,0.9976201322810432,0.7948311483610715,0.7736064649139133,0.9995057584842458,0.982972078445686,0.9829189963577533,0.9754426719131486,0.0004275094710524558,0.9977744492645084,0.9849213757449559,,,,,,416.4705891703995,0.874745687467549,39.90437726970849,389.4353141912419,27.035274979157542,7054.936861478896,10885,2536.399790763855,0.07116348829448503,10,25,128,128,0.001,44,cicids2017_v2,bab935988330fa211286aa16361ffd0d95747ae8d7f6c158ef779921b7b9d1ac,
cicids2017_v2,LeakyParallel,latency,0.9966051519733217,0.9616370307813156,0.779770363653216,0.9966005494687579,0.7909685797223833,0.7693096246250525,0.9989168644871201,0.9757518473112226,0.9757135583524796,0.9699907554459904,0.001089767446298894,0.996755288332462,0.9780470607918355,,,,,,365.75851891364863,0.8899974379207072,39.90437726970849,341.017329268465,24.741189645183624,6812.846936865011,10885,2537.9266533851624,0.06943916775530763,10,25,128,128,0.001,43,cicids2017_v2,bab935988330fa211286aa16361ffd0d95747ae8d7f6c158ef779921b7b9d1ac,
cicids2017_v2,LeakyParallel,delta,0.9704001752179626,0.6037774833533803,0.6265222272816318,0.9665715372016849,0.664779739593035,0.6037774833533803,0.9801441707504689,0.773857726187177,0.7686329493062344,0.7046720553725081,0.008168484536180852,0.9704337351100057,0.7803136688759105,,,,,,80.71949935706311,0.975723458839981,37.9610758241603,65.02868840876656,15.690810948296571,5184.161147536351,10885,2615.699787378311,0.08006456888121743,10,25,128,128,0.001,42,cicids2017_v2,bab935988330fa211286aa16361ffd0d95747ae8d7f6c158ef779921b7b9d1ac,
cicids2017_v2,LeakyParallel,delta,0.967097175316876,0.6408470549017092,0.6351397707439981,0.9666328767198613,0.6297892936459324,0.6408470549017092,0.9714241375691328,0.7673480038234557,0.7673148827979845,0.792447910493754,0.017417193896538893,0.9684148426570957,0.7889880109506278,,,,,,105.1703235173593,0.9683698275135761,37.9610758241603,91.07316939620455,14.097154121154743,5314.3835524735405,10885,2616.7821140289307,0.07939758120743538,10,25,128,128,0.001,43,cicids2017_v2,bab935988330fa211286aa16361ffd0d95747ae8d7f6c158ef779921b7b9d1ac,
cicids2017_v2,LeakyParallel,latency,0.9973116760163349,0.9735696009903848,0.7861356391572694,0.9973008646811462,0.7936949333718276,0.7788556807923078,0.999131505941331,0.9807845551319164,0.9807026787576953,0.9712233626472611,0.00041224127565772526,0.9974741765462278,0.982848781423911,,,,,,333.2228677104382,0.8997825961773118,39.90437726970849,309.83713561022483,23.38573210021337,6656.94596857381,10885,2617.2671015262604,0.07743837192660295,10,25,128,128,0.001,46,cicids2017_v2,bab935988330fa211286aa16361ffd0d95747ae8d7f6c158ef779921b7b9d1ac,
cicids2017_v2,LeakyParallel,latency,0.9975554268111744,0.9801330193353981,0.7876239592554525,0.997555283722625,0.7911952465129233,0.7841064154683185,0.9994077743909704,0.9825771302233847,0.9825612900482826,0.9790219735937611,0.0008378422222858397,0.9976614054176264,0.9842245734439043,,,,,,344.5247018468539,0.8963835483167357,39.90437726970849,320.95768274244375,23.56701910441012,6712.548704234905,10885,2624.9917118549347,0.07559019165705849,10,25,128,128,0.001,45,cicids2017_v2,bab935988330fa211286aa16361ffd0d95747ae8d7f6c158ef779921b7b9d1ac,
cicids2017_v2,LeakyParallel,delta,0.9680368522940835,0.5806375271457117,0.6052901313765988,0.9626389156783008,0.6570259445455233,0.5806375271457117,0.9750339633474955,0.7518963486629966,0.7432302499702006,0.6628582264678693,0.007355453131411449,0.9680704121861267,0.7557327207621107,,,,,,88.57284616145488,0.9733615500266302,37.9610758241603,73.40686246802979,15.165983693425087,5226.052017832667,10885,2248.7659730911255,0.06528388623605488,10,25,128,128,0.001,45,cicids2017_v2,bab935988330fa211286aa16361ffd0d95747ae8d7f6c158ef779921b7b9d1ac,
cicids2017_v2,LeakyParallel,delta,0.9703701479461346,0.5990241462849882,0.6234516509723167,0.9661423385744409,0.6673370010442847,0.5990241462849882,0.9726683465340896,0.7725846308219789,0.7662498089558186,0.6954275013629792,0.007490958365539683,0.9703719142562421,0.7776805831676606,,,,,,92.3417969025986,0.9722280310067373,37.9610758241603,75.34279840042957,16.99899850216903,5235.731697494666,10885,2250.4934334754944,0.06509946212582049,10,25,128,128,0.001,44,cicids2017_v2,bab935988330fa211286aa16361ffd0d95747ae8d7f6c158ef779921b7b9d1ac,
cicids2017_v2,LeakyParallel,delta,0.9705909367095762,0.5990582757063695,0.6225510188134429,0.9661293559976151,0.6640207050014989,0.5990582757063695,0.9766603332564292,0.7741084990891389,0.7675855004055285,0.6953800933936994,0.007248575763648336,0.9705927030196838,0.7789593871563043,,,,,,115.7155322245616,0.9651983361730642,37.9610758241603,99.10145155364637,16.614080670915232,5354.52496326075,10885,2263.9031291007996,0.0664281536663646,10,25,128,128,0.001,46,cicids2017_v2,bab935988330fa211286aa16361ffd0d95747ae8d7f6c158ef779921b7b9d1ac,
nslkdd_v2,Lapicque,latency,0.7455198722498225,0.48385800615675195,0.4820968180191242,0.6996914615658352,0.6841192798401989,0.48385800615675195,0.9188934104879245,0.630161971749124,0.5918062112267168,0.599158419699213,0.042735042735042736,0.7534155429382541,0.7344891818312079,0.5160337552742617,0.38073836461617716,0.4365788731861167,0.4696844710249536,0.19237918215613384,252.57940028388927,0.9240362705913114,14.580154364797728,214.09195351312988,38.487446770759405,2936.719526259759,16773,511.5508553981781,0.47024289202910097,10,25,128,128,0.001,42,nslkdd_v2,acc0af8831e88fef0b5c06e3ce974ac35cb3e4345e8d071f18deb2948b3bdd6d,
nslkdd_v2,Alpha,latency,0.72458303761533,0.47048292538826414,0.45962393893936976,0.6785989073688267,0.6504737204385731,0.47048292538826414,0.8797223438733214,0.5951588788318817,0.5608450564714212,0.590898464895192,0.06847904438265884,0.7376242015613911,0.7194155874958493,0.47620253164556964,0.3482758764284869,0.37433115067389855,0.45865126830274283,0.3090148698884758,114.89256564939673,0.9654458449174746,14.580154364797728,108.56427430801988,6.328291341376863,2409.0811302342086,16773,612.6569411754608,0.5046192257856121,10,25,128,128,0.001,46,nslkdd_v2,acc0af8831e88fef0b5c06e3ce974ac35cb3e4345e8d071f18deb2948b3bdd6d,
nslkdd_v2,Alpha,latency,0.720679559971611,0.4709636456051204,0.45916799746109094,0.6759965934932912,0.6590512869212575,0.4709636456051204,0.8694943522702971,0.590495158549654,0.5551672737986507,0.5821709654796229,0.07084749253423953,0.7316359119943222,0.7117949695121951,0.4688607594936709,0.34562343794330885,0.3688514210305657,0.447102495359868,0.31923791821561337,115.11320085166786,0.9653794884656638,14.580154364797728,108.92437012065295,6.188830731014904,2410.881609297374,16773,662.3713247776031,0.5117587644720517,10,25,128,128,0.001,42,nslkdd_v2,acc0af8831e88fef0b5c06e3ce974ac35cb3e4345e8d071f18deb2948b3bdd6d,
nslkdd_v2,Alpha,latency,0.7311036195883606,0.4777525866673888,0.4635912932834585,0.6847234904616701,0.6633380387111515,0.4777525866673888,0.8770266945454592,0.6060041597229077,0.5722899909928216,0.598301254578041,0.06899392441561117,0.7416163946061036,0.7249893772720836,0.4885232067510549,0.3546526290512018,0.39110700447440966,0.46844710249535987,0.31133828996282525,121.69712562100781,0.9633993607154864,14.580154364797728,115.45018630234209,6.246939318665721,2443.5106902058196,16773,678.8899784088135,0.39186255148406396,10,25,128,128,0.001,45,nslkdd_v2,acc0af8831e88fef0b5c06e3ce974ac35cb3e4345e8d071f18deb2948b3bdd6d,
nslkdd_v2,Alpha,latency,0.7265791341376863,0.4775034334705304,0.467031429897977,0.683141646615178,0.6512621116752267,0.4775034334705304,0.8980592417712735,0.5996741606655728,0.5650755383252639,0.589495831060547,0.06971475646174441,0.7362934705464869,0.7179122182680902,0.480084388185654,0.3551942304164956,0.38286776960774843,0.4567952155083522,0.3141263940520446,109.28140525195174,0.9671334119543002,14.580154364797728,103.0110894251242,6.270315826827537,2381.31520581973,16773,678.88844871521,0.3926683563641236,10,25,128,128,0.001,43,nslkdd_v2,acc0af8831e88fef0b5c06e3ce974ac35cb3e4345e8d071f18deb2948b3bdd6d,
nslkdd_v2,Alpha,latency,0.740596167494677,0.4828616287933859,0.4726784408839243,0.6929627919534495,0.6789351133394183,0.4828616287933859,0.8830052961057878,0.6226318492055077,0.5855882326888293,0.6003272812280839,0.04819277108433735,0.7517299503193754,0.7335396334206142,0.5067510548523206,0.3692123712452668,0.42315712204823647,0.4712311816869458,0.2174721189591078,113.37877040454222,0.9659011216828445,14.580154364797728,107.11830198722498,6.260468417317246,2401.8512686302342,16773,679.1022911071777,0.3916999077949226,10,25,128,128,0.001,44,nslkdd_v2,acc0af8831e88fef0b5c06e3ce974ac35cb3e4345e8d071f18deb2948b3bdd6d,
nslkdd_v2,Lapicque,latency,0.7476490418736693,0.4836192520123343,0.4828594341326403,0.7024174344111701,0.6929679357747867,0.4836192520123343,0.9182768512258084,0.633873620639089,0.5951733986563397,0.6003272812280839,0.03995469055710019,0.7552785663591199,0.7363440860215055,0.520168776371308,0.3833855254890538,0.4433234058288914,0.4712311816869458,0.18029739776951673,259.4444198012775,0.921971603067285,14.580154364797728,217.3668381831086,42.077581618168914,2953.093949609652,16773,434.8886480331421,0.36663311944099247,10,25,128,128,0.001,43,nslkdd_v2,acc0af8831e88fef0b5c06e3ce974ac35cb3e4345e8d071f18deb2948b3bdd6d,
nslkdd_v2,Lapicque,latency,0.7460965223562811,0.4839758691785053,0.48101046689052207,0.7009089107639338,0.679750968808569,0.4839758691785053,0.935108843061748,0.6307120417651321,0.5934387989926375,0.6018078391646536,0.04644217897229946,0.7533268275372604,0.73527871661827,0.5173839662447257,0.38033424857780385,0.4364820917274315,0.4733965766137348,0.20910780669144982,260.9129701916253,0.9215299337769548,14.580154364797728,220.11590667139816,40.79706352022711,2966.8392920511,16773,354.55693531036377,0.36981505142872517,10,25,128,128,0.001,45,nslkdd_v2,acc0af8831e88fef0b5c06e3ce974ac35cb3e4345e8d071f18deb2948b3bdd6d,
nslkdd_v2,Lapicque,latency,0.7421486870120653,0.4809174263982784,0.4783314021130779,0.6957923558272328,0.6779729340717241,0.4809174263982784,0.9028732642768439,0.6229311723284993,0.5866091248843299,0.6013402945531052,0.051899907321594066,0.7507097232079489,0.7330673506222094,0.509620253164557,0.3747588656479376,0.42146589011912317,0.4724685502165395,0.2342007434944238,275.23545067423703,0.9172224208498535,14.580154364797728,226.77452980837472,48.46092086586231,3000.132407735983,16773,413.5897340774536,0.23065441842617254,10,25,128,128,0.001,44,nslkdd_v2,acc0af8831e88fef0b5c06e3ce974ac35cb3e4345e8d071f18deb2948b3bdd6d,
nslkdd_v2,Leaky,latency,0.7594481902058198,0.5266523626269144,0.546743774776132,0.7146058253903534,0.770535471880258,0.5266523626269144,0.8977604427481085,0.6510150458397447,0.615451211283696,0.6233928153978026,0.03727731438574812,0.7695617459190915,0.754895022410946,0.5424472573839663,0.453509426749027,0.4666926685424837,0.5017529387502578,0.16821561338289961,224.21504613200852,0.9325669034189448,14.580154364797728,183.58569907735983,40.62934705464869,2784.1882540809083,16773,351.02913069725037,0.22468018438733156,10,25,128,128,0.001,42,nslkdd_v2,acc0af8831e88fef0b5c06e3ce974ac35cb3e4345e8d071f18deb2948b3bdd6d,
nslkdd_v2,Leaky,latency,0.7585166784953868,0.5255695541706654,0.5476573227162673,0.7245750915679585,0.8156142108324715,0.5255695541706654,0.8986443772872136,0.6469745278761471,0.6178776878302659,0.6388217875788982,0.055504067552260325,0.7704932576295245,0.7601298099211868,0.5405907172995781,0.448295460895962,0.4521454731700159,0.5220664054444215,0.2504646840148699,226.16048616039745,0.9319818086735647,14.580154364797728,183.3252306600426,42.83525550035486,2782.885911994322,16773,350.9586956501007,0.22378669637919657,10,25,128,128,0.001,43,nslkdd_v2,acc0af8831e88fef0b5c06e3ce974ac35cb3e4345e8d071f18deb2948b3bdd6d,
nslkdd_v2,Lapicque,latency,0.743124556422995,0.4863308043103268,0.48223837605755265,0.6969671459661637,0.6723276185248046,0.4863308043103268,0.9109438324599954,0.6222334156192386,0.5893700562820133,0.6119379724148679,0.06384512408608795,0.751596877217885,0.7371632404017648,0.5114767932489451,0.3760819960390148,0.41497324484796544,0.48649206021860175,0.28763940520446096,270.361781405252,0.9186881860435332,14.580154364797728,223.2875266146203,47.074254790631656,2982.697391767211,16773,402.85195112228394,0.37352399169510353,10,25,128,128,0.001,46,nslkdd_v2,acc0af8831e88fef0b5c06e3ce974ac35cb3e4345e8d071f18deb2948b3bdd6d,
nslkdd_v2,Leaky,latency,0.7387331440738112,0.5275943816827902,0.5605277014214046,0.7013388670478091,0.7710228656672807,0.5275943816827902,0.8864127315590816,0.6141983227516228,0.5833061362126866,0.6139639990649107,0.06363917207290701,0.7528388928317956,0.7387716830754805,0.5030379746835443,0.45193837269003445,0.40025497083715,0.48917302536605484,0.2871747211895911,233.45395670688433,0.9297882836971777,14.580154364797728,183.6677608232789,49.786195883605394,2784.598562810504,16773,328.54050946235657,0.3363516226654107,10,25,128,128,0.001,44,nslkdd_v2,acc0af8831e88fef0b5c06e3ce974ac35cb3e4345e8d071f18deb2948b3bdd6d,
nslkdd_v2,Leaky,latency,0.7700496806245565,0.5308981248329835,0.5602273842364422,0.7420052734273223,0.8257205754888302,0.5308981248329835,0.9001404341606114,0.664645011367,0.6362210415854463,0.6512117197849295,0.043867778807537845,0.7825585521646558,0.7732235381199113,0.5627004219409283,0.4648772902624283,0.4807533576797095,0.5384615384615384,0.1979553903345725,234.930535841022,0.9293441997470611,14.580154364797728,186.68665720369057,48.24387863733144,2799.693044712562,16773,330.0418131351471,0.34699371683419894,10,25,128,128,0.001,45,nslkdd_v2,acc0af8831e88fef0b5c06e3ce974ac35cb3e4345e8d071f18deb2948b3bdd6d,
nslkdd_v2,Leaky,latency,0.7692068843151171,0.5669309153949096,0.6034866034057991,0.7408424247467438,0.8157216212217395,0.5669309153949096,0.8917033299081505,0.6640750963647771,0.6354788675341964,0.6497311618483597,0.04685408299866131,0.7804293825408091,0.7711088504577823,0.5609282700421941,0.5062076997686367,0.4800665683032125,0.5365023716230151,0.21143122676579926,220.66540986515258,0.9336344631984503,14.580154364797728,178.35113555713272,42.314274308019876,2758.0154364797727,16773,333.3346223831177,0.20746857118234302,10,25,128,128,0.001,46,nslkdd_v2,acc0af8831e88fef0b5c06e3ce974ac35cb3e4345e8d071f18deb2948b3bdd6d,
nslkdd_v2,RLeaky,latency,0.7494233498935415,0.5149836449259938,0.5274245647877569,0.7195655974362839,0.8666597710294978,0.5149836449259938,0.8620449691010057,0.6303439274128431,0.6045864032447579,0.6438868542040053,0.06786118834311605,0.7680535841022001,0.7596414617329349,0.5352742616033755,0.42505438588026934,0.43633271079270075,0.5287688183130542,0.2983271375464684,1120.40804648687,0.6630351739889113,14.580154364797728,1072.4336852377573,47.974361249112846,7228.428184882896,33285,333.7342507839203,0.21414871203975527,10,25,128,128,0.001,42,nslkdd_v2,acc0af8831e88fef0b5c06e3ce974ac35cb3e4345e8d071f18deb2948b3bdd6d,
nslkdd_v2,RLeaky,latency,0.7231635911994322,0.4749864538422928,0.4623856142657841,0.6752399892926153,0.4637492333344707,0.4749864538422928,0.8311244621262479,0.5903608456236382,0.5590326893664574,0.6023533078781267,0.07568736484399136,0.7410397444996452,0.725889754906564,0.490295358649789,0.3593097290166278,0.38777910895076334,0.47391214683439886,0.3066914498141264,811.8497161107168,0.755834671846401,14.580154364797728,796.0407203690561,15.808995741660752,5846.463360539389,33285,333.71591997146606,0.214465718644997,10,25,128,128,0.001,43,nslkdd_v2,acc0af8831e88fef0b5c06e3ce974ac35cb3e4345e8d071f18deb2948b3bdd6d,
nslkdd_v2,RLeaky,latency,0.7317689850958127,0.4835346844577292,0.4754233925646455,0.683828401984819,0.4921136324839363,0.4835346844577292,0.8852854027331756,0.6164596381977596,0.569404685182086,0.567677082521624,0.024817217588301927,0.7432132718239887,0.7156540105113218,0.4971308016877637,0.371695139452219,0.43671542056560003,0.4316353887399464,0.11152416356877323,1065.0802430801987,0.6796751148630982,14.580154364797728,1052.0662704045421,13.013972675656493,7126.59111071682,33285,335.5073947906494,0.38071982483224215,10,25,128,128,0.001,44,nslkdd_v2,acc0af8831e88fef0b5c06e3ce974ac35cb3e4345e8d071f18deb2948b3bdd6d,
nslkdd_v2,RLeaky,latency,0.7261799148332151,0.4789809006089311,0.48489857564449085,0.6917266837764792,0.6567678183253117,0.4789809006089311,0.8698568756614911,0.6044417431690546,0.5639281549808944,0.5860671705758591,0.029245185871691896,0.7517743080198722,0.7288496947378622,0.4907172995780591,0.3815158452902101,0.4154326825114387,0.4534955660961023,0.13104089219330856,1099.3234563520227,0.6693764041046548,14.580154364797728,1041.1470901348473,58.1763662171753,7071.995209368346,33285,362.89701771736145,0.3620951077547202,10,25,128,128,0.001,45,nslkdd_v2,acc0af8831e88fef0b5c06e3ce974ac35cb3e4345e8d071f18deb2948b3bdd6d,
nslkdd_v2,RLeaky,latency,0.7148687012065295,0.47458929416969886,0.4645247366331492,0.667584838240392,0.6734782217306973,0.47458929416969886,0.7909359941984512,0.5821634093219041,0.543893428821233,0.5702485778851398,0.06178560395427865,0.7287526614620298,0.7053154064864343,0.46658227848101264,0.3520043231003662,0.3716413721190591,0.43142916065168074,0.27230483271375466,909.1263750887153,0.7265785338079052,14.580154364797728,897.5469748048262,11.579400283889283,6353.99463271824,33285,371.60358786582947,0.3719878395539467,10,25,128,128,0.001,46,nslkdd_v2,acc0af8831e88fef0b5c06e3ce974ac35cb3e4345e8d071f18deb2948b3bdd6d,
nslkdd_v2,RSynaptic,latency,0.7584279630943932,0.5540251431370586,0.5726743525024857,0.7174375804095309,0.7920386902637452,0.5540251431370586,0.9172774799538923,0.6478156717980319,0.6179715365005954,0.6447440193251773,0.04911955514365153,0.7766146202980837,0.7666790214974055,0.5492827004219409,0.48108891141851373,0.4657973124812204,0.5304186430191792,0.2211895910780669,526.9147001419446,0.8415294134911444,14.580154364797728,504.57310149041876,22.341598651525906,4389.125266146203,33285,374.71619486808777,0.22850333163719638,10,25,128,128,0.001,42,nslkdd_v2,acc0af8831e88fef0b5c06e3ce974ac35cb3e4345e8d071f18deb2948b3bdd6d,
nslkdd_v2,RSynaptic,latency,0.7496894960965224,0.5228145412832054,0.5355137575180369,0.7062997790865921,0.70158266489266,0.5228145412832054,0.9033982090525363,0.6286247410132414,0.6043527267389976,0.6600950674043482,0.06837606837606838,0.7770581973030518,0.7712126729788784,0.5313924050632911,0.43638888778940094,0.4230059791986787,0.5502165394926789,0.3048327137546468,491.7404630943932,0.8521081314001825,14.580154364797728,476.11195883605393,15.628504258339248,4246.819552874379,33285,374.5726487636566,0.228923387862504,10,25,128,128,0.001,43,nslkdd_v2,acc0af8831e88fef0b5c06e3ce974ac35cb3e4345e8d071f18deb2948b3bdd6d,
nslkdd_v2,RSynaptic,latency,0.7688963804116394,0.5306121272209723,0.5311479047675971,0.7288661831620243,0.7424602421759202,0.5306121272209723,0.901989057472121,0.6617619439591743,0.6366421626822234,0.6710823657757344,0.05519513953248893,0.7889904187366927,0.7835858241208317,0.5645569620253165,0.4367127332706727,0.47525542633122975,0.5647556197154052,0.24907063197026022,567.818399574166,0.8292275490002508,14.580154364797728,547.1148864442868,20.703513129879347,4601.834190915543,33285,374.5224235057831,0.22953119448857412,10,25,128,128,0.001,44,nslkdd_v2,acc0af8831e88fef0b5c06e3ce974ac35cb3e4345e8d071f18deb2948b3bdd6d,
nslkdd_v2,RSynaptic,latency,0.7325230660042583,0.48703451667383335,0.49115316708478884,0.6990808040106519,0.6532984092978744,0.48703451667383335,0.8772697441073503,0.60769157996867,0.5763413973226977,0.6144315436764591,0.05632787560498404,0.7562544357700497,0.741594168822008,0.5026160337552743,0.38711330432278196,0.4059827978836506,0.49319447308723446,0.254182156133829,409.6293914123492,0.876803190552677,14.580154364797728,395.4525816181689,14.17680979418027,3843.522666784954,33285,380.5576333999634,0.40748446777917713,10,25,128,128,0.001,45,nslkdd_v2,acc0af8831e88fef0b5c06e3ce974ac35cb3e4345e8d071f18deb2948b3bdd6d,
nslkdd_v2,RSynaptic,latency,0.7591376863023421,0.5110248486468993,0.5101448834735524,0.710207480817565,0.8216943937368736,0.5110248486468993,0.8925179548858169,0.6524855009866599,0.6164659177607446,0.6304059845710278,0.028112449799196786,0.7775017743080199,0.763351575769013,0.5540928270042194,0.42562231243685406,0.4870665508916615,0.510930088678078,0.12592936802973978,601.9164744499645,0.8189724888872287,14.580154364797728,587.0247072391767,14.891767210787792,4801.383294889993,33285,435.7826154232025,0.4138322143879573,10,25,128,128,0.001,46,nslkdd_v2,acc0af8831e88fef0b5c06e3ce974ac35cb3e4345e8d071f18deb2948b3bdd6d,
nslkdd_v2,SConv2dLSTM,latency,0.7659244144783535,0.5521191981365761,0.5696241934875904,0.7285891704392655,0.8793206280282341,0.5521191981365761,0.9138033377561795,0.6613405823803797,0.6306166100358046,0.6456791085482739,0.0442796828338997,0.7792317246273953,0.7690380064040095,0.5557805907172996,0.47038122104538627,0.479877113214933,0.5311404413281089,0.19888475836431227,952.3903477643719,0.967073799558708,14.580154364797728,936.8628459900639,15.52750177430802,8883.398687012066,8389,488.71953201293945,0.398204566063485,10,25,128,128,0.001,42,nslkdd_v2,acc0af8831e88fef0b5c06e3ce974ac35cb3e4345e8d071f18deb2948b3bdd6d,
nslkdd_v2,SConv2dLSTM,latency,0.7441447835344216,0.5296784653621293,0.5475135323669309,0.7007151999874457,0.8297105877569099,0.5296784653621293,0.9092816527984884,0.6254885035457793,0.5928332984826586,0.6124055170264163,0.06363917207290701,0.7519517388218595,0.7375879868606289,0.5138396624472574,0.4418142757888524,0.42215944953824375,0.48721385852753146,0.2853159851301115,616.7318577004968,0.9786782417389629,14.580154364797728,597.9455731014904,18.786284599006386,7188.812322569198,8389,491.04715633392334,0.2560717066270058,10,25,128,128,0.001,43,nslkdd_v2,acc0af8831e88fef0b5c06e3ce974ac35cb3e4345e8d071f18deb2948b3bdd6d,
nslkdd_v2,SConv2dLSTM,latency,0.7553229240596168,0.5477217797908647,0.5942060595296296,0.7272927279065188,0.8274835224899986,0.5477217797908647,0.8999308803069329,0.6470707588071511,0.6088631820831918,0.6081976155224811,0.0260529296673875,0.7657469836763662,0.7472117179646737,0.5348523206751055,0.49563323389905245,0.4665372337045606,0.4815425861002269,0.11617100371747212,1245.6108498935416,0.9569365306864809,14.580154364797728,1224.5270138396027,21.083836053938963,10321.719526259758,8389,491.1245412826538,0.24995921646304972,10,25,128,128,0.001,44,nslkdd_v2,acc0af8831e88fef0b5c06e3ce974ac35cb3e4345e8d071f18deb2948b3bdd6d,
nslkdd_v2,SConv2dLSTM,latency,0.7596699787083038,0.5273345258584992,0.5484965316543108,0.7198487911132974,0.7221817925720376,0.5273345258584992,0.9180672436820599,0.6460251496088175,0.6187055799771134,0.6516013402945531,0.05406240345999382,0.778388928317956,0.7699815837937385,0.5436286919831224,0.4506690657680804,0.4479820523849722,0.5389771086822025,0.241635687732342,1120.854905961675,0.9612496143142031,14.580154364797728,1101.3738910574875,19.48101490418737,9705.953912349183,8389,491.2450301647186,0.2502534430106537,10,25,128,128,0.001,45,nslkdd_v2,acc0af8831e88fef0b5c06e3ce974ac35cb3e4345e8d071f18deb2948b3bdd6d,
nslkdd_v2,SConv2dLSTM,latency,0.7425922640170334,0.5351234909178401,0.5594382253378024,0.7070647553590229,0.826344669095121,0.5351234909178401,0.9349303939996038,0.623071272963731,0.5925491440593385,0.61560040520533,0.07084749253423953,0.7506653655074521,0.7375939498622847,0.510295358649789,0.4527968874089698,0.41523625554667043,0.49133842029284386,0.31970260223048325,577.2581618168914,0.9800429330400383,14.580154364797728,560.166163946061,17.091997870830376,6999.915276792051,8389,483.57262086868286,0.33891276106756574,10,25,128,128,0.001,46,nslkdd_v2,acc0af8831e88fef0b5c06e3ce974ac35cb3e4345e8d071f18deb2948b3bdd6d,
nslkdd_v2,SLSTM,latency,0.754347054648687,0.5215576966426478,0.5526988189039699,0.7259349305589767,0.794147220243829,0.5215576966426478,0.8871957834863397,0.6450629375404022,0.6092417778259135,0.6129509857398894,0.03511481824734837,0.7645493257629524,0.7477186311787072,0.5374683544303798,0.4555821847221025,0.4659209074340471,0.48896679727778924,0.15845724907063197,362.4188697657913,0.8910018436794612,14.580154364797728,301.7967086586231,60.6221611071682,8974.022578069553,131205,355.34053325653076,0.315659842734814,10,25,128,128,0.001,42,nslkdd_v2,acc0af8831e88fef0b5c06e3ce974ac35cb3e4345e8d071f18deb2948b3bdd6d,
nslkdd_v2,SLSTM,latency,0.7603797019162527,0.5292571596102128,0.5629082617343097,0.7326879890785373,0.8324424128888136,0.5292571596102128,0.8982503387233569,0.652451596709783,0.6198515292963936,0.6299384399594795,0.03758624240551951,0.7731547196593329,0.7597030354290011,0.5473417721518987,0.4666591282550538,0.47133832288769273,0.5104145184574139,0.1696096654275093,315.6069020581973,0.9050806309599406,14.580154364797728,266.68962916962386,48.91727288857346,8798.487180624556,131205,331.50645637512207,0.34229038580670434,10,25,128,128,0.001,43,nslkdd_v2,acc0af8831e88fef0b5c06e3ce974ac35cb3e4345e8d071f18deb2948b3bdd6d,
nslkdd_v2,SLSTM,latency,0.741084102200142,0.529079879329767,0.571343470170901,0.718291727814943,0.7831465551937314,0.529079879329767,0.9019837511818931,0.6255169149450522,0.5890191502625368,0.5988467232915141,0.03707136237256719,0.7556777856635912,0.7361816265925855,0.5118143459915612,0.46531255150888756,0.4353974865095301,0.47102495359868013,0.16682156133828996,364.74068488289566,0.890303553418678,14.580154364797728,300.6414567068843,64.09922817601135,8968.24631831086,131205,332.54919624328613,0.20075760215965038,10,25,128,128,0.001,44,nslkdd_v2,acc0af8831e88fef0b5c06e3ce974ac35cb3e4345e8d071f18deb2948b3bdd6d,
nslkdd_v2,SLSTM,latency,0.74152767920511,0.5185822478433895,0.5487843800334862,0.7125201528498549,0.7667294653260446,0.5185822478433895,0.9121053894984366,0.6262186304767697,0.5888288106837543,0.5983791786799657,0.03768921841210998,0.7551454932576295,0.7356068588945301,0.5140928270042194,0.44698131876433644,0.43936501669279115,0.4686533305836255,0.17007434944237917,338.50048793470546,0.8981953419745247,14.580154364797728,279.84634492547906,58.6541430092264,8864.270759403833,131205,331.5928828716278,0.19358030822447972,10,25,128,128,0.001,45,nslkdd_v2,acc0af8831e88fef0b5c06e3ce974ac35cb3e4345e8d071f18deb2948b3bdd6d,
nslkdd_v2,SLSTM,latency,0.771957061745919,0.5204385321387827,0.5305200815115222,0.7304827558614021,0.7943848910591098,0.5204385321387827,0.8778321933835989,0.6689323600246213,0.6377762571364032,0.6502766305618328,0.03871897847801462,0.7842441447835344,0.7743342303052798,0.569535864978903,0.44221909994733843,0.49450361223782385,0.5372241699319448,0.1737918215613383,457.2611337828247,0.8624778545014061,14.580154364797728,389.4529364797729,67.80819730305181,9412.303717175302,131205,331.659663438797,0.19233379277715962,10,25,128,128,0.001,46,nslkdd_v2,acc0af8831e88fef0b5c06e3ce974ac35cb3e4345e8d071f18deb2948b3bdd6d,
nslkdd_v2,Synaptic,latency,0.7570085166784953,0.5432166793498291,0.5577844240152517,0.7202194234148231,0.8245816104724503,0.5432166793498291,0.8745993063196192,0.6437707860246998,0.6183147445044606,0.6517571884984026,0.07620224487694367,0.7689407381121363,0.7625472945252314,0.540253164556962,0.4561779999622189,0.4440295312352397,0.5391833367704681,0.3429368029739777,178.7277324343506,0.9462472985159848,14.580154364797728,161.33077537260468,17.39695706174592,2672.9136355571327,16773,330.279000043869,0.37430449950094336,10,25,128,128,0.001,42,nslkdd_v2,acc0af8831e88fef0b5c06e3ce974ac35cb3e4345e8d071f18deb2948b3bdd6d,
nslkdd_v2,Synaptic,latency,0.7695617459190915,0.5378679680744958,0.5529175429380958,0.7337637732275909,0.8176389691701283,0.5378679680744958,0.9070156902173226,0.6646606861876717,0.6362622736047807,0.6545624561676927,0.05014931520955617,0.7817601135557133,0.7734806629834254,0.5630379746835443,0.45730888744289266,0.4819534212866304,0.5428954423592494,0.22304832713754646,156.20457771469128,0.9530211796346794,14.580154364797728,129.71996983676365,26.48460787792761,2514.859607877928,16773,352.77042865753174,0.39024996875955165,10,25,128,128,0.001,43,nslkdd_v2,acc0af8831e88fef0b5c06e3ce974ac35cb3e4345e8d071f18deb2948b3bdd6d,
nslkdd_v2,Synaptic,latency,0.7401082327892122,0.5660508779254312,0.5924974163556558,0.7100201181608107,0.7966831128048364,0.5660508779254312,0.9111044644873821,0.6197736448291611,0.5905240321475844,0.6196524585054157,0.07198022860673463,0.7524840312278211,0.740271830199218,0.5086919831223629,0.4833876259116473,0.41301826829520555,0.4981439472056094,0.3201672862453532,165.71553406671399,0.9501607416340709,14.580154364797728,135.10916430092263,30.606369765791342,2541.8055801987225,16773,373.12131333351135,0.4124169107698396,10,25,128,128,0.001,44,nslkdd_v2,acc0af8831e88fef0b5c06e3ce974ac35cb3e4345e8d071f18deb2948b3bdd6d,
nslkdd_v2,Synaptic,latency,0.7709368346344926,0.5288829653862981,0.5500498298375543,0.7375174980836192,0.8293806522043132,0.5288829653862981,0.9153742391887488,0.6655516473104524,0.6380187338211267,0.6624327904620899,0.040160642570281124,0.790542938254081,0.7826367151537471,0.5642194092827004,0.4565917087147076,0.4801953477220661,0.5533099608166633,0.1812267657992565,140.01179914833216,0.9578911882260656,14.580154364797728,118.17703158268276,21.834767565649397,2457.144916607523,16773,376.9214141368866,0.34289103268392546,10,25,128,128,0.001,45,nslkdd_v2,acc0af8831e88fef0b5c06e3ce974ac35cb3e4345e8d071f18deb2948b3bdd6d,
nslkdd_v2,Synaptic,latency,0.7718239886444287,0.5767173237381896,0.5857452579863409,0.7413040222646405,0.7241274812490576,0.5767173237381896,0.9153465762682717,0.6649002415663771,0.6427408802299958,0.6754461154835191,0.07445165276490577,0.783179559971611,0.7800575953923685,0.5661603375527426,0.4879676838186545,0.47115659961920664,0.5705300061868427,0.3345724907063197,114.71424769339957,0.9654994743779249,14.580154364797728,94.30238644428673,20.411861249112846,2337.771690915543,16773,377.37949872016907,0.3333774608783979,10,25,128,128,0.001,46,nslkdd_v2,acc0af8831e88fef0b5c06e3ce974ac35cb3e4345e8d071f18deb2948b3bdd6d,
kddcup99_v2,Lapicque,latency,0.9236084095052229,0.5823233071123334,0.6068134118035802,0.9070931021261776,0.8934060313040068,0.5823233071123334,0.9776025214954865,0.8233211814502672,0.8158043466518581,0.909869188135891,0.015414321786344958,0.9244250536123642,0.9509508924658936,,,,,,229.88705554787495,0.9308610359254511,12.490578048992216,196.2905227486826,33.59653279919236,2580.246604014417,16261,1968.6089639663696,0.4358773554544899,10,25,128,128,0.001,42,kddcup99_v2,da7e7fae00a54821b062a6ed3ce86f6aec975e5e296fec2f83a72067dadab5a9,
kddcup99_v2,Alpha,latency,0.9242739423012002,0.5557279254527024,0.5519400250171673,0.9068957135699995,0.7216361805328652,0.5557279254527024,0.9605143917706844,0.8246903600721878,0.817229203481535,0.9108155377022473,0.015694882247124255,0.9251323831539824,0.9514356980779499,,,,,,131.90626597519847,0.96032894256385,12.490578048992216,124.46766057184378,7.438605403354671,2221.1322931302225,16261,2411.7034096717834,0.48188966297222646,10,25,128,128,0.001,42,kddcup99_v2,da7e7fae00a54821b062a6ed3ce86f6aec975e5e296fec2f83a72067dadab5a9,
kddcup99_v2,Alpha,latency,0.9224959730443142,0.5456194676468977,0.5376162026682796,0.9033890950699343,0.712838503588894,0.5456194676468977,0.9716421190289044,0.82077349239274,0.8129040017803886,0.908455653340574,0.015034739986467083,0.9233608441656566,0.950221047201983,,,,,,130.25869934957834,0.9608244513234351,12.490578048992216,122.60817480042054,7.650524549157796,2211.834864273106,16261,2529.2300436496735,0.5001641535875564,10,25,128,128,0.001,43,kddcup99_v2,da7e7fae00a54821b062a6ed3ce86f6aec975e5e296fec2f83a72067dadab5a9,
kddcup99_v2,Alpha,latency,0.9229171556350051,0.5459314863967937,0.5436204671213967,0.9050963436804276,0.7210307719301894,0.5459314863967937,0.9581419040853741,0.8216704819008269,0.813977357678211,0.9090426296538836,0.01559586090802568,0.923724154339306,0.9504757451392165,,,,,,133.50329712020422,0.9598486324450514,12.490578048992216,125.56081587247492,7.942481247729312,2226.598069633378,16261,2568.967627286911,0.47891431249278166,10,25,128,128,0.001,44,kddcup99_v2,da7e7fae00a54821b062a6ed3ce86f6aec975e5e296fec2f83a72067dadab5a9,
kddcup99_v2,Alpha,latency,0.9219043883367789,0.547176878891457,0.5323197845402381,0.9013863365082894,0.6181746540746503,0.547176878891457,0.9667153203389721,0.8195348414273338,0.81147328806898,0.9078766630995544,0.013995015925932039,0.9230972031546898,0.9500280999229082,,,,,,130.10629233929956,0.9608702880182558,12.490578048992216,122.183449131753,7.922843207546563,2209.7112359297685,16261,2479.073353290558,0.41668116476236317,10,25,128,128,0.001,46,kddcup99_v2,da7e7fae00a54821b062a6ed3ce86f6aec975e5e296fec2f83a72067dadab5a9,
kddcup99_v2,Alpha,latency,0.9245247227750467,0.5593714917910788,0.5515561332480341,0.906701833946234,0.7063644336637306,0.5593714917910788,0.9639251532089842,0.8256095462839292,0.8180237645869255,0.9106558162564488,0.013400887891340583,0.9254506814477107,0.951624108873399,,,,,,141.7265399689418,0.9573754767010701,12.490578048992216,133.53049072594516,8.196049242996633,2266.4464439007297,16261,2531.868453025818,0.4154450344653564,10,25,128,128,0.001,45,kddcup99_v2,da7e7fae00a54821b062a6ed3ce86f6aec975e5e296fec2f83a72067dadab5a9,
kddcup99_v2,Lapicque,latency,0.92542174523919,0.5757941630029312,0.5886709090696532,0.9085125507737732,0.9002172012480045,0.5757941630029312,0.9807231709844423,0.828099042351214,0.8204104482136965,0.9106039067865642,0.009390523657848267,0.9261901623321298,0.9520783712866844,,,,,,254.06706127081398,0.9235888537531387,12.490578048992216,224.88932864781097,29.177732623003,2723.2406335100586,16261,1620.6229815483093,0.3425963402999447,10,25,128,128,0.001,43,kddcup99_v2,da7e7fae00a54821b062a6ed3ce86f6aec975e5e296fec2f83a72067dadab5a9,
kddcup99_v2,Lapicque,latency,0.9231293544974906,0.5761789723668144,0.5916555995611552,0.9052017987266137,0.8774965493737954,0.5761789723668144,0.9778813266807674,0.822552357713752,0.814704066304704,0.9086113817502276,0.01323585232617629,0.9238366840391089,0.9505228838711159,,,,,,248.71022637760467,0.9251999319165098,12.490578048992216,218.9584508196985,29.751775557906175,2693.586244369496,16261,1607.7203578948975,0.3320468994095294,10,25,128,128,0.001,44,kddcup99_v2,da7e7fae00a54821b062a6ed3ce86f6aec975e5e296fec2f83a72067dadab5a9,
kddcup99_v2,Lapicque,latency,0.9257464738014783,0.592217143635948,0.6105027704364206,0.9083606908976872,0.8801633316970895,0.592217143635948,0.9744593650501899,0.8293744544161192,0.8213918572276009,0.9098172786660065,0.004984074067961646,0.9264152217317356,0.9521781737566053,,,,,,262.9766388343209,0.9209092815535878,12.490578048992216,233.3320301322385,29.644608702082444,2765.454140932196,16261,1563.4943692684174,0.2822431056919373,10,25,128,128,0.001,45,kddcup99_v2,da7e7fae00a54821b062a6ed3ce86f6aec975e5e296fec2f83a72067dadab5a9,
kddcup99_v2,Leaky,latency,0.9252127615109845,0.6969364790066855,0.6818862616138613,0.9087038608165542,0.8296411049372867,0.6969364790066855,0.9630111669043288,0.827092210820528,0.8198530261730317,0.9123328914373333,0.01604145693396927,0.9262866163605323,0.9522243685518943,,,,,,203.69450758610932,0.9387384939590648,12.490578048992216,156.97903732449385,46.71547026161548,2383.689176893473,16261,1323.9972214698792,0.2801313333394929,10,25,128,128,0.001,42,kddcup99_v2,da7e7fae00a54821b062a6ed3ce86f6aec975e5e296fec2f83a72067dadab5a9,
kddcup99_v2,Leaky,latency,0.9236051943709429,0.6540985462150248,0.6695262525718146,0.9062107945217691,0.8569600401701969,0.6540985462150248,0.9824296866827654,0.8234504552113119,0.81588455585874,0.9100408886901244,0.015249286221180665,0.9245954557292085,0.9510648552894315,,,,,,203.37500361702607,0.938834585378338,12.490578048992216,164.56468046387957,38.81032315314649,2421.6173925904013,16261,1314.136233329773,0.27761526530830455,10,25,128,128,0.001,43,kddcup99_v2,da7e7fae00a54821b062a6ed3ce86f6aec975e5e296fec2f83a72067dadab5a9,
kddcup99_v2,Lapicque,latency,0.923335123091416,0.5773137716650428,0.5946108519403199,0.9061183982670689,0.9252269147292067,0.5773137716650428,0.9763527903604571,0.8228630506148615,0.8152016884130192,0.9093061700394512,0.01488620797781922,0.9240746039758351,0.9507056512636178,,,,,,260.0666175822833,0.9217844759151028,12.490578048992216,227.11616601667367,32.95045156560964,2734.374820354372,16261,1518.987738609314,0.35254469507444547,10,25,128,128,0.001,46,kddcup99_v2,da7e7fae00a54821b062a6ed3ce86f6aec975e5e296fec2f83a72067dadab5a9,
kddcup99_v2,Leaky,latency,0.9256017927588746,0.6867644167695108,0.6625523852863295,0.9091712202781451,0.7943775021278471,0.6867644167695108,0.9878666141622717,0.8284466851210893,0.8212108611179663,0.9127761184494242,0.01534830756027924,0.9267785319053851,0.9525500147929611,,,,,,184.62528574505913,0.9444735982721627,12.490578048992216,148.98870523327406,35.63658051178508,2343.737516437374,16261,1265.529393196106,0.3241818029443921,10,25,128,128,0.001,44,kddcup99_v2,da7e7fae00a54821b062a6ed3ce86f6aec975e5e296fec2f83a72067dadab5a9,
kddcup99_v2,Leaky,latency,0.9243736114638827,0.6151179351408474,0.6359085195175763,0.9076357104585595,0.8412668215724161,0.6151179351408474,0.9697921528452764,0.8251466400746116,0.8177110842240742,0.9108594610998418,0.014688165299622068,0.9253638728221484,0.9515808091974354,,,,,,210.22560918756773,0.9367742528759195,12.490578048992216,170.24353999144773,39.98206919611997,2450.0116902282425,16261,1264.159122467041,0.3187589751261317,10,25,128,128,0.001,45,kddcup99_v2,da7e7fae00a54821b062a6ed3ce86f6aec975e5e296fec2f83a72067dadab5a9,
kddcup99_v2,Leaky,latency,0.9255117689990322,0.624408962503723,0.6378531734652235,0.9081371645898296,0.8433606652468821,0.624408962503723,0.9635261847740375,0.828831323047146,0.8210190217899502,0.9104721365937805,0.0075916359975574735,0.9264345125374162,0.9522228556036507,,,,,,206.72127357899103,0.937828188397296,12.490578048992216,166.78788794614007,39.93338563285096,2432.733430001704,16261,1286.716133594513,0.2863727184024959,10,25,128,128,0.001,46,kddcup99_v2,da7e7fae00a54821b062a6ed3ce86f6aec975e5e296fec2f83a72067dadab5a9,
kddcup99_v2,RLeaky,latency,0.9201971520340547,0.5424930506342199,0.5148512303997581,0.9001219418485771,0.5339557657119864,0.5424930506342199,0.973896508038962,0.8174024386725829,0.8088632355918848,0.9065948984970212,0.004076378459558035,0.9239974407531131,0.9505177643298368,,,,,,919.0990968687807,0.7235792189868329,12.490578048992216,906.8309064428075,12.26819042597314,6132.948522485041,32773,1287.9583995342255,0.28509353495129697,10,25,128,128,0.001,42,kddcup99_v2,da7e7fae00a54821b062a6ed3ce86f6aec975e5e296fec2f83a72067dadab5a9,
kddcup99_v2,RLeaky,latency,0.9222001806905465,0.6455484783045959,0.6214339110980219,0.9057183969956194,0.722787947804065,0.6455484783045959,0.9639588507669966,0.8205820140153077,0.8134530591588478,0.9131594499193406,0.014935718647368508,0.9271675631532751,0.9528091011168075,,,,,,791.2523301685695,0.7620293743853926,12.490578048992216,777.926199807735,13.32613036083452,5488.4249893096785,32773,1286.7797820568085,0.28091239106846794,10,25,128,128,0.001,43,kddcup99_v2,da7e7fae00a54821b062a6ed3ce86f6aec975e5e296fec2f83a72067dadab5a9,
kddcup99_v2,RLeaky,latency,0.9208562545614718,0.5544083246750986,0.5297043520767784,0.9007258718609987,0.8117035376794801,0.5544083246750986,0.9439250863063461,0.8189393656762844,0.810422453384829,0.9071259723043013,0.003993860676975889,0.9244411292837645,0.9508198093563948,,,,,,831.4328342373219,0.749945012259452,12.490578048992216,813.1442887962215,18.288545441100347,5664.515434252112,32773,1290.927890777588,0.3615515866381446,10,25,128,128,0.001,44,kddcup99_v2,da7e7fae00a54821b062a6ed3ce86f6aec975e5e296fec2f83a72067dadab5a9,
kddcup99_v2,RLeaky,latency,0.9233447684942562,0.5734252924704416,0.5455143569790292,0.9068675121147797,0.6427100246206399,0.5734252924704416,0.9720527789674409,0.8241314351874525,0.8166876303214499,0.9127880975578591,0.007855692901820342,0.9282478482713831,0.9534584479475794,,,,,,1190.4202630622867,0.6419788682519438,12.490578048992216,1133.9533998437444,56.46686321854232,7268.560989489726,32773,1414.2620384693146,0.33921829469345094,10,25,128,128,0.001,45,kddcup99_v2,da7e7fae00a54821b062a6ed3ce86f6aec975e5e296fec2f83a72067dadab5a9,
kddcup99_v2,RLeaky,latency,0.9222998498532291,0.5823805861258944,0.5870858987590075,0.9059241158503291,0.8469050705904128,0.5823805861258944,0.9512996874831936,0.8218335307362191,0.8140640073713765,0.9099490488587902,0.006815968841285297,0.9261644412578891,0.952029628206119,,,,,,647.5090779316398,0.8052604276897324,12.490578048992216,632.2319880139794,15.277089917660412,4759.953930340901,32773,1415.5565118789673,0.3345851858271553,10,25,128,128,0.001,46,kddcup99_v2,da7e7fae00a54821b062a6ed3ce86f6aec975e5e296fec2f83a72067dadab5a9,
kddcup99_v2,RSynaptic,latency,0.9175896781329073,0.6107875300776973,0.6113656352146051,0.9020102271031115,0.7757915189108263,0.6107875300776973,0.9384379105387574,0.8119458820637128,0.8038035546172281,0.9052492453161686,0.01490271153433565,0.9208048124129904,0.9484735778565242,,,,,,844.0311096392941,0.7461560572513402,12.490578048992216,818.1899051213874,25.84120451790669,5689.743515877941,32773,1437.7003979682922,0.3186009206462441,10,25,128,128,0.001,42,kddcup99_v2,da7e7fae00a54821b062a6ed3ce86f6aec975e5e296fec2f83a72067dadab5a9,
kddcup99_v2,RSynaptic,latency,0.9193612171212331,0.5984636802077744,0.592092722671448,0.8992406361703387,0.6439280424500644,0.5984636802077744,0.9621851256132282,0.8147960758691379,0.8065507832398643,0.9070740628344168,0.010413744161866882,0.9231486453031711,0.9500178783893141,,,,,,634.197235627546,0.8092639892849486,12.490578048992216,615.564902308145,18.632333319401084,4676.6185018117285,32773,1437.868658542633,0.3173732285068328,10,25,128,128,0.001,43,kddcup99_v2,da7e7fae00a54821b062a6ed3ce86f6aec975e5e296fec2f83a72067dadab5a9,
kddcup99_v2,RSynaptic,latency,0.9209269875156336,0.5910837296520353,0.5860541232579075,0.9011066647174215,0.7006304581649284,0.5910837296520353,0.9629857522934847,0.8179777458297889,0.8099924716853547,0.9089467967864046,0.010364233492317595,0.9246661886833704,0.9510525447203555,,,,,,513.9720411923004,0.8454219424985563,12.490578048992216,497.9824035700851,15.989637622215291,4088.706008121429,32773,1435.2582437992096,0.3080154267156594,10,25,128,128,0.001,44,kddcup99_v2,da7e7fae00a54821b062a6ed3ce86f6aec975e5e296fec2f83a72067dadab5a9,
kddcup99_v2,RSynaptic,latency,0.9200878374685318,0.5460261679017682,0.5252227731442523,0.8998796755908637,0.6186338965073902,0.5460261679017682,0.9534156038920492,0.816705290408518,0.808356148391508,0.9071459374850261,0.007344082649811034,0.923804532696308,0.9504270357672525,,,,,,678.4517102906802,0.7959543728449082,12.490578048992216,658.4464792672065,20.005231023473694,4891.026386607036,32773,1439.0715250968933,0.4069205490292401,10,25,128,128,0.001,45,kddcup99_v2,da7e7fae00a54821b062a6ed3ce86f6aec975e5e296fec2f83a72067dadab5a9,
kddcup99_v2,RSynaptic,latency,0.9225602757299158,0.6279399956530329,0.6208332057121513,0.9061160683235605,0.7724075700342684,0.6279399956530329,0.9545438976263346,0.8219519502314112,0.814598437402314,0.9122091073168395,0.013615434126054165,0.926659571937022,0.9524484533396149,,,,,,829.4945583852309,0.7505279523653441,12.490578048992216,814.6059467123645,14.888611672866517,5671.823723832826,32773,1655.568502664566,0.42237409947702503,10,25,128,128,0.001,46,kddcup99_v2,da7e7fae00a54821b062a6ed3ce86f6aec975e5e296fec2f83a72067dadab5a9,
kddcup99_v2,SConv2dLSTM,latency,0.9256693105787563,0.6445939368281909,0.6460726571931994,0.9104661481153095,0.7781642800208133,0.6445939368281909,0.986344323372093,0.8294752701646678,0.8220240749319071,0.9127841045217141,0.004703513607182348,0.9288587237845989,0.9538362037491002,,,,,,500.6140745718245,0.9794197708295241,12.490578048992216,478.46965073996313,22.14442383186134,5989.634731809574,7469,2116.633198738098,0.415614684513008,10,25,128,128,0.001,42,kddcup99_v2,da7e7fae00a54821b062a6ed3ce86f6aec975e5e296fec2f83a72067dadab5a9,
kddcup99_v2,SConv2dLSTM,latency,0.9233029717486151,0.5974383192257362,0.6009449610155153,0.9067106705243193,0.7894137980371758,0.5974383192257362,0.984410373391134,0.8243308651890845,0.8164164488862551,0.9099450558226453,0.004835542059313782,0.9265470422372191,0.9522661362439722,,,,,,1136.1452726273112,0.953293102872464,12.490578048992216,1117.5914271659556,18.553845461355692,9185.243613939536,7469,2154.442805290222,0.31369700962474073,10,25,128,128,0.001,43,kddcup99_v2,da7e7fae00a54821b062a6ed3ce86f6aec975e5e296fec2f83a72067dadab5a9,
kddcup99_v2,SConv2dLSTM,latency,0.9249523356342978,0.6091802235953971,0.6250703298010791,0.9074527405102109,0.8389012867028022,0.6091802235953971,0.9731986318649632,0.8277817538167345,0.8197454539026909,0.9095058218466994,0.004274421137755186,0.9263026920319327,0.9520929299347084,,,,,,731.9890396072392,0.9699079531507815,12.490578048992216,707.6876079079443,24.30143169929492,7135.72451764948,7469,2154.461669921875,0.31257374505140717,10,25,128,128,0.001,44,kddcup99_v2,da7e7fae00a54821b062a6ed3ce86f6aec975e5e296fec2f83a72067dadab5a9,
kddcup99_v2,SConv2dLSTM,latency,0.9219108186053391,0.5797128387259413,0.5760896731121082,0.9039978612148849,0.7928961379923688,0.5797128387259413,0.9890608956912751,0.8213751480316532,0.8131067467817358,0.9078047884489451,0.004951066954928788,0.9248012243231338,0.9510775325623375,,,,,,648.0778801976664,0.9733575383269202,12.490578048992216,618.8979805741586,29.179899623507776,6691.776380980552,7469,2153.5719101428986,0.2984794163712427,10,25,128,128,0.001,45,kddcup99_v2,da7e7fae00a54821b062a6ed3ce86f6aec975e5e296fec2f83a72067dadab5a9,
kddcup99_v2,SConv2dLSTM,latency,0.920946278321314,0.5870645215577011,0.5876295318274916,0.9025840365682877,0.7595291915906249,0.5870645215577011,0.9866396765459279,0.8180960918842677,0.8102362224127253,0.9088309987382006,0.011767035796214085,0.9242996633754409,0.9508201515186329,,,,,,735.6305617804128,0.9697582502865195,12.490578048992216,707.0852942973163,28.54526748309643,7132.71294959634,7469,2105.421618461609,0.33362142220930724,10,25,128,128,0.001,46,kddcup99_v2,da7e7fae00a54821b062a6ed3ce86f6aec975e5e296fec2f83a72067dadab5a9,
kddcup99_v2,SLSTM,latency,0.9230071793948474,0.6591982231950618,0.6443703991621115,0.9051862229659401,0.8034858901996657,0.6591982231950618,0.9735036946092815,0.8222777299888819,0.8146617887774292,0.9101487006660385,0.01465515818658921,0.9247980091888538,0.9511953895396634,,,,,,202.080584125596,0.9392238844735049,12.490578048992216,161.91371222619114,40.16687189940488,7204.74452221497,129157,1395.219006538391,0.33014875394896354,10,25,128,128,0.001,42,kddcup99_v2,da7e7fae00a54821b062a6ed3ce86f6aec975e5e296fec2f83a72067dadab5a9,
kddcup99_v2,SLSTM,latency,0.9249201842914969,0.6401508491598258,0.6355385206393922,0.9091966973039117,0.7807758091076282,0.6401508491598258,0.9741080384099838,0.8264692569364523,0.8194256985919601,0.9135787187145618,0.01533180400376281,0.9274279890299618,0.9529904739689852,,,,,,190.35409238366842,0.9427506489071674,12.490578048992216,154.4467204022776,35.9073719813908,7167.4095630954025,129157,1306.801342010498,0.33842715839470255,10,25,128,128,0.001,43,kddcup99_v2,da7e7fae00a54821b062a6ed3ce86f6aec975e5e296fec2f83a72067dadab5a9,
kddcup99_v2,SLSTM,latency,0.9225281243871151,0.626619183679707,0.6226838482667627,0.905482192770581,0.7820484146951052,0.626619183679707,0.978293473136981,0.8214150999413466,0.8136877819925185,0.9089028733888099,0.013895994586833462,0.9239427834703516,0.9506034662768845,,,,,,209.00816001080284,0.9371404030042698,12.490578048992216,171.6098305945748,37.398329416228066,7253.225114056889,129157,1301.4299104213715,0.26889599472392306,10,25,128,128,0.001,44,kddcup99_v2,da7e7fae00a54821b062a6ed3ce86f6aec975e5e296fec2f83a72067dadab5a9,
kddcup99_v2,SLSTM,latency,0.9225056184471544,0.6034588416603197,0.6154811675199644,0.9051720545655777,0.8394839279472939,0.6034588416603197,0.9694708265007899,0.8213425185279385,0.8136598528678759,0.9094579054129598,0.013895994586833462,0.9243896871352832,0.9509079636522288,,,,,,253.91937729279263,0.92363326998713,12.490578048992216,207.07781911011514,46.8415581826775,7430.56505663459,129157,1301.673591375351,0.26868267675078644,10,25,128,128,0.001,45,kddcup99_v2,da7e7fae00a54821b062a6ed3ce86f6aec975e5e296fec2f83a72067dadab5a9,
kddcup99_v2,SLSTM,latency,0.9230103945291275,0.6282180389501495,0.6390938182457084,0.9059150357908519,0.8348647299369997,0.6282180389501495,0.9719979077944636,0.8223749208013623,0.8149483888679036,0.9111389736299893,0.014787186638720645,0.9255696414160738,0.9517219518095404,,,,,,212.33563108263218,0.9361396598247723,12.490578048992216,171.1161017139881,41.21952936864408,7250.756469653955,129157,1297.3978083133698,0.25988163468552805,10,25,128,128,0.001,46,kddcup99_v2,da7e7fae00a54821b062a6ed3ce86f6aec975e5e296fec2f83a72067dadab5a9,
kddcup99_v2,Synaptic,latency,0.9247626427117729,0.6287167776645337,0.6358355332849278,0.9082321184232467,0.8137853356436097,0.6287167776645337,0.9781723383429699,0.8263650632214108,0.8191570527122967,0.9124926128831318,0.016388031620814286,0.9263477039118538,0.9522700281279299,,,,,,129.4341106456311,0.961072447926126,12.490578048992216,100.7525954171476,28.68151522848352,2102.5569673567416,16261,1267.4216578006744,0.2786001887101519,10,25,128,128,0.001,42,kddcup99_v2,da7e7fae00a54821b062a6ed3ce86f6aec975e5e296fec2f83a72067dadab5a9,
kddcup99_v2,Synaptic,latency,0.9238624051133496,0.6482874060423534,0.6432575406629271,0.9070995455543114,0.8109978890300205,0.6482874060423534,0.9793111990413748,0.8248214564825004,0.8173653759777797,0.9109313357504513,0.016635584968560727,0.9250423593941401,0.9513860217609795,,,,,,100.88690765169807,0.9696580728867074,12.490578048992216,73.73553269952319,27.151374952174876,1967.4716537686197,16261,1098.2472224235535,0.20042407585831779,10,25,128,128,0.001,43,kddcup99_v2,da7e7fae00a54821b062a6ed3ce86f6aec975e5e296fec2f83a72067dadab5a9,
kddcup99_v2,Synaptic,latency,0.92349266467114,0.6373220485623375,0.643328135201516,0.9068910238402438,0.7945700421030094,0.6373220485623375,0.9873079434538784,0.8230457076134645,0.8157267540448068,0.9109872382564806,0.016932648985856454,0.9250294988570198,0.9513809251760821,,,,,,80.69371666307643,0.9757312130336612,12.490578048992216,57.19617784836784,23.497538814708598,1884.7748795128427,16261,912.3484189510345,0.12534045961221907,10,25,128,128,0.001,44,kddcup99_v2,da7e7fae00a54821b062a6ed3ce86f6aec975e5e296fec2f83a72067dadab5a9,
kddcup99_v2,Synaptic,latency,0.9238977715904305,0.6139917135004296,0.6219495975284937,0.9073313440611138,0.815721599338303,0.6139917135004296,0.965139764755279,0.8247952479552197,0.8173333732612094,0.9107396700154929,0.015298796890729952,0.9251484588253829,0.9514417712146335,,,,,,115.55866816277582,0.9652455133345035,12.490578048992216,90.28379347263439,25.274874690141434,2050.2129576341754,16261,845.1208310127258,0.07051664665248193,10,25,128,128,0.001,45,kddcup99_v2,da7e7fae00a54821b062a6ed3ce86f6aec975e5e296fec2f83a72067dadab5a9,
kddcup99_v2,Synaptic,latency,0.9214349787318867,0.6212751344160219,0.6167066288065585,0.903328458192459,0.7797221793310902,0.6212751344160219,0.9696859438536931,0.8192607016917873,0.8114947092890696,0.9088349917743456,0.016156981829584277,0.9234476527912189,0.9502943509665567,,,,,,108.30126129717807,0.9674281920910742,12.490578048992216,79.29564445759077,29.005616839587304,1995.2722125589576,16261,845.2233180999756,0.07017946069586413,10,25,128,128,0.001,46,kddcup99_v2,da7e7fae00a54821b062a6ed3ce86f6aec975e5e296fec2f83a72067dadab5a9,
ctu13_v2_f0,Lapicque,latency,0.9891418640852399,0.990670090210945,0.9888664154990428,0.9891605423956039,0.9873050459118233,0.990670090210945,0.9999591461707683,0.9779693468361942,0.9777354281281654,0.9815711532132951,0.00023097279140517246,0.9891418640852399,0.990617623684866,,,,,,251.1134874246039,0.9227343115616603,22.232778666988796,221.40618488207048,29.70730254253342,3288.6080391387068,3586,1735.6484725475311,0.4430972411468682,10,25,128,128,0.001,42,ctu13_v2_f0,855476eadf4b4a098dcda7f57266971095f0fc80129808ea8bf3e21c9399c806,0
ctu13_v2_f0,Alpha,latency,0.9968235491141902,0.9972006193082048,0.9967343824082442,0.9968250142878491,0.9962841003838137,0.9972006193082048,0.9999079024672549,0.9934842969340733,0.9934688143187873,0.9949555733157821,0.0005543346993724139,0.9968235491141902,0.9972739974224314,,,,,,109.04693295409932,0.9664470975525848,22.232778666988796,102.26807378590667,6.778859168192662,3050.331816946379,3586,2038.4797656536102,0.4597154801272103,10,25,128,128,0.001,43,ctu13_v2_f0,855476eadf4b4a098dcda7f57266971095f0fc80129808ea8bf3e21c9399c806,0
ctu13_v2_f0,Alpha,latency,0.9908824603355453,0.9921205244478126,0.9906451816873179,0.9908954143344926,0.9893314575199494,0.9921205244478126,0.9999659332467619,0.9814480190076906,0.9812918144937464,0.9847491890367167,0.0005081401410913795,0.9908824603355453,0.9921350469978899,,,,,,106.96404872571333,0.9670879850074728,22.232778666988796,100.4322800987253,6.531768626988027,3046.6602295720163,3586,2038.6256356239319,0.45966306041430227,10,25,128,128,0.001,46,ctu13_v2_f0,855476eadf4b4a098dcda7f57266971095f0fc80129808ea8bf3e21c9399c806,0
ctu13_v2_f0,Alpha,latency,0.9900231438902052,0.9913933218851108,0.9897665325599148,0.9900387063381213,0.988336559800159,0.9913933218851108,0.99995550384726,0.97972511311724,0.979535001087101,0.9832353909078088,0.00044874713758719223,0.9900231438902052,0.9913870336223284,,,,,,114.5515301598109,0.9647533753354428,22.232778666988796,108.0387104213396,6.512819738471295,3061.873090217245,3586,2252.378588914871,0.43106921388243613,10,25,128,128,0.001,45,ctu13_v2_f0,855476eadf4b4a098dcda7f57266971095f0fc80129808ea8bf3e21c9399c806,0
ctu13_v2_f0,Alpha,latency,0.9950609895042595,0.9956080110235206,0.9949245433238549,0.9950643137263633,0.9942754985277156,0.9956080110235206,0.9999379143641323,0.9898826126828982,0.9898492530950016,0.9923510883362324,0.0011350662891911332,0.9950609895042595,0.9957567252013728,,,,,,106.49032376737507,0.9672337465331153,22.232778666988796,100.05863118851975,6.4316925788553245,3045.9129317516054,3586,2254.5216834545135,0.43081575157098145,10,25,128,128,0.001,44,ctu13_v2_f0,855476eadf4b4a098dcda7f57266971095f0fc80129808ea8bf3e21c9399c806,0
ctu13_v2_f0,Alpha,latency,0.9963678094019651,0.9968265495674993,0.9962665448907427,0.9963698165284546,0.9957295765649362,0.9968265495674993,0.9999013851338262,0.9925555199449847,0.9925331715638678,0.9940952470499741,0.0004421479149756159,0.9963678094019651,0.9968814160209886,,,,,,121.33530362971972,0.9626660604216247,22.232778666988796,114.8718520328462,6.463451596873516,3075.5393734402583,3586,2259.828845977783,0.43140580323899574,10,25,128,128,0.001,42,ctu13_v2_f0,855476eadf4b4a098dcda7f57266971095f0fc80129808ea8bf3e21c9399c806,0
ctu13_v2_f0,Lapicque,latency,0.9710275832342694,0.975104720651778,0.9704525807720373,0.9711448764036199,0.9674665214512579,0.975104720651778,0.9998837514873145,0.9425402932249809,0.9409539236056605,0.9508297682290442,0.0006203269254881775,0.9710275832342694,0.9745744539880256,,,,,,228.79084841712813,0.9296028158716529,22.232778666988796,199.14176250470152,29.649085912426596,3244.079194383969,3586,1403.8209512233734,0.34314400297323955,10,25,128,128,0.001,43,ctu13_v2_f0,855476eadf4b4a098dcda7f57266971095f0fc80129808ea8bf3e21c9399c806,0
ctu13_v2_f0,Lapicque,latency,0.969388567522231,0.9737289223785646,0.9687968990436109,0.9695185630689025,0.9657422900395859,0.9737289223785646,0.9998879435960886,0.9394372638267611,0.937651970569416,0.9478867942268817,0.00042894946975246314,0.969388567522231,0.9730936293436295,,,,,,211.89588269369625,0.9348012668634781,22.232778666988796,182.21285789980865,29.683024793887597,3210.221385174183,3586,1181.6824824810028,0.3331714170343678,10,25,128,128,0.001,44,ctu13_v2_f0,855476eadf4b4a098dcda7f57266971095f0fc80129808ea8bf3e21c9399c806,0
ctu13_v2_f0,Lapicque,latency,0.9926175657459443,0.9936364829371518,0.9924215610820697,0.9926262621186681,0.9913158499301606,0.9936364829371518,0.9999573919056045,0.9849495990573366,0.9848439142957591,0.9875699308918245,0.00029696501752093604,0.9926175657459443,0.9936403347988865,,,,,,232.05479858226514,0.9285985235131492,22.232778666988796,201.7226906213709,30.332107960894238,3249.241050617308,3586,1332.125811100006,0.25061864544974477,10,25,128,128,0.001,45,ctu13_v2_f0,855476eadf4b4a098dcda7f57266971095f0fc80129808ea8bf3e21c9399c806,0
ctu13_v2_f0,Lapicque,latency,0.9871486891992434,0.9889284286441564,0.986830238677276,0.9871741978506939,0.9850612566973287,0.9889284286441564,0.9999421910301967,0.9739820081155188,0.9736646645618457,0.9783320013163462,0.00047514402803349766,0.9871486891992434,0.9888781442823777,,,,,,218.66502582067466,0.9327184535936386,22.232778666988796,190.52773835049678,28.137287470177874,3226.8511460755594,3586,1150.4737813472748,0.23869743896159798,10,25,128,128,0.001,46,ctu13_v2_f0,855476eadf4b4a098dcda7f57266971095f0fc80129808ea8bf3e21c9399c806,0
ctu13_v2_f0,Leaky,latency,0.9895564224981674,0.9910107986646481,0.9892897709782436,0.989573607562977,0.987789196608591,0.9910107986646481,0.9999786915318102,0.9787946935016991,0.978581813346386,0.982351558459875,0.0003299611305788178,0.9895564224981674,0.9909797114645876,,,,,,179.67203762323504,0.9447162961159277,22.232778666988796,150.09758046139527,29.57445716183976,3145.9908302973563,3586,1148.4193873405457,0.23774395184910127,10,25,128,128,0.001,42,ctu13_v2_f0,855476eadf4b4a098dcda7f57266971095f0fc80129808ea8bf3e21c9399c806,0
ctu13_v2_f0,Leaky,latency,0.9995662236474002,0.9996001325296149,0.9995536733437709,0.9995662437841043,0.9995073716695477,0.9996001325296149,0.999992032705272,0.9991074998930308,0.9991073467540292,0.999398241737577,0.00019797667834729068,0.9995662236474002,0.9996285167473115,,,,,,201.30294611015174,0.9380606319661071,22.232778666988796,172.51857139327316,28.784374716878567,3190.832812161112,3586,1146.9332671165466,0.23885412601564754,10,25,128,128,0.001,43,ctu13_v2_f0,855476eadf4b4a098dcda7f57266971095f0fc80129808ea8bf3e21c9399c806,0
ctu13_v2_f0,Leaky,latency,0.9951488429427607,0.9958217837979305,0.9950160200661518,0.9951526738134577,0.9942580520225366,0.9958217837979305,0.9999900863363689,0.9900786009409644,0.9900322671570291,0.991815147383762,0.00017157978790098525,0.9951488429427607,0.9958296456260842,,,,,,125.9479303651683,0.9612467906568712,22.232778666988796,103.56990525555742,22.378025109610892,3052.9354798856807,3586,1073.8950202465057,0.32546758865774233,10,25,128,128,0.001,44,ctu13_v2_f0,855476eadf4b4a098dcda7f57266971095f0fc80129808ea8bf3e21c9399c806,0
ctu13_v2_f0,Leaky,latency,0.9986931801022944,0.9988592788896636,0.9986557919738639,0.9986934447556144,0.9984553318705319,0.9988592788896636,0.9999948976167159,0.9973145289539134,0.9973115878016334,0.9978703398993936,0.0001517821200662562,0.9986931801022944,0.9988799736464388,,,,,,119.36674966986325,0.9632717693323498,22.232778666988796,98.2763951537847,21.090354516078552,3042.3484596821354,3586,1073.1650207042694,0.32335023913020844,10,25,128,128,0.001,45,ctu13_v2_f0,855476eadf4b4a098dcda7f57266971095f0fc80129808ea8bf3e21c9399c806,0
ctu13_v2_f0,Leaky,latency,0.9991791194340042,0.9992459195274029,0.9991554435303811,0.9991791935837696,0.999065565438384,0.9992459195274029,0.9999946932117599,0.9983114686744798,0.9983108875386123,0.998848197075831,0.00035635802102512324,0.9991791194340042,0.9992968494622897,,,,,,181.81770136969,0.9440560918862493,22.232778666988796,153.20367447006532,28.6140268996247,3152.2030183146967,3586,1103.381863117218,0.23699646758419488,10,25,128,128,0.001,46,ctu13_v2_f0,855476eadf4b4a098dcda7f57266971095f0fc80129808ea8bf3e21c9399c806,0
ctu13_v2_f0,RLeaky,latency,0.9863689899325451,0.9882153014033073,0.9860335124022239,0.9863970692092893,0.9842083114216826,0.9882153014033073,0.9996506608080264,0.9724153571447198,0.9720718400970363,0.9772225095200038,0.0007919067133891627,0.9863689899325451,0.9881981007618346,,,,,,497.38764231570684,0.8469576485182441,22.232778666988796,477.15774359424887,20.22989872145793,3800.1111565630636,20098,1105.7279074192047,0.2224542401044525,10,25,128,128,0.001,42,ctu13_v2_f0,855476eadf4b4a098dcda7f57266971095f0fc80129808ea8bf3e21c9399c806,0
ctu13_v2_f0,RLeaky,latency,0.9866462773478145,0.9884897245734137,0.9863173497786166,0.986673663225289,0.9844982264714859,0.9884897245734137,0.9998953171128016,0.9729797638293686,0.9726393712768184,0.9775139861783649,0.0005345370315376849,0.9866462773478145,0.988438811745635,,,,,,577.0686437350889,0.8224404173122803,22.232778666988796,562.2795249325313,14.789118802557633,3970.3547192396286,20098,1105.9632878303528,0.22153050466783122,10,25,128,128,0.001,43,ctu13_v2_f0,855476eadf4b4a098dcda7f57266971095f0fc80129808ea8bf3e21c9399c806,0
ctu13_v2_f0,RLeaky,latency,0.9632058817877076,0.9683726966196611,0.9625546017307618,0.9633840323788826,0.9593767854614504,0.9683726966196611,0.9957108762780025,0.9277058666863135,0.9252082597371782,0.9376098914014386,0.0008644981621165026,0.9632058817877076,0.9674929659454738,,,,,,575.2460170820029,0.8230012255132299,22.232778666988796,558.7450053947503,16.501011687252742,3963.2856801640664,20098,1105.573183298111,0.22208443121777705,10,25,128,128,0.001,44,ctu13_v2_f0,855476eadf4b4a098dcda7f57266971095f0fc80129808ea8bf3e21c9399c806,0
ctu13_v2_f0,RLeaky,latency,0.979046954917459,0.9810588940881897,0.9785460760811427,0.9790966513137243,0.976515478406955,0.9810588940881897,0.9928748736546784,0.9575635938325023,0.957102247120087,0.9690799680315924,0.0069621798552130555,0.979046954917459,0.9818241572953431,,,,,,1128.8857905299485,0.6526505259907851,22.232778666988796,1101.6306668899608,27.25512363998759,5049.057003154488,20098,1187.8566670417786,0.3331213255882648,10,25,128,128,0.001,45,ctu13_v2_f0,855476eadf4b4a098dcda7f57266971095f0fc80129808ea8bf3e21c9399c806,0
ctu13_v2_f0,RLeaky,latency,0.9971365269888508,0.9969779603552567,0.9970529600497338,0.9971363103600633,0.9971283735711756,0.9969779603552567,0.9999178972444561,0.9941063225472995,0.9941059212553686,0.9979220535000706,0.00396613278955739,0.9971365269888508,0.9975492211786765,,,,,,388.75626161655816,0.8803826887333667,22.232778666988796,376.1950620876722,12.561199528885936,3598.18579354991,20098,1189.7581548690796,0.3298243152066704,10,25,128,128,0.001,46,ctu13_v2_f0,855476eadf4b4a098dcda7f57266971095f0fc80129808ea8bf3e21c9399c806,0
ctu13_v2_f0,RSynaptic,latency,0.9868686563640208,0.9885244897813489,0.986540386964273,0.9868934306508695,0.9848511230096686,0.9885244897813489,0.9997560239540494,0.9733686814115448,0.9730846062637907,0.978665789102534,0.0016168095398362073,0.9868686563640208,0.9886423810394489,,,,,,714.4329033090547,0.7801744912895217,22.232778666988796,695.6797302899438,18.753173019110868,4237.1551299544535,20098,1219.0260875225067,0.2500230247927012,10,25,128,128,0.001,42,ctu13_v2_f0,855476eadf4b4a098dcda7f57266971095f0fc80129808ea8bf3e21c9399c806,0
ctu13_v2_f0,RSynaptic,latency,0.9588708636816631,0.9646705603929135,0.9581912982676768,0.9590865515802965,0.9550085836724851,0.9646705603929135,0.9973041526909295,0.919628389206596,0.9165215422376475,0.9301396267218278,0.0007985059360007391,0.9588708636816631,0.963521565399909,,,,,,685.8511790205989,0.788968867993662,22.232778666988796,665.3768253610914,20.474353659507525,4176.5493200967485,20098,1218.46524643898,0.23983474133104962,10,25,128,128,0.001,43,ctu13_v2_f0,855476eadf4b4a098dcda7f57266971095f0fc80129808ea8bf3e21c9399c806,0
ctu13_v2_f0,RSynaptic,latency,0.9690893167473362,0.9734888378759767,0.9684953314908634,0.9692218927744088,0.9654270930772513,0.9734888378759767,0.9989106967492398,0.9388813203321105,0.9370509238092716,0.947294438437309,0.0003167626853556651,0.9690893167473362,0.9728212196776398,,,,,,816.8788034361676,0.7486526758657945,22.232778666988796,799.4286369264474,17.45016650972016,4444.652943227461,20098,1218.5423562526703,0.23979292220315912,10,25,128,128,0.001,44,ctu13_v2_f0,855476eadf4b4a098dcda7f57266971095f0fc80129808ea8bf3e21c9399c806,0
ctu13_v2_f0,RSynaptic,latency,0.9639993081541718,0.9691288937236486,0.9633586383262953,0.9641724049997443,0.9601807430251775,0.9691288937236486,0.9985058701512257,0.9292665557057956,0.9268123526686651,0.938587748577876,0.0003299611305788178,0.9639993081541718,0.9682037404796717,,,,,,820.4945572049429,0.747540136244633,22.232778666988796,800.8809421183112,19.613615086631725,4447.557553611188,20098,1217.7738506793976,0.2376624775657851,10,25,128,128,0.001,45,ctu13_v2_f0,855476eadf4b4a098dcda7f57266971095f0fc80129808ea8bf3e21c9399c806,0
ctu13_v2_f0,RSynaptic,latency,0.9563862586240505,0.962622017337255,0.9556990144252135,0.9566257571755,0.9525516581088246,0.962622017337255,0.9988524837007616,0.9151182678181531,0.9115672616071938,0.9254948051337502,0.0002507704592399015,0.9563862586240505,0.9612167671687704,,,,,,648.9689849907891,0.8003172353874495,22.232778666988796,635.0993375301653,13.869647460623815,4115.994344434896,20098,1398.85906291008,0.34283775766856284,10,25,128,128,0.001,46,ctu13_v2_f0,855476eadf4b4a098dcda7f57266971095f0fc80129808ea8bf3e21c9399c806,0
ctu13_v2_f0,SConv2dLSTM,latency,0.9996952583851989,0.9997011216546746,0.9996864214844918,0.9996952628653598,0.9996717370804665,0.9997011216546746,0.9999606928199396,0.9993728583031436,0.9993728429736584,0.9996662122138122,0.00026396890446305426,0.9996952583851989,0.999739062364095,,,,,,918.5657047630291,0.8181058010370239,22.232778666988796,898.5870531485849,19.978651614444203,8200.214362389943,3026,1455.92471408844,0.34842417629821504,10,25,128,128,0.001,42,ctu13_v2_f0,855476eadf4b4a098dcda7f57266971095f0fc80129808ea8bf3e21c9399c806,0
ctu13_v2_f0,SConv2dLSTM,latency,0.9016206213983522,0.9157394771772571,0.9011397718680181,0.9022977820131681,0.9043395109834989,0.9157394771772571,0.9855202210820673,0.8199997485326143,0.8041777012758139,0.8316769310328617,0.00019797667834729068,0.9016206213983522,0.9080344723158971,,,,,,1279.206686195754,0.7466917453077715,22.232778666988796,1257.4947988018987,21.7118873938552,8918.029853696571,3026,1490.8292167186737,0.22296583697039085,10,25,128,128,0.001,43,ctu13_v2_f0,855476eadf4b4a098dcda7f57266971095f0fc80129808ea8bf3e21c9399c806,0
ctu13_v2_f0,SConv2dLSTM,latency,0.9992752091323649,0.9993338851234028,0.9992542884297531,0.999275266741538,0.999175154390962,0.9993338851234028,0.9999926019429028,0.9985090268978312,0.9985085771859397,0.9989845329321612,0.0003167626853556651,0.9992752091323649,0.9993791916322557,,,,,,828.1859967109868,0.8360027729285174,22.232778666988796,805.2248361670643,22.961160543922603,8013.489928426902,3026,1483.8301417827606,0.2223448541109592,10,25,128,128,0.001,44,ctu13_v2_f0,855476eadf4b4a098dcda7f57266971095f0fc80129808ea8bf3e21c9399c806,0
ctu13_v2_f0,SConv2dLSTM,latency,0.9983472571881958,0.9985118553678447,0.9983000010213099,0.9983476057986252,0.9980914308013338,0.9985118553678447,0.9999819972859681,0.9966031974895471,0.9966000073330983,0.9975318508767806,0.0005081401410913795,0.9983472571881958,0.998583436085201,,,,,,627.5431099568145,0.8757340376323139,22.232778666988796,601.8159662642796,25.727143692534927,7606.672188621333,3026,1484.1979112625122,0.22155823179233533,10,25,128,128,0.001,45,ctu13_v2_f0,855476eadf4b4a098dcda7f57266971095f0fc80129808ea8bf3e21c9399c806,0
ctu13_v2_f0,SConv2dLSTM,latency,0.9891995179042562,0.9905970330843867,0.9889227883317193,0.9892168510552971,0.9874574564762624,0.9905970330843867,0.9999099718793476,0.9780494504923888,0.9778478034219761,0.9822763386770721,0.0010822725082985224,0.9891995179042562,0.9906736144366949,,,,,,298.38689007063965,0.9409134871147248,22.232778666988796,277.5105437853301,20.876346285309534,6958.061343663433,3026,1485.752584695816,0.22163918242835207,10,25,128,128,0.001,46,ctu13_v2_f0,855476eadf4b4a098dcda7f57266971095f0fc80129808ea8bf3e21c9399c806,0
ctu13_v2_f0,SLSTM,latency,0.9063564708175587,0.9181904952664697,0.9056948940370897,0.9070215389400249,0.9063936696749362,0.9181904952664697,0.9941486091532749,0.8244997756082645,0.8127268445912281,0.8477316534248507,0.011350662891911332,0.9063564708175587,0.9135936324417164,,,,,,472.68660482150653,0.8545579677472288,22.232778666988796,438.42664924240137,34.25995557910516,12260.035975983066,79618,1126.0945081710815,0.31129504569844174,10,25,128,128,0.001,42,ctu13_v2_f0,855476eadf4b4a098dcda7f57266971095f0fc80129808ea8bf3e21c9399c806,0
ctu13_v2_f0,SLSTM,latency,0.9136839966725511,0.9241596684929556,0.9129334278137852,0.9142911720129844,0.9123241112683809,0.9241596684929556,0.9909926135110103,0.8364000438719474,0.8268521443294456,0.8617883503361384,0.013469013350227344,0.9136839966725511,0.9210173289588054,,,,,,454.79231721680304,0.8600639023948298,22.232778666988796,419.4636794667296,35.32863775007344,12222.110036431723,79618,1092.5432267189026,0.3030403449447443,10,25,128,128,0.001,43,ctu13_v2_f0,855476eadf4b4a098dcda7f57266971095f0fc80129808ea8bf3e21c9399c806,0
ctu13_v2_f0,SLSTM,latency,0.9179943059990171,0.9273813364986818,0.9171681372568083,0.9185575460904699,0.915745151297356,0.9273813364986818,0.9914859109856368,0.8430461871198058,0.8351083734511299,0.8714917023177096,0.01672902932034606,0.9179943059990171,0.9254405671209625,,,,,,494.50115719451026,0.8478457977863045,22.232778666988796,458.5868582237682,35.91429897074206,12300.3563939458,79618,1104.2301230430603,0.20459377292703823,10,25,128,128,0.001,44,ctu13_v2_f0,855476eadf4b4a098dcda7f57266971095f0fc80129808ea8bf3e21c9399c806,0
ctu13_v2_f0,SLSTM,latency,0.8470224547897969,0.8689120683705598,0.8469851671568914,0.8473863534949605,0.8653358292944612,0.8689120683705598,0.9921474782901856,0.7342391883709107,0.7009136218730172,0.7385830473414507,0.000758910600331281,0.8470224547897969,0.8493737987559775,,,,,,544.4314290185398,0.8324826372250647,22.232778666988796,506.88978786140024,37.5416411571396,12396.962253221063,79618,1102.3486533164978,0.20571429960069396,10,25,128,128,0.001,45,ctu13_v2_f0,855476eadf4b4a098dcda7f57266971095f0fc80129808ea8bf3e21c9399c806,0
ctu13_v2_f0,SLSTM,latency,0.9317790595838492,0.9402419178430117,0.9309809745133513,0.9322275137892361,0.9287745028436762,0.9402419178430117,0.9968306221233406,0.8689407562177848,0.8624699527620013,0.889854731794462,0.009370896108438427,0.9317790595838492,0.9384027703756219,,,,,,529.0086206186529,0.8372281167327222,22.232778666988796,491.61037274566706,37.39824787298589,12366.403422989597,79618,1102.5521848201752,0.20588453799229328,10,25,128,128,0.001,46,ctu13_v2_f0,855476eadf4b4a098dcda7f57266971095f0fc80129808ea8bf3e21c9399c806,0
ctu13_v2_f0,Synaptic,latency,0.9995662236474002,0.9995764077022848,0.9995536521919592,0.9995662335188175,0.9995309344739476,0.9995764077022848,0.9999881433336247,0.9991073411414014,0.9991073043998703,0.9995157726482065,0.0003629572436366996,0.9995662236474002,0.9996285604130032,,,,,,248.65410179468103,0.9234910456016366,22.232778666988796,230.24546525259237,18.40863654208866,3306.2865998797506,3586,1101.4429717063904,0.20866151620451484,10,25,128,128,0.001,42,ctu13_v2_f0,855476eadf4b4a098dcda7f57266971095f0fc80129808ea8bf3e21c9399c806,0
ctu13_v2_f0,Synaptic,latency,0.9996980038051521,0.9997252991140307,0.9996892597742332,0.9996980146813464,0.9996533151838225,0.9997252991140307,0.9999863900612452,0.9993786117053992,0.9993785195763063,0.9995627850124583,0.00011218678439679806,0.9996980038051521,0.9997413857959675,,,,,,298.00127936569817,0.9083072986567082,22.232778666988796,277.85610430399487,20.145175061703313,3401.507877982556,3586,1213.5846602916718,0.3742086177588433,10,25,128,128,0.001,43,ctu13_v2_f0,855476eadf4b4a098dcda7f57266971095f0fc80129808ea8bf3e21c9399c806,0
ctu13_v2_f0,Synaptic,latency,0.9994426797495078,0.9993994554007284,0.9994264706657354,0.9994426646611946,0.9994535392322934,0.9993994554007284,0.9999725508203686,0.998852993168812,0.9988529413603778,0.9996568097409618,0.0008578989395049263,0.9994426797495078,0.9995228884287517,,,,,,344.0910710706863,0.8941258242859427,22.232778666988796,316.942439525262,27.148631545424347,3479.68054842509,3586,1241.6463782787323,0.37665721871327834,10,25,128,128,0.001,44,ctu13_v2_f0,855476eadf4b4a098dcda7f57266971095f0fc80129808ea8bf3e21c9399c806,0
ctu13_v2_f0,Synaptic,latency,0.999412480130023,0.999416303289584,0.9993954506758336,0.9994124923868399,0.9993746298131778,0.999416303289584,0.9999814197647943,0.9987909322333712,0.9987909013698221,0.9993935405011518,0.0005609339219839902,0.999412480130023,0.9994969156699015,,,,,,302.26169068451554,0.9069964028663029,22.232778666988796,278.3115612379648,23.950129446550793,3402.4187918504954,3586,1269.381144285202,0.357387278900627,10,25,128,128,0.001,45,ctu13_v2_f0,855476eadf4b4a098dcda7f57266971095f0fc80129808ea8bf3e21c9399c806,0
ctu13_v2_f0,Synaptic,latency,0.9994728793689927,0.9994452410560242,0.9994575645794375,0.9994728728630284,0.9994698991923884,0.9994452410560242,0.99997820933343,0.9989151399440704,0.9989151291645633,0.9996097973767101,0.0007193152646618228,0.9994728793689927,0.9995487088843238,,,,,,326.1134462433046,0.8996574011559063,22.232778666988796,302.473093511749,23.640352731555584,3450.741856398064,3586,1271.133036851883,0.3597230862267678,10,25,128,128,0.001,46,ctu13_v2_f0,855476eadf4b4a098dcda7f57266971095f0fc80129808ea8bf3e21c9399c806,0
ctu13_v2_f1,Alpha,latency,0.7806005385315534,0.7604586426890363,0.7592661283944923,0.7655002864914566,0.8485873826841501,0.7604586426890363,0.5394316376182133,0.6026361972282693,0.5408969219253558,0.9920015351470165,0.471084249768944,0.7806005385315534,0.8309314278825606,,,,,,127.01673903974515,0.9609179264493092,20.652011908373787,120.63238584648059,6.384353193264563,2884.7222959648057,3586,2878.9003632068634,0.5309407495287726,10,25,128,128,0.001,43,ctu13_v2_f1,66ce4986e742f210d51d52fffc99f6522e778aa17764358a73256f0b92483896,1
ctu13_v2_f1,Alpha,latency,0.7835539290048543,0.7636942577991712,0.7629632324355747,0.7690405547357465,0.8500897217034445,0.7636942577991712,0.5831081430495136,0.6076731006971041,0.5473211664191531,0.9919928127207864,0.4646042971224441,0.7835539290048543,0.8328256125602309,,,,,,126.51729842991504,0.961071600483103,20.652011908373787,119.98027438561893,6.537024044296117,2883.4180730430826,3586,2889.7429056167603,0.532439196690266,10,25,128,128,0.001,42,ctu13_v2_f1,66ce4986e742f210d51d52fffc99f6522e778aa17764358a73256f0b92483896,1
ctu13_v2_f1,Lapicque,latency,0.5687338819781553,0.5663309925572987,0.5661691961076009,0.569070853776056,0.566123982676847,0.5663309925572987,0.5421227826006971,0.13245481346930196,0.13242745851078008,0.5939536141373084,0.461291629022711,0.5687338819781553,0.5995254508876886,,,,,,202.50924890018203,0.9376894618768671,20.652011908373787,174.69242547785194,27.816823422330096,2992.8423752275485,3586,1997.509089231491,0.41790754258524154,10,25,128,128,0.001,42,ctu13_v2_f1,66ce4986e742f210d51d52fffc99f6522e778aa17764358a73256f0b92483896,1
ctu13_v2_f1,Alpha,latency,0.7830988319174758,0.762971414612172,0.7619992473153511,0.768163706897713,0.8520007200742317,0.762971414612172,0.5349967211926349,0.6084936394159725,0.5461204030079132,0.9943478678029081,0.46840503857856425,0.7830988319174758,0.8328633215465092,,,,,,128.33252427184465,0.9605130694548171,20.652011908373787,122.49004001061893,5.842484261225728,2888.4376042930826,3586,2717.2798857688904,0.4717934689059564,10,25,128,128,0.001,44,ctu13_v2_f1,66ce4986e742f210d51d52fffc99f6522e778aa17764358a73256f0b92483896,1
ctu13_v2_f1,Alpha,latency,0.7854833510315534,0.765395307496588,0.7646528909040549,0.7707436687191129,0.8550098687289912,0.765395307496588,0.5605901591721358,0.6138988622750623,0.5511299168355077,0.9963191361309062,0.46552852113773013,0.7854833510315534,0.8346699500549871,,,,,,128.24568131826456,0.9605397903636109,20.652011908373787,121.78861688410194,6.457064434162621,2887.0347580400485,3586,3007.817537546158,0.4997031901085984,10,25,128,128,0.001,45,ctu13_v2_f1,66ce4986e742f210d51d52fffc99f6522e778aa17764358a73256f0b92483896,1
ctu13_v2_f1,Alpha,latency,0.7752721101334952,0.7560461315050147,0.7551332732674735,0.7612420038483726,0.8329317932954315,0.7560461315050147,0.5434083062456945,0.5839380026280955,0.5306792407052189,0.9770600190148891,0.46496775600485996,0.7752721101334952,0.8253567099790375,,,,,,124.03643146996359,0.9618349441630881,20.652011908373787,118.3255650788835,5.710866391080097,2880.1086544296118,3586,2999.145820617676,0.48218332050205437,10,25,128,128,0.001,46,ctu13_v2_f1,66ce4986e742f210d51d52fffc99f6522e778aa17764358a73256f0b92483896,1
ctu13_v2_f1,Lapicque,latency,0.44406098300970875,0.4516420972979297,0.44278458107079477,0.4404646548050389,0.45035055237568855,0.4516420972979297,0.5473511872354012,-0.09799883994064389,-0.0944822232537681,0.3644927473025897,0.4612085527067302,0.44406098300970875,0.4161156695610611,,,,,,180.39610038683253,0.9444935075732823,20.652011908373787,153.6565581386529,26.73954224817961,2950.7706405491504,3586,1830.9641959667206,0.35524869550164173,10,25,128,128,0.001,43,ctu13_v2_f1,66ce4986e742f210d51d52fffc99f6522e778aa17764358a73256f0b92483896,1
ctu13_v2_f1,Lapicque,latency,0.6976022072208737,0.6848928583296183,0.6842443749569209,0.6898939064304852,0.7050704610333208,0.6848928583296183,0.546704788441867,0.3894409516187187,0.377643405281198,0.8309942693659669,0.4612085527067302,0.6976022072208737,0.7491890489165693,,,,,,209.94471518507282,0.9354016260969007,20.652011908373787,183.80461165048544,26.14010353458738,3011.0667475728155,3586,2077.199694633484,0.3579073128950538,10,25,128,128,0.001,44,ctu13_v2_f1,66ce4986e742f210d51d52fffc99f6522e778aa17764358a73256f0b92483896,1
ctu13_v2_f1,Lapicque,latency,0.7294637439320388,0.7138430620401179,0.7126837655138231,0.7187238730891351,0.7517755519437002,0.7138430620401179,0.5371353852502774,0.46407092119408483,0.439606365367752,0.8934119514684205,0.46572582738818447,0.7294637439320388,0.7821183405746749,,,,,,208.10134443264562,0.9359688170976475,20.652011908373787,181.38495050819174,26.716393924453882,3006.227425288228,3586,1736.1588497161865,0.3575858427211642,10,25,128,128,0.001,45,ctu13_v2_f1,66ce4986e742f210d51d52fffc99f6522e778aa17764358a73256f0b92483896,1
ctu13_v2_f1,Lapicque,latency,0.7658809921116505,0.7480365092525088,0.7474415955154673,0.7533779955214317,0.8098641228564669,0.7480365092525088,0.5665917434827417,0.5544641210246469,0.5125349633314662,0.9531692935706996,0.45709627506568223,0.7658809921116505,0.8156839913115524,,,,,,198.72669049605582,0.9388533260012136,20.652011908373787,173.73301918992718,24.99367130612864,2990.923562651699,3586,1625.8208165168762,0.3395710429809626,10,25,128,128,0.001,46,ctu13_v2_f1,66ce4986e742f210d51d52fffc99f6522e778aa17764358a73256f0b92483896,1
ctu13_v2_f1,Leaky,latency,0.6286929232402912,0.621473332790383,0.6215847083068969,0.6260963386215794,0.6249283785789963,0.621473332790383,0.5403445382943853,0.24637748684560748,0.2450978376125923,0.704466754472424,0.4615200888916581,0.6286929232402912,0.673448541827354,,,,,,167.54590317809465,0.9484474144067401,20.652011908373787,139.95555218446603,27.59035099362864,2923.3686286407765,3586,1530.018466949463,0.31882877692182376,10,25,128,128,0.001,42,ctu13_v2_f1,66ce4986e742f210d51d52fffc99f6522e778aa17764358a73256f0b92483896,1
ctu13_v2_f1,Leaky,latency,0.3034027988470874,0.32249900157467426,0.2768937616024165,0.26484986763525437,0.2739160453074524,0.32249900157467426,0.5317999179218397,-0.40065011012539764,-0.3384789971593771,0.10297696407232636,0.45797896092297785,0.3034027988470874,0.13844214476268654,,,,,,138.2582438941141,0.9574590018787341,20.652011908373787,115.37751725576456,22.880726638349515,2874.212558783374,3586,1515.6886689662933,0.31298094144253763,10,25,128,128,0.001,43,ctu13_v2_f1,66ce4986e742f210d51d52fffc99f6522e778aa17764358a73256f0b92483896,1
ctu13_v2_f1,Leaky,latency,0.6906809390169902,0.678809708550405,0.6783867444316525,0.6838567265047545,0.6955319813948715,0.678809708550405,0.5437614529607382,0.37396800186914486,0.3645552184872951,0.8152764572993624,0.4576570401985524,0.6906809390169902,0.7412673928473712,,,,,,131.49023911559465,0.9595414648875094,20.652011908373787,108.27564187651699,23.21459723907767,2860.008808024879,3586,1479.6875030994415,0.33810567811529324,10,25,128,128,0.001,44,ctu13_v2_f1,66ce4986e742f210d51d52fffc99f6522e778aa17764358a73256f0b92483896,1
ctu13_v2_f1,Leaky,latency,0.543798354065534,0.543267184133758,0.5424954681824005,0.5446192983285763,0.5429565092419546,0.543267184133758,0.5443436926423139,0.08622313367339712,0.08602726466642474,0.5493732936753687,0.46283892540785276,0.543798354065534,0.5669101399183623,,,,,,145.5286663759102,0.9552219488074123,20.652011908373787,121.53730373938107,23.991362636529125,2886.532131750607,3586,1465.4601447582245,0.3345838897111057,10,25,128,128,0.001,45,ctu13_v2_f1,66ce4986e742f210d51d52fffc99f6522e778aa17764358a73256f0b92483896,1
ctu13_v2_f1,Leaky,latency,0.5253005537014563,0.5263901791299767,0.5247746961000708,0.5261498545702752,0.5262014468498715,0.5263901791299767,0.5395503431662955,0.05259128733289088,0.05228789181859439,0.5138642964927124,0.46108393823275906,0.5253005537014563,0.5405829483256179,,,,,,124.12963630157768,0.9618062657533607,20.652011908373787,101.38458074180825,22.74505555976942,2846.226685755461,3586,1472.1176445484161,0.34821769493876154,10,25,128,128,0.001,46,ctu13_v2_f1,66ce4986e742f210d51d52fffc99f6522e778aa17764358a73256f0b92483896,1
ctu13_v2_f1,RLeaky,latency,0.9647773816747572,0.9647764113969116,0.9645274629380745,0.9647864716818975,0.964296869418996,0.9647764113969116,0.9789016317744831,0.929073157057896,0.9290555918024461,0.9647875653091664,0.035234742515343156,0.9647773816747572,0.9675049201836868,,,,,,933.0070634860436,0.7129209035427557,20.652011908373787,916.5351799529733,16.47188353307039,4476.527884177791,20098,1523.0345606803894,0.3555060084005004,10,25,128,128,0.001,42,ctu13_v2_f1,66ce4986e742f210d51d52fffc99f6522e778aa17764358a73256f0b92483896,1
ctu13_v2_f1,RLeaky,latency,0.9430464957524272,0.9414587218292687,0.942469465469152,0.9429706727823254,0.9438162914408503,0.9414587218292687,0.9174034036486836,0.885271874051094,0.8849590558954984,0.9597111132432598,0.07679366958472227,0.9430464957524272,0.9482311371568923,,,,,,850.3402372193568,0.7383568500863518,20.652011908373787,829.5634860436893,20.776751175667474,4302.5844963592235,20098,1577.449527978897,0.35258698801609495,10,25,128,128,0.001,43,ctu13_v2_f1,66ce4986e742f210d51d52fffc99f6522e778aa17764358a73256f0b92483896,1
ctu13_v2_f1,RLeaky,latency,0.7893990822208737,0.7697929907281174,0.7697174809205476,0.7755738655523883,0.85591552697953,0.7697929907281174,0.5824566225467884,0.6197532233732435,0.5597368101778499,0.9951764982947656,0.4555905168385308,0.7893990822208737,0.8370400531155888,,,,,,526.5088696526092,0.8379972708761203,20.652011908373787,511.1265359526699,15.38233369993932,3665.7105961771845,20098,1585.527034521103,0.34326003317368553,10,25,128,128,0.001,44,ctu13_v2_f1,66ce4986e742f210d51d52fffc99f6522e778aa17764358a73256f0b92483896,1
ctu13_v2_f1,RLeaky,latency,0.9546040655339806,0.9539562504898893,0.9542297624199717,0.9545898201963433,0.9545264247647377,0.9539562504898893,0.9592922832085731,0.908482496330612,0.9084606180737912,0.9614032639318953,0.05349076295211689,0.9546040655339806,0.9583688374923921,,,,,,960.7692989608616,0.7043786772428118,20.652011908373787,937.0916451759708,23.677653784890776,4517.640814623786,20098,1637.0965466499329,0.35739963132779573,10,25,128,128,0.001,45,ctu13_v2_f1,66ce4986e742f210d51d52fffc99f6522e778aa17764358a73256f0b92483896,1
ctu13_v2_f1,RLeaky,latency,0.861034208131068,0.8669604637280943,0.861026820430056,0.861114963676851,0.8661030240422012,0.8669604637280943,0.9333239620126489,0.7330629863109549,0.7238080806328824,0.7988346838556613,0.06491375639947247,0.861034208131068,0.8620400786890182,,,,,,871.8046827594053,0.7317524053047983,20.652011908373787,845.7842982023665,26.020384557038835,4335.026120676578,20098,1658.5140392780304,0.35671880287886826,10,25,128,128,0.001,46,ctu13_v2_f1,66ce4986e742f210d51d52fffc99f6522e778aa17764358a73256f0b92483896,1
ctu13_v2_f1,RSynaptic,latency,0.8766307645631068,0.88629436362249,0.8764880682107593,0.8761228690384335,0.8928046637291883,0.88629436362249,0.993566683489146,0.7790718262219806,0.7565435245080745,0.7752056311983742,0.002616903953394187,0.8766307645631068,0.8722898897798542,,,,,,592.6140018203884,0.8176572302091113,20.652011908373787,575.1177374089806,17.49626441140777,3793.6929990898057,20098,1670.8038477897644,0.3635190185430704,10,25,128,128,0.001,42,ctu13_v2_f1,66ce4986e742f210d51d52fffc99f6522e778aa17764358a73256f0b92483896,1
ctu13_v2_f1,RSynaptic,latency,0.9897176501820388,0.9904133770885131,0.9896544523167852,0.9897247914219834,0.9890527636443602,0.9904133770885131,0.9967741504167158,0.9794651956926311,0.9793105283189059,0.9824155887201584,0.0015888345431321847,0.9897176501820388,0.990463041537873,,,,,,754.0495723983616,0.7679847469543503,20.652011908373787,734.9114267293689,19.138145668992717,4113.280377730583,20098,1701.1439361572266,0.3514387339660988,10,25,128,128,0.001,43,ctu13_v2_f1,66ce4986e742f210d51d52fffc99f6522e778aa17764358a73256f0b92483896,1
ctu13_v2_f1,RSynaptic,latency,0.9895849135315534,0.9898408304257952,0.9895123780671617,0.9895882502538793,0.9892134941902022,0.9898408304257952,0.9973115561553773,0.9790541236308309,0.9790250652545887,0.9868989158024196,0.0072172549508292055,0.9895849135315534,0.9903845733017633,,,,,,857.8540844963592,0.7360448970780433,20.652011908373787,838.1169504702669,19.73713402609223,4319.691425212379,20098,1742.545433998108,0.3703131297494746,10,25,128,128,0.001,44,ctu13_v2_f1,66ce4986e742f210d51d52fffc99f6522e778aa17764358a73256f0b92483896,1
ctu13_v2_f1,RSynaptic,latency,0.9666736195388349,0.9649352405857176,0.9663097631059319,0.9666143322850109,0.9682564783373572,0.9649352405857176,0.9580758154786085,0.9331858087467898,0.9326390521834285,0.9849189250481915,0.05504844387675629,0.9666736195388349,0.9698109642455317,,,,,,741.6959904050364,0.7717858491061427,20.652011908373787,722.4599087909587,19.23608161407767,4088.377341853762,20098,1749.5604574680328,0.3658249438514264,10,25,128,128,0.001,45,ctu13_v2_f1,66ce4986e742f210d51d52fffc99f6522e778aa17764358a73256f0b92483896,1
ctu13_v2_f1,RSynaptic,latency,0.7386462757888349,0.7343452083166091,0.7352462258023331,0.7378561784169454,0.7371982548052369,0.7343452083166091,0.8943124408685598,0.47153483194635526,0.47086417030461447,0.783788498608773,0.3150980819755548,0.7386462757888349,0.7652491600986165,,,,,,820.0945653822815,0.7476632106516057,20.652011908373787,805.5984716322815,14.49609375,4254.6544675364075,20098,1815.5709245204926,0.3657528319061526,10,25,128,128,0.001,46,ctu13_v2_f1,66ce4986e742f210d51d52fffc99f6522e778aa17764358a73256f0b92483896,1
ctu13_v2_f1,SConv2dLSTM,latency,0.35505631826456313,0.37063126841523053,0.34085111555229747,0.3324335914211232,0.34986256836568963,0.37063126841523053,0.5147440723836926,-0.27873348628340855,-0.2485505636360421,0.1915880921437107,0.45032555531324964,0.35505631826456313,0.24408674441734224,,,,,,871.440458131068,0.8274375330433529,20.652011908373787,841.1950091019418,30.245449029126213,7630.169447815534,3026,1961.4971845149994,0.35976238991812015,10,25,128,128,0.001,42,ctu13_v2_f1,66ce4986e742f210d51d52fffc99f6522e778aa17764358a73256f0b92483896,1
ctu13_v2_f1,SConv2dLSTM,latency,0.28179516838592233,0.3018651617162356,0.25046246937587163,0.23713141540210853,0.23923756263064727,0.3018651617162356,0.4934053868546986,-0.45460366632334565,-0.37700741367736534,0.07114883075876385,0.46741850732629264,0.28179516838592233,0.09721419420194857,,,,,,573.1662573953276,0.886501731208846,20.652011908373787,549.5804147072208,23.585842688106798,7046.9402590260925,3026,1963.135251045227,0.3544695605297835,10,25,128,128,0.001,43,ctu13_v2_f1,66ce4986e742f210d51d52fffc99f6522e778aa17764358a73256f0b92483896,1
ctu13_v2_f1,SConv2dLSTM,latency,0.6142909966626213,0.6095353747149612,0.609765215181318,0.613420983556628,0.6105285668145326,0.6095353747149612,0.5676651634044174,0.2200617002818751,0.21986870227132893,0.6642040349943741,0.44513328556445164,0.6142909966626213,0.6517904143181789,,,,,,780.5797747269418,0.8454297475788234,20.652011908373787,749.7216275409587,30.85814718598301,7447.222684693568,3026,1950.0811522006989,0.35010333606991373,10,25,128,128,0.001,44,ctu13_v2_f1,66ce4986e742f210d51d52fffc99f6522e778aa17764358a73256f0b92483896,1
ctu13_v2_f1,SConv2dLSTM,latency,0.8621814320388349,0.8493977155358556,0.8551150046303627,0.8578984361966159,0.8966583742778431,0.8493977155358556,0.9898950927628309,0.7445576668622647,0.7155871963583849,0.9963540258358264,0.29755859476411517,0.8621814320388349,0.8871121811051139,,,,,,827.4486119538835,0.8361487897121023,20.652011908373787,805.0673448877427,22.381267066140776,7557.9141193871355,3026,1930.9250271320343,0.3211786846169135,10,25,128,128,0.001,45,ctu13_v2_f1,66ce4986e742f210d51d52fffc99f6522e778aa17764358a73256f0b92483896,1
ctu13_v2_f1,SConv2dLSTM,latency,0.8505337909587378,0.8384694644139602,0.8435260925441785,0.8464066567319691,0.8787316314294207,0.8384694644139602,0.8767636324172221,0.7160700872024787,0.6920599614349229,0.9771559657034201,0.3002170368754998,0.8505337909587378,0.8766398654068118,,,,,,929.4164517597087,0.8159571382654042,20.652011908373787,916.4386898892598,12.97776187044903,7780.65680939017,3026,1909.2635033130646,0.3272121301987796,10,25,128,128,0.001,46,ctu13_v2_f1,66ce4986e742f210d51d52fffc99f6522e778aa17764358a73256f0b92483896,1
ctu13_v2_f1,SLSTM,latency,0.2766990291262136,0.2966798857505803,0.24532848151062153,0.2319437728809221,0.23281598110850119,0.2966798857505803,0.49530880780969516,-0.46614969804404527,-0.3869108794081435,0.06698823344701563,0.473628461945855,0.2766990291262136,0.09146341463414634,,,,,,392.7528064320388,0.8791529826362957,20.652011908373787,379.09509632888347,13.65771010315534,11332.020289745145,79618,1692.4441561698914,0.3224058818180584,10,25,128,128,0.001,42,ctu13_v2_f1,66ce4986e742f210d51d52fffc99f6522e778aa17764358a73256f0b92483896,1
ctu13_v2_f1,SLSTM,latency,0.28836089199029125,0.30761540311538466,0.2603562570799635,0.24783652189006647,0.25309122758986835,0.30761540311538466,0.4685403666179973,-0.4358965228005308,-0.36666984240979295,0.08627351784172285,0.4710427116109536,0.28836089199029125,0.11643456662232633,,,,,,410.3459164517597,0.8737397180148432,20.652011908373787,395.10999601790047,15.235920433859222,11364.05008912318,79618,1612.0269598960876,0.32892025717832507,10,25,128,128,0.001,43,ctu13_v2_f1,66ce4986e742f210d51d52fffc99f6522e778aa17764358a73256f0b92483896,1
ctu13_v2_f1,SLSTM,latency,0.5633580476334952,0.5609839765307383,0.5608152188558235,0.5637222594184224,0.5607808193563064,0.5609839765307383,0.5434619334471317,0.12176462640921672,0.12173536556928521,0.5882753146615263,0.4663073616000498,0.5633580476334952,0.5942333531575585,,,,,,370.32842839805824,0.8860527912621359,20.652011908373787,339.35746454035194,30.970963857706312,11252.545026168082,79618,1588.8021883964539,0.3317260133663138,10,25,128,128,0.001,44,ctu13_v2_f1,66ce4986e742f210d51d52fffc99f6522e778aa17764358a73256f0b92483896,1
ctu13_v2_f1,SLSTM,latency,0.29707884557038833,0.3156896927151376,0.27175403505896345,0.25994046836896045,0.2680045336681704,0.3156896927151376,0.5237377116138064,-0.41356574175487243,-0.3517569756985057,0.10174710197388506,0.47036771654360987,0.29707884557038833,0.13595016520305117,,,,,,395.6885524120146,0.8782496761809186,20.652011908373787,379.97347637287623,15.71507603913835,11333.777049833132,79618,1540.0685381889343,0.3396396364709272,10,25,128,128,0.001,45,ctu13_v2_f1,66ce4986e742f210d51d52fffc99f6522e778aa17764358a73256f0b92483896,1
ctu13_v2_f1,SLSTM,latency,0.27507774575242716,0.29546176849774297,0.2420904837456961,0.22833579692003905,0.2278014237132703,0.29546176849774297,0.3975227416766062,-0.471911073873542,-0.38892137888688016,0.06113548544663183,0.47021194845114594,0.27507774575242716,0.08397230076196865,,,,,,426.3478079490291,0.8688160590926064,20.652011908373787,412.75714407615294,13.590663872876213,11399.344385239685,79618,1535.045229434967,0.3203733607186276,10,25,128,128,0.001,46,ctu13_v2_f1,66ce4986e742f210d51d52fffc99f6522e778aa17764358a73256f0b92483896,1
ctu13_v2_f1,Synaptic,latency,0.7402438561893204,0.7235219474098307,0.722153158142582,0.7283205179530388,0.7702681282481526,0.7235219474098307,0.5322496935617701,0.4915724091070895,0.46062428016430024,0.9157500850436557,0.4687061902239945,0.7402438561893204,0.793050572194735,,,,,,272.9732393431432,0.9160082340482636,20.652011908373787,245.59434731492718,27.37889202821602,3134.646218901699,3586,1530.507354259491,0.28883938528416514,10,25,128,128,0.001,42,ctu13_v2_f1,66ce4986e742f210d51d52fffc99f6522e778aa17764358a73256f0b92483896,1
ctu13_v2_f1,Synaptic,latency,0.7686826835558253,0.7497505183610229,0.7485659158610237,0.7547526302458529,0.8215531365359061,0.7497505183610229,0.5709435211838358,0.5667735439501577,0.5172621464914422,0.9673868483257303,0.4678858116036844,0.7686826835558253,0.8196858220840987,,,,,,259.7858341550364,0.9200658971830658,20.652011908373787,229.4784587378641,30.30737541717233,3102.4144417475727,3586,1460.8187680244446,0.19224896999889785,10,25,128,128,0.001,43,ctu13_v2_f1,66ce4986e742f210d51d52fffc99f6522e778aa17764358a73256f0b92483896,1
ctu13_v2_f1,Synaptic,latency,0.7777751441140777,0.758138594701415,0.7571101791094164,0.7632731609201973,0.8399445864400299,0.758138594701415,0.8500830384406313,0.5924620420583349,0.5354929214915851,0.9838722339005818,0.46759504449775174,0.7777751441140777,0.8279572654905255,,,,,,366.38824996207524,0.887265153857823,20.652011908373787,336.65486574635923,29.73338421571602,3316.7672557645633,3586,1307.9468812942505,0.12445492439369843,10,25,128,128,0.001,44,ctu13_v2_f1,66ce4986e742f210d51d52fffc99f6522e778aa17764358a73256f0b92483896,1
ctu13_v2_f1,Synaptic,latency,0.3134576001213592,0.3308873288624673,0.29263265739143085,0.2820746174098266,0.29406220957953694,0.3308873288624673,0.5303159256340412,-0.3732382071876667,-0.32355870042860224,0.1305223861069195,0.4687477283819849,0.3134576001213592,0.17126180257510729,,,,,,139.5657994538835,0.9570566770911128,20.652011908373787,119.3868372648665,20.17896218901699,2882.2311988015776,3586,1222.3516240119934,0.07509593897074171,10,25,128,128,0.001,45,ctu13_v2_f1,66ce4986e742f210d51d52fffc99f6522e778aa17764358a73256f0b92483896,1
ctu13_v2_f1,Synaptic,latency,0.7489949939320388,0.7318843930578538,0.7307423228183784,0.7368407262803002,0.7834552151071906,0.7318843930578538,0.571962269218332,0.5127527299360357,0.4783061374076578,0.9285807740281037,0.46481198791239603,0.7489949939320388,0.8008470432473501,,,,,,287.25844773968447,0.9116127853108663,20.652011908373787,258.55347864836165,28.704969091322816,3160.5644815685678,3586,964.7423260211945,0.054030675775579455,10,25,128,128,0.001,46,ctu13_v2_f1,66ce4986e742f210d51d52fffc99f6522e778aa17764358a73256f0b92483896,1
nslkdd_v2,Alpha,rate,0.7392654364797729,0.4836012551907494,0.4792653376729887,0.6976726085703128,0.5880269194415403,0.4836012551907494,0.8898737451499029,0.6169686112531737,0.5854520786149142,0.6148990882880074,0.06188857996086912,0.754125266146203,0.7400703399765534,0.5054852320675105,0.37407455553261226,0.4087413397955815,0.4905135079397814,0.275092936802974,234.39895315826828,0.9295040742381148,238.61874556422995,227.2250266146203,7.173926543647977,31679.324565294533,16773,624.7343053817749,0.4852315036856257,10,25,128,128,0.001,43,nslkdd_v2,acc0af8831e88fef0b5c06e3ce974ac35cb3e4345e8d071f18deb2948b3bdd6d,
nslkdd_v2,Alpha,rate,0.7424591909155429,0.48717091314409594,0.48786159188311523,0.7036909079776944,0.641693845276491,0.48717091314409594,0.8819603892354799,0.6219288343846097,0.5904165395204348,0.6160679498168784,0.061270723921326334,0.7550567778566359,0.7411643386144183,0.5091983122362869,0.3810919378610139,0.41236207448434664,0.49288513095483605,0.27973977695167285,232.5015081618169,0.9300747343874235,238.56777856635912,225.16079666430093,7.340711497515969,31662.479639815472,16773,686.6647882461548,0.48641145567761995,10,25,128,128,0.001,44,nslkdd_v2,acc0af8831e88fef0b5c06e3ce974ac35cb3e4345e8d071f18deb2948b3bdd6d,
nslkdd_v2,Alpha,delta,0.7403300212916962,0.4695291679451873,0.4674243942051448,0.6915047923839297,0.6708038745065694,0.4695291679451873,0.9216804534117893,0.6196769529628704,0.5829041114732031,0.6148990882880074,0.029657089898053754,0.7680092264017033,0.7510946126023225,0.5134177215189873,0.37271099862401297,0.4274887503519184,0.4904103938956486,0.12732342007434944,83.48114797728886,0.9748928878263793,13.56028211497516,76.9541341376863,6.527013839602555,2120.486781405252,16773,697.3529300689697,0.41403768966179355,10,25,128,128,0.001,42,nslkdd_v2,acc0af8831e88fef0b5c06e3ce974ac35cb3e4345e8d071f18deb2948b3bdd6d,
nslkdd_v2,Alpha,rate,0.74152767920511,0.4802057422601848,0.48010163396454664,0.7003076383911622,0.6322197657846125,0.4802057422601848,0.8943071436015282,0.6211175206750045,0.5876962251768836,0.6113925037013949,0.05385645144681289,0.7555890702625976,0.740118856711631,0.5062447257383966,0.37456605463304915,0.4134840294011698,0.48236749845328936,0.2383828996282528,241.42871717530164,0.9273898594961498,238.55606813342797,234.15902235628104,7.269694819020582,31705.971832860185,16773,697.3733696937561,0.41384732706314964,10,25,128,128,0.001,45,nslkdd_v2,acc0af8831e88fef0b5c06e3ce974ac35cb3e4345e8d071f18deb2948b3bdd6d,
nslkdd_v2,Alpha,rate,0.738777501774308,0.48183374850174976,0.47891708411438083,0.6985305645636355,0.5812915437013585,0.48183374850174976,0.8822433592088765,0.6157647407044063,0.5849004609299724,0.6152887087976311,0.06456595613222119,0.7531937544357701,0.7394643191608915,0.5007594936708861,0.3699104639269185,0.39897658162079636,0.49195710455764075,0.29879182156133827,245.35495031937543,0.9262090374979322,238.5822391767211,238.0348651525905,7.320085166784954,31728.70094038325,16773,697.4009084701538,0.4138445456540695,10,25,128,128,0.001,46,nslkdd_v2,acc0af8831e88fef0b5c06e3ce974ac35cb3e4345e8d071f18deb2948b3bdd6d,
nslkdd_v2,Alpha,rate,0.7410397444996452,0.4797746549964902,0.4766905808121531,0.6982759070203527,0.568437982423448,0.4797746549964902,0.8813456789288283,0.6215011565108705,0.5868825962526161,0.6081976155224811,0.0489136031304706,0.7558995741660752,0.7393548998247527,0.5117299578059071,0.3770505960293652,0.42435397862786395,0.48412043720354714,0.2142193308550186,237.98465223562812,0.928425668500563,238.59958303761533,230.80331795599716,7.181334279630944,31694.763218594748,16773,697.3572311401367,0.4150438194498261,10,25,128,128,0.001,42,nslkdd_v2,acc0af8831e88fef0b5c06e3ce974ac35cb3e4345e8d071f18deb2948b3bdd6d,
nslkdd_v2,Lapicque,rate,0.7357168204400284,0.49554111764620246,0.5141624185687713,0.7009606649804978,0.7776251486531168,0.49554111764620246,0.9098349524227374,0.6116436097523258,0.5800817456742118,0.6078859191147822,0.06363917207290701,0.7493789921930447,0.7341426689252777,0.4982278481012658,0.4263566946864669,0.3997585287863966,0.48226438440915653,0.2815985130111524,526.1409244144784,0.8417621279956456,238.59958303761533,495.8444375443577,30.296486870120653,33019.96881653655,16773,434.17057037353516,0.44980452702009904,10,25,128,128,0.001,42,nslkdd_v2,acc0af8831e88fef0b5c06e3ce974ac35cb3e4345e8d071f18deb2948b3bdd6d,
nslkdd_v2,Lapicque,rate,0.7432576295244855,0.5063964441490769,0.5193656199052775,0.708769226674336,0.7887552990639011,0.5063964441490769,0.8982206211657836,0.622761202651008,0.5939195122269109,0.6240941323151251,0.07074451652764906,0.7555447125621008,0.7440196943657393,0.5110548523206752,0.42239938905762725,0.41049223640787974,0.5037121055887812,0.32853159851301117,519.3726046841732,0.8437977128769404,238.61874556422995,489.10202271114264,30.270581973030517,32988.70954577715,16773,460.0498104095459,0.4211860802090701,10,25,128,128,0.001,43,nslkdd_v2,acc0af8831e88fef0b5c06e3ce974ac35cb3e4345e8d071f18deb2948b3bdd6d,
nslkdd_v2,Alpha,delta,0.7407292405961675,0.4662389877472111,0.46200300211415557,0.6895807758828509,0.6452748095022811,0.4662389877472111,0.9097884906463577,0.6197930212175587,0.5831614190304164,0.6177043559572976,0.02903923385851097,0.7698722498225692,0.7534454899724361,0.5148523206751054,0.3690230257658772,0.4279636086722624,0.49412249948442977,0.12407063197026022,79.07749290276791,0.9762172953675886,13.56028211497516,72.72547019162526,6.352022711142654,2099.343461674947,16773,652.7405450344086,0.5457959566833789,10,25,128,128,0.001,43,nslkdd_v2,acc0af8831e88fef0b5c06e3ce974ac35cb3e4345e8d071f18deb2948b3bdd6d,
nslkdd_v2,Alpha,delta,0.7476490418736693,0.477701944699555,0.4765541916988022,0.7001077570247335,0.6809732069339738,0.477701944699555,0.867084343805455,0.6301686297670057,0.5956868422152595,0.6307176809787267,0.02903923385851097,0.7772799858055358,0.7632608798151728,0.5272573839662448,0.3837002925172711,0.44103129759395576,0.5113425448546092,0.125,77.9999556422995,0.9765413667241204,13.56028211497516,71.54373669268985,6.456218949609652,2093.43479418027,16773,652.6212205886841,0.5335414701526769,10,25,128,128,0.001,44,nslkdd_v2,acc0af8831e88fef0b5c06e3ce974ac35cb3e4345e8d071f18deb2948b3bdd6d,
nslkdd_v2,Alpha,delta,0.7443222143364088,0.47651220907289027,0.47543740968233966,0.6972010960994142,0.6830293850034544,0.47651220907289027,0.8747177732692335,0.6268923144489468,0.5898297295298107,0.6155224811034052,0.02842137781896818,0.7688963804116394,0.751999238385377,0.520759493670886,0.3811852225375555,0.43960547188894394,0.4912353062487111,0.12221189591078067,92.07110539389637,0.972309441986798,13.56028211497516,85.59261887863732,6.478486515259049,2163.679205110007,16773,656.3798248767853,0.4391716971644448,10,25,128,128,0.001,45,nslkdd_v2,acc0af8831e88fef0b5c06e3ce974ac35cb3e4345e8d071f18deb2948b3bdd6d,
nslkdd_v2,Alpha,delta,0.7414833215046132,0.4711259955230435,0.4649638090404344,0.690398749094168,0.6798485837117916,0.4711259955230435,0.8973470117743476,0.6220687118068532,0.5848852760334805,0.6152107846957063,0.02862732983214911,0.7686302342086586,0.7516899933352376,0.5156962025316456,0.37089388346114543,0.43196507069401047,0.49082285007217985,0.12267657992565056,91.83729595457771,0.9723797606151646,13.56028211497516,85.46615507452094,6.371140880056778,2163.0468860894252,16773,656.6171464920044,0.43883089523437263,10,25,128,128,0.001,46,nslkdd_v2,acc0af8831e88fef0b5c06e3ce974ac35cb3e4345e8d071f18deb2948b3bdd6d,
nslkdd_v2,Lapicque,rate,0.742902767920511,0.5234619607905038,0.5466388489020798,0.7096970787751337,0.7671668058346803,0.5234619607905038,0.8973227974565481,0.6216978941585867,0.5941824385348397,0.6303280604691031,0.06961178045515395,0.7595812633073101,0.7490508380405593,0.5120675105485232,0.4331295849997344,0.4107417229537588,0.5101051763250155,0.3108736059479554,535.7617104329312,0.8388686585164117,238.56777856635912,503.96061036195886,31.80110007097232,33056.47870830376,16773,450.94972944259644,0.39033286109556115,10,25,128,128,0.001,44,nslkdd_v2,acc0af8831e88fef0b5c06e3ce974ac35cb3e4345e8d071f18deb2948b3bdd6d,
nslkdd_v2,Lapicque,rate,0.740596167494677,0.5097138385507229,0.5299816227913696,0.7050890780232092,0.8184865682043853,0.5097138385507229,0.8964088823770056,0.618631721564079,0.5885129397153797,0.616457570326502,0.0688909484090207,0.7519960965223563,0.7388969317704198,0.5059915611814346,0.4259865780750314,0.40572947015914523,0.4934007011755001,0.3145910780669145,526.269739176721,0.8417233867137681,238.55606813342797,495.5687544357701,30.70098474095103,33013.02049325763,16773,447.84938955307007,0.3975261877918176,10,25,128,128,0.001,45,nslkdd_v2,acc0af8831e88fef0b5c06e3ce974ac35cb3e4345e8d071f18deb2948b3bdd6d,
nslkdd_v2,Lapicque,rate,0.7397533711852378,0.506921389628225,0.520789843501915,0.7035442689411435,0.7488544114222749,0.506921389628225,0.8945267249766746,0.617089116161237,0.5883760889957252,0.6227694225824048,0.07074451652764906,0.7547906316536551,0.7430271476385273,0.5084388185654009,0.41670344721738084,0.40688639452090386,0.5054650443390389,0.3183085501858736,547.4820794889993,0.8353437354920303,238.5822391767211,516.1828424414479,31.299237047551454,33119.44082682754,16773,435.9552114009857,0.40111406802115834,10,25,128,128,0.001,46,nslkdd_v2,acc0af8831e88fef0b5c06e3ce974ac35cb3e4345e8d071f18deb2948b3bdd6d,
nslkdd_v2,Lapicque,delta,0.7549237047551455,0.4920481282516933,0.49365867485375825,0.7122564538606564,0.6727989923607097,0.4920481282516933,0.9379860032428796,0.6424086136477257,0.608996117978464,0.6366399127250059,0.029451137884872823,0.7804737402413059,0.7675325285358635,0.5424472573839663,0.40245894408685484,0.46219328536791626,0.5191792122087028,0.12685873605947956,137.35610361958837,0.9586898936482441,13.56028211497516,123.05101135557133,14.305092264017034,2350.971167494677,16773,435.5390348434448,0.44715411913487996,10,25,128,128,0.001,42,nslkdd_v2,acc0af8831e88fef0b5c06e3ce974ac35cb3e4345e8d071f18deb2948b3bdd6d,
nslkdd_v2,Lapicque,delta,0.7560770049680624,0.49155920185410606,0.4905259580134815,0.7103506069589882,0.6807995178153818,0.49155920185410606,0.9416983950245316,0.643921623976534,0.6102931667629469,0.6381983947635004,0.02934816187828236,0.7814052519517388,0.7687253613666228,0.540253164556962,0.3965062549126214,0.45841555807969364,0.521241493091359,0.12592936802973978,141.25612136266855,0.9575169559811523,13.56028211497516,126.01179914833214,15.244322214336409,2365.7751064584813,16773,435.4998505115509,0.33686700824983923,10,25,128,128,0.001,43,nslkdd_v2,acc0af8831e88fef0b5c06e3ce974ac35cb3e4345e8d071f18deb2948b3bdd6d,
nslkdd_v2,Lapicque,delta,0.7550124201561391,0.4913470928044542,0.4892662965322086,0.7094150939063596,0.6725204206695766,0.4913470928044542,0.9424885350524145,0.6429702509191387,0.6087464096086785,0.634302189667264,0.02914220986510143,0.7792760823278921,0.7659013925479864,0.5408438818565401,0.39715000598598366,0.46164009255629906,0.5160857908847185,0.12546468401486988,141.21624378992192,0.9575289492361136,13.56028211497516,125.62899219304471,15.587251596877218,2363.861071682044,16773,435.64190340042114,0.34102287759503375,10,25,128,128,0.001,44,nslkdd_v2,acc0af8831e88fef0b5c06e3ce974ac35cb3e4345e8d071f18deb2948b3bdd6d,
nslkdd_v2,Lapicque,delta,0.751596877217885,0.4847310187832643,0.48069841808898506,0.7032397699482223,0.6624992747932544,0.4847310187832643,0.9347325979673057,0.6377291170199292,0.6023148825602991,0.6279124133094366,0.02914220986510143,0.7756387508871541,0.7611221309152734,0.5323206751054852,0.38675523135436113,0.45155438644837437,0.507630439265828,0.12546468401486988,143.78690560681335,0.9567558178626125,13.56028211497516,129.26871894960965,14.51818665720369,2382.059705464869,16773,409.48789381980896,0.36659164154588797,10,25,128,128,0.001,45,nslkdd_v2,acc0af8831e88fef0b5c06e3ce974ac35cb3e4345e8d071f18deb2948b3bdd6d,
nslkdd_v2,Lapicque,delta,0.7507097232079489,0.48365099750659163,0.4804390419951788,0.7028886662257212,0.6493579784461951,0.48365099750659163,0.9365795577691998,0.6358832051427541,0.601005477704605,0.62978259175563,0.029245185871691896,0.7766589779985805,0.7624887966413509,0.5317299578059071,0.3869959403023016,0.44923369203421604,0.5101051763250155,0.12592936802973978,140.22476046841732,0.9578271397087467,13.56028211497516,126.79644251242016,13.42831795599716,2369.698323278921,16773,408.9172270298004,0.36780449454034786,10,25,128,128,0.001,46,nslkdd_v2,acc0af8831e88fef0b5c06e3ce974ac35cb3e4345e8d071f18deb2948b3bdd6d,
nslkdd_v2,Leaky,rate,0.7766146202980837,0.5587500029750967,0.6013856475620897,0.7450249893570077,0.8201726303933752,0.5587500029750967,0.9291140713999608,0.6762767816382073,0.6446983705881177,0.6513675679887789,0.02625888168056843,0.7902324343506033,0.7795029607870564,0.5739240506329114,0.5067598223384386,0.5020496278879507,0.5374303980202103,0.11988847583643122,254.3611160397445,0.9235004162286483,238.59958303761533,227.22884137686302,27.132274662881475,31676.890835699076,16773,332.47206711769104,0.33705740257558287,10,25,128,128,0.001,42,nslkdd_v2,acc0af8831e88fef0b5c06e3ce974ac35cb3e4345e8d071f18deb2948b3bdd6d,
nslkdd_v2,Leaky,rate,0.7626863023420866,0.5179496466667313,0.5378577104826252,0.7285211787599438,0.8123276422955401,0.5179496466667313,0.9107157739557347,0.6512064159085124,0.6239317315973407,0.649653237746435,0.05910822778292658,0.7751064584811923,0.766832229580574,0.5469198312236286,0.4562965643183118,0.4532819130711311,0.5344400907403588,0.27137546468401486,239.43386266855927,0.9279898157387791,238.61874556422995,214.88857345635202,24.54528921220724,31617.642299503193,16773,326.38037967681885,0.3678288186501746,10,25,128,128,0.001,43,nslkdd_v2,acc0af8831e88fef0b5c06e3ce974ac35cb3e4345e8d071f18deb2948b3bdd6d,
nslkdd_v2,Leaky,rate,0.7637065294535131,0.5472211043457533,0.593192439084585,0.7388785867434025,0.786822283001311,0.5472211043457533,0.9124792402887013,0.6477858153445775,0.627491204522886,0.6784072313566586,0.0688909484090207,0.7872604684173172,0.7840417867435159,0.549873417721519,0.5022374308323024,0.43831056929585077,0.5731078572901629,0.31366171003717475,221.1971699787083,0.9334745353447493,238.56777856635912,197.89513839602554,23.302031582682755,31526.151348474094,16773,326.5071470737457,0.2609718091272986,10,25,128,128,0.001,44,nslkdd_v2,acc0af8831e88fef0b5c06e3ce974ac35cb3e4345e8d071f18deb2948b3bdd6d,
nslkdd_v2,Leaky,rate,0.7596699787083038,0.5148290298331204,0.534643417900649,0.735313286801271,0.7064019901877585,0.5148290298331204,0.897242747018354,0.6426736291363915,0.6244957510571516,0.685965869243357,0.07218618061991557,0.7901437189496097,0.7881989524107983,0.5419409282700421,0.4320301270380096,0.4276441416156435,0.5841410600123736,0.3271375464684015,224.77311036195883,0.9323990645527943,238.55606813342797,205.31977466288149,19.45333569907736,31561.775594393188,16773,326.52422046661377,0.26287294982425535,10,25,128,128,0.001,45,nslkdd_v2,acc0af8831e88fef0b5c06e3ce974ac35cb3e4345e8d071f18deb2948b3bdd6d,
nslkdd_v2,Leaky,rate,0.751375088715401,0.5466501369075913,0.5724050975285799,0.7173638360686161,0.7187290561644581,0.5466501369075913,0.8937200849765452,0.6326094724694293,0.6089660996623246,0.6561988623081119,0.06971475646174441,0.774263662171753,0.7679540376635812,0.5277637130801688,0.46541062876366796,0.4210519873942802,0.5465044339038977,0.3187732342007435,217.17037792760823,0.9346856006232758,238.5822391767211,194.99503193754435,22.175345990063875,31513.50177430802,16773,322.5075557231903,0.3558268586822737,10,25,128,128,0.001,46,nslkdd_v2,acc0af8831e88fef0b5c06e3ce974ac35cb3e4345e8d071f18deb2948b3bdd6d,
nslkdd_v2,Leaky,delta,0.7398864442867282,0.5228597176603885,0.549432109439133,0.6965835416206261,0.8054750424204833,0.5228597176603885,0.9491346431765033,0.6189019924151458,0.5850893513134329,0.627211096392114,0.02862732983214911,0.7754613200851668,0.7607750472589793,0.520253164556962,0.45780564459190076,0.4337591331089982,0.5067024128686327,0.12267657992565056,122.26264194464159,0.9632292806181529,13.56028211497516,100.00714158977999,22.255500354861603,2235.7518186657203,16773,324.500693321228,0.3383681230971456,10,25,128,128,0.001,42,nslkdd_v2,acc0af8831e88fef0b5c06e3ce974ac35cb3e4345e8d071f18deb2948b3bdd6d,
nslkdd_v2,Leaky,delta,0.7578513129879347,0.5315673762241478,0.5512009195203352,0.7150760867106781,0.8518511787415491,0.5315673762241478,0.9466266463056536,0.6468783284411982,0.6153733154074211,0.6494194654406608,0.028936257851920503,0.7879701916252662,0.7771353972398358,0.5502953586497891,0.4618139637144637,0.4701719333305199,0.5360899154464838,0.12360594795539033,147.3124556422995,0.9556955020624663,13.56028211497516,120.50368168914123,26.80877395315827,2338.234519162527,16773,327.157345533371,0.3599839548086595,10,25,128,128,0.001,43,nslkdd_v2,acc0af8831e88fef0b5c06e3ce974ac35cb3e4345e8d071f18deb2948b3bdd6d,
nslkdd_v2,Leaky,delta,0.7505322924059616,0.5340166068279494,0.5615786025994265,0.708877384075706,0.8192619541278254,0.5340166068279494,0.9412271927351898,0.63516985728856,0.6026965248083678,0.6397568768019949,0.028318401812377717,0.782735982966643,0.7702411107983864,0.539324894514768,0.47326582666035344,0.4565694827264039,0.5233037739740153,0.12174721189591078,134.55810858765082,0.9595313959134885,13.56028211497516,111.47014726756565,23.087961320085167,2293.066847054649,16773,331.6224317550659,0.3696149063076509,10,25,128,128,0.001,44,nslkdd_v2,acc0af8831e88fef0b5c06e3ce974ac35cb3e4345e8d071f18deb2948b3bdd6d,
nslkdd_v2,Leaky,delta,0.7497338537970192,0.5026378989465184,0.5161485792912499,0.7056662811059697,0.837302220344687,0.5026378989465184,0.9447971693101574,0.6346058423778727,0.6005375153547226,0.6320423907114471,0.028524353825558645,0.7782558552164656,0.764431459403421,0.5347679324894514,0.4257652422014896,0.4535119982028276,0.513095483604867,0.12267657992565056,154.46486870120654,0.9535444003906146,13.56028211497516,128.78428850248403,25.6805801987225,2379.6375532292404,16773,334.1941227912903,0.2702523242335864,10,25,128,128,0.001,45,nslkdd_v2,acc0af8831e88fef0b5c06e3ce974ac35cb3e4345e8d071f18deb2948b3bdd6d,
nslkdd_v2,Leaky,delta,0.7553672817601136,0.5714949380401105,0.5998388641675548,0.714222814890486,0.8350586254644604,0.5714949380401105,0.9490250047873711,0.6427759031069241,0.611278840756144,0.6474713628925427,0.028833281845330037,0.7869056068133428,0.7757445616655775,0.5486075949367089,0.5121669461962925,0.46780485761185875,0.5335120643431636,0.12360594795539033,116.82846877217885,0.9648636184143823,13.56028211497516,95.97285308729596,20.855615684882896,2215.5803761533,16773,334.07704496383667,0.27132798924862367,10,25,128,128,0.001,46,nslkdd_v2,acc0af8831e88fef0b5c06e3ce974ac35cb3e4345e8d071f18deb2948b3bdd6d,
nslkdd_v2,RLeaky,rate,0.7395759403832506,0.514829159320341,0.5291184223669418,0.7040160859733992,0.798661207236707,0.514829159320341,0.8936979214115612,0.6187131243224077,0.5883553665952941,0.6148211641860828,0.07167130058696324,0.7498669268985095,0.7367290723189691,0.5043037974683544,0.4208071884756034,0.40840612738300297,0.4879356568364611,0.32388475836431224,147.11470901348474,0.9557549747327866,238.59958303761533,126.92862845990064,20.1860805535841,31175.389771114267,33285,347.21551609039307,0.36451721800566567,10,25,128,128,0.001,42,nslkdd_v2,acc0af8831e88fef0b5c06e3ce974ac35cb3e4345e8d071f18deb2948b3bdd6d,
nslkdd_v2,RLeaky,rate,0.7484474804826118,0.5127878121684641,0.5309765584279884,0.7158728683306684,0.7534611647639068,0.5127878121684641,0.8941932910372067,0.625729725455354,0.6028566815752799,0.655887165900413,0.07383379672536299,0.7723119233498935,0.76633131515455,0.5217721518987342,0.4112528542162492,0.407483314138141,0.544132810888843,0.3313197026022305,197.52404187366926,0.940594273120701,238.61874556422995,175.38644428672816,22.137597586941094,31420.131653655073,33285,349.59363412857056,0.35231449952609495,10,25,128,128,0.001,43,nslkdd_v2,acc0af8831e88fef0b5c06e3ce974ac35cb3e4345e8d071f18deb2948b3bdd6d,
nslkdd_v2,RLeaky,rate,0.7571859474804826,0.5413118249477309,0.5723943481287666,0.7220720788339968,0.8665815079438502,0.5413118249477309,0.8629077188996285,0.647700051748981,0.6141909648780843,0.6261201589651679,0.04077849860982391,0.7696061036195884,0.7557373965387509,0.5340928270042195,0.46279285144088333,0.4535409645501193,0.5023716230150547,0.2016728624535316,176.145626330731,0.9470238717802313,238.56777856635912,153.01978353442158,23.12584279630944,31301.774574166076,33285,351.94166326522827,0.37206662851838546,10,25,128,128,0.001,44,nslkdd_v2,acc0af8831e88fef0b5c06e3ce974ac35cb3e4345e8d071f18deb2948b3bdd6d,
nslkdd_v2,RLeaky,rate,0.7311479772888574,0.4787702735731396,0.48626671736821975,0.6971693772609595,0.6455949663142431,0.4787702735731396,0.8999690534745335,0.6021848938536849,0.5726171468275805,0.6092885529494273,0.07445165276490577,0.7455198722498225,0.7316023391812866,0.49240506329113926,0.3827425665950512,0.3833829996524973,0.48721385852753146,0.3350371747211896,159.19122604684173,0.9521229395347844,238.55606813342797,137.79378105039035,21.397444996451384,31224.14562633073,33285,357.88497972488403,0.3911176520598705,10,25,128,128,0.001,45,nslkdd_v2,acc0af8831e88fef0b5c06e3ce974ac35cb3e4345e8d071f18deb2948b3bdd6d,
nslkdd_v2,RLeaky,rate,0.7492459190915542,0.5075086096650951,0.5200105942384411,0.714289132141634,0.7720877348146791,0.5075086096650951,0.8650259199664506,0.6306492209684634,0.6037355547824439,0.6367957609288553,0.07331891669241067,0.76166607523066,0.7525901367592208,0.5254852320675105,0.40761260986779513,0.4242118688778532,0.522891317797484,0.3294609665427509,135.14252129169623,0.9593556326942267,238.5822391767211,115.35388573456352,19.788635557132718,31115.296043293114,33285,360.71125745773315,0.2838385134745016,10,25,128,128,0.001,46,nslkdd_v2,acc0af8831e88fef0b5c06e3ce974ac35cb3e4345e8d071f18deb2948b3bdd6d,
nslkdd_v2,RLeaky,delta,0.7543026969481902,0.4929490744585764,0.5054387715820894,0.720288476689259,0.6551585156381041,0.4929490744585764,0.9322769679292912,0.6380450066119597,0.6099264605300372,0.6598612950985739,0.02986304191123468,0.7935149041873669,0.7844009077856514,0.5488607594936709,0.4181474923683807,0.4581492497806105,0.5499071973602805,0.12732342007434944,1036.3555713271824,0.6883141138865616,13.56028211497516,1027.0733232789212,9.282248048261177,6871.082727111427,33285,360.64991903305054,0.2893290467258884,10,25,128,128,0.001,42,nslkdd_v2,acc0af8831e88fef0b5c06e3ce974ac35cb3e4345e8d071f18deb2948b3bdd6d,
nslkdd_v2,RLeaky,delta,0.7329222853087296,0.45737876177220915,0.45008506482044586,0.6806061889292974,0.48017184744951413,0.45737876177220915,0.9026729228772525,0.6072887415616415,0.5708152702676446,0.6143536195745344,0.028524353825558645,0.7681866572036906,0.751071734781366,0.5060759493670887,0.35970278206290607,0.41583154201005856,0.48989482367498455,0.12267657992565056,1321.6300567778567,0.6025172761570357,13.56028211497516,1310.2492015613911,11.380855216465578,8286.962118523776,33285,368.3216814994812,0.38050010409060736,10,25,128,128,0.001,43,nslkdd_v2,acc0af8831e88fef0b5c06e3ce974ac35cb3e4345e8d071f18deb2948b3bdd6d,
nslkdd_v2,RLeaky,delta,0.7448101490418737,0.47379843626286267,0.4685441664851611,0.6947808071397733,0.6704520627425625,0.47379843626286267,0.9341136669741271,0.6272910005359941,0.5905437526264528,0.6182498246707707,0.029245185871691896,0.7700940383250532,0.7537884186024417,0.5220253164556962,0.3758471783355982,0.4399003033988291,0.4948442977933595,0.12592936802973978,1063.7756831085876,0.6800674637267405,13.56028211497516,990.9576383960256,72.8180447125621,6690.504302696948,33285,370.71667861938477,0.3608924285835878,10,25,128,128,0.001,44,nslkdd_v2,acc0af8831e88fef0b5c06e3ce974ac35cb3e4345e8d071f18deb2948b3bdd6d,
nslkdd_v2,RLeaky,delta,0.7311479772888574,0.4651405903040519,0.462843692508118,0.6835787745694418,0.8412816916066899,0.4651405903040519,0.9280748910347699,0.6074638594846196,0.5689761433368805,0.6007948258396322,0.028936257851920503,0.7602909865152591,0.7404917402996543,0.5142616033755274,0.3800926755732123,0.4365616817323357,0.4718498659517426,0.12453531598513011,969.7803406671399,0.7083367396489806,13.56028211497516,894.1918026969482,75.58853797019162,6206.675124201562,33285,370.80760407447815,0.37156466349716133,10,25,128,128,0.001,45,nslkdd_v2,acc0af8831e88fef0b5c06e3ce974ac35cb3e4345e8d071f18deb2948b3bdd6d,
nslkdd_v2,RLeaky,delta,0.7442334989354152,0.4900763148856388,0.48396854708735165,0.703208916338636,0.5480693997133088,0.4900763148856388,0.934736970796761,0.6233638434221487,0.5963118942853693,0.6617314735447674,0.03264339408917722,0.7933818310858765,0.7847703539414103,0.5258227848101266,0.3901653591492586,0.4277394205322582,0.5523819344194679,0.13801115241635686,765.8327271114265,0.7696743677860372,13.56028211497516,757.4644251242015,8.368301987224982,5523.0382363378285,33285,372.4294285774231,0.38352250164497653,10,25,128,128,0.001,46,nslkdd_v2,acc0af8831e88fef0b5c06e3ce974ac35cb3e4345e8d071f18deb2948b3bdd6d,
nslkdd_v2,RSynaptic,rate,0.7422817601135557,0.5465596884291606,0.581444159359834,0.7096222793042022,0.7889694788999677,0.5465596884291606,0.8986792929970904,0.6237978133966723,0.5905067369957019,0.6103794903763734,0.050870147255689425,0.7562987934705465,0.740359168241966,0.510295358649789,0.48899086748391546,0.42251308996587217,0.483089296762219,0.22304832713754646,276.3307310149042,0.9168930132286003,238.59958303761533,258.2900106458481,18.040720369056068,31832.196682044003,33285,374.7405846118927,0.2740707864483846,10,25,128,128,0.001,42,nslkdd_v2,acc0af8831e88fef0b5c06e3ce974ac35cb3e4345e8d071f18deb2948b3bdd6d,
nslkdd_v2,RSynaptic,rate,0.7597586941092974,0.5124087376382932,0.5121738829756415,0.7215371877597501,0.7687214630353985,0.5124087376382932,0.9294192507386373,0.6466580219462479,0.6221377028562268,0.6585365853658537,0.07651117289671507,0.772666784953868,0.7673310028601262,0.5476793248945148,0.41972364095864423,0.44942207703139914,0.5498040833161476,0.3434014869888476,315.46398154719657,0.9051236145722716,238.61874556422995,293.0212029808375,22.44277856635912,32008.305447125622,33285,374.36160683631897,0.27625220434474473,10,25,128,128,0.001,43,nslkdd_v2,acc0af8831e88fef0b5c06e3ce974ac35cb3e4345e8d071f18deb2948b3bdd6d,
nslkdd_v2,RSynaptic,rate,0.7589602555003548,0.5673781546834897,0.5974552821148124,0.7295602592118018,0.803557869531366,0.5673781546834897,0.9072405774228569,0.6458468793373199,0.6215516912212196,0.6555754694927141,0.07280403665945835,0.7725780695528743,0.7664556097116568,0.5416033755274262,0.4834834553411193,0.4437710470260466,0.543617240668179,0.32481412639405205,317.1816891412349,0.904607010784591,238.56777856635912,300.8899485450674,16.291740596167493,32041.125399219305,33285,371.67804074287415,0.3658653765049617,10,25,128,128,0.001,44,nslkdd_v2,acc0af8831e88fef0b5c06e3ce974ac35cb3e4345e8d071f18deb2948b3bdd6d,
nslkdd_v2,RSynaptic,rate,0.7512420156139106,0.5126355755185893,0.5330709515967226,0.7204730807173476,0.7254720318427345,0.5126355755185893,0.9095870701134688,0.6322401826302566,0.6083433188526304,0.65105587158108,0.07022963649469674,0.7711142654364798,0.7640603566529492,0.5273417721518987,0.43658819546343863,0.42149763192013545,0.53815219632914,0.31784386617100374,338.8026525904897,0.8981044653863188,238.55606813342797,317.6824432221434,21.120209368346345,32123.588937189495,33285,372.78231382369995,0.36837206062820466,10,25,128,128,0.001,45,nslkdd_v2,acc0af8831e88fef0b5c06e3ce974ac35cb3e4345e8d071f18deb2948b3bdd6d,
nslkdd_v2,RSynaptic,rate,0.7590489709013485,0.5401996932230481,0.5416729492877497,0.721086964205686,0.7965611720252375,0.5401996932230481,0.8925588183542814,0.6480003985504423,0.6225574850824316,0.655030000779241,0.07651117289671507,0.7706706884315118,0.7648075698298608,0.5427004219409283,0.43219468986049947,0.4503465559812118,0.5415549597855228,0.3378252788104089,340.5099804826118,0.8975909833135002,238.5822391767211,318.15081618168915,22.35916430092264,32129.280695528745,33285,371.362872838974,0.37429268644412755,10,25,128,128,0.001,46,nslkdd_v2,acc0af8831e88fef0b5c06e3ce974ac35cb3e4345e8d071f18deb2948b3bdd6d,
nslkdd_v2,RSynaptic,delta,0.7816270404542228,0.5388239817288273,0.5655013430447939,0.7404153919888362,0.8093880962921169,0.5388239817288273,0.9184268482274849,0.6781061827138068,0.6537150439060919,0.706381983947635,0.02914220986510143,0.8203069552874379,0.8173662143275776,0.5952742616033755,0.48682310250348254,0.507611917729546,0.6114662817075686,0.125,743.2591820440028,0.7764634038965406,13.56028211497516,729.1253105039035,14.133871540099362,5381.342663236338,33285,411.1201083660126,0.3756963250652283,10,25,128,128,0.001,42,nslkdd_v2,acc0af8831e88fef0b5c06e3ce974ac35cb3e4345e8d071f18deb2948b3bdd6d,
nslkdd_v2,RSynaptic,delta,0.7570528743789922,0.49874479787468423,0.5045433171122339,0.7128528334351975,0.8705088632181788,0.49874479787468423,0.9201992047873644,0.6471521343548972,0.6123756242633986,0.6317306943037482,0.02914220986510143,0.7778122782114976,0.7639824718465816,0.5524894514767933,0.42098238615680117,0.48049178638960577,0.5127861414724686,0.12407063197026022,745.1010911994322,0.7759094462558098,13.56028211497516,728.0597498225692,17.041341376863024,5376.014859829666,33285,413.4999716281891,0.3134106451776368,10,25,128,128,0.001,43,nslkdd_v2,acc0af8831e88fef0b5c06e3ce974ac35cb3e4345e8d071f18deb2948b3bdd6d,
nslkdd_v2,RSynaptic,delta,0.7692955997161107,0.558882733528552,0.5880663992968647,0.726323136927005,0.8343325455677257,0.558882733528552,0.9398534041828287,0.6600508257449061,0.6346813902866775,0.693056962518507,0.02903923385851097,0.8127661462029808,0.8082148212095052,0.5720675105485232,0.5059676653333636,0.48087300426981655,0.5938337801608579,0.12407063197026022,770.8600514549325,0.7681623905398699,13.56028211497516,759.0412526614621,11.818798793470547,5530.9223740241305,33285,413.50494933128357,0.31971015601906055,10,25,128,128,0.001,44,nslkdd_v2,acc0af8831e88fef0b5c06e3ce974ac35cb3e4345e8d071f18deb2948b3bdd6d,
nslkdd_v2,RSynaptic,delta,0.7347853087295955,0.5122116481101283,0.535779383353485,0.6913447270106676,0.8132935310721396,0.5122116481101283,0.8938370884457655,0.6127919409083654,0.5764337081080304,0.6122496688225668,0.02842137781896818,0.7670333569907736,0.7494991891634074,0.509704641350211,0.4430592104073211,0.42658767100934464,0.4870076304392658,0.12174721189591078,609.327138041164,0.8167437178823567,13.56028211497516,595.2740862313698,14.05305180979418,4712.086541873669,33285,448.32426476478577,0.41262308403987086,10,25,128,128,0.001,45,nslkdd_v2,acc0af8831e88fef0b5c06e3ce974ac35cb3e4345e8d071f18deb2948b3bdd6d,
nslkdd_v2,RSynaptic,delta,0.7548793470546487,0.5806315124185379,0.593313704693155,0.7205184586777672,0.7921753091423159,0.5806315124185379,0.8969295469919445,0.6404781022867396,0.6206445116776649,0.7278890360788592,0.03696838636597673,0.8291784953867991,0.829095104957174,0.5972151898734177,0.537688028307442,0.5067196979691093,0.6399257578882244,0.14776951672862454,866.540897799858,0.7393861961504187,13.56028211497516,856.8315294535131,9.709368346344926,6019.873757984386,33285,453.8449161052704,0.4002262062853833,10,25,128,128,0.001,46,nslkdd_v2,acc0af8831e88fef0b5c06e3ce974ac35cb3e4345e8d071f18deb2948b3bdd6d,
nslkdd_v2,SConv2dLSTM,rate,0.7429471256210078,0.5270404605447107,0.5560619228740298,0.6971555016428123,0.8164757766270287,0.5270404605447107,0.8821836856507618,0.62702505281678,0.5864864972568233,0.5980674822722668,0.027700545772834928,0.7592707594038325,0.73879770900515,0.5101265822784811,0.44188366648433686,0.43309649058646227,0.46741596205403174,0.12639405204460966,649.3361426543648,0.9775510408762536,238.59958303761533,632.6209190915542,16.715223562810504,71879.78451029099,8389,471.5930800437927,0.40509205409362015,10,25,128,128,0.001,42,nslkdd_v2,acc0af8831e88fef0b5c06e3ce974ac35cb3e4345e8d071f18deb2948b3bdd6d,
nslkdd_v2,SConv2dLSTM,rate,0.7539034776437189,0.5288824231790119,0.5581046918870801,0.7197702006224915,0.7888069153400188,0.5288824231790119,0.9115615130763732,0.6374853069152852,0.6094450036549588,0.6403802696173927,0.057769539697250544,0.7704045422285308,0.7605034240236905,0.5313924050632911,0.4674754565412894,0.434186695900266,0.5225819756650856,0.25929368029739774,794.65356635912,0.9725271022866337,238.61874556422995,777.4152767920511,17.238289567068843,72609.27510645849,8389,490.42696499824524,0.38871047469721864,10,25,128,128,0.001,43,nslkdd_v2,acc0af8831e88fef0b5c06e3ce974ac35cb3e4345e8d071f18deb2948b3bdd6d,
nslkdd_v2,SConv2dLSTM,rate,0.7594481902058198,0.5222586615786105,0.5441691848788224,0.7164507541265642,0.8490034657091936,0.5222586615786105,0.9059540810904644,0.6533328842139564,0.6148606895061582,0.6165354944284267,0.02564102564102564,0.7706706884315118,0.753739163570544,0.540759493670886,0.42234287961946004,0.4733240329881908,0.4905135079397814,0.11384758364312268,1054.3376508161816,0.9635492601273576,238.55606813342797,1036.296974804826,18.040676011355572,73885.63249645138,8389,497.0625796318054,0.3697710353656387,10,25,128,128,0.001,45,nslkdd_v2,acc0af8831e88fef0b5c06e3ce974ac35cb3e4345e8d071f18deb2948b3bdd6d,
nslkdd_v2,SConv2dLSTM,rate,0.7551011355571328,0.545697128805843,0.5729063952390193,0.7161365924328583,0.8546493888320725,0.545697128805843,0.9223616493202759,0.644967102500219,0.6102851493441304,0.622146029767007,0.039027906497786015,0.768097941802697,0.7533496886204945,0.5330801687763713,0.46752308599929726,0.4561855864349012,0.49752526294081256,0.17657992565055763,554.8649308019873,0.9808171156161802,238.56777856635912,536.708303761533,18.15662704045422,71391.0617459191,8389,498.7295517921448,0.37896462879424575,10,25,128,128,0.001,44,nslkdd_v2,acc0af8831e88fef0b5c06e3ce974ac35cb3e4345e8d071f18deb2948b3bdd6d,
nslkdd_v2,SConv2dLSTM,rate,0.7773687012065295,0.562423684147946,0.5889671835816208,0.7355409787725526,0.8330838524554203,0.562423684147946,0.9313252604754347,0.6792261281834245,0.6453256099213442,0.6471596664848438,0.026464833693749357,0.7877484031227822,0.7763496143958869,0.5789873417721519,0.5010949726333556,0.5142438592360583,0.5334089502990307,0.11988847583643122,820.8380056777856,0.9716218494147697,238.5822391767211,804.5116217175301,16.3263839602555,72734.24299148332,8389,506.7741618156433,0.4072485344895579,10,25,128,128,0.001,46,nslkdd_v2,acc0af8831e88fef0b5c06e3ce974ac35cb3e4345e8d071f18deb2948b3bdd6d,
nslkdd_v2,SConv2dLSTM,delta,0.7544801277501775,0.5517457752051049,0.5829820977300739,0.7140277066615329,0.8139309218550096,0.5517457752051049,0.910967743213565,0.6420406116207763,0.6091569827878436,0.6389776357827476,0.027700545772834928,0.7825585521646558,0.7698807623697305,0.5446413502109705,0.49392589439661927,0.4657057572979672,0.5222726335326872,0.11895910780669144,1773.1108498935416,0.938699711326066,13.56028211497516,1761.1066359119943,12.004213981547197,12710.894428672818,8389,535.4563140869141,0.409482027132347,10,25,128,128,0.001,42,nslkdd_v2,acc0af8831e88fef0b5c06e3ce974ac35cb3e4345e8d071f18deb2948b3bdd6d,
nslkdd_v2,SConv2dLSTM,delta,0.7566980127750177,0.49559228016232487,0.5067146852622588,0.715793430786829,0.8734486093697893,0.49559228016232487,0.9289139755283964,0.6437880749481335,0.6118524434691548,0.6454453362424998,0.02842137781896818,0.785929737402413,0.7744016454749438,0.5444725738396624,0.41570856539990775,0.46014719221707495,0.5308310991957105,0.12221189591078067,1790.7539478353442,0.9380897511552171,13.56028211497516,1780.8223030518097,9.931644783534422,12809.472764371894,8389,534.8694725036621,0.4058031641565544,10,25,128,128,0.001,43,nslkdd_v2,acc0af8831e88fef0b5c06e3ce974ac35cb3e4345e8d071f18deb2948b3bdd6d,
nslkdd_v2,SConv2dLSTM,delta,0.7651259758694109,0.5362066458709256,0.5641667891377556,0.7264458816389836,0.844042694546399,0.5362066458709256,0.9353092513467616,0.6559283778254313,0.6272862277641238,0.6672640847814229,0.028318401812377717,0.7983942512420156,0.7902727146878318,0.5638818565400844,0.47776737278172876,0.48001780913151293,0.5597030315528975,0.1212825278810409,908.5376596877218,0.9685898821196984,13.56028211497516,895.2535042583393,13.28415542938254,8381.628770404543,8389,527.0708410739899,0.3813627745091619,10,25,128,128,0.001,44,nslkdd_v2,acc0af8831e88fef0b5c06e3ce974ac35cb3e4345e8d071f18deb2948b3bdd6d,
nslkdd_v2,SConv2dLSTM,delta,0.7482256919801278,0.49600815958577626,0.5075254517336998,0.702430252646473,0.8369804169637959,0.49600815958577626,0.9429072659644798,0.6306382701603204,0.5977978413368402,0.6387438634769734,0.028318401812377717,0.7821593328601846,0.7694907298756161,0.530210970464135,0.41545671709951854,0.4423030197596468,0.5219632914002887,0.12174721189591078,548.8507363378283,0.9810250393660215,13.56028211497516,533.2406848828957,15.610051454932576,6571.564673527324,8389,526.4091303348541,0.31237824535099135,10,25,128,128,0.001,45,nslkdd_v2,acc0af8831e88fef0b5c06e3ce974ac35cb3e4345e8d071f18deb2948b3bdd6d,
nslkdd_v2,SConv2dLSTM,delta,0.755722143364088,0.5260608365475268,0.5536335274228452,0.7116619533343299,0.8412114550707939,0.5260608365475268,0.9359111202111353,0.6404514912286305,0.6106012635363984,0.6583807371620042,0.02986304191123468,0.7926721078779276,0.7833302429074727,0.5457383966244725,0.4653293316832728,0.45541900196514573,0.5479480305217571,0.12592936802973978,315.11599538679917,0.9891057564256941,13.56028211497516,302.3930535841022,12.722941802696948,5417.326517033357,8389,526.2266063690186,0.3199815919333269,10,25,128,128,0.001,46,nslkdd_v2,acc0af8831e88fef0b5c06e3ce974ac35cb3e4345e8d071f18deb2948b3bdd6d,
nslkdd_v2,SLSTM,rate,0.7585166784953868,0.5671037434011397,0.6012823382275165,0.7258780198033239,0.8358951062368464,0.5671037434011397,0.9102563691331466,0.6466767685337905,0.61864590851314,0.6424842203693603,0.05952013180928844,0.7708481192334989,0.7614517916512745,0.53957805907173,0.497595794404314,0.4508785582025296,0.5214477211796247,0.25929368029739774,297.5059882895671,0.9105245148001302,238.59958303761533,277.68306422995033,19.82292405961675,123551.4018364088,131205,356.6852128505707,0.32320736019724733,10,25,128,128,0.001,42,nslkdd_v2,acc0af8831e88fef0b5c06e3ce974ac35cb3e4345e8d071f18deb2948b3bdd6d,
nslkdd_v2,SLSTM,rate,0.7588715400993612,0.5399415106572549,0.5642941439377096,0.7270710013820703,0.7678617517543533,0.5399415106572549,0.9231995117759919,0.6457798768720047,0.6203116224730877,0.6539390633522949,0.0639481000926784,0.7754613200851668,0.7682871006133846,0.5421097046413502,0.4637557341532287,0.4458765635461422,0.5417611878737885,0.2908921933085502,285.7911195883605,0.914047783582448,238.61874556422995,261.7930713271824,23.99804826117814,123481.76308552164,131205,346.3915181159973,0.325266702789377,10,25,128,128,0.001,43,nslkdd_v2,acc0af8831e88fef0b5c06e3ce974ac35cb3e4345e8d071f18deb2948b3bdd6d,
nslkdd_v2,SLSTM,rate,0.7662349183818311,0.5596383759393306,0.5902682536386182,0.7349857200172273,0.825828891850492,0.5596383759393306,0.9163366948401891,0.6566735631136167,0.6323921635585136,0.6618873217486169,0.06899392441561117,0.7778122782114976,0.7722871300631904,0.5556118143459916,0.4715013390298437,0.4613760876185091,0.5510414518457414,0.30576208178438663,293.3000798438609,0.9117894496710193,238.56777856635912,271.44943222143365,21.850647622427253,123503.94978708304,131205,339.04625177383423,0.34409840746582443,10,25,128,128,0.001,44,nslkdd_v2,acc0af8831e88fef0b5c06e3ce974ac35cb3e4345e8d071f18deb2948b3bdd6d,
nslkdd_v2,SLSTM,rate,0.7491572036905607,0.5163052264281288,0.5467119763341991,0.7187449296375757,0.7784692408383509,0.5163052264281288,0.9109213027710825,0.6293775760731267,0.6026731107142305,0.6345359619730383,0.06950880444856349,0.7620209368346345,0.7522054408572352,0.5229535864978903,0.4385731109692788,0.4201871233418417,0.514745308310992,0.3099442379182156,270.97280872959544,0.9185044184271893,238.55606813342797,255.02834457061746,15.944464158977999,123415.8486071682,131205,331.26839232444763,0.35632084962575467,10,25,128,128,0.001,45,nslkdd_v2,acc0af8831e88fef0b5c06e3ce974ac35cb3e4345e8d071f18deb2948b3bdd6d,
nslkdd_v2,SLSTM,rate,0.7462295954577715,0.5252713794522637,0.5473069470212217,0.7137561565617885,0.7658207933838653,0.5252713794522637,0.911908168868951,0.626780782516368,0.5999499955422731,0.6333671004441673,0.07424570075172485,0.7593151171043293,0.7497463333640807,0.5200843881856541,0.4431791394050067,0.4206349989258441,0.5138172819137966,0.33039033457249073,266.69140347764375,0.919792059104468,238.5822391767211,250.50918204400284,16.18222143364088,123406.65236870121,131205,332.2639617919922,0.29810274256468666,10,25,128,128,0.001,46,nslkdd_v2,acc0af8831e88fef0b5c06e3ce974ac35cb3e4345e8d071f18deb2948b3bdd6d,
nslkdd_v2,SLSTM,delta,0.7500887154009936,0.5486373662674292,0.5758178232460458,0.7097582291902619,0.8033230501292776,0.5486373662674292,0.9328260685376165,0.6352562777619122,0.602557689011615,0.6375750019481026,0.02862732983214911,0.781360894251242,0.7685154745691072,0.53957805907173,0.48743931330575574,0.45899136320105505,0.5204165807382966,0.12267657992565056,131.87939141234918,0.9603370251391431,13.56028211497516,112.7875709723208,19.09182044002839,7506.802297728886,131205,332.5939247608185,0.3096320533515546,10,25,128,128,0.001,42,nslkdd_v2,acc0af8831e88fef0b5c06e3ce974ac35cb3e4345e8d071f18deb2948b3bdd6d,
nslkdd_v2,SLSTM,delta,0.7700053229240597,0.514353199854683,0.5267984771433174,0.7242595560401289,0.827930900551134,0.514353199854683,0.9445446217424089,0.6629733409945686,0.6338942327576222,0.67232915140653,0.028833281845330037,0.801055713271824,0.7937077411342625,0.569282700421941,0.44140731845529724,0.4853495534617802,0.5664054444215302,0.12360594795539033,157.93829843860894,0.9524997598680875,13.56028211497516,130.9751596877218,26.963138750887154,7597.740241305891,131205,338.34024000167847,0.35019210461101435,10,25,128,128,0.001,43,nslkdd_v2,acc0af8831e88fef0b5c06e3ce974ac35cb3e4345e8d071f18deb2948b3bdd6d,
nslkdd_v2,SLSTM,delta,0.7701827537260468,0.5568583866924305,0.5860647378815498,0.7274578368805976,0.8302277899597815,0.5568583866924305,0.9513000685424002,0.6638055630104555,0.6342764448407436,0.6674978570871971,0.028730305838739572,0.7983498935415189,0.7902943075929515,0.5723206751054852,0.5024669410241068,0.4918570699321674,0.5600123736852959,0.12314126394052044,160.30469304471256,0.9517880622421917,13.56028211497516,132.62797196593328,27.676721078779277,7606.004302696948,131205,342.33582282066345,0.35065732965070023,10,25,128,128,0.001,44,nslkdd_v2,acc0af8831e88fef0b5c06e3ce974ac35cb3e4345e8d071f18deb2948b3bdd6d,
nslkdd_v2,SLSTM,delta,0.7494677075940384,0.49128344817100456,0.5027225315927295,0.7069924541025102,0.7891599975237746,0.49128344817100456,0.9359154479390752,0.633350550480351,0.5995444937575152,0.6321203148133718,0.028936257851920503,0.7781227821149752,0.7643456138697825,0.5330801687763713,0.41140224143909554,0.4493249980037082,0.5131985976489998,0.12360594795539033,123.52754613200851,0.9628488583061628,13.56028211497516,104.9792405961675,18.54830553584102,7467.76064584812,131205,344.0653131008148,0.35950695901495755,10,25,128,128,0.001,45,nslkdd_v2,acc0af8831e88fef0b5c06e3ce974ac35cb3e4345e8d071f18deb2948b3bdd6d,
nslkdd_v2,SLSTM,delta,0.7543026969481902,0.5306500018905822,0.555638520143047,0.7096962583505199,0.8246159400802912,0.5306500018905822,0.9506978966927864,0.6401723005201868,0.6078097555567684,0.64396477830593,0.02914220986510143,0.7847764371894961,0.7730589335827875,0.53957805907173,0.46384290035344466,0.45416075515144966,0.5288719323571871,0.12546468401486988,219.35783356990774,0.9340277192270954,13.56028211497516,178.00634315117105,41.351490418736695,7832.896158623137,131205,345.51331400871277,0.3607379599104882,10,25,128,128,0.001,46,nslkdd_v2,acc0af8831e88fef0b5c06e3ce974ac35cb3e4345e8d071f18deb2948b3bdd6d,
nslkdd_v2,Synaptic,rate,0.7444552874378992,0.4950789581570986,0.49997726220340144,0.7076633065870693,0.7328037334752703,0.4950789581570986,0.885606060036027,0.6289797066333919,0.5936082882942082,0.6081976155224811,0.04417670682730924,0.7579400283889283,0.7409692884606256,0.5135021097046414,0.38971442990738636,0.43361052208946743,0.4774180243349144,0.18726765799256506,722.4257895670688,0.7827290858444906,238.59958303761533,696.0441359119943,26.381653655074523,34020.96730837473,16773,346.31367540359497,0.2991326676775497,10,25,128,128,0.001,42,nslkdd_v2,acc0af8831e88fef0b5c06e3ce974ac35cb3e4345e8d071f18deb2948b3bdd6d,
nslkdd_v2,Synaptic,rate,0.7595812633073101,0.5061119140499148,0.5019601353855794,0.7174260225714069,0.7445956728846753,0.5061119140499148,0.8683284183015526,0.6473457953836417,0.6200830603469669,0.6477051351983169,0.0685820203892493,0.769916607523066,0.7621842189720783,0.5412658227848102,0.39013601577699264,0.4464848560020836,0.5336151783872963,0.3131970260223048,695.7254701916253,0.7907592570852255,238.61874556422995,669.9202448545068,25.805225337118525,33892.800656493964,16773,346.0960078239441,0.3100615854039947,10,25,128,128,0.001,43,nslkdd_v2,acc0af8831e88fef0b5c06e3ce974ac35cb3e4345e8d071f18deb2948b3bdd6d,
nslkdd_v2,Synaptic,rate,0.75,0.482671805429987,0.4872808492728587,0.7103230639461589,0.81900875014707,0.482671805429987,0.8526851118156742,0.6333875750872715,0.6017334243160899,0.6237824359074262,0.05406240345999382,0.7625532292405962,0.7494265786640454,0.5281012658227848,0.38644336790130523,0.43776075022572436,0.5030934213239844,0.23931226765799257,809.3989088005678,0.756571756751709,238.56777856635912,782.7177963094393,26.68111249112846,34450.26463804116,16773,346.75485587120056,0.3682703541220292,10,25,128,128,0.001,44,nslkdd_v2,acc0af8831e88fef0b5c06e3ce974ac35cb3e4345e8d071f18deb2948b3bdd6d,
nslkdd_v2,Synaptic,rate,0.7669889992902768,0.545300341955354,0.5695262905895303,0.7378029716593386,0.8037362026309788,0.545300341955354,0.8977047099150883,0.6572807818720813,0.6347673532454603,0.6717057585911322,0.0700236844815158,0.782957771469127,0.7789273934848415,0.5597468354430379,0.45855988656365065,0.4636281530403723,0.5655805320684677,0.30529739776951675,827.4396735273243,0.751145962848925,238.55606813342797,800.0737224982257,27.365951029098653,34535.545333569906,16773,348.73865151405334,0.36180648632807627,10,25,128,128,0.001,45,nslkdd_v2,acc0af8831e88fef0b5c06e3ce974ac35cb3e4345e8d071f18deb2948b3bdd6d,
nslkdd_v2,Synaptic,rate,0.7594481902058198,0.5133550653919237,0.5150231868620165,0.7158377368636456,0.7470650703507993,0.5133550653919237,0.8690876504557862,0.6525695286122628,0.6173893633533023,0.6269773240863399,0.0335701781484914,0.7731990773598296,0.758877623202075,0.5403375527426161,0.4167522036202313,0.4662110243988774,0.505980614559703,0.16171003717472118,730.4555535841022,0.7803141192228265,238.5822391767211,704.9922817601135,25.463271823988645,34063.48802342087,16773,351.2119174003601,0.38471760861496285,10,25,128,128,0.001,46,nslkdd_v2,acc0af8831e88fef0b5c06e3ce974ac35cb3e4345e8d071f18deb2948b3bdd6d,
nslkdd_v2,Synaptic,delta,0.7562100780695529,0.5110851419301183,0.526335524581493,0.712866033479011,0.7457415555863773,0.5110851419301183,0.9208407831289376,0.6422184253965928,0.6126336181748455,0.6579131925504559,0.02862732983214911,0.7929382540809085,0.7834276700380439,0.5512236286919832,0.44253117504477624,0.46483377264380965,0.5476386883893586,0.12267657992565056,190.59097764371896,0.9426794052199341,13.56028211497516,175.0904009936125,15.500576650106458,2611.168115684883,16773,344.2992925643921,0.31415694059422034,10,25,128,128,0.001,42,nslkdd_v2,acc0af8831e88fef0b5c06e3ce974ac35cb3e4345e8d071f18deb2948b3bdd6d,
nslkdd_v2,Synaptic,delta,0.7622870830376153,0.5174338808548944,0.5391304624828962,0.7227644460084399,0.8244369782996435,0.5174338808548944,0.9301034631020374,0.6506834576756526,0.622790854950068,0.6696018078391647,0.029245185871691896,0.7993257629524485,0.7916167664670659,0.5629535864978903,0.4563669390399026,0.47625513795286895,0.5628995669210146,0.125,189.17321682044002,0.9431057994524993,13.56028211497516,145.43820972320796,43.73500709723208,2462.9071593328604,16773,343.91018056869507,0.18611318723287373,10,25,128,128,0.001,43,nslkdd_v2,acc0af8831e88fef0b5c06e3ce974ac35cb3e4345e8d071f18deb2948b3bdd6d,
nslkdd_v2,Synaptic,delta,0.7412615330021292,0.537318446623749,0.5607429242041708,0.6991327521576488,0.8112974399507855,0.537318446623749,0.9323921410043143,0.6227551790896707,0.5879967134646202,0.623548663601652,0.028833281845330037,0.7732877927608233,0.7579445891546294,0.5232067510548524,0.4688280292260716,0.44235147861335833,0.5018560527943906,0.12267657992565056,159.06218949609652,0.952161747519971,13.56028211497516,121.45457771469127,37.607611781405254,2342.9889992902768,16773,343.714727640152,0.18440926218811207,10,25,128,128,0.001,44,nslkdd_v2,acc0af8831e88fef0b5c06e3ce974ac35cb3e4345e8d071f18deb2948b3bdd6d,
nslkdd_v2,Synaptic,delta,0.7357168204400284,0.48168364369262273,0.49247298208117096,0.6929237640154468,0.8708395265972534,0.48168364369262273,0.9233172136172305,0.6138042617343643,0.5767893663237933,0.6088989324398036,0.028318401812377717,0.7651703335699077,0.7469649173119205,0.5103797468354431,0.3984577106098818,0.4273955506576035,0.4824706124974221,0.1212825278810409,86.15263484740952,0.9740894331285986,13.56028211497516,69.37384669978708,16.77878814762243,2082.585344215756,16773,264.89589166641235,0.08164730116016396,10,25,128,128,0.001,45,nslkdd_v2,acc0af8831e88fef0b5c06e3ce974ac35cb3e4345e8d071f18deb2948b3bdd6d,
nslkdd_v2,Synaptic,delta,0.761444286728176,0.5269455758985004,0.5406670790287389,0.7167102121066239,0.8010365680875402,0.5269455758985004,0.9352831692083498,0.65098656875687,0.6214682261212351,0.6633678796851866,0.029451137884872823,0.7956884315117104,0.7870747041420117,0.5616877637130802,0.4574639191594782,0.4797442400766591,0.5546504433903898,0.12314126394052044,68.20763839602554,0.9794864245425488,13.56028211497516,50.70302519517388,17.50461320085167,1989.23123669269,16773,228.0165729522705,0.060040257855287424,10,25,128,128,0.001,46,nslkdd_v2,acc0af8831e88fef0b5c06e3ce974ac35cb3e4345e8d071f18deb2948b3bdd6d,
ctu13_v2_f0,Alpha,rate,0.9815754866943222,0.9836973610154909,0.9811362988537251,0.9816197310485542,0.9790722805165559,0.9836973610154909,0.999170702505781,0.9627585321803823,0.9622817224630512,0.9710638898030182,0.003669167772036454,0.9815754866943222,0.9840146157529042,,,,,,182.42717910845232,0.9438685602743223,309.0340102623798,175.75921019758786,6.667968910864451,39907.87173397979,3586,2159.5199563503265,0.4506651666853171,10,25,128,128,0.001,45,ctu13_v2_f0,855476eadf4b4a098dcda7f57266971095f0fc80129808ea8bf3e21c9399c806,0
ctu13_v2_f0,Alpha,rate,0.9803647564949772,0.9826635853630183,0.9799043826263389,0.9804152438870034,0.9777233757494154,0.9826635853630183,0.9991063216769801,0.960374254863045,0.959820095198212,0.9689765408302383,0.0036493701042017252,0.9803647564949772,0.982946010005389,,,,,,178.52624484204227,0.94506884774091,309.0388916190565,172.270105396672,6.256139445370261,39901.518338032576,3586,2159.545139312744,0.45065174167767835,10,25,128,128,0.001,42,ctu13_v2_f0,855476eadf4b4a098dcda7f57266971095f0fc80129808ea8bf3e21c9399c806,0
ctu13_v2_f0,Alpha,rate,0.977970750295819,0.9807106435771462,0.9774746600723494,0.9780361125115541,0.9750368954283292,0.9807106435771462,0.9991757873447072,0.9557306978940073,0.9549669246880372,0.9643975365521132,0.0029762493978209366,0.977970750295819,0.9808175033110367,,,,,,187.76826733801335,0.9422251485113805,309.0532062386923,181.81213091260506,5.956136425408313,39922.434660377825,3586,2159.536602497101,0.4506551748402851,10,25,128,128,0.001,44,ctu13_v2_f0,855476eadf4b4a098dcda7f57266971095f0fc80129808ea8bf3e21c9399c806,0
ctu13_v2_f0,Alpha,rate,0.9765568590199399,0.979488687280544,0.9760386867219136,0.9766305063521945,0.9734983377880914,0.979488687280544,0.999031022378369,0.9529681976131869,0.9520987614741747,0.9620328146302477,0.003055440069159853,0.9765568590199399,0.979562333804843,,,,,,174.84756604794052,0.946200748908326,309.0466529212641,168.36162397081068,6.485942077129828,39894.69482186343,3586,2347.483872652054,0.49545195371564904,10,25,128,128,0.001,46,ctu13_v2_f0,855476eadf4b4a098dcda7f57266971095f0fc80129808ea8bf3e21c9399c806,0
ctu13_v2_f0,Alpha,delta,0.6043383126099884,0.6509631048223086,0.5928092303238337,0.5813014041365259,0.6967894722368018,0.6509631048223086,0.7738797744770229,0.34471988469022824,0.27048979453012245,0.37336279441493114,0.07143658477031406,0.6043383126099884,0.5242925470287471,,,,,,42.101522884448016,0.9870456852663236,21.362458578476456,37.58959815288146,4.511924731566564,2809.5738943507495,3586,2370.437934398651,0.49184065938877275,10,25,128,128,0.001,42,ctu13_v2_f0,855476eadf4b4a098dcda7f57266971095f0fc80129808ea8bf3e21c9399c806,0
ctu13_v2_f0,Alpha,rate,0.9737620215076199,0.977237157911014,0.9732108123071005,0.9738562212272539,0.9704283535705194,0.977237157911014,0.999075335533062,0.9476410511554515,0.9464544776532768,0.9565464717220629,0.002072155900034976,0.9737620215076199,0.9770535257664631,,,,,,180.8015418278457,0.9443687563606629,309.1090288626,174.4549874671579,6.346554360687783,39914.86566934711,3586,2370.358342409134,0.49169705173514433,10,25,128,128,0.001,43,ctu13_v2_f0,855476eadf4b4a098dcda7f57266971095f0fc80129808ea8bf3e21c9399c806,0
ctu13_v2_f0,Lapicque,rate,0.9762823170246236,0.9794149542851287,0.9757668401889583,0.9763604575064702,0.9731352578393342,0.9794149542851287,0.9994675761561327,0.9525295124199081,0.9515578736135147,0.9607634807954492,0.0019335722251918725,0.9762823170246236,0.9793011905589085,,,,,,470.1310526214642,0.8553442915010879,309.0388916190565,447.58875530895585,22.542297312508406,40452.15563785715,3586,1500.573222875595,0.42458196742183474,10,25,128,128,0.001,42,ctu13_v2_f0,855476eadf4b4a098dcda7f57266971095f0fc80129808ea8bf3e21c9399c806,0
ctu13_v2_f0,Lapicque,rate,0.9844691593249562,0.9862840468172784,0.9840876178267367,0.9845014606733835,0.9822545659369707,0.9862840468172784,0.9994641195298033,0.9685302306483574,0.9681808383009003,0.975478350806262,0.002910257171705173,0.9844691593249562,0.9865516052728548,,,,,,449.65458224317285,0.8616447439251775,309.1090288626,430.0843255738614,19.570256669311423,40426.12434556052,3586,1651.0127453804016,0.42405237607101104,10,25,128,128,0.001,43,ctu13_v2_f0,855476eadf4b4a098dcda7f57266971095f0fc80129808ea8bf3e21c9399c806,0
ctu13_v2_f0,Alpha,delta,0.6042943858907378,0.6509027190966703,0.5927764110487961,0.5812736661517139,0.6966639953325794,0.6509027190966703,0.7747140283376899,0.3445410375795668,0.27038895392048745,0.3734004043063326,0.07159496611299189,0.6042943858907378,0.5242899813522123,,,,,,47.85702676509912,0.9852747609953542,21.362458578476456,44.473170383507714,3.3838563815914102,2823.341038812002,3586,2081.345263004303,0.4898669378062001,10,25,128,128,0.001,44,ctu13_v2_f0,855476eadf4b4a098dcda7f57266971095f0fc80129808ea8bf3e21c9399c806,0
ctu13_v2_f0,Alpha,delta,0.5138327984340124,0.5833193771610947,0.4599971806778522,0.4313600285887052,0.7243626822461453,0.5833193771610947,0.7421390284558079,0.27345024368569454,0.14276815469269666,0.16960180527478727,0.002963050952597784,0.5138327984340124,0.28949385118462495,,,,,,64.45646175767276,0.9801672425361007,21.362458578476456,60.670791202576304,3.7856705550964604,2855.736280450139,3586,2145.262844800949,0.46694182136842227,10,25,128,128,0.001,43,ctu13_v2_f0,855476eadf4b4a098dcda7f57266971095f0fc80129808ea8bf3e21c9399c806,0
ctu13_v2_f0,Alpha,delta,0.6042834042109251,0.6509293783613616,0.5927341267827433,0.5812151639012688,0.6968157331797893,0.6509293783613616,0.7748234862375881,0.3447043734016799,0.27041832931369003,0.373202952376475,0.07134419565375198,0.6042834042109251,0.5241511364949406,,,,,,66.3288683653495,0.9795911174260463,21.362458578476456,62.091801352393865,4.237067012955637,2858.5783007497744,3586,2148.67129611969,0.4676837497354819,10,25,128,128,0.001,45,ctu13_v2_f0,855476eadf4b4a098dcda7f57266971095f0fc80129808ea8bf3e21c9399c806,0
ctu13_v2_f0,Alpha,delta,0.6068256630875541,0.6529902736688495,0.5957963372446997,0.584582052789702,0.6977928410092873,0.6529902736688495,0.7387446717532727,0.34791022333786126,0.27438373301574037,0.37812984815006345,0.0721493008123643,0.6068256630875541,0.5290273781139522,,,,,,58.61453754773599,0.9819647576776197,21.362458578476456,55.44962017114948,3.1649173765865095,2845.2939383872854,3586,2152.0691089630127,0.4929918220476808,10,25,128,128,0.001,46,ctu13_v2_f0,855476eadf4b4a098dcda7f57266971095f0fc80129808ea8bf3e21c9399c806,0
ctu13_v2_f0,Lapicque,rate,0.9821163344250954,0.9843388435048923,0.9816928452887411,0.9821605034575662,0.9795762664388089,0.9843388435048923,0.9995047222466857,0.9639033442402134,0.9633951198013764,0.9711062009308448,0.002428513921060099,0.9821163344250954,0.9844772448896917,,,,,,422.6876370994089,0.8699422655078741,309.0532062386923,402.8048363317895,19.88280076761942,40364.42007121619,3586,1281.9284744262695,0.36959102387108766,10,25,128,128,0.001,44,ctu13_v2_f0,855476eadf4b4a098dcda7f57266971095f0fc80129808ea8bf3e21c9399c806,0
ctu13_v2_f0,Lapicque,rate,0.9906079183402289,0.9911091862763175,0.9903500196194351,0.9906149823380392,0.9896338776421798,0.9911091862763175,0.9995425461451277,0.9807419542818976,0.9807004368307841,0.9881246767899957,0.005906304237360839,0.9906079183402289,0.9919275866055985,,,,,,404.9683974709191,0.8753943392397172,309.0340102623798,385.0526269550822,19.915770515836954,40326.458567494774,3586,1263.6480920314789,0.3682509986498174,10,25,128,128,0.001,45,ctu13_v2_f0,855476eadf4b4a098dcda7f57266971095f0fc80129808ea8bf3e21c9399c806,0
ctu13_v2_f0,Lapicque,rate,0.980241212597085,0.982778922934167,0.9797866868735664,0.9802957773200639,0.9774736085772288,0.982778922934167,0.9994535457577641,0.9602378756920694,0.9595867713994002,0.9676695971040383,0.002111751235704434,0.980241212597085,0.9828177709656857,,,,,,465.36012222609634,0.8568122700842781,309.0466529212641,443.9692595327844,21.39086269331188,40445.910092987375,3586,1259.7346258163452,0.3663643367035683,10,25,128,128,0.001,46,ctu13_v2_f0,855476eadf4b4a098dcda7f57266971095f0fc80129808ea8bf3e21c9399c806,0
ctu13_v2_f0,Lapicque,delta,0.6731687362557414,0.7094465802970674,0.6700747532900377,0.664708592320093,0.7341618683234945,0.7094465802970674,0.7770475065501907,0.4429194173044489,0.38376683489181895,0.4934511776597245,0.07455801706558968,0.6731687362557414,0.6381250569960786,,,,,,108.8328423607317,0.9665129715813133,21.362458578476456,94.71190661179487,14.120935748936835,2923.818511268576,3586,1423.1507589817047,0.3368106027800884,10,25,128,128,0.001,42,ctu13_v2_f0,855476eadf4b4a098dcda7f57266971095f0fc80129808ea8bf3e21c9399c806,0
ctu13_v2_f0,Lapicque,delta,0.5112219040585543,0.5811057660820653,0.4560483038566191,0.4269516671637714,0.723849731174488,0.5811057660820653,0.7802599720825426,0.2694847226406071,0.13886255764086552,0.1650228009966621,0.0028112688325315277,0.5112219040585543,0.28280923952013787,,,,,,108.81539521692936,0.9665183399332525,21.362458578476456,92.47330765450538,16.342087562423988,2919.341313353997,3586,1423.4588134288788,0.3368719748981391,10,25,128,128,0.001,43,ctu13_v2_f0,855476eadf4b4a098dcda7f57266971095f0fc80129808ea8bf3e21c9399c806,0
ctu13_v2_f0,Lapicque,delta,0.672556507606186,0.7086993790587582,0.6695003932201856,0.6641625324940865,0.7330639728365617,0.7086993790587582,0.7839485996810589,0.441090949405937,0.382479881529595,0.4935075924968267,0.07610883437931011,0.672556507606186,0.6377191943307909,,,,,,119.56131758194392,0.9632119022824788,21.362458578476456,102.97819312931203,16.583124452631896,2940.3510843036106,3586,1399.0909161567688,0.3497767546543706,10,25,128,128,0.001,44,ctu13_v2_f0,855476eadf4b4a098dcda7f57266971095f0fc80129808ea8bf3e21c9399c806,0
ctu13_v2_f0,Lapicque,delta,0.6727267236432821,0.7089124958975559,0.6696580978326081,0.664310598225145,0.7333869114677571,0.7089124958975559,0.7763624569058485,0.441621748488686,0.3828438234778909,0.49346528136900003,0.0756402895738882,0.6727267236432821,0.6378195098089853,,,,,,118.64304049768973,0.9634944490776339,21.362458578476456,102.51757755125013,16.1254629464396,2939.4298531474865,3586,1306.4522302150726,0.3328864128278328,10,25,128,128,0.001,45,ctu13_v2_f0,855476eadf4b4a098dcda7f57266971095f0fc80129808ea8bf3e21c9399c806,0
ctu13_v2_f0,Lapicque,delta,0.6725208171467949,0.7086574331048763,0.669466307024084,0.6641295723167564,0.733005477620597,0.7086574331048763,0.7805581772891677,0.4409912691185141,0.38240666583476,0.4935028912604015,0.07618802505064903,0.6725208171467949,0.6376918123610387,,,,,,179.91454605853784,0.9446416781358346,21.362458578476456,157.1833775803516,22.731168478186266,3048.7614532056896,3586,1292.0651814937592,0.2913174927808207,10,25,128,128,0.001,46,ctu13_v2_f0,855476eadf4b4a098dcda7f57266971095f0fc80129808ea8bf3e21c9399c806,0
ctu13_v2_f0,Leaky,rate,0.9871486891992434,0.9887813347147106,0.9868266556848884,0.9871725914936276,0.9851579537124937,0.9887813347147106,0.9997477032902012,0.9739325483072232,0.973656947980148,0.9790606929622491,0.0014980235328278329,0.9871486891992434,0.9888863300197298,,,,,,371.22020738902324,0.8857783977264544,309.0388916190565,344.01242577070803,27.207781618315245,40245.00297878065,3586,1084.8440833091736,0.2933934643533138,10,25,128,128,0.001,42,ctu13_v2_f0,855476eadf4b4a098dcda7f57266971095f0fc80129808ea8bf3e21c9399c806,0
ctu13_v2_f0,Leaky,rate,0.9807271519287948,0.9833866789626213,0.9802875659308437,0.9807819779433572,0.9779154511982892,0.9833866789626213,0.9997477462436294,0.9612865603547441,0.9605891148435708,0.9675520661934088,0.00077870826816601,0.9807271519287948,0.9832312557926217,,,,,,289.6143673316989,0.9108878869748619,309.1090288626,267.5039218324031,22.1104454992958,40100.9635380776,3586,1059.068161725998,0.28891076986459735,10,25,128,128,0.001,43,ctu13_v2_f0,855476eadf4b4a098dcda7f57266971095f0fc80129808ea8bf3e21c9399c806,0
ctu13_v2_f0,Leaky,rate,0.9849523532367128,0.9869397488614597,0.9845871534154049,0.9849856307905237,0.9826504280064996,0.9869397488614597,0.9997603554404154,0.969580689166943,0.9691805173654514,0.9751069531286728,0.0012274554057532022,0.9849523532367128,0.9869596560642,,,,,,325.39403639877776,0.8998787580311454,309.0532062386923,302.2142251189453,23.17981127983242,40163.238848790505,3586,1058.6760833263397,0.2879451511532914,10,25,128,128,0.001,44,ctu13_v2_f0,855476eadf4b4a098dcda7f57266971095f0fc80129808ea8bf3e21c9399c806,0
ctu13_v2_f0,Leaky,rate,0.9896552576164813,0.9909208061911529,0.9893873067241923,0.989670535497929,0.9880289915981708,0.9909208061911529,0.9996355339260644,0.978945526574445,0.9787764006371383,0.9833858304734145,0.0015442180911088674,0.9896552576164813,0.9910736283521273,,,,,,321.57435832672144,0.901054043591778,309.0340102623798,297.4452329900643,24.129125336657122,40151.24377956474,3586,1035.3422100543976,0.32748455565253726,10,25,128,128,0.001,45,ctu13_v2_f0,855476eadf4b4a098dcda7f57266971095f0fc80129808ea8bf3e21c9399c806,0
ctu13_v2_f0,Leaky,rate,0.9933423566135794,0.9935918019869436,0.9931551110318053,0.9933452564895471,0.9927325677311164,0.9935918019869436,0.9995904596781972,0.9863239954579944,0.9863103144100621,0.9921066240421231,0.004923020068235962,0.9933423566135794,0.9942872219879526,,,,,,330.8323509305601,0.8982054304829046,309.0466529212641,307.87451234478084,22.957838585779275,40173.72059861137,3586,1036.7187495231628,0.3213428208439184,10,25,128,128,0.001,46,ctu13_v2_f0,855476eadf4b4a098dcda7f57266971095f0fc80129808ea8bf3e21c9399c806,0
ctu13_v2_f0,Leaky,delta,0.672658088144453,0.7088603733938935,0.6695819314427469,0.6642272568506209,0.7333701413445783,0.7088603733938935,0.7792265252898308,0.441550789197412,0.3827353267123156,0.4933148418033943,0.07559409501560717,0.672658088144453,0.6377006241301983,,,,,,122.67929925901116,0.9622525233049196,21.362458578476456,95.01497352042455,27.6643257385866,2924.4246450858354,3586,1048.8616044521332,0.30088320476804603,10,25,128,128,0.001,42,ctu13_v2_f0,855476eadf4b4a098dcda7f57266971095f0fc80129808ea8bf3e21c9399c806,0
ctu13_v2_f0,Leaky,delta,0.6069986245446035,0.653225669980817,0.5959285145428118,0.5846953522813776,0.698271953638866,0.653225669980817,0.7754893509480835,0.34859921362344304,0.2747776156521946,0.37799351229373324,0.07154217233209928,0.6069986245446035,0.5290471584516078,,,,,,159.67580159399083,0.9508689841249259,21.362458578476456,127.01283209286109,32.66296950112974,2988.4203622307086,3586,1046.5574307441711,0.3064302837397705,10,25,128,128,0.001,43,ctu13_v2_f0,855476eadf4b4a098dcda7f57266971095f0fc80129808ea8bf3e21c9399c806,0
ctu13_v2_f0,Leaky,delta,0.6071468772220743,0.653386767115652,0.5960741482304515,0.584841681990703,0.6985064853749765,0.653386767115652,0.7755851957602395,0.3489886418963122,0.27506229611276367,0.3780781345493865,0.07130460031808253,0.6071468772220743,0.5291969361970941,,,,,,57.34360028881818,0.9823558152957482,21.362458578476456,44.519208330702305,12.824391958115873,2823.4331147063913,3586,1061.5742981433868,0.30428831755269103,10,25,128,128,0.001,44,ctu13_v2_f0,855476eadf4b4a098dcda7f57266971095f0fc80129808ea8bf3e21c9399c806,0
ctu13_v2_f0,Leaky,delta,0.6069821520248845,0.6531944843958639,0.5959229027361916,0.5846951742021242,0.6981882240211532,0.6531944843958639,0.7754416405479652,0.34849013066227585,0.27472870401527727,0.3780499271308354,0.07166095833910766,0.6069821520248845,0.5290738986262435,,,,,,149.56608912182253,0.953979664885593,21.362458578476456,120.22607984230308,29.340009279519442,2974.8468577295926,3586,1061.8097636699677,0.3042820488399579,10,25,128,128,0.001,45,ctu13_v2_f0,855476eadf4b4a098dcda7f57266971095f0fc80129808ea8bf3e21c9399c806,0
ctu13_v2_f0,Leaky,delta,0.6044234206285365,0.6510682397520675,0.5928824910046292,0.581369789395195,0.6969806961468634,0.6510682397520675,0.7764017638532251,0.34500740300488353,0.27066965678343247,0.3733486907056556,0.07121221120152046,0.6044234206285365,0.5243367798333531,,,,,,142.45572873054527,0.9561674680829092,21.362458578476456,108.77414528213308,33.681583448412184,2951.9429886092526,3586,1066.6882650852203,0.3446803671311894,10,25,128,128,0.001,46,ctu13_v2_f0,855476eadf4b4a098dcda7f57266971095f0fc80129808ea8bf3e21c9399c806,0
ctu13_v2_f0,RLeaky,rate,0.9876730644102976,0.9890756169191239,0.9873583932812007,0.9876933791977225,0.9858618813900245,0.9890756169191239,0.9995518840559817,0.9749322014956989,0.9747194762299726,0.9807249306567627,0.002573696818514779,0.9876730644102976,0.9893528728272983,,,,,,175.49295937053012,0.9460021663475292,309.0388916190565,152.8018877507598,22.69107161977032,39862.581902740756,20098,1142.9015369415283,0.34328422459251806,10,25,128,128,0.001,42,ctu13_v2_f0,855476eadf4b4a098dcda7f57266971095f0fc80129808ea8bf3e21c9399c806,0
ctu13_v2_f0,RLeaky,rate,0.990509083221915,0.9916186336970063,0.9902599157020184,0.9905215676874061,0.9890385273196884,0.9916186336970063,0.9997124045228166,0.9806537668843196,0.9805211152248152,0.9850124582765267,0.0017751908825140398,0.990509083221915,0.9918177708455128,,,,,,122.62941223304223,0.9622678731590639,309.1090288626,99.68089983884384,22.948512394198378,39765.31749409049,20098,1157.3132462501526,0.3098477912559927,10,25,128,128,0.001,43,ctu13_v2_f0,855476eadf4b4a098dcda7f57266971095f0fc80129808ea8bf3e21c9399c806,0
ctu13_v2_f0,RLeaky,rate,0.9917225588412132,0.9925266459001097,0.991499714446858,0.9917308754532583,0.9905511119767738,0.9925266459001097,0.9997671099872149,0.9830757729178144,0.9830000663380957,0.987739175403131,0.002685883602911577,0.9917225588412132,0.9928760287227181,,,,,,152.1227834165653,0.9531929897179799,309.0532062386923,128.01134407524648,24.111439341318846,39814.83308670311,20098,1155.30983376503,0.3138178559844727,10,25,128,128,0.001,44,ctu13_v2_f0,855476eadf4b4a098dcda7f57266971095f0fc80129808ea8bf3e21c9399c806,0
ctu13_v2_f0,RLeaky,rate,0.9908550061360136,0.9918018814137021,0.9906118306751435,0.9908656047730872,0.9895271340205356,0.9918018814137021,0.9995813997934513,0.9813263789674808,0.9812246097378472,0.9861642612006958,0.0025604983732916264,0.9908550061360136,0.9921227815023708,,,,,,147.73510815581906,0.9545430436443634,309.0340102623798,127.2479196580305,20.487188497788566,39810.84915290067,20098,1171.1506507396698,0.32543733493501853,10,25,128,128,0.001,45,ctu13_v2_f0,855476eadf4b4a098dcda7f57266971095f0fc80129808ea8bf3e21c9399c806,0
ctu13_v2_f0,RLeaky,rate,0.9914452714259436,0.9923357341222049,0.9912165550360841,0.9914546104418115,0.9901904325105952,0.9923357341222049,0.9996359488322917,0.9825238245453086,0.98243389309464,0.9870339899393541,0.0023625216949443354,0.9914452714259436,0.9926339180180607,,,,,,158.89157512978971,0.9511102845754493,309.0466529212641,135.04246066499562,23.849114464794106,39828.056495251796,20098,1171.496907234192,0.32371893592093176,10,25,128,128,0.001,46,ctu13_v2_f0,855476eadf4b4a098dcda7f57266971095f0fc80129808ea8bf3e21c9399c806,0
ctu13_v2_f0,RLeaky,delta,0.6079759940479296,0.6540824189194562,0.597051337218391,0.585907731868484,0.6989255972493659,0.6540824189194562,0.7402800261896343,0.3501481812557638,0.27638785922939657,0.3795684264961685,0.07140358865725617,0.6079759940479296,0.5307031958668016,,,,,,680.9355375394997,0.7904813730647693,21.362458578476456,657.4324860052218,23.50305153427794,4049.25967005543,20098,1166.4137778282166,0.3667693183247865,10,25,128,128,0.001,42,ctu13_v2_f0,855476eadf4b4a098dcda7f57266971095f0fc80129808ea8bf3e21c9399c806,0
ctu13_v2_f0,RLeaky,delta,0.6071358955422617,0.6533821096082676,0.5960575703276472,0.5848220354118722,0.6985207454668944,0.6533821096082676,0.7394885509185339,0.3489958781459643,0.2750506674415837,0.3780358234215599,0.07127160420502465,0.6071358955422617,0.529162087640908,,,,,,839.3954393083739,0.741724480212808,21.362458578476456,816.9217802401145,22.473659068259376,4368.238258525215,20098,1206.7749571800232,0.35090365477021934,10,25,128,128,0.001,43,ctu13_v2_f0,855476eadf4b4a098dcda7f57266971095f0fc80129808ea8bf3e21c9399c806,0
ctu13_v2_f0,RLeaky,delta,0.6079046131291473,0.653998527011692,0.5969862050295833,0.5858448867918469,0.6987855665174436,0.653998527011692,0.7732844071541922,0.3499296182655651,0.27624254938681614,0.37955902402331815,0.07156196999993401,0.6079046131291473,0.53065168096224,,,,,,1052.4934068739824,0.6761558748080054,21.362458578476456,1037.4261797755894,15.067227098393106,4809.247057596165,20098,1218.6235134601593,0.31424566273691323,10,25,128,128,0.001,44,ctu13_v2_f0,855476eadf4b4a098dcda7f57266971095f0fc80129808ea8bf3e21c9399c806,0
ctu13_v2_f0,RLeaky,delta,0.6078304867904119,0.653905641534063,0.5969231158891227,0.5857865587672534,0.6986152653939226,0.653905641534063,0.7045455354912105,0.34967419029096125,0.2760841560562831,0.37957782896901887,0.07176654590089288,0.6078304867904119,0.5306169391275775,,,,,,1079.7690799823195,0.6677633600054402,21.362458578476456,1039.090689457313,40.678390525006655,4812.576076959612,20098,1215.4746758937836,0.3158873467670764,10,25,128,128,0.001,45,ctu13_v2_f0,855476eadf4b4a098dcda7f57266971095f0fc80129808ea8bf3e21c9399c806,0
ctu13_v2_f0,RLeaky,delta,0.5112932849773365,0.5812010459069478,0.45607903965068175,0.4269725098805913,0.72437184946287,0.5812010459069478,0.7401367894128866,0.26995724734454735,0.13902049263457406,0.16497578863241033,0.002573696818514779,0.5112932849773365,0.2827810727178958,,,,,,823.173271689504,0.7467159164032295,21.362458578476456,784.6322729606334,38.54099872887056,4303.659243966254,20098,1219.1896314620972,0.31114375155701707,10,25,128,128,0.001,46,ctu13_v2_f0,855476eadf4b4a098dcda7f57266971095f0fc80129808ea8bf3e21c9399c806,0
ctu13_v2_f0,RSynaptic,rate,0.9846448662019586,0.9866983064627933,0.9842743517842611,0.9846797705024058,0.9822920699718645,0.9866983064627933,0.999704497865485,0.9689803582647926,0.9685554371283174,0.9744722862112736,0.0010756732856869462,0.9846448662019586,0.9866881826382294,,,,,,251.23102159821877,0.9226981472005481,309.0388916190565,233.86405229475926,17.366969303459502,40024.70623182875,20098,1219.5448155403137,0.31006937261074063,10,25,128,128,0.001,42,ctu13_v2_f0,855476eadf4b4a098dcda7f57266971095f0fc80129808ea8bf3e21c9399c806,0
ctu13_v2_f0,RSynaptic,rate,0.9876867915100633,0.9890180935143835,0.9873707743596882,0.9877063115391893,0.9859266468828667,0.9890180935143835,0.9996131536853,0.9749398390598191,0.9747440218282207,0.9810916270979267,0.003055440069159853,0.9876867915100633,0.9893685360817899,,,,,,205.63125715525075,0.9367288439522305,309.1090288626,185.36587113547824,20.265386019772514,39936.68743668375,20098,1206.6550209522247,0.36594738843244035,10,25,128,128,0.001,43,ctu13_v2_f0,855476eadf4b4a098dcda7f57266971095f0fc80129808ea8bf3e21c9399c806,0
ctu13_v2_f0,RSynaptic,rate,0.9869839640020536,0.988716217069411,0.9866603803399878,0.987009329356279,0.9849208338997587,0.988716217069411,0.9998125221850229,0.9736296534548119,0.9733248356427,0.9784025198627239,0.0009700857239017244,0.9869839640020536,0.9887379950733183,,,,,,215.756212198999,0.9336134731695388,309.0532062386923,197.186224580843,18.569987618156013,39953.1828477143,20098,1232.8382470607758,0.3601232889118196,10,25,128,128,0.001,44,ctu13_v2_f0,855476eadf4b4a098dcda7f57266971095f0fc80129808ea8bf3e21c9399c806,0
ctu13_v2_f0,RSynaptic,rate,0.9901713965676759,0.9913285586637646,0.9899144624014595,0.990184831727132,0.9886492158838635,0.9913285586637646,0.9997936650716158,0.9799741117649943,0.9798303664866119,0.9844389074326548,0.0017817901051256162,0.9901713965676759,0.9915242198967755,,,,,,283.6582446333903,0.912720540112803,309.0340102623798,265.4402225986498,18.218022034740542,40087.23375878191,20098,1245.2000863552094,0.32611087823757,10,25,128,128,0.001,45,ctu13_v2_f0,855476eadf4b4a098dcda7f57266971095f0fc80129808ea8bf3e21c9399c806,0
ctu13_v2_f0,RSynaptic,rate,0.988202930461258,0.989549215089111,0.9879001599606646,0.9882216322595088,0.9864544108435818,0.989549215089111,0.9996624138990893,0.9759987192719289,0.9758026893636264,0.9815335433218937,0.0024351131436716753,0.988202930461258,0.9898141805002123,,,,,,270.57444068932006,0.9167463259417477,309.0466529212641,251.88547755207375,18.68896313724629,40061.74252902595,20098,1243.2132139205933,0.32777336350214337,10,25,128,128,0.001,46,ctu13_v2_f0,855476eadf4b4a098dcda7f57266971095f0fc80129808ea8bf3e21c9399c806,0
ctu13_v2_f0,RSynaptic,delta,0.5053549416186447,0.5763728868482794,0.4465229299711967,0.4162151847453018,0.7265699290499978,0.5763728868482794,0.7399540305958643,0.2630878146517483,0.13046794469413647,0.1535376804099478,0.0007919067133891627,0.5053549416186447,0.26607302160178253,,,,,,693.0251837372303,0.786761481927006,21.362458578476456,691.911435497731,1.1137482394994551,4118.217569040448,20098,1259.1713407039642,0.3365237978814025,10,25,128,128,0.001,42,ctu13_v2_f0,855476eadf4b4a098dcda7f57266971095f0fc80129808ea8bf3e21c9399c806,0
ctu13_v2_f0,RSynaptic,delta,0.6044453839881617,0.6510946366425139,0.5929019962570199,0.5813883444884037,0.6970268377249731,0.6510946366425139,0.6684007354820725,0.34507795325044077,0.27071511100874723,0.3733486907056556,0.07115941742062785,0.6044453839881617,0.5243506279134258,,,,,,875.9666404021491,0.7304718029531849,21.362458578476456,873.7568354093283,2.2098049928207266,4481.908368863643,20098,1261.652424812317,0.33494230449007073,10,25,128,128,0.001,43,ctu13_v2_f0,855476eadf4b4a098dcda7f57266971095f0fc80129808ea8bf3e21c9399c806,0
ctu13_v2_f0,RSynaptic,delta,0.6070096062244161,0.6532606952671837,0.5959209184156475,0.5846782287111937,0.6983896743797124,0.6532606952671837,0.70583445585657,0.34874253786577236,0.274828733340334,0.3778853838559541,0.07136399332158672,0.6070096062244161,0.528982836685269,,,,,,589.8023105454325,0.8185223659860208,21.362458578476456,580.8795337178751,8.922776827557428,3896.1537654807366,20098,1263.238385438919,0.3726649919219688,10,25,128,128,0.001,44,ctu13_v2_f0,855476eadf4b4a098dcda7f57266971095f0fc80129808ea8bf3e21c9399c806,0
ctu13_v2_f0,RSynaptic,delta,0.6727459415829542,0.7089403381421624,0.6696744955728091,0.6643246720223537,0.7334360892566218,0.7089403381421624,0.7803785124220026,0.4416977039734872,0.3828891860008239,0.49344177518687415,0.07556109890254928,0.6727459415829542,0.6378220709771512,,,,,,751.4428664380647,0.7687868103267493,21.362458578476456,745.0836200009335,6.359246437131255,4224.561938046853,20098,1382.6387679576874,0.35386090249261964,10,25,128,128,0.001,45,ctu13_v2_f0,855476eadf4b4a098dcda7f57266971095f0fc80129808ea8bf3e21c9399c806,0
ctu13_v2_f0,RSynaptic,delta,0.672776141202439,0.708985174804365,0.6696998573071229,0.6643460276569247,0.7335170381051286,0.708985174804365,0.7788762618623193,0.4418216790887375,0.38296169358732224,0.49339946405904755,0.07542911445031775,0.672776141202439,0.6378235807117181,,,,,,742.826028228408,0.7714381451604899,21.362458578476456,741.0321488676516,1.793879360756418,4216.458995780289,20098,1346.572766304016,0.34443640443630524,10,25,128,128,0.001,46,ctu13_v2_f0,855476eadf4b4a098dcda7f57266971095f0fc80129808ea8bf3e21c9399c806,0
ctu13_v2_f0,SConv2dLSTM,rate,0.9842797253481879,0.986381878268146,0.9839021351399972,0.9843162220122116,0.9818849541569956,0.986381878268146,0.9996921810591531,0.9682563898307907,0.9678114934246735,0.9738658267124254,0.0011020701761332516,0.9842797253481879,0.986367575494967,,,,,,483.5828965827758,0.9042410105776681,309.0388916190565,473.81307533706894,9.769821245706849,89950.82693696242,3026,1447.3480596542358,0.36421816497411547,10,25,128,128,0.001,42,ctu13_v2_f0,855476eadf4b4a098dcda7f57266971095f0fc80129808ea8bf3e21c9399c806,0
ctu13_v2_f0,SConv2dLSTM,rate,0.9896278034169497,0.9908213805615711,0.9893577107034195,0.9896424654199417,0.9880537178131218,0.9908213805615711,0.9996936602920736,0.9788711857343516,0.97871705458939,0.9837149170231771,0.002072155900034976,0.9896278034169497,0.9910531176735264,,,,,,673.9972710525666,0.8665351938509769,309.1090288626,661.7401679647927,12.257103087773821,90346.88064835838,3026,1455.7408530712128,0.33768282375907044,10,25,128,128,0.001,43,ctu13_v2_f0,855476eadf4b4a098dcda7f57266971095f0fc80129808ea8bf3e21c9399c806,0
ctu13_v2_f0,SConv2dLSTM,rate,0.9876071743314216,0.9892137456661274,0.9872957011153733,0.9876298058781983,0.985652707334794,0.9892137456661274,0.9996446596448114,0.9748599490145242,0.9745947732443304,0.9796483475153965,0.001220856183141626,0.9876071743314216,0.9892849343423314,,,,,,517.7464110497663,0.8974759582079671,309.0532062386923,507.3817231902878,10.364687859478424,90022.08684312397,3026,1457.9107267856598,0.33689984602565054,10,25,128,128,0.001,44,ctu13_v2_f0,855476eadf4b4a098dcda7f57266971095f0fc80129808ea8bf3e21c9399c806,0
ctu13_v2_f0,SConv2dLSTM,rate,0.9904953561221492,0.9914332148698881,0.9902426437263274,0.9905063839170367,0.9891576320276154,0.9914332148698881,0.9996072337597535,0.9805882065076508,0.9804862754485395,0.9858492783602087,0.002982848620432513,0.9904953561221492,0.9918129318784853,,,,,,571.6070480421038,0.8868104855362171,309.0340102623798,561.3277454885887,10.279302553515098,90124.45044654256,3026,1470.5740778446198,0.3823284531505761,10,25,128,128,0.001,45,ctu13_v2_f0,855476eadf4b4a098dcda7f57266971095f0fc80129808ea8bf3e21c9399c806,0
ctu13_v2_f0,SConv2dLSTM,rate,0.9879750606051455,0.989435727183481,0.9876692368332942,0.9879953944765579,0.986136021397187,0.989435727183481,0.9996240181104212,0.9755661682174439,0.9753412460745403,0.9807390343660383,0.0018675799990761088,0.9879750606051455,0.9896111535414581,,,,,,693.4876552191806,0.862675711837786,309.0466529212641,682.0088649610287,11.478790258151838,90369.45377124612,3026,1525.599246263504,0.3712547226882774,10,25,128,128,0.001,46,ctu13_v2_f0,855476eadf4b4a098dcda7f57266971095f0fc80129808ea8bf3e21c9399c806,0
ctu13_v2_f0,SConv2dLSTM,delta,0.5797283681498341,0.639227408222444,0.5524479520757754,0.533889393960809,0.7407024148827084,0.639227408222444,0.7834409375035025,0.36612770109350046,0.24353279744217826,0.28497484838512527,0.00652003194023744,0.5797283681498341,0.4419517707744746,,,,,,525.065412375804,0.8960266510146923,21.362458578476456,476.89719774985383,48.168214625950256,7106.182466100927,3026,1537.5168590545654,0.3584915908356563,10,25,128,128,0.001,42,ctu13_v2_f0,855476eadf4b4a098dcda7f57266971095f0fc80129808ea8bf3e21c9399c806,0
ctu13_v2_f0,SConv2dLSTM,delta,0.6071853131014185,0.6534443495910514,0.5960993164557131,0.5848604728598173,0.698636111824644,0.6534443495910514,0.7412268037298057,0.3491680912353124,0.2751566595174795,0.3780217197122843,0.07113302053018154,0.6071853131014185,0.5291841341502741,,,,,,395.955746575775,0.9215929214701436,21.362458578476456,366.53189766172585,29.423848914049138,6885.451865924671,3026,1526.7185597419739,0.36379320817210203,10,25,128,128,0.001,43,ctu13_v2_f0,855476eadf4b4a098dcda7f57266971095f0fc80129808ea8bf3e21c9399c806,0
ctu13_v2_f0,SConv2dLSTM,delta,0.5112273948984607,0.5811351411389136,0.4560014683799394,0.4268897842075764,0.7242122922592572,0.5811351411389136,0.7384924013522548,0.26975170789104697,0.13890720880762297,0.1649099713224578,0.0026396890446305425,0.5112273948984607,0.2826728125453285,,,,,,245.64650796309058,0.9513571271360217,21.362458578476456,216.85265331111373,28.79385465197684,6586.093377223447,3026,1519.9366936683655,0.3130477017188564,10,25,128,128,0.001,44,ctu13_v2_f0,855476eadf4b4a098dcda7f57266971095f0fc80129808ea8bf3e21c9399c806,0
ctu13_v2_f0,SConv2dLSTM,delta,0.5139481060720453,0.5834446749326331,0.4601107007768235,0.43147608354059236,0.7247766424684382,0.5834446749326331,0.7788835630453975,0.2739081149818494,0.14298122551201342,0.16966762258473977,0.002778272719473646,0.5139481060720453,0.28962246359656685,,,,,,531.8034828397526,0.8946923796356926,21.362458578476456,484.04181274588666,47.76167009386591,7120.471696092993,3026,1520.7484755516052,0.31314308211076763,10,25,128,128,0.001,45,ctu13_v2_f0,855476eadf4b4a098dcda7f57266971095f0fc80129808ea8bf3e21c9399c806,0
ctu13_v2_f0,SConv2dLSTM,delta,0.608000702827508,0.6540988295179035,0.5970838475907766,0.5859446713145487,0.6989193674642769,0.6540988295179035,0.7413863339254425,0.3501613439241218,0.27642176618629133,0.379634243806121,0.07143658477031406,0.608000702827508,0.5307620765921646,,,,,,830.925025326499,0.8354603910244556,21.362458578476456,782.9317323874446,47.99329293905442,7718.251535376109,3026,1475.3770334720612,0.32945939849488975,10,25,128,128,0.001,46,ctu13_v2_f0,855476eadf4b4a098dcda7f57266971095f0fc80129808ea8bf3e21c9399c806,0
ctu13_v2_f0,SLSTM,rate,0.9794779858501056,0.9818084873779387,0.9789989795119759,0.9795316857607991,0.9767902885416841,0.9818084873779387,0.9990053071428502,0.9585856408662917,0.9580102767033714,0.9679328663438485,0.004315891587970937,0.9794779858501056,0.9821706702158363,,,,,,318.7106382277765,0.9019351882376072,309.0388916190565,294.96024906449816,23.75038916327836,158817.83300708592,79618,1130.7718851566315,0.3098027765704575,10,25,128,128,0.001,42,ctu13_v2_f0,855476eadf4b4a098dcda7f57266971095f0fc80129808ea8bf3e21c9399c806,0
ctu13_v2_f0,SLSTM,rate,0.9787724129221427,0.9812062764834895,0.9782817366597785,0.9788300225043172,0.9760090441144869,0.9812062764834895,0.999034912401531,0.9572012112211253,0.9565773093179303,0.9667152461097268,0.004302693142747785,0.9787724129221427,0.9815461870393706,,,,,,276.1637697910461,0.9150265323719858,309.1090288626,251.72531249742616,24.43845729361992,158767.27340264604,79618,1113.6563527584076,0.2995106171940207,10,25,128,128,0.001,43,ctu13_v2_f0,855476eadf4b4a098dcda7f57266971095f0fc80129808ea8bf3e21c9399c806,0
ctu13_v2_f0,SLSTM,rate,0.9652567104927205,0.9698420125103198,0.9646059965089395,0.9654120370326653,0.9615055800744738,0.9698420125103198,0.9989405967717495,0.9313102824020216,0.9292874547432411,0.9425414884114522,0.002857463390812562,0.9652567104927205,0.9694050977803887,,,,,,270.2920577746175,0.9168332129924254,309.0532062386923,249.16591945486942,21.12613831974808,158733.5734331202,79618,1093.738049030304,0.3171257418659169,10,25,128,128,0.001,44,ctu13_v2_f0,855476eadf4b4a098dcda7f57266971095f0fc80129808ea8bf3e21c9399c806,0
ctu13_v2_f0,SLSTM,rate,0.9810730748428933,0.9829492851963655,0.9806137769752986,0.9811149535675726,0.9786928649826085,0.9829492851963655,0.9989947159660633,0.9616327302498623,0.9612353746931921,0.9717784777396455,0.005879907346914534,0.9810730748428933,0.983597742607802,,,,,,242.0257794933602,0.9255305293866584,309.0340102623798,217.6419862564277,24.383793236932487,158660.6972268513,79618,1091.45303440094,0.30025260905331536,10,25,128,128,0.001,45,ctu13_v2_f0,855476eadf4b4a098dcda7f57266971095f0fc80129808ea8bf3e21c9399c806,0
ctu13_v2_f0,SLSTM,rate,0.9771855601892143,0.9797337399854288,0.9766648432455018,0.9772503112660399,0.9743163306739251,0.9797337399854288,0.9988066265960294,0.9540346896216456,0.9533461518022016,0.9645620798269945,0.005094599856136947,0.9771855601892143,0.9801506733483974,,,,,,261.9755465444772,0.9193921395247763,309.0466529212641,242.1577435942489,19.81780295022828,158716.20178287572,79618,1090.7697298526764,0.30027020752993044,10,25,128,128,0.001,46,ctu13_v2_f0,855476eadf4b4a098dcda7f57266971095f0fc80129808ea8bf3e21c9399c806,0
ctu13_v2_f0,SLSTM,delta,0.6069492069854465,0.6531653279842196,0.5958852561223241,0.5846546181168281,0.6981649564511914,0.6531653279842196,0.7386584920674323,0.34843651100207806,0.2746740795791325,0.37799821353015844,0.07166755756171923,0.6069492069854465,0.529018929250528,,,,,,83.31236564601105,0.9743654259550735,21.362458578476456,64.18839895344591,19.12396669256513,11065.955590086838,79618,1086.4584159851074,0.3365708410456638,10,25,128,128,0.001,42,ctu13_v2_f0,855476eadf4b4a098dcda7f57266971095f0fc80129808ea8bf3e21c9399c806,0
ctu13_v2_f0,SLSTM,delta,0.5111862135991632,0.5810799530107676,0.4559842314781672,0.42687839788441245,0.7239077839216491,0.5810799530107676,0.7748739085673124,0.26947677153411514,0.138815768863792,0.16493817874100888,0.002778272719473646,0.5111862135991632,0.2826904095240014,,,,,,80.05035100194101,0.9753691227686335,21.362458578476456,70.61268988010751,9.437661121833502,11078.80417194016,79618,1109.92236328125,0.32471717524075483,10,25,128,128,0.001,43,ctu13_v2_f0,855476eadf4b4a098dcda7f57266971095f0fc80129808ea8bf3e21c9399c806,0
ctu13_v2_f0,SLSTM,delta,0.6070700054633857,0.6532848880681579,0.5960132283094375,0.584788009571206,0.6983051795586035,0.6532848880681579,0.7396091994817433,0.3486957828937798,0.2748908278921617,0.3781251469136383,0.07155537077732244,0.6070700054633857,0.529179167324596,,,,,,111.7406621403843,0.9656182578029586,21.362458578476456,88.82417781535953,22.91648432502478,11115.227147810665,79618,1114.6131479740143,0.3133214147804977,10,25,128,128,0.001,44,ctu13_v2_f0,855476eadf4b4a098dcda7f57266971095f0fc80129808ea8bf3e21c9399c806,0
ctu13_v2_f0,SLSTM,delta,0.6069876428647908,0.6532115225425006,0.5959194889423929,0.5846871937263196,0.6982449682361769,0.6532115225425006,0.7395961788379625,0.34855939763463173,0.2747536479750595,0.37799821353015844,0.07157516844515716,0.6069876428647908,0.5290432951704171,,,,,,334.29873189052364,0.8971388517259927,21.362458578476456,293.9951406066829,40.30359128384073,11525.569073393312,79618,1109.6726825237274,0.32985618765410846,10,25,128,128,0.001,45,ctu13_v2_f0,855476eadf4b4a098dcda7f57266971095f0fc80129808ea8bf3e21c9399c806,0
ctu13_v2_f0,SLSTM,delta,0.5139535969119516,0.5834465291897787,0.4601251178014456,0.4314932567537172,0.7247378816377132,0.5834465291897787,0.7389264344199531,0.27388754042585045,0.14298533278005043,0.16969112876686568,0.002798070387308375,0.5139535969119516,0.2896532907486689,,,,,,100.43589856222357,0.969096646596239,21.362458578476456,77.90858300639957,22.527315555823996,11093.395958192745,79618,1115.596571445465,0.3003667471460508,10,25,128,128,0.001,46,ctu13_v2_f0,855476eadf4b4a098dcda7f57266971095f0fc80129808ea8bf3e21c9399c806,0
ctu13_v2_f0,Synaptic,rate,0.9078417430122199,0.9209843646409708,0.9073001585158128,0.9084902204653365,0.9092017764449786,0.9209843646409708,0.9970917081221464,0.8301025234671822,0.8161493280504643,0.8427342391048845,0.0007655098229428574,0.9078417430122199,0.9143856928617338,,,,,,1206.4694915207704,0.628778617993609,309.0388916190565,1197.3911674349267,9.078324085843791,41951.76046210909,3586,1115.3329911231995,0.29904438651186727,10,25,128,128,0.001,42,ctu13_v2_f0,855476eadf4b4a098dcda7f57266971095f0fc80129808ea8bf3e21c9399c806,0
ctu13_v2_f0,Synaptic,rate,0.9194987961333505,0.9310429070052699,0.9188756698196556,0.9200698244571557,0.9189059352918569,0.9310429070052699,0.9983376965903444,0.8498621820270942,0.8387992014751262,0.8623101875793333,0.00022437356879359611,0.9194987961333505,0.9259855717047905,,,,,,1056.006223867034,0.6750750080409127,309.1090288626,1045.5843708732907,10.421852993743189,41657.12443615938,3586,1103.9068274497986,0.3447125446031794,10,25,128,128,0.001,43,ctu13_v2_f0,855476eadf4b4a098dcda7f57266971095f0fc80129808ea8bf3e21c9399c806,0
ctu13_v2_f0,Synaptic,rate,0.9631509733886444,0.9683617459929508,0.9625013717224649,0.9633303214968096,0.9593193512717739,0.9683617459929508,0.9984362636632671,0.9276370267081785,0.9251033862267266,0.9373372196887781,0.0006137277028766011,0.9631509733886444,0.9674368728529006,,,,,,1326.3326186090055,0.5918976558126137,309.0532062386923,1316.155868472421,10.176750136584642,42191.122135497455,3586,1117.2538905143738,0.3317376929835765,10,25,128,128,0.001,44,ctu13_v2_f0,855476eadf4b4a098dcda7f57266971095f0fc80129808ea8bf3e21c9399c806,0
ctu13_v2_f0,Synaptic,rate,0.9716864840230286,0.975608133464835,0.9711162251043595,0.9717978728157198,0.9681764970751463,0.975608133464835,0.9987826277602648,0.9437553706464723,0.9422768077478807,0.9522589441022989,0.0010426771726290644,0.9716864840230286,0.9751747014488846,,,,,,1254.2779710248378,0.6140683166077422,309.0340102623798,1244.0709608695295,10.207010155308406,42044.49523532367,3586,1122.7956335544586,0.3258305652562786,10,25,128,128,0.001,45,ctu13_v2_f0,855476eadf4b4a098dcda7f57266971095f0fc80129808ea8bf3e21c9399c806,0
ctu13_v2_f0,Synaptic,rate,0.9489489159709315,0.9561355684626993,0.9482305132396809,0.9492547913204519,0.9453058706246125,0.9561355684626993,0.9977372197796178,0.9013763840641373,0.8967244856864907,0.9133468102110855,0.0010756732856869462,0.9489489159709315,0.9543289835957668,,,,,,1103.1053527452827,0.6605829683860669,309.0466529212641,1065.5801621445025,37.52519060078025,41689.13189821081,3586,1121.7579507827759,0.3514985475575167,10,25,128,128,0.001,46,ctu13_v2_f0,855476eadf4b4a098dcda7f57266971095f0fc80129808ea8bf3e21c9399c806,0
ctu13_v2_f0,Synaptic,delta,0.5113289754367277,0.5812591247434141,0.456071094884618,0.42695285344187744,0.7247866870356534,0.5812591247434141,0.7410316306739914,0.2703033069904175,0.13911484114947326,0.16490056884960744,0.0023823193627790645,0.5113289754367277,0.2827033975828843,,,,,,151.9476036601939,0.9532468911814788,21.362458578476456,150.48738616802518,1.4602174921686897,3035.369470381037,3586,1135.313101053238,0.259149068107036,10,25,128,128,0.001,42,ctu13_v2_f0,855476eadf4b4a098dcda7f57266971095f0fc80129808ea8bf3e21c9399c806,0
ctu13_v2_f0,Synaptic,delta,0.5138684888934035,0.5833727110320952,0.46000042229416044,0.4313547271163408,0.7246976413586829,0.5833727110320952,0.740333791906242,0.27374186031800707,0.14285547732472303,0.16955009167411028,0.0028046696099199514,0.5138684888934035,0.289446227929374,,,,,,64.98166334013283,0.9800056420491899,21.362458578476456,63.46656764852035,1.5150956916124676,2861.327833342027,3586,1134.2074856758118,0.2588254403302552,10,25,128,128,0.001,43,ctu13_v2_f0,855476eadf4b4a098dcda7f57266971095f0fc80129808ea8bf3e21c9399c806,0
ctu13_v2_f0,Synaptic,delta,0.6043053675705504,0.6509282544521051,0.5927760997109771,0.5812677127535774,0.6967411185327406,0.6509282544521051,0.7071173548462492,0.3446377437199891,0.2704278108250642,0.3733392882328052,0.07148277932859509,0.6043053675705504,0.5242560776352924,,,,,,95.82244820078904,0.9705161697843726,21.362458578476456,93.98394752953385,1.8385006712551786,2922.362593104054,3586,1045.7562925815582,0.13366368043251958,10,25,128,128,0.001,44,ctu13_v2_f0,855476eadf4b4a098dcda7f57266971095f0fc80129808ea8bf3e21c9399c806,0
ctu13_v2_f0,Synaptic,delta,0.6079952119876016,0.6540941282814783,0.5970774552034852,0.5859377306165763,0.6989161840702909,0.6540941282814783,0.7104767259272483,0.35015320067301714,0.276412862592727,0.3796248413332706,0.07143658477031406,0.6079952119876016,0.5307524196066188,,,,,,126.59404847862554,0.9610479850834999,21.362458578476456,96.79112844996335,29.802920028662186,2927.9769549449134,3586,689.9745562076569,0.08034509747985376,10,25,128,128,0.001,45,ctu13_v2_f0,855476eadf4b4a098dcda7f57266971095f0fc80129808ea8bf3e21c9399c806,0
ctu13_v2_f0,Synaptic,delta,0.6070535329436667,0.65326414140723,0.595999310580507,0.5847751954370068,0.698266772995592,0.65326414140723,0.7762327899376573,0.3486384186101789,0.2748554932860595,0.37812984815006345,0.07160156533560347,0.6070535329436667,0.5291718203110608,,,,,,130.5533009556807,0.9598297535520982,21.362458578476456,122.19653088734718,8.356770068333503,2978.787759819681,3586,651.676370382309,0.06247810565708876,10,25,128,128,0.001,46,ctu13_v2_f0,855476eadf4b4a098dcda7f57266971095f0fc80129808ea8bf3e21c9399c806,0
ctu13_v2_f1,Alpha,rate,0.7858673391990292,0.7662463686825272,0.76587625398704,0.7718275261096875,0.8511090596930249,0.7662463686825272,0.8516281775205037,0.6114949293487381,0.5523648595169972,0.9918009193437246,0.4593081819786702,0.7858673391990292,0.8342896134769465,,,,,,205.39049700394418,0.9368029239987864,308.2547405946602,198.0348481113471,7.355648892597087,39852.6764923392,3586,2983.509726047516,0.386801358420872,10,25,128,128,0.001,45,ctu13_v2_f1,66ce4986e742f210d51d52fffc99f6522e778aa17764358a73256f0b92483896,1
ctu13_v2_f1,Alpha,rate,0.7853316520024272,0.7655599154048621,0.7650385945839902,0.7710453631486398,0.8517654050667611,0.7655599154048621,0.8902092319801768,0.6112766680052042,0.551108425762522,0.9928476104913343,0.46172777968161,0.7853316520024272,0.8340899181862481,,,,,,189.7368732933859,0.9416194236020351,308.2827053625607,182.71476790048544,7.022105392900485,39825.61582220874,3586,2983.59881567955,0.38638852369401927,10,25,128,128,0.001,43,ctu13_v2_f1,66ce4986e742f210d51d52fffc99f6522e778aa17764358a73256f0b92483896,1
ctu13_v2_f1,Alpha,rate,0.7905984526699029,0.7714066464193499,0.7716982525645031,0.7774124693228991,0.8537574357268928,0.7714066464193499,0.8775821328948289,0.6197164489556323,0.5626117477007408,0.9920277024257067,0.44921440958700687,0.7905984526699029,0.8373865217679411,,,,,,190.41525712985438,0.941410690113891,308.26123520934465,182.7789508115898,7.636306318264563,39822.99600841929,3586,2983.642819881439,0.3863927971535516,10,25,128,128,0.001,46,ctu13_v2_f1,66ce4986e742f210d51d52fffc99f6522e778aa17764358a73256f0b92483896,1
ctu13_v2_f1,Alpha,rate,0.7870335254854369,0.767570206212222,0.7674028178014798,0.7732809465505516,0.8512839858687993,0.767570206212222,0.8533783381360567,0.6131659760226946,0.5549400769207644,0.9913124634748401,0.45617205105039615,0.7870335254854369,0.8349753513624708,,,,,,217.04989475879853,0.9332154169972927,308.24462416565535,209.83641630006068,7.213478458737864,39874.984725804,3586,2983.661633014679,0.3860074488753543,10,25,128,128,0.001,42,ctu13_v2_f1,66ce4986e742f210d51d52fffc99f6522e778aa17764358a73256f0b92483896,1
ctu13_v2_f1,Alpha,delta,0.8883826987257282,0.8843582332294617,0.8866626088064729,0.8878772026425577,0.8913941025098183,0.8843582332294617,0.9348039344319563,0.7757204283428524,0.7736265033000154,0.9306218217659424,0.1619053553070189,0.8883826987257282,0.9006250764990651,,,,,,38.037711430521846,0.9882960887906087,19.467247231492717,34.56960615139563,3.4681052791262137,2560.946857933859,3586,3043.5685651302338,0.4753457242170873,10,25,128,128,0.001,42,ctu13_v2_f1,66ce4986e742f210d51d52fffc99f6522e778aa17764358a73256f0b92483896,1
ctu13_v2_f1,Alpha,rate,0.7829518734830098,0.7629675239537395,0.7620930061796936,0.7682209934840251,0.8504192376901755,0.7629675239537395,0.8444753759707887,0.6071206775630108,0.545948844187642,0.9926993292454229,0.46676428133794406,0.7829518734830098,0.832537810208299,,,,,,203.7766421419903,0.9372994947255414,308.24771503337377,196.88095892748785,6.895683214502427,39849.46944212682,3586,3276.3855822086334,0.5490671463527725,10,25,128,128,0.001,44,ctu13_v2_f1,66ce4986e742f210d51d52fffc99f6522e778aa17764358a73256f0b92483896,1
ctu13_v2_f1,Lapicque,rate,0.7783108313106796,0.7601572317629941,0.7602007650219358,0.7659333804505791,0.8284970447584681,0.7601572317629941,0.7889231887685355,0.5846738639846575,0.5380298850761311,0.9688434935061536,0.44852902998016553,0.7783108313106796,0.8261005377183783,,,,,,507.8013406401699,0.8437534336491785,308.24462416565535,486.28928056735435,21.512060072815533,40427.890454338594,3586,2164.1749053001404,0.4385935856951672,10,25,128,128,0.001,42,ctu13_v2_f1,66ce4986e742f210d51d52fffc99f6522e778aa17764358a73256f0b92483896,1
ctu13_v2_f1,Lapicque,rate,0.7690714123179612,0.7500316806261504,0.7487932301791793,0.7550019072393406,0.8229294059074076,0.7500316806261504,0.6836345719204214,0.5683047847155026,0.5179630388604015,0.9689045504897642,0.46884118923746326,0.7690714123179612,0.8201656102216136,,,,,,611.7560679611651,0.8117673637042568,308.2827053625607,584.9584439472087,26.797624013956312,40630.10317430218,3586,2188.135132074356,0.43460850838969634,10,25,128,128,0.001,43,ctu13_v2_f1,66ce4986e742f210d51d52fffc99f6522e778aa17764358a73256f0b92483896,1
ctu13_v2_f1,Alpha,delta,0.9202489760315534,0.91315655950593,0.918127635205157,0.9192740526448382,0.9339855048155233,0.91315655950593,0.9862124284672835,0.8468859617328082,0.8371700753074014,0.9946880424258812,0.16837492341402122,0.9202489760315534,0.9313063752812383,,,,,,35.623179611650485,0.9890390216579537,19.467247231492717,32.71697227700243,2.9062073346480584,2557.2415901850727,3586,2966.0619707107544,0.4787553990151263,10,25,128,128,0.001,43,ctu13_v2_f1,66ce4986e742f210d51d52fffc99f6522e778aa17764358a73256f0b92483896,1
ctu13_v2_f1,Alpha,delta,0.8759054535800971,0.8728454469886922,0.8743544355451178,0.8755688051718562,0.8769158054218225,0.8728454469886922,0.9263973124853445,0.749750203600112,0.7488567496110239,0.9080220154038047,0.16233112142642034,0.8759054535800971,0.8883143258199256,,,,,,51.04514468294903,0.9842938016360157,19.467247231492717,45.99950697815534,5.045637704793689,2583.806659587379,3586,3032.1003453731537,0.4365682529592977,10,25,128,128,0.001,45,ctu13_v2_f1,66ce4986e742f210d51d52fffc99f6522e778aa17764358a73256f0b92483896,1
ctu13_v2_f1,Alpha,delta,0.8887619462985437,0.8847486831103528,0.8870503790013472,0.8882598856791903,0.8917674139983722,0.8847486831103528,0.9390008112379936,0.7764843762019225,0.7743994373077308,0.9308834945528448,0.1613861283321391,0.8887619462985437,0.9009543668297377,,,,,,36.97520194933252,0.9886230147848207,19.467247231492717,34.184949560072816,2.7902523892597086,2560.1775447512136,3586,3032.6138892173767,0.4363055973883393,10,25,128,128,0.001,44,ctu13_v2_f1,66ce4986e742f210d51d52fffc99f6522e778aa17764358a73256f0b92483896,1
ctu13_v2_f1,Alpha,delta,0.888501213592233,0.884469756727239,0.8867803977836766,0.8879946164288742,0.8915307518073547,0.884469756727239,0.9399618365243253,0.7759683831152059,0.7738632723766108,0.9308137151430042,0.16187420168852612,0.888501213592233,0.900738552437223,,,,,,40.553331689927184,0.9875220517877147,19.467247231492717,37.68302013804612,2.870311551881068,2567.1736859071602,3586,3032.731635570526,0.4360183928776713,10,25,128,128,0.001,46,ctu13_v2_f1,66ce4986e742f210d51d52fffc99f6522e778aa17764358a73256f0b92483896,1
ctu13_v2_f1,Lapicque,rate,0.7852889866504854,0.7664165435380178,0.7665066729682561,0.7722674447819371,0.84366324106915,0.7664165435380178,0.8222429825996543,0.6051696384542619,0.5518558719135324,0.9833663331792372,0.45053324610320156,0.7852889866504854,0.8327301198055929,,,,,,595.8918054080704,0.8166486752590553,308.2547405946602,568.750042665352,27.141762742718445,40594.10688144721,3586,1776.1305043697357,0.34927000580988465,10,25,128,128,0.001,45,ctu13_v2_f1,66ce4986e742f210d51d52fffc99f6522e778aa17764358a73256f0b92483896,1
ctu13_v2_f1,Lapicque,rate,0.7891430901092233,0.7699563924041091,0.7701381856596395,0.7758877528288731,0.8517003486540088,0.7699563924041091,0.8258085987503112,0.6162588979638463,0.5595866487662067,0.9905187226879029,0.4506059378796847,0.7891430901092233,0.8362328285450241,,,,,,505.9598187196602,0.8443200557785661,308.24771503337377,483.637444060983,22.322374658677184,40422.98241239381,3586,2051.3902254104614,0.34860619886335237,10,25,128,128,0.001,44,ctu13_v2_f1,66ce4986e742f210d51d52fffc99f6522e778aa17764358a73256f0b92483896,1
ctu13_v2_f1,Lapicque,rate,0.7665067506067961,0.7490908780047385,0.7488183611744121,0.7546167452911053,0.8078193961325271,0.7490908780047385,0.735149854649884,0.5538050330198871,0.5142632826135582,0.949296536324544,0.4511147803150669,0.7665067506067961,0.8154741834693281,,,,,,466.8378147754854,0.8563575954536968,308.26123520934465,447.77814016990294,19.059674605582526,40352.99438713592,3586,1862.205203294754,0.38320531964627574,10,25,128,128,0.001,46,ctu13_v2_f1,66ce4986e742f210d51d52fffc99f6522e778aa17764358a73256f0b92483896,1
ctu13_v2_f1,Lapicque,delta,0.8767397982402912,0.8737601175211144,0.8752228074885755,0.8764196250772072,0.8776659757807759,0.8737601175211144,0.911871633497082,0.7514159420495393,0.7505823536065432,0.9080132929775746,0.16049305793534585,0.8767397982402912,0.8889809268028163,,,,,,236.52633874393203,0.9272226650018671,19.467247231492717,211.79379361347088,24.732545130461165,2915.39523285801,3586,1983.7006874084473,0.3135280923248784,10,25,128,128,0.001,42,ctu13_v2_f1,66ce4986e742f210d51d52fffc99f6522e778aa17764358a73256f0b92483896,1
ctu13_v2_f1,Lapicque,delta,0.8867614153519418,0.8825500657666563,0.8849585717973455,0.8862113524701535,0.8900672724324785,0.8825500657666563,0.9609802667482722,0.7725807678746991,0.7702576405887738,0.9309619963889155,0.16586186485560298,0.8867614153519418,0.8993600195491066,,,,,,225.9727036559466,0.9304699373366319,19.467247231492717,208.30207543234224,17.670628223604368,2908.4117964957522,3586,1983.5610527992249,0.3132414732815571,10,25,128,128,0.001,43,ctu13_v2_f1,66ce4986e742f210d51d52fffc99f6522e778aa17764358a73256f0b92483896,1
ctu13_v2_f1,Lapicque,delta,0.8882736650485437,0.8842138793262266,0.8865407080864122,0.8877604917555765,0.8913480928063461,0.8842138793262266,0.9303783566373247,0.7755291584564604,0.7733896388057802,0.9308834945528448,0.1624557359003915,0.8882736650485437,0.9005628359506188,,,,,,232.36971423695388,0.9285016263886295,19.467247231492717,216.01538322967232,16.354331007281555,2923.8384120904125,3586,1983.9584300518036,0.3126701125332597,10,25,128,128,0.001,44,ctu13_v2_f1,66ce4986e742f210d51d52fffc99f6522e778aa17764358a73256f0b92483896,1
ctu13_v2_f1,Lapicque,delta,0.8759813030946602,0.8729127332286315,0.8744282851943025,0.8756430803037087,0.8770055060472912,0.8729127332286315,0.9186035708028587,0.7499070707823438,0.7490056458167176,0.9081877415021763,0.16236227504491313,0.8759813030946602,0.8883930666416386,,,,,,215.10827044144418,0.933812839864171,19.467247231492717,196.9575906401699,18.150679801274272,2885.722826911408,3586,1830.8764350414276,0.32044357046014765,10,25,128,128,0.001,45,ctu13_v2_f1,66ce4986e742f210d51d52fffc99f6522e778aa17764358a73256f0b92483896,1
ctu13_v2_f1,Lapicque,delta,0.8882499620752428,0.8841879179774826,0.8865159622079996,0.8877362459113135,0.8913277500725217,0.8841879179774826,0.9453189939780122,0.7754828007046316,0.7733406150329092,0.9308834945528448,0.16250765859787947,0.8882499620752428,0.9005438382576924,,,,,,244.4554241884102,0.9247829464035661,19.467247231492717,223.6013823574029,20.854041831007283,2939.010410345874,3586,1831.1072266101837,0.31657837607075,10,25,128,128,0.001,46,ctu13_v2_f1,66ce4986e742f210d51d52fffc99f6522e778aa17764358a73256f0b92483896,1
ctu13_v2_f1,Leaky,rate,0.7824825546116505,0.7632670936930575,0.762914652143191,0.7688397207926784,0.8427648937393993,0.7632670936930575,0.8670436138654547,0.6007951976997863,0.5456956375314675,0.9841600739661744,0.4576258865800596,0.7824825546116505,0.8310267873583113,,,,,,307.9729454262743,0.9052390937149926,308.24462416565535,282.8722978610437,25.10064756523058,40021.05648892597,3586,1486.972892522812,0.30708576900685586,10,25,128,128,0.001,42,ctu13_v2_f1,66ce4986e742f210d51d52fffc99f6522e778aa17764358a73256f0b92483896,1
ctu13_v2_f1,Leaky,rate,0.7781638728762136,0.7589599437784852,0.7582841793598022,0.7643143037672103,0.836720566591207,0.7589599437784852,0.8312862095072058,0.5905832337393897,0.5367183855880333,0.9797203590150636,0.46180047145809316,0.7781638728762136,0.8276039920571472,,,,,,290.1728610436893,0.9107160427557879,308.2827053625607,262.18065932190535,27.99220172178398,39984.54760505158,3586,1470.8206870555878,0.260464854999581,10,25,128,128,0.001,43,ctu13_v2_f1,66ce4986e742f210d51d52fffc99f6522e778aa17764358a73256f0b92483896,1
ctu13_v2_f1,Leaky,rate,0.7960216929611651,0.7773914800701978,0.7784275448913822,0.7838589337591948,0.8561990642684385,0.7773914800701978,0.8998034600788694,0.6286702971734601,0.5743985435729866,0.9915566914092824,0.43677373126888686,0.7960216929611651,0.8408645418031999,,,,,,270.8452859526699,0.9166629889376401,308.24771503337377,242.34936760467232,28.495918347997574,39940.40625948119,3586,1471.1007838249207,0.25965091862797157,10,25,128,128,0.001,44,ctu13_v2_f1,66ce4986e742f210d51d52fffc99f6522e778aa17764358a73256f0b92483896,1
ctu13_v2_f1,Leaky,rate,0.7944004095873787,0.7760312521329878,0.7770897353897759,0.7824934314894971,0.8517635700318316,0.7760312521329878,0.8827592966607983,0.6232102011060359,0.5712584706235138,0.9871954782942424,0.43513297402826673,0.7944004095873787,0.8392083877090996,,,,,,292.41473092384706,0.9100262366388163,308.2547405946602,262.58954035194176,29.82519057190534,39981.78587682039,3586,1470.9025037288666,0.25957888693015263,10,25,128,128,0.001,45,ctu13_v2_f1,66ce4986e742f210d51d52fffc99f6522e778aa17764358a73256f0b92483896,1
ctu13_v2_f1,Leaky,rate,0.7854880916262136,0.7670551335241488,0.7674336969314705,0.7730705115544081,0.8402857830902617,0.7670551335241488,0.8689521866469534,0.6029098282149309,0.552677256860615,0.9789527855068165,0.44484251845851897,0.7854880916262136,0.8322321832432392,,,,,,260.0061201077063,0.9199981168899365,308.26123520934465,234.67225424757282,25.333865860133496,39926.78261529126,3586,1469.8093438148499,0.30833174298219024,10,25,128,128,0.001,46,ctu13_v2_f1,66ce4986e742f210d51d52fffc99f6522e778aa17764358a73256f0b92483896,1
ctu13_v2_f1,Leaky,delta,0.8888283146237864,0.8848213748868361,0.887119640816278,0.8883277541121505,0.8918244475859949,0.8848213748868361,0.9619727596883388,0.7766142482193268,0.7745366780424627,0.9308834945528448,0.16124074477917277,0.8888283146237864,0.9010076109026285,,,,,,140.81546287166262,0.9566721652702577,19.467247231492717,107.1001450621966,33.71531780946602,2706.007935755461,3586,1470.2717669010162,0.3053412266364954,10,25,128,128,0.001,42,ctu13_v2_f1,66ce4986e742f210d51d52fffc99f6522e778aa17764358a73256f0b92483896,1
ctu13_v2_f1,Leaky,delta,0.8887951304611651,0.8848673036053365,0.8871113908854398,0.8883107007687779,0.8916410310735117,0.8848673036053365,0.9547097189064032,0.7764787894346535,0.7745053991939945,0.9300199743560669,0.16028536714539393,0.8887951304611651,0.9008981605873954,,,,,,160.1216436589806,0.9507318019510829,19.467247231492717,127.09796912924757,33.02367452973301,2746.0035838895633,3586,1478.6327185630798,0.3270937934590196,10,25,128,128,0.001,43,ctu13_v2_f1,66ce4986e742f210d51d52fffc99f6522e778aa17764358a73256f0b92483896,1
ctu13_v2_f1,Leaky,delta,0.8887619462985437,0.8848268024339261,0.8870754470226974,0.8882759304282515,0.8916201844959369,0.8848268024339261,0.9410165380615222,0.7764172676290904,0.7744349038017284,0.9300635864872173,0.1604099816193651,0.8887619462985437,0.9008757070500121,,,,,,77.02137534132281,0.976301115279593,19.467247231492717,54.43280207069175,22.588573270631066,2600.6732497724515,3586,1504.1798639297485,0.2718777531414356,10,25,128,128,0.001,44,ctu13_v2_f1,66ce4986e742f210d51d52fffc99f6522e778aa17764358a73256f0b92483896,1
ctu13_v2_f1,Leaky,delta,0.8762609981796117,0.873334594015903,0.8747562195744978,0.8759504366579612,0.8771034617691544,0.873334594015903,0.9297768304183835,0.7504285916769933,0.7496421204444768,0.9069753242561951,0.16030613622438913,0.8762609981796117,0.8884844445583724,,,,,,147.13881883343447,0.9547265172820202,19.467247231492717,114.87277666110437,32.266042172330096,2721.5531989532765,3586,1504.2626361846924,0.27155383485505014,10,25,128,128,0.001,45,ctu13_v2_f1,66ce4986e742f210d51d52fffc99f6522e778aa17764358a73256f0b92483896,1
ctu13_v2_f1,Leaky,delta,0.8890748255461165,0.8850980213668436,0.8873789992441871,0.8885811786005867,0.892023796777105,0.8850980213668436,0.9627511139259163,0.7770909559828392,0.7750494112423754,0.9308137151430042,0.160617672409317,0.8890748255461165,0.901198755220011,,,,,,138.23748957069174,0.9574653878244025,19.467247231492717,104.23258305521844,34.0049065154733,2700.272811741505,3586,1504.0501596927643,0.27147648195980245,10,25,128,128,0.001,46,ctu13_v2_f1,66ce4986e742f210d51d52fffc99f6522e778aa17764358a73256f0b92483896,1
ctu13_v2_f1,RLeaky,rate,0.7960264335558253,0.7773975033965803,0.7784346233895918,0.7838655646327214,0.8561943039464414,0.7773975033965803,0.9522952511552869,0.6286729217608327,0.5744095334262543,0.9915479689830523,0.4367529621898917,0.7960264335558253,0.8408664745934471,,,,,,158.90932664593447,0.9511048225704817,308.24462416565535,136.43898380612865,22.470342839805824,39728.18986081614,20098,1609.4776699543,0.31252341453456184,10,25,128,128,0.001,42,ctu13_v2_f1,66ce4986e742f210d51d52fffc99f6522e778aa17764358a73256f0b92483896,1
ctu13_v2_f1,RLeaky,rate,0.7834069705703883,0.7638416194480826,0.763314338113116,0.7693132610982765,0.8471602843026149,0.7638416194480826,0.9454829515335201,0.6052944130535443,0.5472914222274671,0.9887567925894267,0.4610735536932615,0.7834069705703883,0.8322754721829628,,,,,,148.34496833282768,0.95435539435913,308.2827053625607,126.18267407463593,22.162294258191746,39712.551634557036,20098,1609.4094469547272,0.3083579714672224,10,25,128,128,0.001,43,ctu13_v2_f1,66ce4986e742f210d51d52fffc99f6522e778aa17764358a73256f0b92483896,1
ctu13_v2_f1,RLeaky,rate,0.7931583737864077,0.7742686460480639,0.7749418484821913,0.7805117694894956,0.8545741124028092,0.7742686460480639,0.9360626715138813,0.6236940331040934,0.5682117039337204,0.9914171325896011,0.44287984049347334,0.7931583737864077,0.8389713534938994,,,,,,114.67089369690534,0.9647166480932599,308.24771503337377,96.01563922178399,18.65525447512136,39647.738802715416,20098,1619.6008694171906,0.3421567380428314,10,25,128,128,0.001,44,ctu13_v2_f1,66ce4986e742f210d51d52fffc99f6522e778aa17764358a73256f0b92483896,1
ctu13_v2_f1,RLeaky,rate,0.7823687803398058,0.7623039430756245,0.7613192717212215,0.7674852011502333,0.8503611410535066,0.7623039430756245,0.8605974707766971,0.606303913227714,0.5446571643717192,0.9929610020323253,0.46835311588107625,0.7823687803398058,0.8322002427007033,,,,,,149.12394758798544,0.954115708434466,308.2547405946602,128.2640037166262,20.859943871359224,39713.13480354976,20098,1642.6304774284363,0.28582427365868124,10,25,128,128,0.001,45,ctu13_v2_f1,66ce4986e742f210d51d52fffc99f6522e778aa17764358a73256f0b92483896,1
ctu13_v2_f1,RLeaky,delta,0.8893023740898058,0.885353898767856,0.8876185119210365,0.888815168549243,0.8922070728365135,0.885353898767856,0.9602142669035045,0.7775307701740914,0.7755228827083528,0.9307439357331635,0.16003613819745163,0.8893023740898058,0.9013747809008933,,,,,,159.7541195767597,0.9508448862840739,19.467247231492717,135.17618894114077,24.577930635618934,2762.1600235133496,20098,1642.8311758041382,0.28462413115227975,10,25,128,128,0.001,42,ctu13_v2_f1,66ce4986e742f210d51d52fffc99f6522e778aa17764358a73256f0b92483896,1
ctu13_v2_f1,RLeaky,rate,0.7897119614684466,0.770599410133175,0.7708725723804682,0.776587896165156,0.8518211160651096,0.770599410133175,0.9287925459628205,0.6170983275933065,0.5608383898901105,0.9903093844583809,0.4491105641920309,0.7897119614684466,0.8365735674996593,,,,,,132.4346319402306,0.9592508824799291,308.26123520934465,114.7591825318568,17.675449408373787,39686.95647185983,20098,1642.5400795936584,0.28559808660009245,10,25,128,128,0.001,46,ctu13_v2_f1,66ce4986e742f210d51d52fffc99f6522e778aa17764358a73256f0b92483896,1
ctu13_v2_f1,RLeaky,delta,0.8891269720873787,0.8851576295039816,0.8874342026769386,0.8886350036156109,0.8920639484441821,0.8851576295039816,0.9601149338969597,0.7771908928872814,0.7751583583362011,0.930787547864314,0.16047228885635068,0.8891269720873787,0.9012381129334662,,,,,,863.4751498027913,0.7343153385222181,19.467247231492717,860.7782966095267,2.696853193264563,4213.364238850121,20098,1701.0464248657227,0.3282270514071711,10,25,128,128,0.001,43,ctu13_v2_f1,66ce4986e742f210d51d52fffc99f6522e778aa17764358a73256f0b92483896,1
ctu13_v2_f1,RLeaky,delta,0.8887572057038835,0.8848257654473461,0.8870718298241589,0.888271932555744,0.8916083436172122,0.8848257654473461,0.9801286422843746,0.7764044837275503,0.774426988626737,0.9300199743560669,0.16036844346137472,0.8887572057038835,0.9008677137811874,,,,,,182.53053891080097,0.9438367572582151,19.467247231492717,167.99443454186894,14.536104368932039,2827.7965147148057,20098,1701.033510684967,0.3252443055016468,10,25,128,128,0.001,44,ctu13_v2_f1,66ce4986e742f210d51d52fffc99f6522e778aa17764358a73256f0b92483896,1
ctu13_v2_f1,RLeaky,delta,0.8889231265169902,0.8850116501717229,0.8872462252107489,0.8884423822163672,0.8917436472387115,0.8850116501717229,0.9615102454221117,0.7767261243647353,0.774771910445153,0.9299763622249165,0.15995306188147088,0.8889231265169902,0.9009967507362604,,,,,,977.0776983464806,0.6993607082010829,19.467247231492717,962.6531164669296,14.42458187955097,4417.113878564927,20098,1700.6905448436737,0.3476217931624755,10,25,128,128,0.001,45,ctu13_v2_f1,66ce4986e742f210d51d52fffc99f6522e778aa17764358a73256f0b92483896,1
ctu13_v2_f1,RLeaky,delta,0.8888140928398058,0.8848814242312616,0.8871290479200786,0.8883287287719833,0.8916697768824162,0.8848814242312616,0.9623280671053411,0.7765215297848341,0.774541587614071,0.9300897537659075,0.1603269053033843,0.8888140928398058,0.9009200821230325,,,,,,854.9985114532767,0.7369235349374533,19.467247231492717,849.8067781022452,5.191733351031553,4191.421201835558,20098,1714.4601883888245,0.27940613760169847,10,25,128,128,0.001,46,ctu13_v2_f1,66ce4986e742f210d51d52fffc99f6522e778aa17764358a73256f0b92483896,1
ctu13_v2_f1,RSynaptic,rate,0.7936893203883495,0.7748086274282413,0.7755274605847138,0.781081777564093,0.8552214524161877,0.7748086274282413,0.9637938130578867,0.6248773312308871,0.5693245204341575,0.9918532539011051,0.44223599904462235,0.7936893203883495,0.839377588154097,,,,,,147.9308773892597,0.9544828069571508,308.24462416565535,131.8828504247573,16.048026964502426,39719.0775940534,20098,1714.6396667957306,0.27870296645294695,10,25,128,128,0.001,42,ctu13_v2_f1,66ce4986e742f210d51d52fffc99f6522e778aa17764358a73256f0b92483896,1
ctu13_v2_f1,RSynaptic,rate,0.7912479141383495,0.7720988730723588,0.772467869223938,0.7781542844868697,0.8542678703503351,0.7720988730723588,0.9823669206397206,0.620953744776761,0.5640024881902541,0.9922283182289986,0.44803057208428093,0.7912479141383495,0.8378365439500345,,,,,,164.84445634860438,0.949278628815814,308.2827053625607,140.91930559769418,23.925150750910195,39742.02489760316,20098,1714.6332898139954,0.2781128752705397,10,25,128,128,0.001,43,ctu13_v2_f1,66ce4986e742f210d51d52fffc99f6522e778aa17764358a73256f0b92483896,1
ctu13_v2_f1,RSynaptic,rate,0.800610588592233,0.7822164814816648,0.7837148224846,0.7889734355324487,0.8603651712782863,0.7822164814816648,0.9835722818299231,0.637811855288675,0.5841464740075448,0.9936675185569618,0.4292345555936322,0.800610588592233,0.844165660128491,,,,,,170.66743780339806,0.947486942214339,308.24771503337377,153.57432304308253,17.093114760315533,39762.85617035801,20098,1734.4591915607452,0.32889269952418154,10,25,128,128,0.001,44,ctu13_v2_f1,66ce4986e742f210d51d52fffc99f6522e778aa17764358a73256f0b92483896,1
ctu13_v2_f1,RSynaptic,rate,0.8015207827669902,0.7835516373233735,0.7853176559212837,0.7904482360154774,0.8579649417913648,0.7835516373233735,0.9682767145123418,0.637186143444151,0.58640266890506,0.9901174910813192,0.4230142164345722,0.8015207827669902,0.8442966797572294,,,,,,166.11590753944174,0.9488874130647872,308.2547405946602,147.16757054004853,18.948336999393202,39750.9419371966,20098,1734.4460580348969,0.32571851144752745,10,25,128,128,0.001,45,ctu13_v2_f1,66ce4986e742f210d51d52fffc99f6522e778aa17764358a73256f0b92483896,1
ctu13_v2_f1,RSynaptic,rate,0.7997952063106796,0.781342525387448,0.7827515779560708,0.7880448989957274,0.8597718962738043,0.781342525387448,0.9875521773574703,0.6362990927578102,0.5824006288214371,0.99346690275367,0.430781851978774,0.7997952063106796,0.8436014042988135,,,,,,171.33378052942962,0.9472819136832524,308.26123520934465,152.93092953580097,18.40285099362864,39763.29996586772,20098,1736.0012392997742,0.36911830731025597,10,25,128,128,0.001,46,ctu13_v2_f1,66ce4986e742f210d51d52fffc99f6522e778aa17764358a73256f0b92483896,1
ctu13_v2_f1,RSynaptic,delta,0.8891127503033981,0.8852193409616748,0.8874439918904077,0.8886361942216661,0.8919072057547403,0.8852193409616748,0.9618587450133849,0.7770977686725717,0.7751639265032712,0.9299763622249165,0.15953768030156704,0.8891127503033981,0.9011490561173822,,,,,,788.7155026926578,0.7573183068637976,19.467247231492717,785.0387543613471,3.6767483313106797,4061.885154353762,20098,1760.1646597385406,0.30151827292498745,10,25,128,128,0.001,43,ctu13_v2_f1,66ce4986e742f210d51d52fffc99f6522e778aa17764358a73256f0b92483896,1
ctu13_v2_f1,RSynaptic,delta,0.8887382433252428,0.8848074895382522,0.8870528457578828,0.8882530570804943,0.8915873497857371,0.8848074895382522,0.9605817780814716,0.7763652362283795,0.7743889149071436,0.9299938070773767,0.1603788280008723,0.8887382433252428,0.900849978032377,,,,,,705.9572872421116,0.7827823731562733,19.467247231492717,703.7973869842233,2.1599002578883497,3899.4024195995144,20098,1760.0819201469421,0.30166003853082657,10,25,128,128,0.001,44,ctu13_v2_f1,66ce4986e742f210d51d52fffc99f6522e778aa17764358a73256f0b92483896,1
ctu13_v2_f1,RSynaptic,delta,0.876929422026699,0.8739644840845313,0.8754189810308782,0.8766122729873648,0.8778413421221176,0.8739644840845313,0.9107083216439557,0.7517958301892996,0.7509727080182664,0.908048182682495,0.1601192145134324,0.876929422026699,0.8891365711381854,,,,,,683.0138662393811,0.7898418873109596,19.467247231492717,679.3234744766384,3.6903917627427183,3850.4545945843447,20098,1761.7915091514587,0.3012908132095794,10,25,128,128,0.001,42,ctu13_v2_f1,66ce4986e742f210d51d52fffc99f6522e778aa17764358a73256f0b92483896,1
ctu13_v2_f1,RSynaptic,delta,0.8885059541868932,0.884546419867491,0.8868083766400219,0.8880142198632281,0.8913996540796012,0.884546419867491,0.961741952254236,0.775915809127988,0.7739056014050806,0.9300635864872173,0.16097074675223527,0.8885059541868932,0.9006702509111949,,,,,,831.1855516155947,0.744250599502894,19.467247231492717,826.3184304839199,4.867121131674757,4144.4445065989075,20098,1922.8696229457855,0.34833999545069283,10,25,128,128,0.001,46,ctu13_v2_f1,66ce4986e742f210d51d52fffc99f6522e778aa17764358a73256f0b92483896,1
ctu13_v2_f1,RSynaptic,delta,0.8734924908980582,0.87082753627514,0.8720442238226795,0.8732284186731027,0.873937972488834,0.87082753627514,0.9396066940958417,0.7447590135278804,0.7441858131485649,0.9014627508787845,0.1598076783285045,0.8734924908980582,0.885657237366423,,,,,,846.6027666110436,0.7395068410427558,19.467247231492717,842.6471338364685,3.9556327745752426,4177.1019133040045,20098,1940.6273481845856,0.34464881597177205,10,25,128,128,0.001,45,ctu13_v2_f1,66ce4986e742f210d51d52fffc99f6522e778aa17764358a73256f0b92483896,1
ctu13_v2_f1,SConv2dLSTM,rate,0.7715554839199029,0.753266022974183,0.752751857901957,0.7586832442397651,0.8205233602457831,0.753266022974183,0.7905745287794373,0.5698339292101546,0.5238695984913865,0.9635140910795746,0.45698204513120866,0.7715554839199029,0.8209366186454218,,,,,,537.8740234375,0.8934902923886139,308.24462416565535,523.4538408297936,14.42018260770631,89821.35944136833,3026,2013.3369617462158,0.38318554486500694,10,25,128,128,0.001,42,ctu13_v2_f1,66ce4986e742f210d51d52fffc99f6522e778aa17764358a73256f0b92483896,1
ctu13_v2_f1,SConv2dLSTM,rate,0.7822597466626213,0.7622925582337907,0.7613739992998714,0.7675151928215349,0.849277315281344,0.7622925582337907,0.852478596052839,0.6053522629285332,0.5445221763501953,0.9918270866224149,0.4672419701548335,0.7822597466626213,0.8319706165333217,,,,,,538.0862029733009,0.8934482766389503,308.2827053625607,525.1041271617112,12.982075811589805,89835.6273987409,3026,2040.4798119068146,0.29573364531422414,10,25,128,128,0.001,43,ctu13_v2_f1,66ce4986e742f210d51d52fffc99f6522e778aa17764358a73256f0b92483896,1
ctu13_v2_f1,SConv2dLSTM,rate,0.7902192050970874,0.7707702037748665,0.770865598668969,0.7766584848131632,0.8555909429830849,0.7707702037748665,0.9695391705160914,0.6205914343334972,0.5615884810310214,0.9943478678029081,0.4528074602531751,0.7902192050970874,0.8374582185491277,,,,,,552.5857620979975,0.8905770768122777,308.24771503337377,531.7885268128034,20.797235285194176,89838.91898323725,3026,2040.6117355823517,0.2951909069116544,10,25,128,128,0.001,44,ctu13_v2_f1,66ce4986e742f210d51d52fffc99f6522e778aa17764358a73256f0b92483896,1
ctu13_v2_f1,SConv2dLSTM,rate,0.7874886225728155,0.7689761779521702,0.7694517632739498,0.7750613420701633,0.8436326842369288,0.7689761779521702,0.9505370158394972,0.6080427814734555,0.5567620692770758,0.9817875740315927,0.44383521812725213,0.7874886225728155,0.8339371578019308,,,,,,456.37064813410194,0.9096295746269105,308.2547405946602,436.7874886225728,19.583159511529125,89650.94026850729,3026,2040.537040233612,0.29442796045100517,10,25,128,128,0.001,45,ctu13_v2_f1,66ce4986e742f210d51d52fffc99f6522e778aa17764358a73256f0b92483896,1
ctu13_v2_f1,SConv2dLSTM,rate,0.75146484375,0.7350067560271241,0.734449258970665,0.7402967032222296,0.7829732049298938,0.7350067560271241,0.7868861084995953,0.5157542629321561,0.4841138317754671,0.9242021160606034,0.45418860400635536,0.75146484375,0.8016690562568803,,,,,,581.3193928246359,0.8848872489456167,308.26123520934465,571.3961335709952,9.923259253640778,89922.02800743325,3026,2157.5607872009277,0.36451908153961005,10,25,128,128,0.001,46,ctu13_v2_f1,66ce4986e742f210d51d52fffc99f6522e778aa17764358a73256f0b92483896,1
ctu13_v2_f1,SConv2dLSTM,delta,0.9201826077063107,0.9130921782957844,0.9180602717204365,0.9192074296732714,0.9339056031953705,0.9130921782957844,0.9857762210610298,0.8467420169065,0.8370353924914277,0.9946008181635804,0.1684164615720116,0.9201826077063107,0.9312475244290362,,,,,,354.39947094963594,0.9298218869406661,19.467247231492717,311.45164119387135,42.947829755764566,6229.470485057645,3026,2162.553584098816,0.36046370520319754,10,25,128,128,0.001,42,ctu13_v2_f1,66ce4986e742f210d51d52fffc99f6522e778aa17764358a73256f0b92483896,1
ctu13_v2_f1,SConv2dLSTM,delta,0.9203911938713593,0.9134153786209799,0.9183090713935419,0.919443583002888,0.9336920451228121,0.9134153786209799,0.9815067692340405,0.8468647142002186,0.8374984821167082,0.9936064615733512,0.1667757043313914,0.9203911938713593,0.9313509469751166,,,,,,1224.3622999469053,0.757552019812494,19.467247231492717,1177.7651035345873,46.59719641231796,7962.097409739078,3026,2154.193531036377,0.3863364317933622,10,25,128,128,0.001,43,ctu13_v2_f1,66ce4986e742f210d51d52fffc99f6522e778aa17764358a73256f0b92483896,1
ctu13_v2_f1,SConv2dLSTM,delta,0.8770811210558253,0.8741638789818431,0.8755872318312103,0.8767731659550122,0.8779343685001898,0.8741638789818431,0.9783259471143788,0.7520887961366912,0.7513029060969965,0.9076992856332917,0.1593715276696055,0.8770811210558253,0.8892202393413625,,,,,,181.65828845570388,0.9640280616919398,19.467247231492717,176.03915257129853,5.61913588440534,5958.6455078125,3026,2137.958490371704,0.27953822491238417,10,25,128,128,0.001,44,ctu13_v2_f1,66ce4986e742f210d51d52fffc99f6522e778aa17764358a73256f0b92483896,1
ctu13_v2_f1,SConv2dLSTM,delta,0.8889752730582524,0.8849956321551888,0.8872772589763059,0.8884807567902773,0.8919256057877611,0.8849956321551888,0.9617976325052274,0.7768903303763395,0.7748465824094964,0.9307439357331635,0.16075267142278576,0.8889752730582524,0.9011121713943099,,,,,,753.3893497800364,0.8508139901425671,19.467247231492717,706.886732971784,46.50261680825243,7020.340668613471,3026,2138.283659696579,0.2789418721680068,10,25,128,128,0.001,45,ctu13_v2_f1,66ce4986e742f210d51d52fffc99f6522e778aa17764358a73256f0b92483896,1
ctu13_v2_f1,SConv2dLSTM,delta,0.8890226790048543,0.8851373089691227,0.8873553359560078,0.8885475018282932,0.8917987298484483,0.8851373089691227,0.9636615590222148,0.7769074809045198,0.7749852481412729,0.9298019137003148,0.15952729576206942,0.8890226790048543,0.901059981065729,,,,,,413.769279998483,0.9180654891092113,19.467247231492717,367.80146389563106,45.96781610285194,6342.170130461165,3026,2138.172959089279,0.2782015159310212,10,25,128,128,0.001,46,ctu13_v2_f1,66ce4986e742f210d51d52fffc99f6522e778aa17764358a73256f0b92483896,1
ctu13_v2_f1,SLSTM,rate,0.7850661787014563,0.765744512693439,0.7655192398487515,0.7714085154081823,0.8472704792395409,0.765744512693439,0.8630684073541787,0.6075696644116749,0.5509745802957133,0.9878583826877284,0.4563693573008505,0.7850661787014563,0.8332199125249679,,,,,,334.3696668310073,0.8971170255904592,308.24462416565535,315.87781117263347,18.491855658373787,158453.0031951608,79618,1592.2854571342468,0.3018299574303685,10,25,128,128,0.001,42,ctu13_v2_f1,66ce4986e742f210d51d52fffc99f6522e778aa17764358a73256f0b92483896,1
ctu13_v2_f1,SLSTM,rate,0.7816624317354369,0.761570185601474,0.760505391691336,0.7666975808679991,0.8496209153503084,0.761570185601474,0.7938765860748803,0.604815369243664,0.5431584027304894,0.9925423255732815,0.46940195437033344,0.7816624317354369,0.831688233853845,,,,,,277.40824579035194,0.9146436166798917,308.2827053625607,259.995382660801,17.41286312955097,158360.73591095267,79618,1589.5829231739044,0.2984457877600222,10,25,128,128,0.001,43,ctu13_v2_f1,66ce4986e742f210d51d52fffc99f6522e778aa17764358a73256f0b92483896,1
ctu13_v2_f1,SLSTM,rate,0.7910203655946602,0.7717474241584643,0.7720203706306281,0.7777456100938199,0.855080199108138,0.7717474241584643,0.9810860080230095,0.6212636460547524,0.5634166798807414,0.9933011766552985,0.4498063283383698,0.7910203655946602,0.8378353522831361,,,,,,302.25362655491506,0.9069988841369492,308.24771503337377,276.9912820464199,25.262344508495147,158376.8126611802,79618,1523.3526208400726,0.3421112648618308,10,25,128,128,0.001,44,ctu13_v2_f1,66ce4986e742f210d51d52fffc99f6522e778aa17764358a73256f0b92483896,1
ctu13_v2_f1,SLSTM,rate,0.7800885543082524,0.759760753211596,0.758375459267647,0.7646763257813676,0.8496525328786966,0.759760753211596,0.9322734672071404,0.6027470623832607,0.5396515771452359,0.9934407354749797,0.4739192290517877,0.7800885543082524,0.8308076110861882,,,,,,291.6650153595267,0.9102569183509148,308.2547405946602,267.35833206917476,24.30668329035194,158361.14384860438,79618,1525.2344944477081,0.2713704490762891,10,25,128,128,0.001,45,ctu13_v2_f1,66ce4986e742f210d51d52fffc99f6522e778aa17764358a73256f0b92483896,1
ctu13_v2_f1,SLSTM,rate,0.7830751289441747,0.7630593080222527,0.7621709870532696,0.7683046157281462,0.8508938687023633,0.7630593080222527,0.8382296478277661,0.6076377153867093,0.5461761495095316,0.9931528954093871,0.46703427936488157,0.7830751289441747,0.8326806419411811,,,,,,282.0545879475121,0.913213972939227,308.26123520934465,263.4438855810073,18.610702366504853,158356.6401983465,79618,1525.4825308322906,0.2705214016175675,10,25,128,128,0.001,46,ctu13_v2_f1,66ce4986e742f210d51d52fffc99f6522e778aa17764358a73256f0b92483896,1
ctu13_v2_f1,SLSTM,delta,0.8889326077063107,0.8850212036545866,0.8872558495353436,0.8884519044405816,0.8917533677659195,0.8850212036545866,0.9804483086940861,0.7767453976509221,0.7747911352404716,0.9299850846511466,0.15994267734197326,0.8889326077063107,0.9010052013571698,,,,,,55.2250739532767,0.9830076695528379,19.467247231492717,44.38122914138349,10.843844811893204,10055.99304080704,79618,1584.063642501831,0.32322308007917067,10,25,128,128,0.001,43,ctu13_v2_f1,66ce4986e742f210d51d52fffc99f6522e778aa17764358a73256f0b92483896,1
ctu13_v2_f1,SLSTM,delta,0.8887145403519418,0.8847998114354508,0.8870339596738014,0.8882325548560424,0.8915328826317502,0.8847998114354508,0.9586051663536983,0.7763034958248635,0.7743482102046216,0.9298019137003148,0.16020229082941317,0.8887145403519418,0.9008125134679495,,,,,,45.56022451456311,0.9859814693801344,19.467247231492717,35.95633438258495,9.603890131978156,10039.143251289443,79618,1583.5579841136932,0.31903980512316654,10,25,128,128,0.001,44,ctu13_v2_f1,66ce4986e742f210d51d52fffc99f6522e778aa17764358a73256f0b92483896,1
ctu13_v2_f1,SLSTM,delta,0.889354520631068,0.8854027031687551,0.8876702603358986,0.8888667828452426,0.8922675835111393,0.8854027031687551,0.9601250261853153,0.777639986242139,0.775626938885871,0.9308311599954643,0.16002575365795405,0.889354520631068,0.9014249875408618,,,,,,30.776471480582526,0.9905303164675131,19.467247231492717,23.265027685072816,7.511443795509709,10013.760637894418,79618,1585.2563269138336,0.3591278246920375,10,25,128,128,0.001,45,ctu13_v2_f1,66ce4986e742f210d51d52fffc99f6522e778aa17764358a73256f0b92483896,1
ctu13_v2_f1,SLSTM,delta,0.9209316216626213,0.913910894802827,0.9188487340029603,0.9199796997835427,0.9344511513446274,0.913910894802827,0.9867178907892706,0.8481133528041477,0.8385855973555232,0.9946182630160405,0.16679647341038661,0.9209316216626213,0.9318498482056395,,,,,,173.85820407311894,0.9465051679775018,19.467247231492717,151.6211174529733,22.237086620145632,10270.472817430218,79618,1599.4608240127563,0.27484187372571345,10,25,128,128,0.001,46,ctu13_v2_f1,66ce4986e742f210d51d52fffc99f6522e778aa17764358a73256f0b92483896,1
ctu13_v2_f1,Synaptic,rate,0.8096556432038835,0.7938810169427694,0.7969228558206307,0.8013463061894812,0.8519181408744867,0.7938810169427694,0.9641057824792045,0.6431860107956419,0.6050959277934082,0.9752195870803423,0.3874575531948036,0.8096556432038835,0.8477730092051986,,,,,,1074.903723263046,0.6692603928421397,308.24462416565535,1064.3826892445388,10.521034018507281,41584.077271692964,3586,1599.2939112186432,0.2751299937355142,10,25,128,128,0.001,42,ctu13_v2_f1,66ce4986e742f210d51d52fffc99f6522e778aa17764358a73256f0b92483896,1
ctu13_v2_f1,Synaptic,rate,0.7985436893203883,0.7807886948447493,0.7824451778161402,0.787593267567333,0.8522502253749777,0.7807886948447493,0.9627409221372109,0.6289924674964202,0.5804044341100221,0.9848927577695011,0.4233153680800025,0.7985436893203883,0.8416254854169927,,,,,,1264.7487484830096,0.6108465389283046,308.2827053625607,1251.3593655188106,13.38938296419903,41962.90501744539,3586,1599.2657895088196,0.2756384709958457,10,25,128,128,0.001,43,ctu13_v2_f1,66ce4986e742f210d51d52fffc99f6522e778aa17764358a73256f0b92483896,1
ctu13_v2_f1,Synaptic,rate,0.8084752351334952,0.7917038975170002,0.7943977715779769,0.799077762451462,0.857577671999445,0.7917038975170002,0.9693520765703457,0.6459312675116252,0.6018372205694436,0.9845002485891475,0.4010924535551471,0.8084752351334952,0.8481970083527153,,,,,,1345.053848414745,0.5861372774108476,308.24771503337377,1331.8954698877428,13.158378527002426,42119.49846404733,3586,1583.4553244113922,0.32316548388125826,10,25,128,128,0.001,44,ctu13_v2_f1,66ce4986e742f210d51d52fffc99f6522e778aa17764358a73256f0b92483896,1
ctu13_v2_f1,Synaptic,rate,0.7932294827063107,0.775025503364076,0.7760880166715225,0.7814773065154078,0.8488150998681023,0.775025503364076,0.9722251597319135,0.6194612124167752,0.5689720182554581,0.9842909103596257,0.43423990363147347,0.7932294827063107,0.8380410606403795,,,,,,1148.8556678549758,0.6465059483523152,308.2547405946602,1136.1363252806432,12.719342574332524,41728.87944667779,3586,1581.6422798633575,0.32133578539835017,10,25,128,128,0.001,45,ctu13_v2_f1,66ce4986e742f210d51d52fffc99f6522e778aa17764358a73256f0b92483896,1
ctu13_v2_f1,Synaptic,rate,0.880859375,0.8725570234624667,0.8772557530897931,0.8790852811456888,0.895602932853207,0.8725570234624667,0.980021861108245,0.7678141731872703,0.7562980476365153,0.9679974181618359,0.2228833712369025,0.880859375,0.8982872498866801,,,,,,1175.9137448801578,0.6381803861907207,308.26123520934465,1164.9515321601941,10.962212719963592,41787.3411711165,3586,1582.2457509040833,0.36282625695853266,10,25,128,128,0.001,46,ctu13_v2_f1,66ce4986e742f210d51d52fffc99f6522e778aa17764358a73256f0b92483896,1
ctu13_v2_f1,Synaptic,delta,0.8889231265169902,0.885010819115089,0.8872459605207967,0.8884422133303024,0.891745191885587,0.885010819115089,0.9637309170161438,0.7767268173876002,0.7747715337813426,0.9299850846511466,0.15996344642096846,0.8889231265169902,0.9009975873681186,,,,,,160.29468010467232,0.9506785599677932,19.467247231492717,155.8644000303398,4.430280074332524,2803.5364456917478,3586,1594.067055940628,0.20542988684751745,10,25,128,128,0.001,42,ctu13_v2_f1,66ce4986e742f210d51d52fffc99f6522e778aa17764358a73256f0b92483896,1
ctu13_v2_f1,Synaptic,delta,0.8889373483009708,0.8850155921880967,0.8872573519286382,0.8884545532269801,0.8917775593456585,0.8850155921880967,0.9616576017721877,0.7767637195891061,0.7747960398527879,0.9300984761921376,0.16006729181594442,0.8889373483009708,0.901019882210787,,,,,,168.19553530794903,0.9482475275975542,19.467247231492717,161.6688030946602,6.526732213288835,2815.1452518203882,3586,1593.995620250702,0.20482755623287657,10,25,128,128,0.001,43,ctu13_v2_f1,66ce4986e742f210d51d52fffc99f6522e778aa17764358a73256f0b92483896,1
ctu13_v2_f1,Synaptic,delta,0.8894635543082524,0.8855296048826813,0.8877863720722874,0.888979760494869,0.8923474070521946,0.8855296048826813,0.9619035642826014,0.7778471336132239,0.7758557285577365,0.9307526581593936,0.15969344839403096,0.8894635543082524,0.9015050711138709,,,,,,458.32417608464806,0.858977176589339,19.467247231492717,435.6138643431432,22.710311741504853,3363.0353743173546,3586,1593.9277217388153,0.2044612865045088,10,25,128,128,0.001,44,ctu13_v2_f1,66ce4986e742f210d51d52fffc99f6522e778aa17764358a73256f0b92483896,1
ctu13_v2_f1,Synaptic,delta,0.8889752730582524,0.8850579614027207,0.8872971742217075,0.8884934878833469,0.8918087049377987,0.8850579614027207,0.9635440401867743,0.7768373347958732,0.7748748231363565,0.9300897537659075,0.15997383096046605,0.8889752730582524,0.901049500599956,,,,,,194.38198289593447,0.9401901591089432,19.467247231492717,190.0182797330097,4.363703162924757,2871.8442050970875,3586,883.1756544113159,0.07477590759981026,10,25,128,128,0.001,45,ctu13_v2_f1,66ce4986e742f210d51d52fffc99f6522e778aa17764358a73256f0b92483896,1
ctu13_v2_f1,Synaptic,delta,0.8768583131067961,0.8738940795480031,0.8753473945609034,0.876541217989991,0.8777672931608409,0.8738940795480031,0.9522143497620703,0.751651393558778,0.7508294463512426,0.9079696808464243,0.16018152175041797,0.8768583131067961,0.8890710942571145,,,,,,260.84928227396847,0.9197386823772404,19.467247231492717,257.6679071222694,3.181375151699029,3007.143459875607,3586,874.3712527751923,0.07078996000504031,10,25,128,128,0.001,46,ctu13_v2_f1,66ce4986e742f210d51d52fffc99f6522e778aa17764358a73256f0b92483896,1
kddcup99_v2,Alpha,rate,0.9240746039758351,0.5457091178134963,0.5428395562514214,0.9070346028010009,0.6971185946640391,0.5457091178134963,0.9649772024100229,0.8242926053461904,0.8168675424563228,0.9110950502323947,0.014061030151997755,0.9256757408473165,0.951785241282362,,,,,,315.7979448861682,0.9050231744703253,245.5822543878545,307.6661308109533,8.131814075214852,32972.85921570014,16261,2673.450276374817,0.3623341766960652,10,25,128,128,0.001,43,kddcup99_v2,da7e7fae00a54821b062a6ed3ce86f6aec975e5e296fec2f83a72067dadab5a9,
kddcup99_v2,Alpha,rate,0.9248237302630944,0.5537210306964819,0.5466248525732051,0.9076703245197116,0.7017379259187656,0.5537210306964819,0.9616309728492107,0.8265882181232934,0.8189955205201811,0.910955293967321,0.010760318848711897,0.9262062380035302,0.9521059045456822,,,,,,302.5054962720518,0.9090209033768265,245.57733201727171,294.33344157618745,8.172054695864373,32905.565706091715,16261,2674.796718120575,0.3606700996561385,10,25,128,128,0.001,46,kddcup99_v2,da7e7fae00a54821b062a6ed3ce86f6aec975e5e296fec2f83a72067dadab5a9,
kddcup99_v2,Alpha,rate,0.9235280311482209,0.5504388586282409,0.5454470020793033,0.906312150881946,0.7021008688423117,0.5504388586282409,0.9658441752120898,0.823380746292736,0.8157783362423261,0.9100408886901244,0.013318370108758438,0.9249716264399782,0.9512970885943859,,,,,,302.36640956309543,0.9090627339659864,245.5823990688971,294.1345051426073,8.23190442048812,32905.219606531864,16261,2675.187491416931,0.36026161862669764,10,25,128,128,0.001,42,kddcup99_v2,da7e7fae00a54821b062a6ed3ce86f6aec975e5e296fec2f83a72067dadab5a9,
kddcup99_v2,Alpha,delta,0.9218143645769366,0.5443700454133499,0.5296335239264679,0.9024685353719872,0.688392249951528,0.5443700454133499,0.9738629046086801,0.8198875888219218,0.8118081715665741,0.9086912424731268,0.0076906573366560494,0.9249812718428185,0.9512342440816685,,,,,,116.7166116342849,0.9648972596588616,12.086130232229149,108.53455144054091,8.182060193743991,2089.697426928036,16261,2694.492477416992,0.36863945504684925,10,25,128,128,0.001,42,kddcup99_v2,da7e7fae00a54821b062a6ed3ce86f6aec975e5e296fec2f83a72067dadab5a9,
kddcup99_v2,Alpha,rate,0.9231004182889698,0.5447193972671516,0.5382558027533682,0.9054712888304057,0.6858267881158289,0.5447193972671516,0.9582221724926618,0.8223516336970148,0.8147107161522666,0.9097094666900924,0.013763966134702028,0.9246179616691691,0.9510617958062509,,,,,,293.1457388217819,0.9118358680235242,245.57718412109483,284.9299165029627,8.215822318819145,32858.52915001495,16261,2694.692418575287,0.36880332762413415,10,25,128,128,0.001,44,kddcup99_v2,da7e7fae00a54821b062a6ed3ce86f6aec975e5e296fec2f83a72067dadab5a9,
kddcup99_v2,Alpha,rate,0.92311006369181,0.546187036507354,0.5398206086751733,0.9053125971489705,0.6894600211419658,0.546187036507354,0.9617040478025721,0.8226216119116406,0.8148348462744981,0.9091903719912473,0.011800042909246944,0.9245825951920882,0.9510133759358457,,,,,,325.37741818287043,0.9021421298698135,245.5681624543049,317.18394426243214,8.193473920438286,33018.64451546319,16261,2694.929812192917,0.368892884930474,10,25,128,128,0.001,45,kddcup99_v2,da7e7fae00a54821b062a6ed3ce86f6aec975e5e296fec2f83a72067dadab5a9,
kddcup99_v2,Lapicque,rate,0.9245504438492874,0.5950593460377865,0.5994310618321447,0.9080911420923208,0.7718205585553825,0.5950593460377865,0.9741934631463764,0.8258129943229308,0.8185749150271617,0.9121332396300851,0.015991946264419982,0.9261355050493684,0.9521211413899748,,,,,,517.9528082590369,0.8442247193205904,245.5822543878545,489.50167026225853,28.451137996778435,33882.03691295667,16261,1933.4303562641144,0.40180177390779503,10,25,128,128,0.001,43,kddcup99_v2,da7e7fae00a54821b062a6ed3ce86f6aec975e5e296fec2f83a72067dadab5a9,
kddcup99_v2,Lapicque,rate,0.9243800417324429,0.6030350266714672,0.6130829393873067,0.9084156609782095,0.7901651336700917,0.6030350266714672,0.9735424706834828,0.8252910870255977,0.818158080714982,0.9124367103771024,0.016718102751142872,0.9262383893463311,0.9521997849802898,,,,,,434.6354005575043,0.869282586298495,245.5823990688971,408.4690462947185,26.166354262785784,33476.892312292424,16261,1939.1492986679077,0.4011224684932618,10,25,128,128,0.001,42,kddcup99_v2,da7e7fae00a54821b062a6ed3ce86f6aec975e5e296fec2f83a72067dadab5a9,
kddcup99_v2,Alpha,delta,0.9218079343083764,0.5422986100003068,0.5282939674861519,0.9016351632573494,0.710764913981578,0.5422986100003068,0.9751273805814971,0.819596356242051,0.8114616234277334,0.9086473190755323,0.007641146667106762,0.9249555507685778,0.9512160967443261,,,,,,117.31537573666765,0.9647171802295736,12.086130232229149,109.08452909535767,8.230846641309974,2092.4473152021196,16261,2566.6481397151947,0.4319902999143172,10,25,128,128,0.001,43,kddcup99_v2,da7e7fae00a54821b062a6ed3ce86f6aec975e5e296fec2f83a72067dadab5a9,
kddcup99_v2,Alpha,delta,0.9214703452089676,0.5425400408446371,0.5267689185046691,0.9014346382087571,0.7038855076641812,0.5425400408446371,0.9734209613065874,0.8189999746164783,0.8108343809684125,0.9084356881598492,0.007245061310712459,0.9248623118744554,0.9511476232283959,,,,,,127.83796044741808,0.9615524930985209,12.086130232229149,119.56948065935974,8.268479788058348,2144.87207302213,16261,2567.0294954776764,0.43082593535045,10,25,128,128,0.001,45,kddcup99_v2,da7e7fae00a54821b062a6ed3ce86f6aec975e5e296fec2f83a72067dadab5a9,
kddcup99_v2,Alpha,delta,0.921791858636976,0.5454399931590016,0.5288576086039234,0.9027187382347706,0.7035545598135337,0.5454399931590016,0.9719718785286212,0.8199578352820396,0.8119081341742611,0.9092382884249868,0.006238344363210272,0.9257046770558373,0.9517094374320823,,,,,,107.27396802227445,0.967737152474504,12.086130232229149,98.9045169421501,8.369451080124362,2041.5472544360816,16261,2567.4524495601654,0.43053467710207444,10,25,128,128,0.001,44,kddcup99_v2,da7e7fae00a54821b062a6ed3ce86f6aec975e5e296fec2f83a72067dadab5a9,
kddcup99_v2,Alpha,delta,0.921717910548534,0.5456099753936188,0.5297742114846786,0.9027721471918987,0.6875930649579598,0.5456099753936188,0.9694207649516924,0.8195665658517799,0.8116324846515898,0.9094858566659746,0.008169260475632498,0.9255278446704327,0.9516125999845415,,,,,,119.59521137900325,0.9640315153747359,12.086130232229149,111.37000086808625,8.22521051091699,2103.8746740657625,16261,2567.1843094825745,0.41808624371583325,10,25,128,128,0.001,46,kddcup99_v2,da7e7fae00a54821b062a6ed3ce86f6aec975e5e296fec2f83a72067dadab5a9,
kddcup99_v2,Lapicque,rate,0.9248655270087355,0.6120172774147503,0.6250441282313194,0.9084335479948761,0.8017735706082375,0.6120172774147503,0.9769768658862374,0.8265839556677954,0.8192632538844808,0.9119136226421122,0.013697951908636312,0.9264055763288954,0.9522769065261174,,,,,,465.45940732214683,0.8600122083241664,245.57718412109483,439.71507480009905,25.744332522047785,33632.45494150063,16261,1716.854561805725,0.35283861784278847,10,25,128,128,0.001,44,kddcup99_v2,da7e7fae00a54821b062a6ed3ce86f6aec975e5e296fec2f83a72067dadab5a9,
kddcup99_v2,Lapicque,rate,0.9250134231856193,0.592734662717371,0.5994372395246126,0.9084272298093611,0.845855510208383,0.592734662717371,0.9744872199476117,0.8269383411644615,0.819693053328153,0.9124646616301171,0.015447328899377817,0.926508460625858,0.9523678540319992,,,,,,476.53173819804584,0.8566821840005877,245.5681624543049,451.57599130627693,24.955746891768936,33690.60475068241,16261,1715.8841865062714,0.3530475013372105,10,25,128,128,0.001,45,kddcup99_v2,da7e7fae00a54821b062a6ed3ce86f6aec975e5e296fec2f83a72067dadab5a9,
kddcup99_v2,Lapicque,rate,0.9247047702947313,0.593310178040036,0.598182240926244,0.9081826934177543,0.8036817800010754,0.593310178040036,0.975501359095225,0.8262175493672809,0.8189909155950044,0.9123288984011884,0.016206492499133564,0.9262512498834514,0.9522023429978872,,,,,,489.49662893170733,0.8527829687423436,245.57733201727171,459.8278166987644,29.66881223294291,33733.0375817046,16261,1577.0484397411346,0.37848470838287407,10,25,128,128,0.001,46,kddcup99_v2,da7e7fae00a54821b062a6ed3ce86f6aec975e5e296fec2f83a72067dadab5a9,
kddcup99_v2,Lapicque,delta,0.9228496378151233,0.592793970082572,0.6006725280133167,0.9052124123619985,0.8473315964123367,0.592793970082572,0.9793077891934057,0.8223591719618895,0.8147028099478661,0.9111190084492645,0.00813625336259964,0.9268492648595469,0.9525115527670286,,,,,,144.0896861707429,0.9566647560388744,12.086130232229149,126.2593680975086,17.830318073234327,2178.321510212874,16261,1674.4867894649506,0.31617731207116456,10,25,128,128,0.001,42,kddcup99_v2,da7e7fae00a54821b062a6ed3ce86f6aec975e5e296fec2f83a72067dadab5a9,
kddcup99_v2,Lapicque,delta,0.9215700143716502,0.6067953129870254,0.6099211532046801,0.9017730999986523,0.8531413675914402,0.6067953129870254,0.9818509995882941,0.8195514643376208,0.8114712651883201,0.9090985321599131,0.00790520357136963,0.925267418793746,0.9514319265502961,,,,,,168.3855846239418,0.9493577189100927,12.086130232229149,146.12454465660758,22.261039967334234,2277.647393008369,16261,1674.4060049057007,0.3165279064809673,10,25,128,128,0.001,43,kddcup99_v2,da7e7fae00a54821b062a6ed3ce86f6aec975e5e296fec2f83a72067dadab5a9,
kddcup99_v2,Lapicque,delta,0.9232418841972935,0.570124320483754,0.5675789784119749,0.9051192261606753,0.8497077217113475,0.570124320483754,0.9826726008902474,0.8229829715906127,0.8153679848277844,0.9115262981360507,0.007872196458336771,0.9272286507045967,0.9527663233109067,,,,,,119.89410955248546,0.9639416211872224,12.086130232229149,104.31183908895954,15.582270463525909,2068.583865170129,16261,1677.207771062851,0.36221427253098204,10,25,128,128,0.001,44,kddcup99_v2,da7e7fae00a54821b062a6ed3ce86f6aec975e5e296fec2f83a72067dadab5a9,
kddcup99_v2,Lapicque,delta,0.9221262326021046,0.5752645885564867,0.5728128961439837,0.9024430546146267,0.8435392752842681,0.5752645885564867,0.9783543045882582,0.8207248119091172,0.8126636156910392,0.9091903719912473,0.00744310398890961,0.9254313906420302,0.9515379841656898,,,,,,143.71079224123795,0.9567787091003795,12.086130232229149,124.6973369042758,19.01345533696215,2170.51135424671,16261,1566.6323790550232,0.3266023001021679,10,25,128,128,0.001,46,kddcup99_v2,da7e7fae00a54821b062a6ed3ce86f6aec975e5e296fec2f83a72067dadab5a9,
kddcup99_v2,Lapicque,delta,0.9216632532657727,0.568725929542008,0.5599950153831675,0.9020295498438438,0.8539664229514156,0.568725929542008,0.9802537821132637,0.8197886755836757,0.8117047712049995,0.9090945391237681,0.007278068423745317,0.925386378762109,0.9515052857922002,,,,,,151.81143237447313,0.9543424263535419,12.086130232229149,134.58437959161364,17.227052782859477,2219.9465676833993,16261,1566.5019159317017,0.35665270110366837,10,25,128,128,0.001,45,kddcup99_v2,da7e7fae00a54821b062a6ed3ce86f6aec975e5e296fec2f83a72067dadab5a9,
kddcup99_v2,Leaky,rate,0.9249973475142189,0.6758343355705978,0.6694052760140314,0.9088994033471276,0.8108104002007128,0.6758343355705978,0.9789959769095489,0.8271694909647977,0.8199129105300971,0.9127042437988149,0.01349990923043916,0.9270807545277129,0.952733062680794,,,,,,177.92896482321584,0.9464875293764764,245.5823990688971,155.88389507087763,22.045069752338208,32213.966556173218,16261,1278.9019658565521,0.31058472305582935,10,25,128,128,0.001,42,kddcup99_v2,da7e7fae00a54821b062a6ed3ce86f6aec975e5e296fec2f83a72067dadab5a9,
kddcup99_v2,Leaky,rate,0.9247497821746525,0.6351207292883647,0.6453568659597126,0.9081002802232903,0.8311102614688384,0.6351207292883647,0.9761642765362564,0.8269393126085165,0.8192290251342241,0.910412241051606,0.009192480979651115,0.9260744174980468,0.9519972108151894,,,,,,227.7340955345,0.9315085426963909,245.5822543878545,203.92933134852376,23.80476418597623,32454.175218387994,16261,1277.3780415058136,0.2641729230475295,10,25,128,128,0.001,43,kddcup99_v2,da7e7fae00a54821b062a6ed3ce86f6aec975e5e296fec2f83a72067dadab5a9,
kddcup99_v2,Leaky,rate,0.9242257152869989,0.6180639867950977,0.6259502740012157,0.9081604188893564,0.7507395085115762,0.6180639867950977,0.9841009426513093,0.8253362498817659,0.8181464948880548,0.9127042437988149,0.011899064248345519,0.9273926225528809,0.9529257021122254,,,,,,154.75171447035484,0.9534581309863595,245.57718412109483,134.40480469666815,20.346909773686697,32105.90359098348,16261,1277.6358845233917,0.2634351990292219,10,25,128,128,0.001,44,kddcup99_v2,da7e7fae00a54821b062a6ed3ce86f6aec975e5e296fec2f83a72067dadab5a9,
kddcup99_v2,Leaky,rate,0.9240585283044347,0.595548918110543,0.5992779472365489,0.9072001282857398,0.8101955705302044,0.595548918110543,0.9705892398481651,0.8247875459883323,0.8174707327717076,0.9117898385216183,0.016338520951264996,0.9257914856813995,0.9518916316325913,,,,,,206.03643711679618,0.9380341542505877,245.5681624543049,184.81785299763044,21.218584119165737,32356.81405913918,16261,1265.984496831894,0.2801930005726177,10,25,128,128,0.001,45,kddcup99_v2,da7e7fae00a54821b062a6ed3ce86f6aec975e5e296fec2f83a72067dadab5a9,
kddcup99_v2,Leaky,rate,0.9257657646071589,0.5687015046020154,0.5698403909544233,0.9094804424557068,0.7541718836009255,0.5687015046020154,0.9666659889988608,0.8284798319313903,0.8213796886235089,0.913990001437493,0.011073886422524054,0.9285886525050718,0.953727372537255,,,,,,182.21666789913482,0.9451979946168015,245.57733201727171,159.98549974439683,22.231168154737983,32233.825996932763,16261,1257.6153683662415,0.3097648718784904,10,25,128,128,0.001,46,kddcup99_v2,da7e7fae00a54821b062a6ed3ce86f6aec975e5e296fec2f83a72067dadab5a9,
kddcup99_v2,Leaky,delta,0.9226502994897582,0.6235213203334242,0.628896806775854,0.9047934424443963,0.8209549400101928,0.6235213203334242,0.9586854171561385,0.821893440227075,0.8141915724261264,0.9110750850516699,0.007987721353951777,0.9268428345909867,0.9525053956909616,,,,,,110.92027753039106,0.9666405180359726,12.086130232229149,84.46962180375463,26.450655726636423,1969.3727787441042,16261,1258.6019098758698,0.3098761316846343,10,25,128,128,0.001,42,kddcup99_v2,da7e7fae00a54821b062a6ed3ce86f6aec975e5e296fec2f83a72067dadab5a9,
kddcup99_v2,Leaky,delta,0.9218111494426565,0.5954141977957064,0.5974008731190186,0.9029526827995659,0.8183430924989323,0.5954141977957064,0.9777026413457965,0.8199660964404721,0.8120663669102567,0.910080819051574,0.0074266004323931805,0.9261515807207688,0.9520282872078913,,,,,,106.29745136305618,0.9680308416953215,12.086130232229149,82.5397696034775,23.757681759578688,1959.7235177427185,16261,1273.6696724891663,0.3448311259351327,10,25,128,128,0.001,43,kddcup99_v2,da7e7fae00a54821b062a6ed3ce86f6aec975e5e296fec2f83a72067dadab5a9,
kddcup99_v2,Leaky,delta,0.9222902044503889,0.6193362287124956,0.5555745140364698,0.9025421119110932,0.6359224014577876,0.6193362287124956,0.9729174228128901,0.8208688646274239,0.8130673210963032,0.9113585906179623,0.007476111101942469,0.9271707782875552,0.952722248427345,,,,,,106.22707850393371,0.9680520064649824,12.086130232229149,81.25874757659254,24.96833092734118,1953.3184076082937,16261,1294.7397277355194,0.2846728619799452,10,25,128,128,0.001,44,kddcup99_v2,da7e7fae00a54821b062a6ed3ce86f6aec975e5e296fec2f83a72067dadab5a9,
kddcup99_v2,Leaky,delta,0.9229428767092458,0.583128911950331,0.5803291294227289,0.9036502205140069,0.8095717273159021,0.583128911950331,0.9578417806736331,0.822205876412557,0.8144740743241742,0.9115742145697903,0.007822685788787484,0.927276877718798,0.9527985125239722,,,,,,124.2656311790862,0.9626268778408763,12.086130232229149,101.28304756148141,22.98258361760479,2053.4399075327383,16261,1294.9778800010681,0.28440187355363505,10,25,128,128,0.001,45,kddcup99_v2,da7e7fae00a54821b062a6ed3ce86f6aec975e5e296fec2f83a72067dadab5a9,
kddcup99_v2,Leaky,delta,0.9239427834703516,0.6260315506776861,0.6354815749976093,0.9048148464577322,0.8340506061511945,0.6260315506776861,0.9533475447795928,0.8243896193320435,0.8166755232170321,0.9117738663770385,0.0072285577541960295,0.9275533792668851,0.9529793516480077,,,,,,143.76610862652677,0.9567620725935257,12.086130232229149,109.52401544550509,34.24209318102171,2094.6447469528566,16261,1290.5917398929596,0.2976864395913546,10,25,128,128,0.001,46,kddcup99_v2,da7e7fae00a54821b062a6ed3ce86f6aec975e5e296fec2f83a72067dadab5a9,
kddcup99_v2,RLeaky,rate,0.9226728054297187,0.6067773595203169,0.6089536215176494,0.9068446723146668,0.7960198955860637,0.6067773595203169,0.9485705299787746,0.8223344210130419,0.8147472927053919,0.9093381143286109,0.016421038733847145,0.923801317562028,0.9505386487242311,,,,,,563.6919965662366,0.8304685724612823,245.5823990688971,542.5143282459192,21.177668320317398,34147.11872204843,32773,1401.1539461612701,0.32482687050382,10,25,128,128,0.001,42,kddcup99_v2,da7e7fae00a54821b062a6ed3ce86f6aec975e5e296fec2f83a72067dadab5a9,
kddcup99_v2,RLeaky,rate,0.9206054740876253,0.5568719366801824,0.5538532463345704,0.9026438705858968,0.7806902811892659,0.5568719366801824,0.9675057189067746,0.8170200544382796,0.8090917486917185,0.9072178121356355,0.015562853794992821,0.9222612682418682,0.9494775157288556,,,,,,336.7871838317327,0.8987106214039902,245.5822543878545,320.9597047220677,15.827479109665015,33039.32708525572,32773,1401.7307014465332,0.3240694140134174,10,25,128,128,0.001,43,kddcup99_v2,da7e7fae00a54821b062a6ed3ce86f6aec975e5e296fec2f83a72067dadab5a9,
kddcup99_v2,RLeaky,rate,0.9217436316227747,0.5972641701691008,0.6066573987117243,0.9048243922995388,0.8207917922337318,0.5972641701691008,0.9654803232556418,0.8198439719294605,0.8121296162623715,0.9085954096056478,0.01582691069925569,0.9233190474200155,0.9502025305883827,,,,,,356.3800095811002,0.892818042231248,245.57718412109483,337.13804500544967,19.241964575650503,33119.569792527385,32773,1409.2341146469116,0.34892431766260334,10,25,128,128,0.001,44,kddcup99_v2,da7e7fae00a54821b062a6ed3ce86f6aec975e5e296fec2f83a72067dadab5a9,
kddcup99_v2,RLeaky,rate,0.9216664684000527,0.583764261010515,0.576994378014278,0.9040667933866589,0.8204112487086596,0.583764261010515,0.9450920414265943,0.8199913678925158,0.8122309180414062,0.908998706256289,0.015694882247124255,0.9236694970565446,0.9504397400596618,,,,,,218.1193779358195,0.9344001870869716,245.5681624543049,199.64999726713586,18.469380668683627,32430.974780486707,32773,1423.405882358551,0.2826685136287203,10,25,128,128,0.001,45,kddcup99_v2,da7e7fae00a54821b062a6ed3ce86f6aec975e5e296fec2f83a72067dadab5a9,
kddcup99_v2,RLeaky,rate,0.9237466602792666,0.5723032702307782,0.5613539858296802,0.9069502937675055,0.7017445703888799,0.5723032702307782,0.9676566875671776,0.8241129166389201,0.8168916360480425,0.9121691769553898,0.01632201739474857,0.9261001385722875,0.952101111771019,,,,,,297.71176642692484,0.9104626266385188,245.57733201727171,279.44114214430164,18.270624282623164,32831.10420893229,32773,1423.4098980426788,0.2825408083072192,10,25,128,128,0.001,46,kddcup99_v2,da7e7fae00a54821b062a6ed3ce86f6aec975e5e296fec2f83a72067dadab5a9,
kddcup99_v2,RLeaky,delta,0.9211649074523598,0.551995990871127,0.5264372440306444,0.9022623391812348,0.6890395761752395,0.551995990871127,0.9484115951056318,0.8189442007259417,0.8108948434507142,0.9091983580635372,0.007146039971613883,0.9254956933276318,0.9515781555274624,,,,,,822.6753839674114,0.7525788318895004,12.086130232229149,807.9885766279028,14.686807339508535,5586.967552864845,32773,1415.361124753952,0.29852690400414944,10,25,128,128,0.001,42,kddcup99_v2,da7e7fae00a54821b062a6ed3ce86f6aec975e5e296fec2f83a72067dadab5a9,
kddcup99_v2,RLeaky,delta,0.9204254265679406,0.5516642474191581,0.5164210501250988,0.90071355284923,0.6586463743221533,0.5516642474191581,0.9540153445992773,0.8172198136834831,0.809223821684947,0.9100368956539795,0.007327579093294605,0.9261355050493684,0.952016140822831,,,,,,1070.9025267740308,0.6779240520980359,12.086130232229149,1058.795909706169,12.106617067861839,6841.004218256176,32773,1457.1121098995209,0.334908249674636,10,25,128,128,0.001,43,kddcup99_v2,da7e7fae00a54821b062a6ed3ce86f6aec975e5e296fec2f83a72067dadab5a9,
kddcup99_v2,RLeaky,delta,0.9224959730443142,0.549235228328576,0.5231351489711635,0.9022969185105614,0.6318003672091803,0.549235228328576,0.9454800598979378,0.821374646817795,0.8134610839313218,0.9107117187624783,0.007146039971613883,0.9267142292197834,0.9524077971537382,,,,,,1418.0657366354906,0.5735140641697773,12.086130232229149,1405.498622314961,12.567114320529598,8574.517781300136,32773,1457.1865589618683,0.3343622001538376,10,25,128,128,0.001,44,kddcup99_v2,da7e7fae00a54821b062a6ed3ce86f6aec975e5e296fec2f83a72067dadab5a9,
kddcup99_v2,RLeaky,delta,0.9234219317169782,0.5546528405476178,0.5335433446499221,0.9053798474221069,0.6751733193926122,0.5546528405476178,0.9601614161514723,0.8234501148211839,0.8159050855316372,0.9125205641361466,0.007723664449688908,0.9280581553488582,0.9533281049241602,,,,,,1074.7995942500538,0.6767520017293072,12.086130232229149,1061.6985039980195,13.101090252034377,6855.517189715429,32773,1467.1341381072998,0.3492873539088824,10,25,128,128,0.001,45,kddcup99_v2,da7e7fae00a54821b062a6ed3ce86f6aec975e5e296fec2f83a72067dadab5a9,
kddcup99_v2,RLeaky,delta,0.9212967279578431,0.5702688800931812,0.5593713328749488,0.9034530172953263,0.7610828702497482,0.5702688800931812,0.9604167589847697,0.8187316901994222,0.8112355998384021,0.912356849654203,0.008086742693050352,0.9278556018892129,0.9531948445286215,,,,,,786.2711129830337,0.7635274848171327,12.086130232229149,771.342116008475,14.928996974558643,5403.735249767707,32773,1483.3125116825104,0.2827288593335298,10,25,128,128,0.001,46,kddcup99_v2,da7e7fae00a54821b062a6ed3ce86f6aec975e5e296fec2f83a72067dadab5a9,
kddcup99_v2,RSynaptic,rate,0.9267303048911838,0.6121641646952697,0.6292083047973758,0.9105030707688224,0.8439336522459808,0.6121641646952697,0.9681294701869632,0.8311070231577522,0.8237050274547602,0.9127122298711048,0.00910996319706897,0.9279424105147751,0.9532658831772194,,,,,,292.9154258927624,0.9119051350698459,245.5823990688971,273.48993180700194,19.42549408576049,32801.99673985384,32773,1483.2750339508057,0.28227439540440896,10,25,128,128,0.001,42,kddcup99_v2,da7e7fae00a54821b062a6ed3ce86f6aec975e5e296fec2f83a72067dadab5a9,
kddcup99_v2,RSynaptic,rate,0.9245665195206878,0.5850517055433313,0.5938195982374948,0.9084591734296164,0.7761384982129359,0.5850517055433313,0.9804050816893731,0.8260842555594999,0.8185880950110814,0.9105639764251146,0.013400887891340583,0.9253767333592687,0.9515737993598812,,,,,,302.34911535580284,0.9090679352313376,245.5822543878545,284.64502988467314,17.7040854711297,32857.75371106874,32773,1475.3352851867676,0.29031600941846036,10,25,128,128,0.001,43,kddcup99_v2,da7e7fae00a54821b062a6ed3ce86f6aec975e5e296fec2f83a72067dadab5a9,
kddcup99_v2,RSynaptic,rate,0.9232450993315736,0.5659950779220255,0.5696472004552221,0.9055925631290102,0.8738621598311337,0.5659950779220255,0.9745560682235084,0.8233378417009513,0.8154111719046063,0.9084995767381686,0.011106893535556913,0.9241614126013973,0.9507176733593798,,,,,,336.0702571142884,0.8989262384618681,245.57718412109483,321.23341231846547,14.836844795822898,33040.04662909247,32773,1467.123028755188,0.32955229318215257,10,25,128,128,0.001,44,kddcup99_v2,da7e7fae00a54821b062a6ed3ce86f6aec975e5e296fec2f83a72067dadab5a9,
kddcup99_v2,RSynaptic,rate,0.9246115314006089,0.6000871066770765,0.6066377616085596,0.9079800660380823,0.7830084669119802,0.6000871066770765,0.9824654408553039,0.8260738809059787,0.8187396720632107,0.9117419220878787,0.01488620797781922,0.9260358358866858,0.9520400441135695,,,,,,367.4036697542673,0.8895026557130024,245.5681624543049,349.0080346205659,18.395635133701358,33177.76496725386,32773,1465.8574211597443,0.3291756783090889,10,25,128,128,0.001,45,kddcup99_v2,da7e7fae00a54821b062a6ed3ce86f6aec975e5e296fec2f83a72067dadab5a9,
kddcup99_v2,RSynaptic,rate,0.9232161631230529,0.6259138357910373,0.627753910555574,0.9053428216430253,0.7952592231272619,0.6259138357910373,0.9596279125230216,0.8222323556688066,0.8148062601331909,0.9111070293408295,0.016107471160034987,0.9252867095994264,0.9515457081732994,,,,,,323.8227014201248,0.9026097138586091,245.57733201727171,306.6806310665565,17.142070353568318,32967.30165354356,32773,1467.294811964035,0.36276447290782876,10,25,128,128,0.001,46,kddcup99_v2,da7e7fae00a54821b062a6ed3ce86f6aec975e5e296fec2f83a72067dadab5a9,
kddcup99_v2,RSynaptic,delta,0.9199270807545277,0.6087434215619331,0.6112808592106875,0.9012647953479475,0.7892630079382256,0.6087434215619331,0.9402901904187889,0.8162126964525303,0.8080995856870172,0.9079764890031785,0.008449820936411797,0.9242578666297998,0.9507503062687891,,,,,,1305.2489028354269,0.6074439389968641,12.086130232229149,1290.3804854209736,14.868417414453315,7998.927096830199,32773,1486.260226726532,0.35908740162464237,10,25,128,128,0.001,44,kddcup99_v2,da7e7fae00a54821b062a6ed3ce86f6aec975e5e296fec2f83a72067dadab5a9,
kddcup99_v2,RSynaptic,delta,0.921486420880368,0.6402829736968588,0.6408273716812312,0.9033787605557406,0.830919297207165,0.6402829736968588,0.9489098536397366,0.8193045570568736,0.8115668600271783,0.9109752591480458,0.007938210684402489,0.9267721016368249,0.9524566962664228,,,,,,692.023544428333,0.7918726182170427,12.086130232229149,677.5246198907497,14.498924537583312,4934.64776917908,32773,1609.2578749656677,0.34894950258882046,10,25,128,128,0.001,42,kddcup99_v2,da7e7fae00a54821b062a6ed3ce86f6aec975e5e296fec2f83a72067dadab5a9,
kddcup99_v2,RSynaptic,delta,0.9206987129817477,0.6307194974191461,0.626453292777607,0.901210462092895,0.7542004293630054,0.6307194974191461,0.9743393048449843,0.8174470566606666,0.8095971623270697,0.9106398441118689,0.0072615648672288875,0.9266338508627813,0.9523545047010751,,,,,,1102.2836648672633,0.6684861158293945,12.086130232229149,1087.1749836831934,15.108681184069653,6982.899588141298,32773,1609.2333962917328,0.34932456213650614,10,25,128,128,0.001,43,kddcup99_v2,da7e7fae00a54821b062a6ed3ce86f6aec975e5e296fec2f83a72067dadab5a9,
kddcup99_v2,RSynaptic,delta,0.9204061357622602,0.6116777838640766,0.6110955453950642,0.9004208568860262,0.8620354605119905,0.6116777838640766,0.9458495901181628,0.8168492016360818,0.8088463427190257,0.9099250906419205,0.0072615648672288875,0.9260583418266464,0.9519628034439398,,,,,,1304.080079349514,0.607795464857289,12.086130232229149,1289.6775091711706,14.402570178343499,7995.412215581184,32773,1584.8166720867157,0.4162517194185984,10,25,128,128,0.001,45,kddcup99_v2,da7e7fae00a54821b062a6ed3ce86f6aec975e5e296fec2f83a72067dadab5a9,
kddcup99_v2,RSynaptic,delta,0.9228882194264844,0.5762044904275804,0.5743367993891143,0.9052533536780285,0.7624356497369447,0.5762044904275804,0.9631345277431724,0.822170164193804,0.8147381905147771,0.9126044178951908,0.007855692901820342,0.9280999520944992,0.9533580416342518,,,,,,899.0954251854329,0.7295953608464864,12.086130232229149,884.0345626935109,15.060862491921975,5967.197483192886,32773,1759.28852891922,0.43712462139061264,10,25,128,128,0.001,46,kddcup99_v2,da7e7fae00a54821b062a6ed3ce86f6aec975e5e296fec2f83a72067dadab5a9,
kddcup99_v2,SConv2dLSTM,rate,0.9246886946233309,0.5874529854048645,0.6050674174198616,0.908189034389313,0.7905739312670186,0.5874529854048645,0.9851876089415644,0.8256179853227162,0.8183559211081639,0.9118657062083726,0.014671661743105639,0.9261773017950095,0.9521335698754819,,,,,,1037.095978188529,0.9573650163129074,245.5823990688971,1012.2675473991171,24.828430789411918,75789.06866883795,7469,2118.1571893692017,0.42585373872257704,10,25,128,128,0.001,42,kddcup99_v2,da7e7fae00a54821b062a6ed3ce86f6aec975e5e296fec2f83a72067dadab5a9,
kddcup99_v2,SConv2dLSTM,rate,0.9215282176260091,0.612182043731857,0.6138292737893528,0.9040419160230972,0.779895141368985,0.612182043731857,0.9839483566918227,0.819318015276805,0.8116221017083459,0.9086233608586625,0.017114188107537173,0.9230907728861296,0.9500631491049528,,,,,,644.042748425388,0.9735234224696655,245.5822543878545,620.8174736117854,23.22527481360259,73831.77663176102,7469,2139.69464969635,0.4040540866572109,10,25,128,128,0.001,43,kddcup99_v2,da7e7fae00a54821b062a6ed3ce86f6aec975e5e296fec2f83a72067dadab5a9,
kddcup99_v2,SConv2dLSTM,rate,0.9229975339920071,0.6005554708054442,0.6184365043541827,0.9076137991673917,0.7800516010572729,0.6005554708054442,0.9906103593055307,0.8219127506304724,0.8147481037857719,0.9114703956300212,0.01559586090802568,0.9256789559815966,0.9518061236828826,,,,,,420.4636545145308,0.9827147521268436,245.57718412109483,396.8317616685261,23.631892846004714,72710.38783521793,7469,2150.5858221054077,0.3844460919511614,10,25,128,128,0.001,44,kddcup99_v2,da7e7fae00a54821b062a6ed3ce86f6aec975e5e296fec2f83a72067dadab5a9,
kddcup99_v2,SConv2dLSTM,rate,0.9241710580042376,0.6058151420611619,0.6203232633214981,0.9078382318870385,0.8103910138916376,0.6058151420611619,0.9827025942485982,0.8257667651295261,0.8180141130779038,0.909977000111805,0.008004224910468205,0.9259554575296838,0.9519017902642374,,,,,,539.2607859717261,0.977831005715448,245.5681624543049,515.9020798703658,23.358706101360323,73303.14118619164,7469,2150.298368692398,0.3846823810606227,10,25,128,128,0.001,45,kddcup99_v2,da7e7fae00a54821b062a6ed3ce86f6aec975e5e296fec2f83a72067dadab5a9,
kddcup99_v2,SConv2dLSTM,rate,0.9208176729501107,0.5890570710302696,0.5891265494545599,0.9015310404181629,0.7240019618101841,0.5890570710302696,0.9686121762951408,0.8178256589356634,0.8097272992353242,0.9069223274609082,0.01397851236941561,0.92233200119603,0.9495055485996292,,,,,,1644.3771063148452,0.9323997078596158,245.57733201727171,1617.3148227335714,27.06228358127377,78812.8457346421,7469,2235.901427745819,0.45131278854628215,10,25,128,128,0.001,46,kddcup99_v2,da7e7fae00a54821b062a6ed3ce86f6aec975e5e296fec2f83a72067dadab5a9,
kddcup99_v2,SConv2dLSTM,delta,0.9224638217015133,0.6344348423088563,0.6360004111471816,0.9032133439934291,0.7864457874733117,0.6344348423088563,0.9881711153611061,0.821354105993887,0.8135515083273976,0.9109912312926257,0.007278068423745317,0.9269135675451485,0.9525449770574212,,,,,,3560.6147240289492,0.853623238477741,12.086130232229149,3541.4735249767705,19.141199052178415,21188.17313176585,7469,2245.3588466644287,0.43265260023363816,10,25,128,128,0.001,42,kddcup99_v2,da7e7fae00a54821b062a6ed3ce86f6aec975e5e296fec2f83a72067dadab5a9,
kddcup99_v2,SConv2dLSTM,delta,0.9198434872632455,0.5976872554855074,0.5969463827968831,0.9004370940657188,0.8044699391196837,0.5976872554855074,0.9732841420201476,0.8158735736330327,0.8076864245122425,0.908036384545353,0.0074596075454260394,0.924499001700806,0.950902480278825,,,,,,1220.8292667243247,0.9498117464861532,12.086130232229149,1148.5096052136616,72.319661510663,9223.353532950303,7469,2225.0387630462646,0.4460389086206788,10,25,128,128,0.001,43,kddcup99_v2,da7e7fae00a54821b062a6ed3ce86f6aec975e5e296fec2f83a72067dadab5a9,
kddcup99_v2,SConv2dLSTM,delta,0.9219526153509802,0.6201174560614864,0.6241189380880966,0.9042640348211097,0.7511453688566669,0.6201174560614864,0.9824188204474692,0.820421220078679,0.8127904607620643,0.9110151895094954,0.007872196458336771,0.926817113516746,0.9524865153716413,,,,,,2997.2443148388093,0.8767833786294426,12.086130232229149,2983.42248150494,13.82183333386919,18397.917914406695,7469,2226.801740884781,0.3847997916458859,10,25,128,128,0.001,44,kddcup99_v2,da7e7fae00a54821b062a6ed3ce86f6aec975e5e296fec2f83a72067dadab5a9,
kddcup99_v2,SConv2dLSTM,delta,0.9211327561095589,0.602711668604696,0.6102416128141211,0.902892757678309,0.7350516490187197,0.602711668604696,0.985432364944396,0.8184079131553303,0.8107193061884546,0.9105559903528246,0.007278068423745317,0.9265631179086194,0.9523065776038655,,,,,,5509.691183137264,0.7734967653386531,12.086130232229149,5491.712534844018,17.978648293245968,30939.368181102083,7469,2218.257990837097,0.3182965804940237,10,25,128,128,0.001,46,kddcup99_v2,da7e7fae00a54821b062a6ed3ce86f6aec975e5e296fec2f83a72067dadab5a9,
kddcup99_v2,SConv2dLSTM,delta,0.9212806522864427,0.6068971595920138,0.6137005503679105,0.9014841842879068,0.8399141477238807,0.6068971595920138,0.9724853867603924,0.8189797968918395,0.8107923681203562,0.9083678065453848,0.0070965293020645945,0.9248365908002147,0.9511282439364989,,,,,,4404.294570602741,0.8189395859978318,12.086130232229149,4386.557359603124,17.7372109996174,25413.592304897615,7469,2218.3027906417847,0.3422413259758346,10,25,128,128,0.001,45,kddcup99_v2,da7e7fae00a54821b062a6ed3ce86f6aec975e5e296fec2f83a72067dadab5a9,
kddcup99_v2,SLSTM,rate,0.9253574425535882,0.6078330702523913,0.6162440557411845,0.9092005581527469,0.8238080979868219,0.6078330702523913,0.9689102194660817,0.8277470846176169,0.82058429488617,0.9128519861361785,0.016140478273067846,0.9266852930112626,0.9524962241549918,,,,,,190.90711155551412,0.942584327351725,245.5823990688971,173.01886319282124,17.888248362692867,126603.28263923943,129157,1415.4049627780914,0.3329493192774018,10,25,128,128,0.001,42,kddcup99_v2,da7e7fae00a54821b062a6ed3ce86f6aec975e5e296fec2f83a72067dadab5a9,
kddcup99_v2,SLSTM,rate,0.924421838478084,0.6316345418197445,0.6287173238292023,0.9084665870404578,0.7685207923904475,0.6316345418197445,0.9883197718978131,0.8257084712036606,0.8184848883599631,0.9119655321119967,0.01648705295991286,0.9259040153812024,0.9519698889592851,,,,,,297.2723154432545,0.9105947923478934,245.5822543878545,273.3348305141964,23.937484929058062,127104.78839915249,129157,1379.3614602088928,0.3379251623729057,10,25,128,128,0.001,43,kddcup99_v2,da7e7fae00a54821b062a6ed3ce86f6aec975e5e296fec2f83a72067dadab5a9,
kddcup99_v2,SLSTM,rate,0.9242257152869989,0.6214128212334237,0.6029810023896265,0.9082636022850147,0.7237085472429453,0.6214128212334237,0.9887877755452121,0.8255321547210678,0.8184405689495114,0.913331150473574,0.017064677437987886,0.926891061605188,0.9526469124387495,,,,,,297.3782348269776,0.9105629368941421,245.57718412109483,277.45686415093127,19.921370676046283,127122.80259075521,129157,1298.22362947464,0.342549823883033,10,25,128,128,0.001,44,kddcup99_v2,da7e7fae00a54821b062a6ed3ce86f6aec975e5e296fec2f83a72067dadab5a9,
kddcup99_v2,SLSTM,rate,0.9253188609422273,0.6116114159620147,0.6106092619137806,0.9088716133337026,0.8071971597645564,0.6116114159620147,0.9693450555910337,0.8277332086073977,0.8205714094943205,0.9131314986663259,0.016817124090241446,0.9267785319053851,0.9525676058450105,,,,,,241.67413649531073,0.9273160491743426,245.5681624543049,218.03348240839279,23.64065408691794,126821.06658864608,129157,1302.8343920707703,0.3169349601985038,10,25,128,128,0.001,45,kddcup99_v2,da7e7fae00a54821b062a6ed3ce86f6aec975e5e296fec2f83a72067dadab5a9,
kddcup99_v2,SLSTM,rate,0.92349266467114,0.6077877030996574,0.6276741571534232,0.9060430818387142,0.8337882235561647,0.6077877030996574,0.9781697254332665,0.8234356491173223,0.8157060541885014,0.9097414109792522,0.010809829518261186,0.9252191917795447,0.951434781791645,,,,,,318.29035556170004,0.9042735772746767,245.57733201727171,291.51673959662924,26.773615965070782,127193.17769082625,129157,1307.6662876605988,0.29284314639911074,10,25,128,128,0.001,46,kddcup99_v2,da7e7fae00a54821b062a6ed3ce86f6aec975e5e296fec2f83a72067dadab5a9,
kddcup99_v2,SLSTM,delta,0.9221905352877063,0.628698381332474,0.6302939372828973,0.903607225050694,0.8101784844890683,0.628698381332474,0.9868504597833322,0.8209294594631791,0.813066967270259,0.9101726588829082,0.00790520357136963,0.9261322899150883,0.9520209666809367,,,,,,86.47242218571259,0.9739932564855,12.086130232229149,66.98731629526507,19.485105890447514,6523.03526037765,129157,1307.4500319957733,0.2962640029307087,10,25,128,128,0.001,42,kddcup99_v2,da7e7fae00a54821b062a6ed3ce86f6aec975e5e296fec2f83a72067dadab5a9,
kddcup99_v2,SLSTM,delta,0.9237145089364658,0.6226110113011122,0.6306651809962573,0.9044702379988901,0.839525099393106,0.6226110113011122,0.9799197038476971,0.8237949592115211,0.8160784120644127,0.9117938315577633,0.007344082649811034,0.9275469489983249,0.9529763556727813,,,,,,122.06225142993097,0.963289548442126,12.086130232229149,96.13588765034771,25.926363779583255,6668.778117153063,129157,1332.1029148101807,0.3629469396338048,10,25,128,128,0.001,43,kddcup99_v2,da7e7fae00a54821b062a6ed3ce86f6aec975e5e296fec2f83a72067dadab5a9,
kddcup99_v2,SLSTM,delta,0.920708358384588,0.6384567589756218,0.6315440879386274,0.9010452225782501,0.8151309506214911,0.6384567589756218,0.9592210317786436,0.8179470323736842,0.8097505873350372,0.9083398552923702,0.0073605862063274635,0.9247626427117729,0.9510810827760509,,,,,,118.83204460034273,0.964261039217942,12.086130232229149,94.49485739271901,24.337187207623728,6660.57296586492,129157,1338.139668226242,0.3581112291318711,10,25,128,128,0.001,44,kddcup99_v2,da7e7fae00a54821b062a6ed3ce86f6aec975e5e296fec2f83a72067dadab5a9,
kddcup99_v2,SLSTM,delta,0.9233029717486151,0.5854894448690818,0.5845946004588216,0.9042035077938738,0.8077829118415731,0.5854894448690818,0.9833938012655108,0.8229492357546049,0.8153191834359597,0.9123368844734783,0.007476111101942469,0.9279584861861756,0.9532574978461358,,,,,,118.85148008706584,0.9642551939587772,12.086130232229149,92.89427673946803,25.95720334759781,6652.570062598665,129157,1356.278413772583,0.35901989866352213,10,25,128,128,0.001,45,kddcup99_v2,da7e7fae00a54821b062a6ed3ce86f6aec975e5e296fec2f83a72067dadab5a9,
kddcup99_v2,SLSTM,delta,0.9243028785097209,0.6135077409840315,0.6229735371418672,0.9063599513090119,0.8104895761499996,0.6135077409840315,0.979039814064256,0.8251842863078441,0.817675753823682,0.9126044178951908,0.0077566715627217665,0.9281192429001798,0.9533699721558853,,,,,,99.0390027939517,0.97021383374618,12.086130232229149,80.37413874590472,18.664864048046965,6589.969372630848,129157,1365.8878843784332,0.32320114001492084,10,25,128,128,0.001,46,kddcup99_v2,da7e7fae00a54821b062a6ed3ce86f6aec975e5e296fec2f83a72067dadab5a9,
kddcup99_v2,Synaptic,rate,0.9222419774361876,0.5590438093316198,0.5256412038610812,0.9023572455090433,0.6554727503871123,0.5590438093316198,0.9651022341412104,0.8210199146060112,0.8131426957002525,0.9089028733888099,0.016817124090241446,0.9233737047027769,0.9502522559004084,,,,,,865.1078548945596,0.7398171864978769,245.5823990688971,844.1089448250806,20.998910069479052,35655.09180494423,16261,1369.4274208545685,0.2991067122877116,10,25,128,128,0.001,42,kddcup99_v2,da7e7fae00a54821b062a6ed3ce86f6aec975e5e296fec2f83a72067dadab5a9,
kddcup99_v2,Synaptic,rate,0.9252995701365467,0.5504286526231313,0.5424249921491237,0.9086429245019948,0.6941589727867974,0.5504286526231313,0.938677666324206,0.8275810557269587,0.820164851726275,0.9118976504975324,0.011816546465763371,0.9267592410997045,0.9524945571024599,,,,,,854.6025611759675,0.7429766733305361,245.5822543878545,831.199129341637,23.40343183433056,35590.52420835356,16261,1368.3542017936707,0.30174103563978,10,25,128,128,0.001,43,kddcup99_v2,da7e7fae00a54821b062a6ed3ce86f6aec975e5e296fec2f83a72067dadab5a9,
kddcup99_v2,Synaptic,rate,0.9219333245452996,0.5434412181902006,0.5392129143768342,0.9041115177778658,0.7206970662080538,0.5434412181902006,0.9726302191818615,0.8196761070780684,0.8118447495406835,0.9078527048826845,0.015876421368804978,0.9227113870410798,0.949788723715789,,,,,,913.5542055563951,0.7252468554717608,245.57718412109483,892.6593983197708,20.89480723662424,35897.17655909899,16261,1358.790191411972,0.3677975978167987,10,25,128,128,0.001,44,kddcup99_v2,da7e7fae00a54821b062a6ed3ce86f6aec975e5e296fec2f83a72067dadab5a9,
kddcup99_v2,Synaptic,rate,0.9224252400901524,0.540529247326962,0.5394657429927993,0.9055406514847731,0.6627977258301714,0.540529247326962,0.9611276727994881,0.8222669550130063,0.8140239373636469,0.9067985433404143,0.004802534946280923,0.9240199466930736,0.9505422521357325,,,,,,963.0058226081812,0.7103741886892688,245.5681624543049,942.5490549112784,20.456767696902862,36145.47006870742,16261,1360.6845421791077,0.3641175883560993,10,25,128,128,0.001,45,kddcup99_v2,da7e7fae00a54821b062a6ed3ce86f6aec975e5e296fec2f83a72067dadab5a9,
kddcup99_v2,Synaptic,rate,0.9233865652398973,0.5322415594646013,0.5246149597680658,0.902622149101528,0.6265552402855891,0.5322415594646013,0.9601182590477096,0.8232764648319291,0.8149449445253077,0.9083877717261096,0.00417539979865661,0.92542174523919,0.9514912731972346,,,,,,893.715454185944,0.73121339723731,245.57733201727171,874.1306180452626,19.584836140681414,35804.55158843709,16261,1373.285052537918,0.3682437355042951,10,25,128,128,0.001,46,kddcup99_v2,da7e7fae00a54821b062a6ed3ce86f6aec975e5e296fec2f83a72067dadab5a9,
kddcup99_v2,Synaptic,delta,0.9217339862199345,0.6404198159167013,0.6275526042747754,0.903597250336656,0.7564464687646844,0.6404198159167013,0.9780802995200244,0.8199358319360898,0.8123869484548175,0.9125125780638567,0.007971217797435348,0.9280034980660967,0.9532939127532877,,,,,,305.18367097601833,0.9082154373004456,12.086130232229149,271.106343781448,34.07732719457028,2902.5563886325713,16261,1386.1641068458557,0.2667641487856364,10,25,128,128,0.001,42,kddcup99_v2,da7e7fae00a54821b062a6ed3ce86f6aec975e5e296fec2f83a72067dadab5a9,
kddcup99_v2,Synaptic,delta,0.9209687842612747,0.6283088179445984,0.6172248541241948,0.9013286110454125,0.7989586987458811,0.6283088179445984,0.9743776297298322,0.8182506977483288,0.810345336852713,0.910627865003434,0.007575132441041044,0.9265631179086194,0.9523101624598861,,,,,,454.86281022026884,0.8631991548209718,12.086130232229149,431.86109655369756,23.001713666571284,3706.330152493819,16261,1381.8689942359924,0.19609224095325578,10,25,128,128,0.001,43,kddcup99_v2,da7e7fae00a54821b062a6ed3ce86f6aec975e5e296fec2f83a72067dadab5a9,
kddcup99_v2,Synaptic,delta,0.9212195647351211,0.6056408356546487,0.6008986407224146,0.9023000445139924,0.8060872209595903,0.6056408356546487,0.9710388872979234,0.8186036603395024,0.8108733054987701,0.9115782076059352,0.0074266004323931805,0.9273572560758,0.9528484195852065,,,,,,343.543643840285,0.8966786033563052,12.086130232229149,329.3569474229091,14.186696417375872,3193.809406839877,16261,1379.7240743637085,0.19177687455998343,10,25,128,128,0.001,44,kddcup99_v2,da7e7fae00a54821b062a6ed3ce86f6aec975e5e296fec2f83a72067dadab5a9,
kddcup99_v2,Synaptic,delta,0.921251716077922,0.5793204394682399,0.5772998969262653,0.9014464310599801,0.7562602590205296,0.5793204394682399,0.9741094530591998,0.8184346665070138,0.8105390867461231,0.9103164081841268,0.007327579093294605,0.9263605644489742,0.9521693369196585,,,,,,386.81267341630524,0.8836653613785548,12.086130232229149,364.2506004263268,22.562072989978425,3368.2776718569653,16261,1011.5344479084015,0.07846270665717117,10,25,128,128,0.001,45,kddcup99_v2,da7e7fae00a54821b062a6ed3ce86f6aec975e5e296fec2f83a72067dadab5a9,
kddcup99_v2,Synaptic,delta,0.9217114802799738,0.5578906901004494,0.5322829772103597,0.9036893279181204,0.6988810754819947,0.5578906901004494,0.9811919368556075,0.8197442316768238,0.8122958037888919,0.9127481671964095,0.008037232023501064,0.9281803304515013,0.9534147501188719,,,,,,401.100913419649,0.8793681463399552,12.086130232229149,372.12104980564516,28.97986361400384,3407.629918753557,16261,916.3693995475769,0.05956426610628661,10,25,128,128,0.001,46,kddcup99_v2,da7e7fae00a54821b062a6ed3ce86f6aec975e5e296fec2f83a72067dadab5a9,
cicids2017_v2,Alpha,rate,0.9900680382653422,0.8241876504659883,0.6976990615041977,0.9896470934519404,0.7640471690256362,0.6593501203727906,0.9928503586383886,0.9278691687297015,0.9272977467985389,0.902742551022827,0.0027024705848673098,0.9902517345165256,0.9324372299141845,,,,,,331.6341600842177,0.9002604029821901,369.2054289307465,323.3454125393887,8.28874754482895,48875.0219658325,10757,9757.374432325363,0.3170230064243316,10,25,128,128,0.001,44,cicids2017_v2,bab935988330fa211286aa16361ffd0d95747ae8d7f6c158ef779921b7b9d1ac,
cicids2017_v2,Alpha,rate,0.9883123260184544,0.8157126478393796,0.6947180548656195,0.9877276701711901,0.7626528512846203,0.6525701182715037,0.9945298639945547,0.9145037112081738,0.9133294699359263,0.8776637352738995,0.0025860505949824894,0.9884907233393152,0.919124218051832,,,,,,350.67367067501306,0.8945342343834547,369.20114739504584,342.4233810001554,8.250289674857635,48969.86377156665,10757,9757.792826414108,0.3168250003148935,10,25,128,128,0.001,46,cicids2017_v2,bab935988330fa211286aa16361ffd0d95747ae8d7f6c158ef779921b7b9d1ac,
cicids2017_v2,Alpha,rate,0.9884465655866269,0.8205241936950948,0.6976491895558045,0.9879001870440117,0.7629343005896638,0.6564193549560758,0.9934425666969131,0.9155628947666979,0.9144935538108512,0.8805319174153176,0.0026757512429265314,0.9886214302872727,0.9202090764962346,,,,,,305.66626453673217,0.9080702963799302,369.2022389746923,297.4219184953864,8.244346041345787,48744.99618123755,10757,9758.213233947754,0.31654021082303246,10,25,128,128,0.001,42,cicids2017_v2,bab935988330fa211286aa16361ffd0d95747ae8d7f6c158ef779921b7b9d1ac,
cicids2017_v2,Alpha,rate,0.9893933078042646,0.8364279937504048,0.7066579988458518,0.9889911541323797,0.7638354452876988,0.6691423950003238,0.9952095563189172,0.9228313697808062,0.9221535050458469,0.8954654277384029,0.0028437013922685676,0.9895787703655555,0.9275664792398164,,,,,,336.4265797877602,0.898819073748042,369.17566307281436,328.03209032203364,8.394489465726519,48894.64532493041,10757,9759.000998973846,0.3159799251407623,10,25,128,128,0.001,43,cicids2017_v2,bab935988330fa211286aa16361ffd0d95747ae8d7f6c158ef779921b7b9d1ac,
cicids2017_v2,Alpha,rate,0.9899461628679224,0.837666953217588,0.706800404467937,0.9895663698174958,0.7630384022897772,0.6701335625740704,0.994387991843112,0.9269537036032278,0.9263487208744827,0.9010832720980397,0.0027005620604429684,0.9901298591191058,0.9315330327386787,,,,,,329.39340141870025,0.9009343153627969,369.2257361980528,320.94975907530136,8.443642343398945,48865.64302872727,10757,10226.153094053268,0.4916021296605692,10,25,128,128,0.001,45,cicids2017_v2,bab935988330fa211286aa16361ffd0d95747ae8d7f6c158ef779921b7b9d1ac,
cicids2017_v2,Alpha,latency,0.9936942729161073,0.9456959547871108,0.7719589949764927,0.9934849623381945,0.7895936905475873,0.7565567638296886,0.9972993679594853,0.9544475659482639,0.9536741096721084,0.9229620499205916,0.0004275094710524558,0.9938638386864305,0.9572945862221567,,,,,,153.2978299114019,0.9538953895003303,39.90437726970849,145.08391386058867,8.213916050813209,5833.17985982563,10757,9652.494462251663,0.3836831073011458,10,25,128,128,0.001,42,cicids2017_v2,bab935988330fa211286aa16361ffd0d95747ae8d7f6c158ef779921b7b9d1ac,
cicids2017_v2,Alpha,latency,0.9924560895307267,0.9333514149872282,0.7656041457516544,0.9922392134006268,0.7866698473772685,0.7466811319897826,0.9986404310043909,0.9453940357269252,0.9448142275276584,0.9190983004243013,0.001452387086923745,0.9926274216111575,0.9489244022417463,,,,,,150.9688617191143,0.9545958310619205,39.90437726970849,142.86250512229932,8.10635659681499,5822.072816134183,10757,9652.443320035934,0.38333402313830534,10,25,128,128,0.001,43,cicids2017_v2,bab935988330fa211286aa16361ffd0d95747ae8d7f6c158ef779921b7b9d1ac,
cicids2017_v2,Alpha,latency,0.9943283782447117,0.9564922278586973,0.7750274281202942,0.9942306714324035,0.785524363365764,0.7651937822869578,0.9986028007809898,0.9591870713248254,0.9589348127015664,0.9424704292791618,0.001274894315460002,0.9945332702171855,0.96253706953943,,,,,,163.82785011798953,0.950728466129928,39.90437726970849,155.66196003900012,8.165890078989388,5886.070090717687,10757,9903.777827739716,0.40779699136346736,10,25,128,128,0.001,45,cicids2017_v2,bab935988330fa211286aa16361ffd0d95747ae8d7f6c158ef779921b7b9d1ac,
cicids2017_v2,Alpha,latency,0.9932809563509446,0.9423843996291666,0.7706474604914584,0.9930469690198898,0.7897991683190049,0.7539075197033334,0.9975546260545946,0.9514062126631505,0.9505925625975098,0.91926422831678,0.0005763743761510788,0.9934505221212678,0.9543743078626798,,,,,,157.80998389125182,0.952538350709398,39.90437726970849,149.61553964306404,8.194444248187766,5855.837988738007,10757,10143.638283014297,0.4467852213095382,10,25,128,128,0.001,44,cicids2017_v2,bab935988330fa211286aa16361ffd0d95747ae8d7f6c158ef779921b7b9d1ac,
cicids2017_v2,Alpha,latency,0.9946551456146052,0.938363308198694,0.7686828095789657,0.994551965607035,0.7884839259736622,0.7506906465589551,0.9980803743090926,0.9615209664381076,0.9612004706780987,0.941806717709247,0.0009046405771377859,0.994826477695036,0.9644508635442332,,,,,,159.74493245630148,0.9519564112913379,39.90437726970849,151.55170696208793,8.193225494213568,5865.518825333126,10757,9683.296147584915,0.40008602524509845,10,25,128,128,0.001,46,cicids2017_v2,bab935988330fa211286aa16361ffd0d95747ae8d7f6c158ef779921b7b9d1ac,
cicids2017_v2,Alpha,delta,0.9677860362588139,0.5759320326355857,0.4800712319050042,0.9618290357511216,0.652253240556356,0.5759320326355857,0.9680210985208567,0.7489831921468729,0.7392184073039825,0.6541588641050561,0.0069222180870859695,0.9678231287710721,0.7518491779161162,,,,,,166.44235646964066,0.9499421484301832,37.9610758241603,158.23872917520384,8.20362729443683,5650.211351368537,10757,10168.07781124115,0.4326610130487455,10,25,128,128,0.001,42,cicids2017_v2,bab935988330fa211286aa16361ffd0d95747ae8d7f6c158ef779921b7b9d1ac,
cicids2017_v2,Alpha,delta,0.967176659271715,0.5758694702715044,0.47894098667309437,0.9613253151323985,0.6463133391872549,0.5758694702715044,0.9622129957452763,0.7444590671925162,0.7354351234262894,0.6538981202740181,0.007595927208878456,0.96718019189193,0.7480644855124537,,,,,,166.28103760120956,0.9499906653830948,37.9610758241603,158.373406788283,7.907630812926564,5650.884739433933,10757,10167.811114549637,0.4324956354057065,10,25,128,128,0.001,43,cicids2017_v2,bab935988330fa211286aa16361ffd0d95747ae8d7f6c158ef779921b7b9d1ac,
cicids2017_v2,Alpha,delta,0.9567730927383459,0.6385301949739113,0.49236245270322365,0.9589262504021725,0.5990438396580933,0.6385301949739113,0.9659352448624375,0.7154654493601313,0.7132751393353114,0.793751629648944,0.028643134560514538,0.958122553660501,0.7385450094286565,,,,,,164.00921837245122,0.9506739192864808,37.9610758241603,155.70508096765533,8.304137404795885,5637.543110330795,10757,10155.955232858658,0.44137924578169335,10,25,128,128,0.001,44,cicids2017_v2,bab935988330fa211286aa16361ffd0d95747ae8d7f6c158ef779921b7b9d1ac,
cicids2017_v2,Alpha,delta,0.9679979934717179,0.5754280250969668,0.4801114529540794,0.9619260779950375,0.6546415981849805,0.5754280250969668,0.9601798754147369,0.7504358142277769,0.7401832643954434,0.6526892170573874,0.006609220081493993,0.9680032924020404,0.7524766003962562,,,,,,176.97428782376466,0.946774650278567,37.9610758241603,168.40169424465515,8.572593579109498,5701.026176715794,10757,10163.427423477173,0.4035211386488774,10,25,128,128,0.001,45,cicids2017_v2,bab935988330fa211286aa16361ffd0d95747ae8d7f6c158ef779921b7b9d1ac,
cicids2017_v2,Alpha,delta,0.9684042447964504,0.584931650868922,0.4867532831939224,0.9631945320250349,0.652833600097376,0.584931650868922,0.9643497995608911,0.7553034719609572,0.7474033524769522,0.6698271979519758,0.007550122622694264,0.968409543726773,0.7596134460558327,,,,,,168.1818610549817,0.9494189891563964,37.9610758241603,159.70442390029532,8.477437154686374,5657.539824993994,10757,10174.462683677673,0.39295258340311495,10,25,128,128,0.001,46,cicids2017_v2,bab935988330fa211286aa16361ffd0d95747ae8d7f6c158ef779921b7b9d1ac,
cicids2017_v2,Lapicque,rate,0.9887380067543698,0.8589946031345486,0.7218901287477411,0.9883171775715742,0.7681886285817734,0.6871956825076388,0.9936763149891212,0.9179256322767873,0.9171255761791508,0.8883068243771778,0.002975389577548119,0.9889234693156608,0.9227909038302903,,,,,,412.1134147720047,0.8760561158580437,369.17566307281436,383.6841925843236,28.429222187681045,49172.90583624186,10757,5917.4934594631195,0.265982165467527,10,25,128,128,0.001,43,cicids2017_v2,bab935988330fa211286aa16361ffd0d95747ae8d7f6c158ef779921b7b9d1ac,
cicids2017_v2,Lapicque,rate,0.9919685879410476,0.9042945892094774,0.7405342819400167,0.9918415133423221,0.759594952705411,0.7234356713675819,0.9952883949784225,0.9421146647628784,0.941883834930782,0.9271339512171997,0.002620404034620633,0.992145218951801,0.946209766187268,,,,,,371.6646713250152,0.8882211514811984,369.2022389746923,348.6808295298789,22.98384179513629,49001.29073641001,10757,5918.153049230576,0.26585603041960765,10,25,128,128,0.001,42,cicids2017_v2,bab935988330fa211286aa16361ffd0d95747ae8d7f6c158ef779921b7b9d1ac,
cicids2017_v2,Lapicque,rate,0.9899055377354491,0.8744109059160415,0.729358820628992,0.9895111555134766,0.7659371130072129,0.6995287247328332,0.9927428591467159,0.9264798220793543,0.925566730274147,0.894019484675374,0.002173809319324764,0.9900910002967401,0.9307766343377508,,,,,,369.2049061029547,0.888960930495352,369.20114739504584,343.50594716613205,25.69895893682262,48975.27660239653,10757,5916.270601987839,0.2699654029959982,10,25,128,128,0.001,46,cicids2017_v2,bab935988330fa211286aa16361ffd0d95747ae8d7f6c158ef779921b7b9d1ac,
cicids2017_v2,Lapicque,rate,0.9920198109341661,0.8779796684465511,0.7306067676769749,0.9918872275995085,0.7696693392740324,0.7023837347572408,0.995724571494797,0.9425732593759937,0.9424072147513448,0.930333989143575,0.0028246161480251545,0.9921946756348119,0.9467044563709823,,,,,,423.22590399751306,0.8727140138353344,369.2054289307465,398.8126280574828,24.41327594003024,49252.358043422966,10757,6283.160437345505,0.2676446927953328,10,25,128,128,0.001,44,cicids2017_v2,bab935988330fa211286aa16361ffd0d95747ae8d7f6c158ef779921b7b9d1ac,
cicids2017_v2,Lapicque,rate,0.9919632890107251,0.8538752611669831,0.7193456446139177,0.9917020529627043,0.7771069719021362,0.6831002089335865,0.9941313229221005,0.9419036168799412,0.9415368956457528,0.9217057387346813,0.002204345710114225,0.992125789540618,0.9457835721061466,,,,,,348.81367194675636,0.8950936324972161,369.2257361980528,326.79153831479886,22.022133631957495,48894.851924924755,10757,6239.901227474213,0.325034476170128,10,25,128,128,0.001,45,cicids2017_v2,bab935988330fa211286aa16361ffd0d95747ae8d7f6c158ef779921b7b9d1ac,
cicids2017_v2,Lapicque,latency,0.9966475434159024,0.9532231241080262,0.7770497515155249,0.9966204387022617,0.7928502794614778,0.762578499286421,0.9992174702636808,0.9760001116732264,0.9758975004767527,0.9652025505487473,0.0006393556821543423,0.9968153428761181,0.9783400007207987,,,,,,366.52852590823665,0.8897658568697032,39.90437726970849,328.58534457177575,37.94318133646088,6750.6870133815655,10757,5928.028146028519,0.30236765490682055,10,25,128,128,0.001,43,cicids2017_v2,bab935988330fa211286aa16361ffd0d95747ae8d7f6c158ef779921b7b9d1ac,
cicids2017_v2,Lapicque,latency,0.9967747177436448,0.9556282089916038,0.7781599478228038,0.9967466175029062,0.7930285645404929,0.764502567193283,0.9991542080911288,0.9769234857481754,0.976837739723741,0.9674070211202503,0.0006508068287003903,0.9969690118554735,0.9794096472282218,,,,,,329.47689666379347,0.9009092040108891,39.90437726970849,292.21456252031254,37.2623341434809,6568.83310312425,10757,6251.636341094971,0.32032969051218724,10,25,128,128,0.001,42,cicids2017_v2,bab935988330fa211286aa16361ffd0d95747ae8d7f6c158ef779921b7b9d1ac,
cicids2017_v2,Lapicque,latency,0.9963719990391273,0.9602330276699332,0.7792892510889192,0.9963429341218994,0.7910438884270825,0.7681864221359466,0.9993049556671333,0.9740237923028581,0.9739253004613695,0.9638751274089175,0.0007996717337990133,0.9965680594610634,0.9766659861413011,,,,,,360.0069574955136,0.891727230828417,39.90437726970849,320.5067985276039,39.50015896790968,6710.294283160706,10757,5909.024221420288,0.2885559416980903,10,25,128,128,0.001,44,cicids2017_v2,bab935988330fa211286aa16361ffd0d95747ae8d7f6c158ef779921b7b9d1ac,
cicids2017_v2,Lapicque,latency,0.9961512102756857,0.9597152677089343,0.779137131379126,0.996116175544592,0.7911988643827675,0.7677722141671475,0.999058123593572,0.9724368374986815,0.9723386745477146,0.9623106644226894,0.0009275428702298818,0.9963331402167616,0.9750690524798847,,,,,,347.21399023583774,0.8955747397786954,39.90437726970849,312.3613481891789,34.85264204665885,6669.567031468581,10757,5909.52162194252,0.2872032622548225,10,25,128,128,0.001,45,cicids2017_v2,bab935988330fa211286aa16361ffd0d95747ae8d7f6c158ef779921b7b9d1ac,
cicids2017_v2,Lapicque,latency,0.9963878958300951,0.9568336171895557,0.778753319160676,0.9963462188209752,0.7929852944077037,0.7654668937516446,0.9992353127385095,0.9741142517256842,0.9739618122205405,0.960675089482542,0.0005553806074833242,0.9965556952903107,0.9765077223333253,,,,,,361.4796273792197,0.8912843225927158,39.90437726970849,321.33167594568243,40.14795143353728,6714.418670251099,10757,6247.208533525467,0.3237242891138642,10,25,128,128,0.001,46,cicids2017_v2,bab935988330fa211286aa16361ffd0d95747ae8d7f6c158ef779921b7b9d1ac,
cicids2017_v2,Lapicque,delta,0.9677330469555879,0.5763842540106655,0.48121697594370794,0.9619794284660018,0.52649130464671,0.4611074032085324,0.9725307646463557,0.7487730873456149,0.7391432137782473,0.654680351767132,0.007059631845638545,0.9677348132656954,0.7514862934494252,,,,,,355.75554444742755,0.8930058512940068,37.9610758241603,320.3978401560005,35.35770429142704,6461.006906272521,10757,6410.7000596523285,0.32243308619886624,10,25,128,128,0.001,42,cicids2017_v2,bab935988330fa211286aa16361ffd0d95747ae8d7f6c158ef779921b7b9d1ac,
cicids2017_v2,Lapicque,delta,0.9670512512540802,0.575797326012653,0.47985293279983043,0.9614382403728254,0.6509883059024101,0.575797326012653,0.968678152984863,0.7436417240316926,0.734755878602753,0.654301088012895,0.007725706869733665,0.9670901100764459,0.7476638045450853,,,,,,370.4572729584988,0.888584278809474,37.9610758241603,341.28484576580144,29.172427192697366,6565.441934321525,10757,6500.832174062729,0.32438402044917797,10,25,128,128,0.001,43,cicids2017_v2,bab935988330fa211286aa16361ffd0d95747ae8d7f6c158ef779921b7b9d1ac,
cicids2017_v2,Lapicque,delta,0.9702094137263491,0.5806047912966574,0.4872191059074128,0.9641704467975537,0.6756177836854198,0.5806047912966574,0.9719691185523421,0.7681726203292457,0.7564666489749042,0.6611515395738023,0.004904907770557194,0.9702111800364567,0.7678564054563725,,,,,,341.4788325396713,0.8972995992361891,37.9610758241603,312.40113609066117,29.07769644901016,6421.023385945824,10757,6432.35147690773,0.25967707776344806,10,25,128,128,0.001,45,cicids2017_v2,bab935988330fa211286aa16361ffd0d95747ae8d7f6c158ef779921b7b9d1ac,
cicids2017_v2,Lapicque,delta,0.9678354929418248,0.640503424495152,0.5081476767557225,0.9670115881851574,0.6301693864616784,0.640503424495152,0.9707066689925009,0.7712795591882193,0.771245136913012,0.7917841989238391,0.016527821514795836,0.9691884864841951,0.7929495548961425,,,,,,327.6783266684565,0.9014501273177574,37.9610758241603,287.03443068292614,40.643895985530385,6294.189858907149,10757,6433.260089159012,0.28671599308358847,10,25,128,128,0.001,44,cicids2017_v2,bab935988330fa211286aa16361ffd0d95747ae8d7f6c158ef779921b7b9d1ac,
cicids2017_v2,Lapicque,delta,0.9691478613517218,0.5762106088342993,0.48229642491165114,0.9628615222477382,0.6649810939379694,0.5762106088342993,0.9676183048204904,0.7593155979597545,0.7477031490727979,0.6539692322279376,0.005437386084948422,0.9691831875538724,0.7597659208261619,,,,,,356.3384426797044,0.8928305435549762,37.9610758241603,322.7849588096483,33.5534838700561,6472.942499540759,10757,6355.9450035095215,0.2702781684078363,10,25,128,128,0.001,46,cicids2017_v2,bab935988330fa211286aa16361ffd0d95747ae8d7f6c158ef779921b7b9d1ac,
cicids2017_v2,Leaky,rate,0.9901687179414715,0.8875661112467697,0.7351510768287607,0.9898058035994456,0.7646027868316256,0.7100528889974157,0.994970758672963,0.9284711352800847,0.9276361103160917,0.8975039704174271,0.002179534892597788,0.9903453489522248,0.9326780963641739,,,,,,202.2285887888765,0.9391793717928191,369.2022389746923,182.06841448939508,20.16017429948141,48168.22866120759,10757,4676.2340042591095,0.2500839216317764,10,25,128,128,0.001,42,cicids2017_v2,bab935988330fa211286aa16361ffd0d95747ae8d7f6c158ef779921b7b9d1ac,
cicids2017_v2,Leaky,rate,0.9909971173819045,0.9067884736415992,0.743157262775224,0.9908211107111763,0.7628652734357751,0.7254307789132793,0.9960456811047537,0.9349823450980095,0.934688033960371,0.9180079171308697,0.002929584991363927,0.9911790473229805,0.9394299575500302,,,,,,221.45846875044157,0.9333959492479875,369.17566307281436,200.69321666266302,20.765252087778546,48257.950956633555,10757,4626.966716766357,0.25527765294423377,10,25,128,128,0.001,43,cicids2017_v2,bab935988330fa211286aa16361ffd0d95747ae8d7f6c158ef779921b7b9d1ac,
cicids2017_v2,Leaky,rate,0.9901598863909339,0.8755350662598909,0.7317353317907493,0.9898541372311667,0.771107547233515,0.7004280530079127,0.9948657815333901,0.9284482429245481,0.9276977596697988,0.8990447294190154,0.0023493935663641656,0.990302957509644,0.9325105106581761,,,,,,200.03959713999066,0.9398377151458674,369.2054289307465,175.53410568186635,24.50549145812432,48135.965431544886,10757,4619.148359775543,0.2062001381485858,10,25,128,128,0.001,44,cicids2017_v2,bab935988330fa211286aa16361ffd0d95747ae8d7f6c158ef779921b7b9d1ac,
cicids2017_v2,Leaky,rate,0.9909794542808292,0.8489582596788696,0.7157450964007592,0.9906911593097794,0.7724488029594532,0.6791666077430957,0.9947280879870161,0.9346468442572073,0.9341833640848486,0.9122715528480337,0.0024639050318246447,0.9911825799431955,0.9390952125323313,,,,,,222.88677775579703,0.9329663826298354,369.2257361980528,203.13038547951786,19.75639227627916,48276.54616074835,10757,4615.165250778198,0.2065353670045987,10,25,128,128,0.001,45,cicids2017_v2,bab935988330fa211286aa16361ffd0d95747ae8d7f6c158ef779921b7b9d1ac,
cicids2017_v2,Leaky,rate,0.989898472495019,0.8646986661361197,0.7262472952632946,0.9894715169025238,0.7710241559189736,0.6917589329088958,0.9949415772570676,0.9263796842715166,0.9253798450925848,0.89193353402707,0.0020516637561669195,0.9900486088541594,0.9303498578316233,,,,,,206.93676609815031,0.9377633786170977,369.20114739504584,187.2303745283952,19.70639156975512,48193.89873920785,10757,4576.474737167358,0.24766146266651945,10,25,128,128,0.001,46,cicids2017_v2,bab935988330fa211286aa16361ffd0d95747ae8d7f6c158ef779921b7b9d1ac,
cicids2017_v2,Leaky,latency,0.9976578727974112,0.9688376236151804,0.7843883510280355,0.9976532861632345,0.7942614085352296,0.7750700988921444,0.9993774518314564,0.9832868091329168,0.9832533659482781,0.9775760305307322,0.0005668317540293722,0.9978044765363365,0.9851537772469393,,,,,,273.35669572835565,0.9177874599313216,39.90437726970849,240.20682784835168,33.14986788000396,6308.794429764444,10757,4548.971384048462,0.2519837347228007,10,25,128,128,0.001,42,cicids2017_v2,bab935988330fa211286aa16361ffd0d95747ae8d7f6c158ef779921b7b9d1ac,
cicids2017_v2,Leaky,latency,0.997216295270528,0.9662538344524993,0.7825033422419742,0.9972172641762722,0.7925777742632871,0.7730030675619994,0.9994608342632716,0.9801279130645988,0.9800938915446206,0.9745893284661151,0.0007882205872529654,0.9973770294903136,0.9822612435047482,,,,,,252.91511466885217,0.9239353038589918,39.90437726970849,220.22544299057498,32.689671678277215,6208.887505475562,10757,4551.386545181274,0.25772865297404585,10,25,128,128,0.001,43,cicids2017_v2,bab935988330fa211286aa16361ffd0d95747ae8d7f6c158ef779921b7b9d1ac,
cicids2017_v2,Leaky,latency,0.9977373567522503,0.9693703587785242,0.7846523021091201,0.9977285168021861,0.7943078896004921,0.7754962870228194,0.9994844873726095,0.9838511148041175,0.9838118769158097,0.9773152866996943,0.00048476520378269543,0.9978609984597776,0.9855266460302852,,,,,,251.23261774223178,0.9244413179722611,39.90437726970849,213.8941344373949,37.33848330483686,6177.230962709661,10757,4570.091645956039,0.2117537768584593,10,25,128,128,0.001,44,cicids2017_v2,bab935988330fa211286aa16361ffd0d95747ae8d7f6c158ef779921b7b9d1ac,
cicids2017_v2,Leaky,latency,0.9976490412468736,0.9690914448442468,0.7838774612367969,0.9976451360700973,0.7929579110119125,0.7752731558753975,0.9993804950886261,0.9832290017209174,0.9832016216191896,0.9784293739777656,0.0006126363402135639,0.997825672257627,0.9853076326311393,,,,,,236.58117078099167,0.9288477681861679,39.90437726970849,200.717213751784,35.863957029207704,6111.346359281606,10757,4568.323333263397,0.21271865089174585,10,25,128,128,0.001,45,cicids2017_v2,bab935988330fa211286aa16361ffd0d95747ae8d7f6c158ef779921b7b9d1ac,
cicids2017_v2,Leaky,latency,0.9975677909819272,0.968174794898148,0.7836619439789778,0.9975552127019808,0.7932375119744229,0.7745398359185184,0.9994265812411993,0.9826303721033317,0.9825775606774635,0.9751108161281912,0.0004561373374175756,0.99772322627139,0.9845745126431554,,,,,,271.31820076587206,0.918400541123046,39.90437726970849,235.91395950204185,35.40424126383021,6287.330088032896,10757,4581.5728764534,0.2635998279772216,10,25,128,128,0.001,46,cicids2017_v2,bab935988330fa211286aa16361ffd0d95747ae8d7f6c158ef779921b7b9d1ac,
cicids2017_v2,Leaky,delta,0.9667615763964448,0.5763259276373546,0.47948079956118467,0.9612362863957342,0.6473852051565179,0.5763259276373546,0.9751906127423802,0.7416879432554645,0.7333252616093715,0.6554862872448859,0.008139856669815732,0.9667951362884879,0.746319411645638,,,,,,100.30472558606169,0.9698331652372747,37.9610758241603,85.2564487982026,15.048276787859091,5285.299949483531,10757,4821.733056783676,0.27199187500964767,10,25,128,128,0.001,42,cicids2017_v2,bab935988330fa211286aa16361ffd0d95747ae8d7f6c158ef779921b7b9d1ac,
cicids2017_v2,Leaky,delta,0.9701634896635533,0.5986803704054706,0.49716046876379993,0.9657859518772614,0.5284788521163335,0.4789442963243765,0.9766930131764909,0.7709765850779031,0.7648175209918084,0.6951904615165809,0.0076608170393060605,0.9701970495555964,0.776602364654636,,,,,,128.0552431149232,0.9614871449278426,37.9610758241603,99.76200384349079,28.293239271432405,5357.827724709972,10757,4839.269133806229,0.26630299534931284,10,25,128,128,0.001,43,cicids2017_v2,bab935988330fa211286aa16361ffd0d95747ae8d7f6c158ef779921b7b9d1ac,
cicids2017_v2,Leaky,delta,0.9671448656897794,0.5802690161027411,0.4825310560090548,0.9619223650259155,0.6489772026122791,0.5802690161027411,0.9766571852860552,0.7453823867129225,0.7376801597637033,0.6626448906061109,0.008300172721460403,0.96718019189193,0.7505604703923964,,,,,,100.97171784255818,0.9696325660623886,37.9610758241603,86.01922098659017,14.95249685596801,5289.113810425469,10757,4857.059749364853,0.22211684646210794,10,25,128,128,0.001,44,cicids2017_v2,bab935988330fa211286aa16361ffd0d95747ae8d7f6c158ef779921b7b9d1ac,
cicids2017_v2,Leaky,delta,0.9703047944721559,0.5992871240697377,0.4975197300506074,0.9659167918352458,0.6610408760409653,0.5992871240697377,0.9751186616356602,0.7721320446410747,0.7659877438842675,0.6963756607485718,0.007603561306575821,0.970338354364199,0.7777204198599584,,,,,,129.01992574432307,0.9611970148137374,37.9610758241603,109.43431799234128,19.5856077519818,5406.1892954542245,10757,4856.1153037548065,0.22281538411103397,10,25,128,128,0.001,45,cicids2017_v2,bab935988330fa211286aa16361ffd0d95747ae8d7f6c158ef779921b7b9d1ac,
cicids2017_v2,Leaky,delta,0.968436038378386,0.5768930517768813,0.4812761299730678,0.9623472297651107,0.656200814690756,0.5768930517768813,0.9687797993933634,0.7540206898557159,0.7436975140783898,0.6556996231066442,0.006347752235359232,0.9684695982704291,0.7560505637171164,,,,,,125.76087163871186,0.9621771814620416,37.9610758241603,110.14217383317555,15.618697805536323,5409.728574658396,10757,4875.087943553925,0.26319443107360474,10,25,128,128,0.001,46,cicids2017_v2,bab935988330fa211286aa16361ffd0d95747ae8d7f6c158ef779921b7b9d1ac,
cicids2017_v2,RLeaky,rate,0.9896388249092116,0.8727342525147886,0.7278711543871459,0.9892249848487195,0.7641108251999191,0.6981874020118309,0.993984224726077,0.9244455719097433,0.9233837649634965,0.8892075757934909,0.0020936512935024287,0.9898066243694273,0.9285740807208188,,,,,,380.3739031214232,0.8856018336476923,369.2022389746923,355.5379844988625,24.835918622560726,49035.57651125493,27269,5197.960427522659,0.27128863133191405,10,25,128,128,0.001,42,cicids2017_v2,bab935988330fa211286aa16361ffd0d95747ae8d7f6c158ef779921b7b9d1ac,
cicids2017_v2,RLeaky,rate,0.9899956195509333,0.8750835695821724,0.7299784774792389,0.9896561978271097,0.7672860096499127,0.7000668556657379,0.9958013462469352,0.9272804498588391,0.9266022351429447,0.8997795529428497,0.00254406305764698,0.9901775494920092,0.9317492850918642,,,,,,243.58154523873446,0.9267423924094031,369.17566307281436,225.3988681484831,18.18267709025138,48381.47921406265,27269,5235.72986125946,0.2648255815070576,10,25,128,128,0.001,43,cicids2017_v2,bab935988330fa211286aa16361ffd0d95747ae8d7f6c158ef779921b7b9d1ac,
cicids2017_v2,RLeaky,rate,0.9901757831819017,0.8761896418701068,0.7307730768808598,0.9899550783701491,0.7679003948407666,0.7009517134960854,0.9975756356633628,0.9286537386252834,0.9280228386358977,0.9022921753146704,0.0025593312530417106,0.9903506478825475,0.9330457269618717,,,,,,319.72064922494314,0.9038434137669344,369.2054289307465,300.54520340827196,19.175445816671143,48761.02092017691,27269,5254.0332453250885,0.2165277194521322,10,25,128,128,0.001,44,cicids2017_v2,bab935988330fa211286aa16361ffd0d95747ae8d7f6c158ef779921b7b9d1ac,
cicids2017_v2,RLeaky,rate,0.9904160013565262,0.8584127216152488,0.7234572802084516,0.9900735883689954,0.7751444404988922,0.6867301772921991,0.994458626156845,0.9303357572385579,0.9296157818587534,0.9015099438215564,0.0022482417718740757,0.9905802681965268,0.9344816148015282,,,,,,370.7392131441733,0.8884994847686697,369.2257361980528,346.3778472918933,24.361365852279953,48992.78346981023,27269,5252.903003692627,0.2164426239232628,10,25,128,128,0.001,45,cicids2017_v2,bab935988330fa211286aa16361ffd0d95747ae8d7f6c158ef779921b7b9d1ac,
cicids2017_v2,RLeaky,rate,0.988828088569854,0.8682454556845882,0.7195374544186554,0.9883274091630088,0.7492945874735885,0.6945963645476706,0.9894845317697039,0.9183772582360071,0.9171740354978226,0.8809348851541944,0.0023303083221207525,0.9889711596885642,0.9225040957156333,,,,,,262.4094147861352,0.9210798752522902,369.20114739504584,242.05660494001611,20.352809846119065,48468.02989126595,27269,5244.756412982941,0.2577336853717416,10,25,128,128,0.001,46,cicids2017_v2,bab935988330fa211286aa16361ffd0d95747ae8d7f6c158ef779921b7b9d1ac,
cicids2017_v2,RLeaky,latency,0.9932809563509446,0.9375179055287634,0.7694292651784957,0.9930634385313655,0.7914798899090597,0.7500143244230106,0.9965217535683,0.9514175746626837,0.9506890932258187,0.9212790670111646,0.0007405074766444323,0.9934487558111602,0.9544578283665476,,,,,,295.3088817137447,0.9111852987327084,39.90437726970849,276.4371087623112,18.871772951433538,6489.945834334242,27269,5239.41804766655,0.274582627039638,10,25,128,128,0.001,42,cicids2017_v2,bab935988330fa211286aa16361ffd0d95747ae8d7f6c158ef779921b7b9d1ac,
cicids2017_v2,RLeaky,latency,0.9944449547118088,0.9451872023624699,0.7737630081961886,0.9942986653743716,0.7932672239215195,0.756149761889976,0.997437272754003,0.9599582150486602,0.9594346799224894,0.934245146609145,0.0005229356922695219,0.9946162867922396,0.9627720643916262,,,,,,302.49373313173845,0.909024441163387,39.90437726970849,285.25311047209937,17.240622659639108,6534.025842883183,27269,5266.265370607376,0.25752200882765913,10,25,128,128,0.001,43,cicids2017_v2,bab935988330fa211286aa16361ffd0d95747ae8d7f6c158ef779921b7b9d1ac,
cicids2017_v2,RLeaky,latency,0.9971950995492377,0.9644610232906182,0.7820740061301164,0.9971796708283154,0.7931424447337813,0.7715688186324946,0.9984212989486938,0.9799402311105547,0.979839289755818,0.9689003721525589,0.00037979636044392276,0.9973311054275177,0.981852247751048,,,,,,423.28900189348445,0.8726950370245159,39.90437726970849,403.10494001610874,20.184061877375687,7123.284990603231,27269,5276.510523080826,0.22023748217169545,10,25,128,128,0.001,44,cicids2017_v2,bab935988330fa211286aa16361ffd0d95747ae8d7f6c158ef779921b7b9d1ac,
cicids2017_v2,RLeaky,latency,0.9963490370077294,0.9688240932380873,0.7783525834722016,0.9963081524925127,0.7823522792771287,0.7750592745904699,0.9973737181611844,0.9738350990177463,0.9736585688491652,0.960153601820466,0.0004370520931741624,0.996626347694612,0.9769663056848605,,,,,,363.4527865308256,0.8906908912689246,39.90437726970849,346.4397140697198,17.01307246110585,6839.958860871286,27269,5275.626362323761,0.22082744552449407,10,25,128,128,0.001,45,cicids2017_v2,bab935988330fa211286aa16361ffd0d95747ae8d7f6c158ef779921b7b9d1ac,
cicids2017_v2,RLeaky,latency,0.9966404781754723,0.9734917122614977,0.7842143590755095,0.9966188072071952,0.7898187963123483,0.7787933698091981,0.998643258562321,0.9759753886186383,0.9759069277726068,0.9681418446440847,0.0008149399291937439,0.9968718647995591,0.9787794912350073,,,,,,336.11098609560685,0.8989139891441784,39.90437726970849,321.34698985431476,14.76399624129209,6714.49523979426,27269,5273.691555738449,0.2797649670250936,10,25,128,128,0.001,46,cicids2017_v2,bab935988330fa211286aa16361ffd0d95747ae8d7f6c158ef779921b7b9d1ac,
cicids2017_v2,RLeaky,delta,0.9675705464256948,0.5760906743591192,0.479545210019392,0.9616310230085439,0.6489588933617156,0.5760906743591192,0.9588138100078207,0.747408057225495,0.7379793807913426,0.6545144238746533,0.007187502982069413,0.967604106317738,0.750683069394413,,,,,,663.391573287739,0.800483737357071,37.9610758241603,594.8774657689102,68.51410751882887,7833.405034337068,27269,5484.350420951843,0.2898190659395515,10,25,128,128,0.001,42,cicids2017_v2,bab935988330fa211286aa16361ffd0d95747ae8d7f6c158ef779921b7b9d1ac,
cicids2017_v2,RLeaky,delta,0.9700239511650581,0.5784445191839503,0.48273103335545187,0.9635014166620071,0.5476192260899367,0.46275561534716025,0.9801665156732158,0.7671155435311214,0.7554146799103242,0.666153080332804,0.004799938927218421,0.9706810185250604,0.7720074170730034,,,,,,565.7470149359183,0.8298505218237839,37.9610758241603,552.4788307733612,13.268184162557052,7621.411859359324,27269,5540.856467723846,0.25553725349586254,10,25,128,128,0.001,43,cicids2017_v2,bab935988330fa211286aa16361ffd0d95747ae8d7f6c158ef779921b7b9d1ac,
cicids2017_v2,RLeaky,delta,0.9667668753267674,0.5757715318383323,0.4793932028210152,0.9612059223407761,0.6483908885488865,0.5757715318383323,0.9690620156984466,0.7415428464585931,0.7329665282283884,0.6538981202740181,0.008040613399749983,0.9667686416368749,0.745708647581975,,,,,,1103.4685667453264,0.6681297543623079,37.9610758241603,1086.9937313654284,16.47483537989798,10293.98636231966,27269,5540.134762763977,0.21766074210559902,10,25,128,128,0.001,44,cicids2017_v2,bab935988330fa211286aa16361ffd0d95747ae8d7f6c158ef779921b7b9d1ac,
cicids2017_v2,RLeaky,delta,0.9709865901736636,0.5768093501832521,0.4862173313445705,0.9644045033932275,0.6904140458317694,0.5768093501832521,0.9704588656258488,0.7739943059851763,0.759567070025552,0.6541351601204163,0.0034658803546038382,0.9710201500657067,0.770848754870878,,,,,,1073.0310499653804,0.677283894747254,37.9610758241603,1057.7811806723282,15.249869293052043,10147.92360885416,27269,5539.572310447693,0.21759512469309975,10,25,128,128,0.001,45,cicids2017_v2,bab935988330fa211286aa16361ffd0d95747ae8d7f6c158ef779921b7b9d1ac,
cicids2017_v2,RLeaky,delta,0.966987664090209,0.5746758605394717,0.47851674150918344,0.961173461789979,0.6461479842039834,0.5746758605394717,0.9656034119621124,0.7427784111656126,0.7336405873558494,0.6518595775949937,0.007603561306575821,0.9670212239822521,0.7465624194051933,,,,,,1044.492295355311,0.6858669788405081,37.9610758241603,1024.1583020107673,20.333993344543515,9979.809215546355,27269,5548.512946367264,0.2785421407083441,10,25,128,128,0.001,46,cicids2017_v2,bab935988330fa211286aa16361ffd0d95747ae8d7f6c158ef779921b7b9d1ac,
cicids2017_v2,RSynaptic,rate,0.9902287724851276,0.8827921624569204,0.7325866875621028,0.9898561635413111,0.7638206983388692,0.7062337299655363,0.995950018075518,0.9288737937147274,0.9279600181053782,0.8959869154004788,0.0020325785119235064,0.9903683109836228,0.9327213729627025,,,,,,271.5450815328746,0.9183323063059023,369.2022389746923,253.74510555469203,17.799975978182538,48526.612116534074,27269,5562.78871679306,0.28747488076171845,10,25,128,128,0.001,42,cicids2017_v2,bab935988330fa211286aa16361ffd0d95747ae8d7f6c158ef779921b7b9d1ac,
cicids2017_v2,RSynaptic,rate,0.9910801339569586,0.8463336052441437,0.7120216700881766,0.9907767921834416,0.7672279741625189,0.6770668841953149,0.9958003182667271,0.9354662936947584,0.9350919617599842,0.9154004788204897,0.002660483047531801,0.9912338029363139,0.939622136522342,,,,,,253.07460010739166,0.9238873383135664,369.17566307281436,233.80312177648406,19.271478330907602,48423.50048220266,27269,5656.959404230118,0.21583888780338126,10,25,128,128,0.001,43,cicids2017_v2,bab935988330fa211286aa16361ffd0d95747ae8d7f6c158ef779921b7b9d1ac,
cicids2017_v2,RSynaptic,rate,0.9905873334369568,0.8940114871673286,0.7392104250053578,0.9903426168061923,0.7672825448473309,0.7152091897338628,0.9968294063704031,0.9317694182264455,0.9312656402469657,0.9084789153056629,0.002608952888074585,0.9907657307578177,0.9361504640937958,,,,,,271.5564901298591,0.9183288751489146,369.2054289307465,252.22709978945585,19.329390340403283,48519.430402082835,27269,5608.565874099731,0.2113887402054838,10,25,128,128,0.001,44,cicids2017_v2,bab935988330fa211286aa16361ffd0d95747ae8d7f6c158ef779921b7b9d1ac,
cicids2017_v2,RSynaptic,rate,0.9919986152128757,0.860814582481672,0.7229040785273221,0.9917728373417465,0.7725565247243198,0.6886516659853376,0.9948102192946547,0.9421141919197582,0.9416811263594812,0.920188683717733,0.0019963165478610215,0.9922052734954571,0.9462176885671456,,,,,,178.65964970537948,0.9462677745246979,369.2257361980528,160.51607872090887,18.143570984470603,48063.47462695531,27269,5607.526004076004,0.21127314202976075,10,25,128,128,0.001,45,cicids2017_v2,bab935988330fa211286aa16361ffd0d95747ae8d7f6c158ef779921b7b9d1ac,
cicids2017_v2,RSynaptic,rate,0.9899161355960944,0.8359213840185914,0.7114547300669132,0.9893965102372028,0.7774093558816816,0.6687371072148731,0.995823502560558,0.9264317460771786,0.9252682755947789,0.8889942399317325,0.0017730191902130868,0.990087467676525,0.9303894815182336,,,,,,188.63494962483574,0.9432676843233577,369.20114739504584,171.4956372140344,17.139312410801338,48115.225052636044,27269,5607.745391130447,0.28567561413441356,10,25,128,128,0.001,46,cicids2017_v2,bab935988330fa211286aa16361ffd0d95747ae8d7f6c158ef779921b7b9d1ac,
cicids2017_v2,RSynaptic,latency,0.9960575958399864,0.9427924395864861,0.7733317130879845,0.9959966524683156,0.7947361370173398,0.7542339516691888,0.9984584390493696,0.9717103939006155,0.971479796888298,0.9545831654301088,0.0004561373374175756,0.9961936017182664,0.9739410135796945,,,,,,286.0941619918326,0.9139566430099751,39.90437726970849,269.05073195890856,17.04343003292402,6453.0139503172295,27269,5601.642508506775,0.2943753482787771,10,25,128,128,0.001,42,cicids2017_v2,bab935988330fa211286aa16361ffd0d95747ae8d7f6c158ef779921b7b9d1ac,
cicids2017_v2,RSynaptic,latency,0.9943389761053568,0.956647017958203,0.7765376409202063,0.9942178890915401,0.7889503958509241,0.7653176143665623,0.9913895127822304,0.959210519885528,0.9588079739786529,0.9372555526584019,0.0008664700886509596,0.9945226723565402,0.962266217252163,,,,,,273.7001741581766,0.9176841581479168,39.90437726970849,258.17307896112703,15.527095197049556,6398.625685328322,27269,5655.701003551483,0.2211474158980207,10,25,128,128,0.001,43,cicids2017_v2,bab935988330fa211286aa16361ffd0d95747ae8d7f6c158ef779921b7b9d1ac,
cicids2017_v2,RSynaptic,latency,0.9944802809139595,0.9432312697630165,0.7730646366559836,0.9944444872109303,0.7936340567118654,0.7545850158104133,0.9971026459151485,0.9602227571736794,0.9596930676753985,0.9358807215492925,0.00038361340929260544,0.9948671028275092,0.9645047025772567,,,,,,255.1037336263053,0.9232770725935924,39.90437726970849,238.36381925701932,16.739914369285987,6299.5793868077835,27269,5646.389841556549,0.2173119497797128,10,25,128,128,0.001,44,cicids2017_v2,bab935988330fa211286aa16361ffd0d95747ae8d7f6c158ef779921b7b9d1ac,
cicids2017_v2,RSynaptic,latency,0.994455552572454,0.9565248489680029,0.777052664007436,0.9943194156338667,0.790200582969506,0.7652198791744024,0.9945513575208231,0.9600455100070115,0.959583831705035,0.9361177613956906,0.0006603494508220968,0.9946286509629922,0.962925937214264,,,,,,288.5239847249502,0.9132258692556541,39.90437726970849,272.8834394296938,15.640545295256398,6472.177487671155,27269,5646.292182683945,0.21735261534318506,10,25,128,128,0.001,45,cicids2017_v2,bab935988330fa211286aa16361ffd0d95747ae8d7f6c158ef779921b7b9d1ac,
cicids2017_v2,RSynaptic,latency,0.9967747177436448,0.9738451891385367,0.7827495243227501,0.9967706138818363,0.7866359488580953,0.7790761513108293,0.9987189232076362,0.9769323816773858,0.9768548069316018,0.9681418446440847,0.000702336988157606,0.9969760770959035,0.9794719297824888,,,,,,314.436416368749,0.9054326567312033,39.90437726970849,298.4805811866778,15.955835182071246,6600.163196456076,27269,5650.90450835228,0.30051491052629475,10,25,128,128,0.001,46,cicids2017_v2,bab935988330fa211286aa16361ffd0d95747ae8d7f6c158ef779921b7b9d1ac,
cicids2017_v2,RSynaptic,delta,0.9700575110571013,0.5763797954532947,0.48553046951321754,0.9638391067052505,0.6874386855340503,0.5763797954532947,0.9745215961622588,0.7665879003508769,0.7535139676205033,0.6538033043354587,0.004443044859866594,0.9700910709491444,0.7651358586348946,,,,,,1034.3657215730052,0.6889125649404496,37.9610758241603,1020.0701278101994,14.295593762805748,9959.368344543514,27269,6017.753496646881,0.3064317813850328,10,25,128,128,0.001,42,cicids2017_v2,bab935988330fa211286aa16361ffd0d95747ae8d7f6c158ef779921b7b9d1ac,
cicids2017_v2,RSynaptic,delta,0.9664153796153683,0.5757020947151008,0.4786385335863634,0.960931799511893,0.6444416012125649,0.5757020947151008,0.9647313344652977,0.7390442912904994,0.7309268691613695,0.6546092398132126,0.008424226809042588,0.9664666026084867,0.7441960736758424,,,,,,531.731702793596,0.840080690889144,37.9610758241603,515.2388139580889,16.492888835507074,7435.211775282963,27269,5968.704293251038,0.2608444348450768,10,25,128,128,0.001,43,cicids2017_v2,bab935988330fa211286aa16361ffd0d95747ae8d7f6c158ef779921b7b9d1ac,
cicids2017_v2,RSynaptic,delta,0.9695700094674222,0.5965866266768798,0.4951940148343109,0.9651477784002312,0.6576703040023929,0.5965866266768798,0.9655329710295129,0.7662702693363997,0.7601547717212218,0.691279304051011,0.007987174715868427,0.9696035693594653,0.7721718408684717,,,,,,661.2037156099422,0.8011417396661829,37.9610758241603,648.0840304370557,13.119685172886433,8099.437857677797,27269,5975.180338382721,0.25279158573546556,10,25,128,128,0.001,44,cicids2017_v2,bab935988330fa211286aa16361ffd0d95747ae8d7f6c158ef779921b7b9d1ac,
cicids2017_v2,RSynaptic,delta,0.968061580635589,0.5797312122525433,0.4828042198977228,0.9624074835539325,0.652669564915933,0.5797312122525433,0.9737796451600488,0.7517987782409954,0.7428540607160958,0.6611041316045227,0.007181777408796389,0.9681004394579548,0.7554171180931745,,,,,,784.21452189518,0.7641460084525774,37.9610758241603,764.7529179442977,19.46160395088245,8682.782295214007,27269,6050.015633583069,0.26766497946430345,10,25,128,128,0.001,45,cicids2017_v2,bab935988330fa211286aa16361ffd0d95747ae8d7f6c158ef779921b7b9d1ac,
cicids2017_v2,RSynaptic,delta,0.9675581822549422,0.5764773338490004,0.4797616086563128,0.9616697476872326,0.6487554497394308,0.5764773338490004,0.970952670781167,0.7474233495286885,0.7381481892538555,0.6553677673216868,0.00726956953231609,0.9675917421469853,0.7508554668404758,,,,,,372.43905170342947,0.8879882551267881,37.9610758241603,356.50765872062624,15.931392982803205,6641.555999095649,27269,6205.394702196121,0.3129261979973347,10,25,128,128,0.001,46,cicids2017_v2,bab935988330fa211286aa16361ffd0d95747ae8d7f6c158ef779921b7b9d1ac,
cicids2017_v2,SConv2dLSTM,rate,0.9887945286778109,0.878203680727687,0.7176978444576598,0.9885246790527913,0.7344350907298092,0.7025629445821495,0.9842760608417743,0.9187512634915049,0.9183055595161205,0.8980017540948634,0.0037101714809195272,0.9889658607582416,0.923831006523197,,,,,,911.1131551244189,0.9441890869755333,369.2022389746923,891.545351778321,19.567803346097868,110787.971583603,5869,7634.943071603775,0.31671395614324427,10,25,128,128,0.001,42,cicids2017_v2,bab935988330fa211286aa16361ffd0d95747ae8d7f6c158ef779921b7b9d1ac,
cicids2017_v2,SConv2dLSTM,rate,0.9880473795023245,0.8245174103034374,0.6970080685482042,0.9875499475715098,0.7524737308660949,0.6596139282427499,0.9937920293820052,0.9127287589378444,0.9118244439039002,0.8809111811695546,0.0031700590688309334,0.9881922169311421,0.917480342175754,,,,,,968.4039233280108,0.940679698417886,369.17566307281436,947.6864057708884,20.71751755712247,111061.02299382498,5869,7596.557159423828,0.29505234263323254,10,25,128,128,0.001,43,cicids2017_v2,bab935988330fa211286aa16361ffd0d95747ae8d7f6c158ef779921b7b9d1ac,
cicids2017_v2,SConv2dLSTM,rate,0.9868851474515677,0.8086879051137383,0.6906952624479633,0.9862772732261864,0.7586686768670952,0.6469503240909906,0.993652803088086,0.9036461411943774,0.9021144035658053,0.8614976177495437,0.0028246161480251545,0.9870653110825361,0.908475084675857,,,,,,891.4480227924656,0.9453936892623298,369.2054289307465,869.8776406336108,21.570382158854866,110680.55173522305,5869,7698.073354959488,0.271885407161493,10,25,128,128,0.001,44,cicids2017_v2,bab935988330fa211286aa16361ffd0d95747ae8d7f6c158ef779921b7b9d1ac,
cicids2017_v2,SConv2dLSTM,rate,0.9871783549294183,0.8179424675016816,0.6930243410191501,0.9865438779288258,0.74958449558803,0.6543539740013453,0.9926009909970465,0.9060502645883503,0.9048174246412395,0.869011780880366,0.0030994436651303045,0.9873708827311394,0.9111492196043344,,,,,,1039.3180259011715,0.9363358023950278,369.2257361980528,1018.485825361387,20.83220053978437,111429.44115184614,5869,7661.66092467308,0.28551512655012296,10,25,128,128,0.001,45,cicids2017_v2,bab935988330fa211286aa16361ffd0d95747ae8d7f6c158ef779921b7b9d1ac,
cicids2017_v2,SConv2dLSTM,rate,0.9875616442227529,0.80028957616455,0.6791601658926864,0.9869769347389511,0.7493677738378658,0.64023166093164,0.9839695138367901,0.9092522033511918,0.9084791358713876,0.8804845094460378,0.0036452816504919223,0.9877206121324309,0.9144284975751459,,,,,,1079.4614697113143,0.9338767859288628,369.20114739504584,1056.5040660458676,22.957403665446733,111612.45078000255,5869,7594.693382740021,0.3215453367133959,10,25,128,128,0.001,46,cicids2017_v2,bab935988330fa211286aa16361ffd0d95747ae8d7f6c158ef779921b7b9d1ac,
cicids2017_v2,SConv2dLSTM,latency,0.9945509333182608,0.9565945795192866,0.7773346700476289,0.9944179808149313,0.7906109379070759,0.7652756636154293,0.998768171417891,0.9607454369746609,0.9603176082954266,0.9385118638443122,0.0006298130600326358,0.9948353092455736,0.9643892339544513,,,,,,1769.782507171219,0.891590658059956,39.90437726970849,1751.5647370317513,18.217770139467845,20250.2843388348,5869,7723.164004802704,0.3234768496986922,10,25,128,128,0.001,42,cicids2017_v2,bab935988330fa211286aa16361ffd0d95747ae8d7f6c158ef779921b7b9d1ac,
cicids2017_v2,SConv2dLSTM,latency,0.9935582670378273,0.9480845326204375,0.773066017531993,0.9933368110257774,0.7898102020906832,0.75846762609635,0.9982853056029474,0.9534591630622941,0.9527642234236375,0.9241946571218622,0.0006412642065786837,0.9937578600799786,0.9566444204534302,,,,,,2179.4407738557843,0.8664967366703961,39.90437726970849,2155.915932470432,23.524841385352342,22272.040316028204,5869,7842.306301832199,0.2664475300223472,10,25,128,128,0.001,43,cicids2017_v2,bab935988330fa211286aa16361ffd0d95747ae8d7f6c158ef779921b7b9d1ac,
cicids2017_v2,SConv2dLSTM,latency,0.9927492970085772,0.9431320415817983,0.7701830354549559,0.9925340570256953,0.7883579285664393,0.7545056332654386,0.9982869501178665,0.9475053062968666,0.9467094067467567,0.9169649418067177,0.0008378422222858397,0.9930372055561051,0.9515188783667445,,,,,,1971.2943591120406,0.8792468999012533,39.90437726970849,1949.6743983947774,21.619960717263208,21240.83264564993,5869,7753.715525388718,0.26462351663201344,10,25,128,128,0.001,44,cicids2017_v2,bab935988330fa211286aa16361ffd0d95747ae8d7f6c158ef779921b7b9d1ac,
cicids2017_v2,SConv2dLSTM,latency,0.9952080006782631,0.9512621695460305,0.7757588710387917,0.9951165348695068,0.7917383642797601,0.7610097356368244,0.9984822422485536,0.9655478618701283,0.9652549114166818,0.9467608504989689,0.0007004284637332646,0.9953846316890164,0.9683253530517001,,,,,,1981.2820090717687,0.878635098984884,39.90437726970849,1959.6649768966638,21.617032175104917,21290.78553815936,5869,7725.403773069382,0.2692577653402263,10,25,128,128,0.001,45,cicids2017_v2,bab935988330fa211286aa16361ffd0d95747ae8d7f6c158ef779921b7b9d1ac,
cicids2017_v2,SConv2dLSTM,latency,0.9949872119148214,0.9587854593080567,0.779144489649954,0.9948634073403085,0.7925374719926156,0.7670283674464453,0.9985070169412438,0.9639262707245704,0.9634975841597405,0.940763742385095,0.00046186291069059954,0.9951585439952522,0.9666207971552785,,,,,,1541.269809167856,0.9055883730984468,39.90437726970849,1526.562615693312,14.707193474543939,19125.273732142607,5869,7755.3835463523865,0.3327697995144656,10,25,128,128,0.001,46,cicids2017_v2,bab935988330fa211286aa16361ffd0d95747ae8d7f6c158ef779921b7b9d1ac,
cicids2017_v2,SConv2dLSTM,delta,0.9665725812149387,0.5757062914332232,0.47895011162728196,0.9610280792570255,0.647266301089828,0.5757062914332232,0.9727680151775178,0.7401492243502235,0.7317722704551504,0.6538744162893783,0.008248642562003188,0.9665743475250462,0.7445947040246174,,,,,,1593.248979072758,0.9024043504396473,37.9610758241603,1545.1391481439614,48.109830928796505,18658.485578077973,5869,7908.510791301727,0.33809403921794456,10,25,128,128,0.001,42,cicids2017_v2,bab935988330fa211286aa16361ffd0d95747ae8d7f6c158ef779921b7b9d1ac,
cicids2017_v2,SConv2dLSTM,delta,0.967604106317738,0.5766428110590356,0.4799383002392264,0.9617211668546248,0.6490919043537948,0.5766428110590356,0.9600643607538943,0.7477957485048339,0.7385120964143368,0.6556522151373646,0.007242850190375311,0.9676376662097811,0.7512017598652942,,,,,,2303.9121437352514,0.8588721504603215,37.9610758241603,2286.968428973138,16.943714762113355,22367.631982223855,5869,7944.965875387192,0.26614721632055666,10,25,128,128,0.001,43,cicids2017_v2,bab935988330fa211286aa16361ffd0d95747ae8d7f6c158ef779921b7b9d1ac,
cicids2017_v2,SConv2dLSTM,delta,0.9673003009792424,0.5761908209890361,0.4792193193690492,0.9614549304958676,0.6467439621119045,0.5761908209890361,0.9645757418835978,0.7454758175466458,0.7364442759361576,0.6549647995828098,0.00751576918305612,0.9673338608712855,0.7492542979554205,,,,,,3155.453070906753,0.8067103785049462,37.9610758241603,3124.591478966779,30.861591939973717,26555.74723219206,5869,7951.619375705719,0.2547789073795264,10,25,128,128,0.001,44,cicids2017_v2,bab935988330fa211286aa16361ffd0d95747ae8d7f6c158ef779921b7b9d1ac,
cicids2017_v2,SConv2dLSTM,delta,0.967362121833006,0.5765391761471826,0.4794742107628808,0.9615267052263975,0.6467963641278297,0.5765391761471826,0.9737967864098105,0.7459989111853425,0.7369968072690996,0.6555811031834451,0.007498592463237049,0.9673956817250491,0.7497865072587532,,,,,,4652.471961593353,0.7150093744812647,37.9610758241603,4593.475495979878,58.996465613474825,33900.167317257554,5869,7975.560894012451,0.24480948624176102,10,25,128,128,0.001,45,cicids2017_v2,bab935988330fa211286aa16361ffd0d95747ae8d7f6c158ef779921b7b9d1ac,
cicids2017_v2,SConv2dLSTM,delta,0.9673003009792424,0.5759666493661291,0.47928703098473413,0.9614622466573195,0.6472502135141419,0.5759666493661291,0.9710874647742956,0.7454032977184034,0.7362908513296267,0.6544196079360941,0.0074718731212962694,0.9673338608712855,0.7490978157644825,,,,,,840.7154792352584,0.9485013488982996,37.9610758241603,802.0758170950558,38.63966214020263,14943.168922833444,5869,7759.5894248485565,0.2669368567915011,10,25,128,128,0.001,46,cicids2017_v2,bab935988330fa211286aa16361ffd0d95747ae8d7f6c158ef779921b7b9d1ac,
cicids2017_v2,SLSTM,rate,0.9893138238494256,0.8747503983815597,0.7262094908948844,0.9889905259431098,0.7577995846185029,0.6998003187052477,0.9936396187301458,0.9222806707822205,0.9216012345286914,0.8952520918766445,0.0029028656494231486,0.9895081179612543,0.9270950954882419,,,,,,282.29540830024445,0.9150991253232348,369.2022389746923,262.39275494920093,19.902653351043536,190343.51012978845,107141,4920.126518249512,0.26136184028776743,10,25,128,128,0.001,42,cicids2017_v2,bab935988330fa211286aa16361ffd0d95747ae8d7f6c158ef779921b7b9d1ac,
cicids2017_v2,SLSTM,rate,0.988347652220605,0.8494216766808995,0.7140369841668331,0.9879446650473018,0.7618077957038414,0.6795373413447197,0.9915955522148963,0.9151811085057519,0.9145230855703481,0.8888994239931732,0.0034506121592091073,0.9885278158515735,0.920301859009755,,,,,,250.2085447017762,0.9247493098641275,369.17566307281436,228.12020270174793,22.088342000028263,190158.5405067897,107141,4852.288787603378,0.21124666572218487,10,25,128,128,0.001,43,cicids2017_v2,bab935988330fa211286aa16361ffd0d95747ae8d7f6c158ef779921b7b9d1ac,
cicids2017_v2,SLSTM,rate,0.9903895067049132,0.8670415679946452,0.7240791401654203,0.9901339015616341,0.7639218739541866,0.6936332543957161,0.9916086039790238,0.9303319035881852,0.9298536952241994,0.9076255718586295,0.0027654518908705734,0.9905573061651288,0.9347459902839147,,,,,,270.5421370939253,0.9186339437311503,369.2054289307465,247.48833352173975,23.05380357218556,190270.62128015092,107141,4850.588128328323,0.2002187511091455,10,25,128,128,0.001,44,cicids2017_v2,bab935988330fa211286aa16361ffd0d95747ae8d7f6c158ef779921b7b9d1ac,
cicids2017_v2,SLSTM,rate,0.9916241574700787,0.8510135172054916,0.7135454863431728,0.991425538937926,0.76705304693866,0.6808108137643932,0.9936777466195569,0.9396700761876919,0.9394813908270514,0.9266124635551236,0.0029391276134856335,0.9918113863414773,0.9440218310029221,,,,,,268.6471972191214,0.9192038504604146,369.2257361980528,246.6104650341251,22.036732184996257,190276.62925857367,107141,4843.810740947723,0.20011247866120263,10,25,128,128,0.001,45,cicids2017_v2,bab935988330fa211286aa16361ffd0d95747ae8d7f6c158ef779921b7b9d1ac,
cicids2017_v2,SLSTM,rate,0.9897801297178143,0.8394848420739025,0.710821692534582,0.9893446232464254,0.7699009748567942,0.671587873659122,0.9952132017799852,0.9255612384015006,0.9247086219267423,0.8940431886600138,0.0023360338953937764,0.9899426302477073,0.929814613943398,,,,,,269.1053038759909,0.9190660740222584,369.20114739504584,247.9852283485707,21.120075527420198,190270.91360800632,107141,4799.586822271347,0.2601818306213044,10,25,128,128,0.001,46,cicids2017_v2,bab935988330fa211286aa16361ffd0d95747ae8d7f6c158ef779921b7b9d1ac,
cicids2017_v2,SLSTM,latency,0.9965839562520312,0.9609960622095346,0.7798026091434547,0.996563147753883,0.791556798320935,0.7687968497676276,0.9988556979552089,0.9755769962764789,0.9755201885851584,0.9682840685519236,0.0009389940167759297,0.9967676525032146,0.9780911790058423,,,,,,508.5844402210007,0.8470422736177441,39.90437726970849,466.685840551654,41.89859966934675,22764.470364849014,107141,4857.829220294952,0.26329071537020465,10,25,128,128,0.001,42,cicids2017_v2,bab935988330fa211286aa16361ffd0d95747ae8d7f6c158ef779921b7b9d1ac,
cicids2017_v2,SLSTM,latency,0.9963914284503101,0.9592462008550467,0.7785065959743896,0.9963748277676558,0.7904387365123481,0.7673969606840374,0.9989863018650672,0.9742093330248379,0.9741626288912686,0.9676440609666485,0.0011355720324830857,0.9965380321892354,0.9765561456389646,,,,,,399.1143332532606,0.8799656140591697,39.90437726970849,360.05024092469864,39.06409232856194,22231.29236671424,107141,4892.756114959717,0.21418431250617712,10,25,128,128,0.001,43,cicids2017_v2,bab935988330fa211286aa16361ffd0d95747ae8d7f6c158ef779921b7b9d1ac,
cicids2017_v2,SLSTM,latency,0.9967817829840749,0.9601621407808587,0.7814187183295616,0.9967434132202645,0.7956459331190635,0.768129712624687,0.9989034457606144,0.9769524984676575,0.9767680496702776,0.9615284329295755,0.00024619965074003033,0.9969054246916023,0.9788610038610039,,,,,,428.5781751190493,0.8711043082348724,39.90437726970849,386.06554600178043,42.51262911726886,22361.368892099646,107141,4892.270896911621,0.20412415365842698,10,25,128,128,0.001,44,cicids2017_v2,bab935988330fa211286aa16361ffd0d95747ae8d7f6c158ef779921b7b9d1ac,
cicids2017_v2,SLSTM,latency,0.9965062386072998,0.9609339398156009,0.7800224777129586,0.9964791546849621,0.7920207541686528,0.7687471518524808,0.9988194416243387,0.9750002088779579,0.9749197060592589,0.9655107023490649,0.0008683786130753009,0.996626347694612,0.9770911795044019,,,,,,448.187730503469,0.8652066975929417,39.90437726970849,411.7587397024121,36.42899080105696,22489.834860602805,107141,4884.274435997009,0.20778717403637992,10,25,128,128,0.001,45,cicids2017_v2,bab935988330fa211286aa16361ffd0d95747ae8d7f6c158ef779921b7b9d1ac,
cicids2017_v2,SLSTM,latency,0.9959304215122441,0.9408295583262157,0.7708480554566418,0.9959199271464068,0.7915367761816203,0.7526636466609726,0.9990096697733013,0.9708352027912046,0.9707191741944786,0.9597980420508687,0.000946628114473295,0.9961282482442878,0.9736456104070983,,,,,,389.80556988229307,0.8827652421406638,39.90437726970849,350.0161352428323,39.78943463946078,22181.12183830491,107141,4903.160459280014,0.2741381728342058,10,25,128,128,0.001,46,cicids2017_v2,bab935988330fa211286aa16361ffd0d95747ae8d7f6c158ef779921b7b9d1ac,
cicids2017_v2,SLSTM,delta,0.9676235357289209,0.576469475733046,0.480000081405338,0.9617259216910605,0.6501186190275606,0.576469475733046,0.9749823338806257,0.7478825315630568,0.7384791384052709,0.6548699836442506,0.007195137079766778,0.9676235357289209,0.7508969341161122,,,,,,65.10999696194662,0.9804180460264822,37.9610758241603,52.241685978323844,12.868310983622772,19697.27925186169,107141,5160.635057687759,0.2913872633939964,10,25,128,128,0.001,42,cicids2017_v2,bab935988330fa211286aa16361ffd0d95747ae8d7f6c158ef779921b7b9d1ac,
cicids2017_v2,SLSTM,delta,0.966722717574079,0.576302674769581,0.47943575196875887,0.9612099233888384,0.6472119312630094,0.576302674769581,0.973521051165495,0.7414059171441189,0.7330822572492847,0.6554625832602461,0.0081799356827269,0.9667562774661221,0.7460910623946037,,,,,,75.77282602551965,0.9772111801427008,37.9610758241603,62.11714345264169,13.655682572877955,19746.65653923328,107141,5199.259854078293,0.23512165323290407,10,25,128,128,0.001,43,cicids2017_v2,bab935988330fa211286aa16361ffd0d95747ae8d7f6c158ef779921b7b9d1ac,
cicids2017_v2,SLSTM,delta,0.9686320988003222,0.5799746174838871,0.4840314672772781,0.9628739520852723,0.6584680726143646,0.5799746174838871,0.9731441116601326,0.7560393317693772,0.7463862995984321,0.6607722758195652,0.006578683690704532,0.9686338651104297,0.7584274248401577,,,,,,62.71338792409106,0.9811388306995215,37.9610758241603,48.995573626870524,13.717814297220535,19681.048690104424,107141,5197.92767739296,0.22773065285572916,10,25,128,128,0.001,44,cicids2017_v2,bab935988330fa211286aa16361ffd0d95747ae8d7f6c158ef779921b7b9d1ac,
cicids2017_v2,SLSTM,delta,0.9707940623719425,0.5987231463759455,0.4983750942812087,0.9662796592084345,0.6661342113931958,0.5987231463759455,0.9666348921660303,0.7754859275761671,0.7686509447020228,0.6945267499466661,0.006960388575572796,0.97079582868205,0.779939840817739,,,,,,67.95069875227854,0.9795636996233749,37.9610758241603,54.2974589862793,13.653239765999237,19707.55811690147,107141,5203.096856355667,0.23182965574501838,10,25,128,128,0.001,45,cicids2017_v2,bab935988330fa211286aa16361ffd0d95747ae8d7f6c158ef779921b7b9d1ac,
cicids2017_v2,SLSTM,delta,0.9674221763766621,0.576274766969115,0.4794635288823786,0.9615387609743015,0.6478493421327411,0.576274766969115,0.9731667694465437,0.7463553586998927,0.7371573071442314,0.6546092398132126,0.007391715095473934,0.9674221763766621,0.7496606764753787,,,,,,67.6819334736961,0.9796445312861064,37.9610758241603,53.52069762184007,14.16123585185604,19703.674310079274,107141,5178.095248699188,0.28425087159838447,10,25,128,128,0.001,46,cicids2017_v2,bab935988330fa211286aa16361ffd0d95747ae8d7f6c158ef779921b7b9d1ac,
cicids2017_v2,Synaptic,rate,0.9855515833203804,0.8170530664735356,0.6796880764454013,0.9849721902705438,0.8902446600917067,0.8170530664735356,0.9934948026627022,0.8944163793233619,0.8935952906232331,0.8660013748311091,0.00463962287557375,0.9857211490907035,0.9003844637223974,,,,,,1114.2799848803854,0.6648782000359743,369.2022389746923,1095.5116558803995,18.76832899998587,52735.444868162616,10757,5077.447072267532,0.2846666285033163,10,25,128,128,0.001,42,cicids2017_v2,bab935988330fa211286aa16361ffd0d95747ae8d7f6c158ef779921b7b9d1ac,
cicids2017_v2,Synaptic,rate,0.983174129915641,0.7244660675992866,0.6333605549757704,0.9814366687696471,0.7716167242881139,0.5795728540794293,0.992099479499569,0.874491104204645,0.8701540718670164,0.8036124872591083,0.0021890775147194947,0.9833401630657491,0.8778807809829613,,,,,,964.2467658861931,0.7100009726658065,369.17566307281436,946.7622988172787,17.484467068914356,51988.296367406634,10757,5105.048915863037,0.22346305874793515,10,25,128,128,0.001,43,cicids2017_v2,bab935988330fa211286aa16361ffd0d95747ae8d7f6c158ef779921b7b9d1ac,
cicids2017_v2,Synaptic,rate,0.9829180149500487,0.6565490378920213,0.5475178515032069,0.9803491145163674,0.7246459827264018,0.6565490378920213,0.980947068345199,0.8723508789368545,0.8675977697864213,0.7976390831298741,0.002019218840953117,0.9830522545182212,0.8752194551011118,,,,,,1795.9488971159687,0.4598649933485808,369.2054289307465,1764.0445604713927,31.904336644576016,56078.517705492515,10757,5102.119731903076,0.2210637201758409,10,25,128,128,0.001,44,cicids2017_v2,bab935988330fa211286aa16361ffd0d95747ae8d7f6c158ef779921b7b9d1ac,
cicids2017_v2,Synaptic,rate,0.981132275431333,0.6980626115088115,0.5948989429159518,0.9793651605980308,0.8699237424345793,0.6980626115088115,0.9926744580807144,0.8594359855473317,0.856769306580657,0.8057932538459716,0.00462435468017902,0.9812488518984301,0.8649432598849932,,,,,,1637.208406929588,0.5076064941565149,369.2257361980528,1611.432359154432,25.77604777515579,55318.05602912292,10757,5091.116695165634,0.2379411490047857,10,25,128,128,0.001,45,cicids2017_v2,bab935988330fa211286aa16361ffd0d95747ae8d7f6c158ef779921b7b9d1ac,
cicids2017_v2,Synaptic,rate,0.9863764501405983,0.6843138409395567,0.5625002061550323,0.9845002968518106,0.726243937507112,0.6843138409395567,0.9910106464258935,0.8994797653832781,0.8972442686052695,0.8477967146277289,0.002299771931331291,0.9865301191199537,0.9036610323656484,,,,,,1262.9799912391018,0.6201563936123002,369.20114739504584,1233.488224010513,29.491767228588788,53425.18798661843,10757,5078.604251861572,0.26735928467650816,10,25,128,128,0.001,46,cicids2017_v2,bab935988330fa211286aa16361ffd0d95747ae8d7f6c158ef779921b7b9d1ac,
cicids2017_v2,Synaptic,latency,0.9976455086266586,0.968177495853381,0.7842364201809829,0.9976351985508495,0.794484529960649,0.7745419966827047,0.9991075344494593,0.983189788610291,0.9831440992194381,0.976177495436983,0.00046949700838796484,0.9977903460554762,0.9850385696346349,,,,,,188.17392325735844,0.9434063388699674,39.90437726970849,169.83712147974396,18.336801777614493,5956.945897921406,10757,5104.567859649658,0.28685765781601225,10,25,128,128,0.001,42,cicids2017_v2,bab935988330fa211286aa16361ffd0d95747ae8d7f6c158ef779921b7b9d1ac,
cicids2017_v2,Synaptic,latency,0.9961353134847178,0.9603678912879765,0.7795013234877478,0.9960988152774846,0.7913584542908729,0.7682943130303812,0.9992531184178653,0.9723127383869222,0.9721993878045013,0.961196577144618,0.0008645615642266181,0.9963084118752561,0.9748767880754898,,,,,,162.87624348231572,0.9510146636143412,39.90437726970849,138.84503631533582,24.031207166979893,5801.985472099365,10757,5136.038721084595,0.23474595716147872,10,25,128,128,0.001,43,cicids2017_v2,bab935988330fa211286aa16361ffd0d95747ae8d7f6c158ef779921b7b9d1ac,
cicids2017_v2,Synaptic,latency,0.9943566392064322,0.9557747054698549,0.7747694368023577,0.9942116017287913,0.7863102278436858,0.7646197643758839,0.9979802106255239,0.9593317033988009,0.9588818589899268,0.9354540498257757,0.0007901291116773067,0.9944590851926691,0.9617742033753732,,,,,,160.47060153457022,0.9517381649520089,39.90437726970849,139.6919943760686,20.778607158501604,5806.22026240303,10757,5136.520847320557,0.23216348984779545,10,25,128,128,0.001,44,cicids2017_v2,bab935988330fa211286aa16361ffd0d95747ae8d7f6c158ef779921b7b9d1ac,
cicids2017_v2,Synaptic,latency,0.9939238932300867,0.9504587189964004,0.7742457545061024,0.9937441668791746,0.7899322765657959,0.7603669751971204,0.9980726492073089,0.9561462313784856,0.9555471785908295,0.9288406381112665,0.0006450812554273664,0.99410052424084,0.9591237302655733,,,,,,169.86023364750102,0.9489142154443606,39.90437726970849,151.0785725388235,18.78166110867753,5863.153153216804,10757,5123.138774633408,0.2526428091091266,10,25,128,128,0.001,45,cicids2017_v2,bab935988330fa211286aa16361ffd0d95747ae8d7f6c158ef779921b7b9d1ac,
cicids2017_v2,Synaptic,latency,0.9968718647995591,0.973191668163252,0.7831606991281258,0.9968400902507135,0.788127428783677,0.7785533345306016,0.9948280989333103,0.9776137155180774,0.977492900275303,0.9656055182876242,0.0004656799595392822,0.9970061043677316,0.9796193201630454,,,,,,121.75889513770153,0.9633807834172327,39.90437726970849,102.4815455919965,19.27734954570504,5620.168018482669,10757,5141.831807374954,0.28950634558767596,10,25,128,128,0.001,46,cicids2017_v2,bab935988330fa211286aa16361ffd0d95747ae8d7f6c158ef779921b7b9d1ac,
cicids2017_v2,Synaptic,delta,0.9557945569387726,0.5742442266411173,0.46353975856749613,0.9532131388224764,0.5858785085023774,0.5742442266411173,0.9751974637869517,0.6726177587276713,0.6716891988490953,0.6571455661696731,0.020123481530254884,0.9558281168308157,0.689163994332165,,,,,,231.08629837923385,0.930500361389704,37.9610758241603,213.2696749282878,17.816623450946036,5925.3660801339565,10757,5314.295415401459,0.3093325927023765,10,25,128,128,0.001,42,cicids2017_v2,bab935988330fa211286aa16361ffd0d95747ae8d7f6c158ef779921b7b9d1ac,
cicids2017_v2,Synaptic,delta,0.9722283061792593,0.5992126247016047,0.5011547036766432,0.9674503590898677,0.6785617510455151,0.5992126247016047,0.9696508233497676,0.7861706343635136,0.7778453930522833,0.6951193495626615,0.005425934938402374,0.9722600997611949,0.7887835384305024,,,,,,100.70619197671297,0.9697124234656502,37.9610758241603,83.28793504217948,17.41825693453348,5275.457380703416,10757,5353.602785348892,0.16016511203633968,10,25,128,128,0.001,43,cicids2017_v2,bab935988330fa211286aa16361ffd0d95747ae8d7f6c158ef779921b7b9d1ac,
cicids2017_v2,Synaptic,delta,0.9686709576226878,0.5802220419745677,0.48399589168566715,0.962894066787872,0.6577638226850321,0.5802220419745677,0.9766676086811329,0.7563884784538194,0.7467848003251392,0.6613648754355608,0.0065825007395532145,0.968674490242903,0.7588288888586698,,,,,,311.8864863146293,0.9061995529880814,37.9610758241603,288.6994941287852,23.186992185844083,6302.515176136444,10757,5353.377556562424,0.15755007900330806,10,25,128,128,0.001,44,cicids2017_v2,bab935988330fa211286aa16361ffd0d95747ae8d7f6c158ef779921b7b9d1ac,
cicids2017_v2,Synaptic,delta,0.9695735420876372,0.5766700089837391,0.48452672418141446,0.9634383712110661,0.6776710690574519,0.5766700089837391,0.9597057662669269,0.7627799710777102,0.7506197799972952,0.6545855358285728,0.005028961858139379,0.9696071019796804,0.7624556511175228,,,,,,87.1266179400585,0.9737965058826892,37.9610758241603,69.50512936455227,17.621488575506223,5206.54335231528,10757,5310.612437725067,0.11598751359288502,10,25,128,128,0.001,45,cicids2017_v2,bab935988330fa211286aa16361ffd0d95747ae8d7f6c158ef779921b7b9d1ac,
cicids2017_v2,Synaptic,delta,0.9703701479461346,0.5771476346858099,0.4851308369517732,0.9639285203437651,0.681111759432822,0.5771476346858099,0.9733399355143274,0.7690720478675077,0.7558600905536491,0.6552018394292081,0.004217838977794318,0.9704037078381778,0.7674005386046253,,,,,,66.76150574404046,0.9799213516559276,37.9610758241603,46.63098602495443,20.130519719086042,5092.17263561729,10757,4794.763808727264,0.0589094293511861,10,25,128,128,0.001,46,cicids2017_v2,bab935988330fa211286aa16361ffd0d95747ae8d7f6c158ef779921b7b9d1ac,
