dataset,neuron,encoding,accuracy,balanced_accuracy,f1_macro,f1_weighted,precision_macro,recall_macro,roc_auc_weighted,matthews_corrcoef,cohen_kappa,detection_rate,false_alarm_rate,binary_accuracy,binary_f1,test21_accuracy,test21_f1_macro,test21_matthews_corrcoef,test21_detection_rate,test21_false_alarm_rate,energy_spikes_per_sample,spike_sparsity,trainable_parameters,train_time_s,inference_ms_per_sample,epochs,num_steps,hidden_size,batch_size,lr,seed
nslkdd,Alpha,rate,0.7439673527324343,0.4815798909290993,0.4844490823357129,0.7030797993939613,0.6187979396807073,0.4815798909290993,0.8848987871568498,0.62558487602314,0.5908526227636515,0.6109249590898465,0.0454124189063948,0.7589602555003548,0.7426352183385431,0.5135864978902953,0.3839790723590808,0.4251188098092842,0.4862858321303361,0.2035315985130111,228.67308374733847,0.9312261402263644,16389,253.6078701019287,0.1085655878756044,10,25,128,128,0.001,42
nslkdd,Alpha,latency,0.7268009226401704,0.4707578340555908,0.46092022351808,0.6801764567059623,0.6700945125345885,0.4707578340555908,0.903835021897542,0.6019446603804984,0.5628956704717087,0.5776513675679887,0.0554010915456698,0.7357168204400284,0.713337182448037,0.480506329113924,0.3525031419320935,0.392578715065471,0.4412249948442978,0.25,101.5569996451384,0.9694565414601088,16389,251.3971540927887,0.1089378207858527,10,25,128,128,0.001,42
nslkdd,Alpha,delta,0.7372693399574166,0.4638317355147509,0.4630602827268051,0.6886966223349257,0.6620663696371627,0.4638317355147509,0.9065545930568591,0.6139699377365813,0.5777321040893538,0.6156783293072547,0.0299660179178251,0.768319730305181,0.7515814506539834,0.5085232067510549,0.3684867293129317,0.4183284973005009,0.4917508764693751,0.129182156133829,75.4389194464159,0.9773116031740102,16389,258.99979972839355,0.1136478250799998,10,25,128,128,0.001,42
nslkdd,Lapicque,rate,0.7456085876508162,0.524081529270319,0.5462483269258618,0.7119957462745707,0.7755983312683241,0.524081529270319,0.8921376946814417,0.6258141142282833,0.5982093746188146,0.6311073014883504,0.0699207084749253,0.7598917672107878,0.7495257045023368,0.5171308016877637,0.432341040423899,0.4172098764557745,0.5122705712518045,0.3076208178438662,498.86577359829664,0.8499651808726927,16389,137.6543505191803,0.0588701095371232,10,25,128,128,0.001,42
nslkdd,Lapicque,latency,0.7419712562100781,0.481232723424666,0.4791631464299327,0.6957315906235163,0.6742008319653275,0.481232723424666,0.903314255929502,0.6227559664680443,0.5861635826421256,0.5996259643107613,0.0522088353413654,0.7496007806955287,0.7316377466127882,0.5095358649789029,0.3754365767497142,0.4217979106148068,0.470509383378016,0.2355947955390334,239.7214336408801,0.9279033282283068,16389,139.26392793655396,0.0602931862946856,10,25,128,128,0.001,42
nslkdd,Lapicque,delta,0.7405074520936835,0.4677009148050738,0.4630633102692933,0.6902514638262662,0.6280368064008417,0.4677009148050738,0.9219369166763984,0.6197346018607175,0.5833942833442305,0.6186394451803943,0.0283184018123777,0.7707150461320085,0.7544068038200218,0.5173839662447257,0.3721000614244133,0.4318553628035097,0.4953598680140235,0.1217472118959107,124.2166873669269,0.9626415977843829,16389,146.025901556015,0.0661138294435207,10,25,128,128,0.001,42
nslkdd,Leaky,rate,0.7595812633073101,0.5635815693937879,0.6006446933895078,0.7329851442865281,0.7949383015987493,0.5635815693937879,0.8933995808124944,0.6464044735813982,0.6201090322093006,0.644821943427102,0.0652867881783544,0.769694819020582,0.7611995216631403,0.5440506329113924,0.4941669811180263,0.4485974293973631,0.531656011548773,0.2960037174721189,201.30207594038325,0.9394580222735688,16389,109.9815638065338,0.0443678108659342,10,25,128,128,0.001,42
nslkdd,Leaky,latency,0.7480926188786373,0.5293049682343401,0.5503121061199938,0.7107902368184703,0.7814370034942737,0.5293049682343401,0.8930282935727056,0.6299473621498859,0.59967455497707,0.6226135743785552,0.0658016682113067,0.7568310858765082,0.7445718013232691,0.520759493670886,0.4436502519181504,0.4251293122212867,0.5006186842647968,0.2969330855018587,222.43687899219304,0.9331016905286638,16389,110.51410341262816,0.0450369671272673,10,25,128,128,0.001,42
nslkdd,Leaky,delta,0.7444109297374024,0.515004966990674,0.5392166712243975,0.7019257133034282,0.8268148889832334,0.515004966990674,0.9397916469622464,0.624761806001751,0.5927945575419786,0.6382763188654251,0.030377921944187,0.7810060326472675,0.7684225338899574,0.5310548523206751,0.4514694384032315,0.4432953424885861,0.5214477211796247,0.1301115241635687,131.118035841022,0.9605660042583392,16389,115.82549953460692,0.051328620223647,10,25,128,128,0.001,42
nslkdd,LeakyParallel,rate,0.7667672107877928,0.5600300812051207,0.5852868440206265,0.7375872708127106,0.8027855597938292,0.5600300812051207,0.8807379290431847,0.6572533146841144,0.634519553984449,0.6685108704122185,0.0742457007517248,0.779320440028389,0.7752225184114218,0.5549367088607595,0.4868968944929135,0.4590392765160617,0.5576407506702413,0.3229553903345725,390.37588715400994,0.88259371814917,16517,66.3694338798523,0.0260676620191001,10,25,128,128,0.001,42
nslkdd,LeakyParallel,latency,0.7588715400993612,0.5631851603919545,0.5706123737906845,0.7189278060818389,0.8019145763882806,0.5631851603919545,0.9080461693461804,0.647539694699064,0.6223179111565433,0.6596275227927998,0.0743486767583153,0.7742193044712562,0.7688465031789282,0.5417721518987342,0.4666021030569007,0.4472347136431072,0.5495978552278821,0.3327137546468401,358.2751951738822,0.89224806160184,16517,69.53265953063965,0.026418193593103,10,25,128,128,0.001,42
nslkdd,LeakyParallel,delta,0.7365152590489709,0.5000978516766826,0.4982245963792445,0.6945682629696805,0.7686571147033691,0.5000978516766826,0.9194711269773252,0.612023723488125,0.5884763737561532,0.6960180783916465,0.0307898259705488,0.8136976579134138,0.8096446700507615,0.5864135021097047,0.4569001134136584,0.5002681032201968,0.5978552278820375,0.1305762081784386,128.57549680624555,0.961330677652257,16517,76.85275292396545,0.0314564781886115,10,25,128,128,0.001,42
nslkdd,RLeaky,rate,0.7351845280340668,0.4975156263571805,0.513425126021288,0.7008867628038472,0.7423002067542106,0.4975156263571805,0.8460434532358293,0.6082991678563794,0.5809472057267007,0.6261980830670927,0.0731129646792297,0.755722143364088,0.7447981834190649,0.4986497890295359,0.4054491696680623,0.389575695228048,0.5067024128686327,0.3266728624535316,139.00390347764372,0.9581943147435658,32901,164.61545300483704,0.0822298741662138,10,25,128,128,0.001,42
nslkdd,RLeaky,latency,0.747249822569198,0.4916746536402353,0.4829384315535905,0.7010965138760917,0.493225921708987,0.4916746536402353,0.8988869293968081,0.6313118682648158,0.597911624873768,0.6281461856152107,0.0339820821748532,0.7736870120652946,0.7596117602713908,0.5281012658227848,0.3881551623886109,0.4437533532797409,0.5108269746339451,0.1533457249070632,633.5358410220014,0.8094629049557891,32901,196.17684626579285,0.0997029609761397,10,25,128,128,0.001,42
nslkdd,RLeaky,delta,0.748624911284599,0.4820915041660708,0.4822872215642608,0.7045118958300765,0.6717155182909464,0.4820915041660708,0.9252289942221577,0.6328191209609233,0.59829725020735,0.6286137302267591,0.0290392338585109,0.7760823278921221,0.7616844490605231,0.5357805907172996,0.3944127886589319,0.4553327545219516,0.5089709218395545,0.125,845.8313963804117,0.7456146176299514,32901,203.46722030639648,0.1115959806591166,10,25,128,128,0.001,42
nslkdd,RSynaptic,rate,0.7410397444996452,0.5205305169295988,0.5298545420287347,0.7053531807419131,0.6789241214837438,0.5205305169295988,0.9020987543129466,0.6184992878163523,0.5908327304126981,0.6280682615132861,0.0739367727319534,0.7564318665720369,0.7459164314469483,0.5053164556962025,0.4236342790623075,0.4016975363165709,0.5032996494122499,0.3294609665427509,283.7263573456352,0.9146687647080796,32901,207.86519694328308,0.1030775610650998,10,25,128,128,0.001,42
nslkdd,RSynaptic,latency,0.7594481902058198,0.5196476082090755,0.5396510009887089,0.7248725345941308,0.7969840282185702,0.5196476082090755,0.9102545008002428,0.6477382272397398,0.6194686467318524,0.6466921218732954,0.0511790752754608,0.7768364088005678,0.7673956262425448,0.5491139240506329,0.447151949588735,0.4610425050984253,0.5325840379459682,0.2295539033457249,525.2407735982966,0.8420328500456251,32901,206.31712746620173,0.1056796803044629,10,25,128,128,0.001,42
nslkdd,RSynaptic,delta,0.7299059616749468,0.5021314744492258,0.5046257831778554,0.6889805463671445,0.7843843820716837,0.5021314744492258,0.9002044551979795,0.6037730717810634,0.577781435948466,0.6765370529104652,0.031716610029863,0.8022090134847409,0.795674288594602,0.5751898734177215,0.4619701296983349,0.4921525399346116,0.5721798308929676,0.133364312267658,797.7746185237758,0.7600677839026239,32901,219.81092286109924,0.117441434399975,10,25,128,128,0.001,42
nslkdd,Synaptic,rate,0.7591376863023421,0.5019585348078703,0.5095394143728282,0.7210349521285897,0.7948071746542277,0.5019585348078703,0.8698344052742822,0.6482470522260286,0.6172806823334576,0.6332112522403179,0.0527237153743177,0.7684971611071683,0.7569279493269991,0.5420253164556962,0.4178037987942146,0.456583426598517,0.5150546504433904,0.2355947955390334,567.8786373314407,0.8292094323815216,16389,245.28021788597107,0.1605229969139721,10,25,128,128,0.001,42
nslkdd,Synaptic,latency,0.7691625266146203,0.5729977511216483,0.5955475180658801,0.7428695607729514,0.7938424966568723,0.5729977511216483,0.9144737023408004,0.6606070947095979,0.6411639334183838,0.6888490610145718,0.0829986613119143,0.7871273953158269,0.7865118555095866,0.5641350210970464,0.4939015755989587,0.4638642553107428,0.5882656217776862,0.3661710037174721,173.9845635202271,0.9476738154826384,16389,243.3309862613678,0.1570063440236239,10,25,128,128,0.001,42
nslkdd,Synaptic,delta,0.6986337828246983,0.4654657574107078,0.4573510463856753,0.655038286202218,0.7282837253816308,0.4654657574107078,0.8828859038636764,0.5594265343811298,0.5260909659618509,0.6202758513208135,0.030171969931006,0.7708481192334989,0.7550033197382149,0.5117299578059071,0.4004937351171761,0.4256355087930686,0.4979377191173438,0.129182156133829,159.0779364797729,0.9521570115850309,16389,250.3599545955658,0.1615482158403687,10,25,128,128,0.001,42
nslkdd,SConv2dLSTM,rate,0.7714247693399574,0.5411006424311958,0.5665719564765891,0.738385460048443,0.8379110763562385,0.5411006424311958,0.9129851018299996,0.6701885345992051,0.6374036854780258,0.6438089301020806,0.0279064977860158,0.7852200141944642,0.7733782645324347,0.5664978902953587,0.4778321713822626,0.4975170293499735,0.5296968447102496,0.1245353159851301,545.6903832505322,0.9811342996283308,8389,314.6739084720612,0.1685307159586271,10,25,128,128,0.001,42
nslkdd,SConv2dLSTM,latency,0.752750177430802,0.5424338384156333,0.5539881011101621,0.7102229229543507,0.7904797240681798,0.5424338384156333,0.9148248983705536,0.6365942600021378,0.6089357981846686,0.6419387516558872,0.0686849963958397,0.7665897799858056,0.7579354126414574,0.5328270042194093,0.4484190046963516,0.4358649965399756,0.526190967209734,0.3094795539033457,928.3576117814052,0.9679046633783438,8389,315.67795300483704,0.1751065592633823,10,25,128,128,0.001,42
nslkdd,SConv2dLSTM,delta,0.747249822569198,0.4759947983402838,0.4714278652598461,0.6989347131861776,0.6246015774688456,0.4759947983402838,0.9223198738310624,0.62879528406777,0.596033211845318,0.639445180394296,0.0291422098651014,0.7822036905606813,0.7697214145014539,0.5325738396624473,0.3837197302520719,0.444617285260305,0.5230975458857496,0.1254646840148698,2385.9735184528035,0.9175117193274744,8389,243.49889588356007,0.0721951001412992,10,25,128,128,0.001,42
nslkdd,SLSTM,rate,0.7452537260468417,0.5377180056433464,0.5626273044847618,0.7123897987170191,0.7171606338309412,0.5377180056433464,0.8997570770597537,0.6238587675320867,0.5985648953487024,0.6414712070443388,0.0728040366594583,0.7645493257629524,0.7562006246555207,0.5180590717299578,0.4543004917023384,0.4130212942505478,0.5268096514745308,0.3197026022304832,282.03517565649395,0.9151773907800018,129669,133.26924180984497,0.0594047428954146,10,25,128,128,0.001,42
nslkdd,SLSTM,latency,0.7522178850248403,0.5330714012725879,0.5593827224302526,0.713788410981084,0.8249774652249673,0.5330714012725879,0.8786259625366234,0.6413606222044743,0.605136591301467,0.6136523026572118,0.0373802903923385,0.763972675656494,0.7474728299558635,0.5317299578059071,0.4620381958022556,0.4574378312224368,0.489069911321922,0.1686802973977695,338.7867725337118,0.8981092413432445,129669,135.63502192497253,0.0550821582166077,10,25,128,128,0.001,42
nslkdd,SLSTM,delta,0.7447214336408801,0.4878515793249426,0.4971516376256619,0.7020586345706868,0.7753694458225744,0.4878515793249426,0.9117715279231292,0.6256385711147104,0.5925762964559953,0.6330554040364684,0.0295541138914632,0.778388928317956,0.7648277160610054,0.5285232067510548,0.4075009870266918,0.4419528384716165,0.5144359661785936,0.1268587360594795,102.3792139815472,0.969209258952918,129669,142.23952651023865,0.0606904624623555,10,25,128,128,0.001,42
nslkdd,Alpha,rate,0.7413946061036196,0.48654850587869,0.4818442044378214,0.7003450848107812,0.6195111604786372,0.48654850587869,0.8851757449669527,0.6212365403711164,0.5891293505288042,0.6151328605937817,0.0594171558026979,0.7553229240596168,0.7410814870446865,0.5121518987341772,0.3799311857859228,0.4196204793535755,0.4935038152196329,0.2648698884758364,235.57168204400284,0.9291513738213524,16389,248.5417900085449,0.1077685079479826,10,25,128,128,0.001,43
nslkdd,Alpha,latency,0.7379790631653655,0.4806141853980223,0.4724029851141725,0.6909842773802871,0.6804107163067903,0.4806141853980223,0.8836422466280953,0.6195227761762886,0.5807778049999603,0.5926907192394608,0.0446915868602615,0.7488910574875799,0.7287883869113209,0.5020253164556963,0.3682712645904945,0.4211851604715728,0.4612291194060631,0.199814126394052,110.90312278211498,0.9666456773587624,16389,251.26035737991333,0.1077168139267509,10,25,128,128,0.001,43
nslkdd,Alpha,delta,0.7419268985095813,0.4673872542043993,0.4654522488365242,0.6923476624037979,0.6737887857761348,0.4673872542043993,0.9065753428378962,0.6210557110655681,0.5853376724928571,0.6216784851554585,0.030171969931006,0.7716465578424414,0.7560652009097801,0.5140084388185654,0.3700651615478402,0.4241677202915472,0.4993813157352031,0.129182156133829,83.0499467707594,0.9750225723997716,16389,252.3468098640442,0.1148970584822005,10,25,128,128,0.001,43
nslkdd,Lapicque,rate,0.7460078069552875,0.5188306463678402,0.5354705754849012,0.7136830693803243,0.7507983000250548,0.5188306463678402,0.9098051689489516,0.6269297567231457,0.5995699386658397,0.6324320112210706,0.0702296364946967,0.7605127750177431,0.7504045120429013,0.5189873417721519,0.4436842533555188,0.4197391492134125,0.5162920189729842,0.3150557620817844,526.0146823988645,0.8418000955191385,16389,137.77310371398926,0.0585478150819192,10,25,128,128,0.001,43
nslkdd,Lapicque,latency,0.7479151880766501,0.4853329052785738,0.4872187503548607,0.7062877698320054,0.6750141922346365,0.4853329052785738,0.9153916550755836,0.6324389542706785,0.5969391277043622,0.6091327047455778,0.0473689630316136,0.757097232079489,0.740596873519659,0.5205907172995781,0.3866724318970481,0.4366955612869005,0.4827799546298206,0.2132899628252788,256.999911284599,0.9227067935986168,16389,140.15345358848572,0.0594024373928311,10,25,128,128,0.001,43
nslkdd,Lapicque,delta,0.748403122782115,0.4829282680894069,0.4889452120874248,0.7081548516643708,0.6636251341783364,0.4829282680894069,0.9239199883006252,0.6306049615822978,0.5986015717449409,0.6392114080885217,0.0297600659046442,0.7818044712562101,0.7693317702227433,0.5356962025316455,0.4001842491974362,0.4487167273790799,0.5225819756650856,0.1282527881040892,148.2399308019872,0.955416562164816,16389,146.2560272216797,0.0642873743394319,10,25,128,128,0.001,43
nslkdd,Leaky,rate,0.7563431511710433,0.5486578532483546,0.5829680517416367,0.7294142286209012,0.7793829477878387,0.5486578532483546,0.9250136682027238,0.6404433437584073,0.616720036767632,0.6535494428426712,0.0742457007517248,0.7708037615330021,0.7645048083496649,0.5370464135021097,0.4594900865488459,0.4343568106337993,0.5408331614765931,0.3322490706319702,207.09630056777857,0.93771539832548,16389,108.43423867225648,0.0440204837290085,10,25,128,128,0.001,43
nslkdd,Leaky,latency,0.7711586231369766,0.5584610369336928,0.5889920912515259,0.739592986164794,0.8019645480487154,0.5584610369336928,0.9013114433570644,0.6652602192760427,0.6392758637759941,0.6659393750487026,0.0488106271238801,0.7888129879347054,0.7821351759483823,0.5648101265822785,0.4927096469716157,0.4777739767033472,0.5579500928026397,0.2197955390334572,219.01769872249824,0.9341300154218052,16389,109.9703335762024,0.0454565368703783,10,25,128,128,0.001,43
nslkdd,Leaky,delta,0.7530163236337828,0.5498092507922111,0.5755575654989562,0.7105925967319064,0.8253569858642706,0.5498092507922111,0.9373664464261542,0.6381162069842503,0.6077983313232548,0.6523026572118756,0.0307898259705488,0.7888129879347054,0.7785890340882669,0.5468354430379747,0.4895526234820735,0.4618546025725389,0.5399051350793979,0.1310408921933085,115.86914478353442,0.9651521369072076,16389,115.19266057014464,0.0493390455239203,10,25,128,128,0.001,43
nslkdd,LeakyParallel,rate,0.7615773598296665,0.5776257556201126,0.5990503889378569,0.7289359299726751,0.7437594679458254,0.5776257556201126,0.906583349729291,0.6488096977549849,0.625876101276013,0.6654718304371542,0.0739367727319534,0.7777235628105039,0.7731655425286315,0.5478481012658228,0.499925066767507,0.4472527884743242,0.5573314085378429,0.3336431226765799,466.1987668559262,0.8597898445546086,16517,68.6927125453949,0.0257042280911891,10,25,128,128,0.001,43
nslkdd,LeakyParallel,latency,0.761444286728176,0.5842523736720359,0.619125995808347,0.7338250897126902,0.7986150813767494,0.5842523736720359,0.8902494027393242,0.6500536153275233,0.6254269539222223,0.6580690407543053,0.0639481000926784,0.7778122782114976,0.7712680944335356,0.5467510548523207,0.5172500627517806,0.4522991498605872,0.5475355743452258,0.2853159851301115,366.8813875088715,0.8896597330800387,16517,67.96210956573486,0.0286525745946858,10,25,128,128,0.001,43
nslkdd,LeakyParallel,delta,0.7592707594038325,0.5234957729450925,0.545546190982825,0.7198239052694264,0.798741674210495,0.5234957729450925,0.9365607279364828,0.6463166546560197,0.6179912705281436,0.6645367412140575,0.0316136340232725,0.7954222853087296,0.787151559904006,0.5580590717299578,0.4612674511744427,0.471126353745798,0.5564033821406476,0.133364312267658,146.6820440028389,0.9558850995480184,16517,74.26220417022705,0.0319378734734821,10,25,128,128,0.001,43
nslkdd,RLeaky,rate,0.745652945351313,0.5290659552454374,0.5712512875269871,0.7182817712839089,0.8237143688598996,0.5290659552454374,0.8518393965323416,0.6226491558735363,0.5963248788123325,0.6331333281383932,0.0730099886726392,0.7597143364088006,0.7499884617159736,0.5190717299578059,0.4623828193955802,0.4106237122211887,0.5186636419880388,0.3294609665427509,148.3473651525905,0.9553842510819276,32901,125.88979578018188,0.0507090322678608,10,25,128,128,0.001,43
nslkdd,RLeaky,latency,0.7533268275372604,0.5093355644263636,0.5184336760098648,0.7211423801878495,0.861197317007619,0.5093355644263636,0.8893541120443899,0.6412325414837666,0.6098681568102219,0.6351593547884361,0.0397487385439192,0.775195173882186,0.7628451099672438,0.5430379746835443,0.4247791310201428,0.4630194324899691,0.5172200453701794,0.178903345724907,558.1184350603264,0.8321448315608041,32901,126.61582827568054,0.0514166735012197,10,25,128,128,0.001,43
nslkdd,RLeaky,delta,0.7441891412349184,0.4657973603292321,0.4624411283790791,0.6925800350217942,0.6294512706003195,0.4657973603292321,0.9301970610845444,0.620694351786758,0.5898469089653684,0.6518351126003272,0.0320255380496344,0.788014549325763,0.7778139383513878,0.5215189873417722,0.3701865802828246,0.419295802900841,0.5392864508146009,0.1370817843866171,1038.849272533712,0.6875641285612897,32901,136.28746056556702,0.057554122316998,10,25,128,128,0.001,43
nslkdd,RSynaptic,rate,0.7464070262597587,0.5151029788848077,0.5320883122686262,0.7153533867943214,0.6642523982048931,0.5151029788848077,0.8823080549874011,0.6294637225669268,0.598055919169214,0.6203537754227383,0.0516939553084131,0.7616217175301633,0.7476521412471826,0.5182278481012659,0.4377053057855666,0.4292694230346321,0.4965972365436172,0.2337360594795539,325.03251419446417,0.9022458603926424,32901,139.3167371749878,0.0576580179930579,10,25,128,128,0.001,43
nslkdd,RSynaptic,latency,0.75638750887154,0.5264573800652566,0.5467510516238981,0.7136024080822341,0.8415696791649756,0.5264573800652566,0.9193618733603808,0.6442742407528603,0.6123876672945949,0.6346918101768877,0.0453094428998043,0.7725337118523776,0.7605752171071062,0.5433755274261604,0.454045947458258,0.4598812796980336,0.5167044751495153,0.2035315985130111,490.76818665720367,0.8524005453662545,32901,141.4391508102417,0.0577069306052094,10,25,128,128,0.001,43
nslkdd,RSynaptic,delta,0.7339868701206529,0.515728583255397,0.5322485316892502,0.697303492854738,0.8017109659099516,0.515728583255397,0.889849569198641,0.6044972398565412,0.5824075535755541,0.6600950674043482,0.0818659252394192,0.7712473385379702,0.7666410244807458,0.5127426160337553,0.4335375562179803,0.395086936755466,0.5506289956692102,0.3605947955390334,761.6675390347764,0.7709270559293906,32901,147.93206787109375,0.0637854621967074,10,25,128,128,0.001,43
nslkdd,SConv2dLSTM,rate,0.7382895670688432,0.5107030456394274,0.511379157148498,0.6957598133788471,0.6941035846737991,0.5107030456394274,0.8811186795333037,0.6167102105185639,0.5862507252804587,0.6163796462245773,0.0729070126660488,0.750221788502484,0.7374947554892547,0.5024472573839662,0.4258242538533581,0.403793210614929,0.4940193854402969,0.3336431226765799,772.9932576295245,0.9732759461493682,8389,173.1388566493988,0.0678220587981517,10,25,128,128,0.001,43
nslkdd,SConv2dLSTM,latency,0.7593594748048261,0.5576806504694598,0.5790522475321405,0.7201555597160073,0.8285587188629456,0.5576806504694598,0.9223920878706549,0.6446977222510322,0.6204370396496175,0.6599392192004987,0.0758933168571722,0.7737313697657914,0.7685466672716548,0.5480168776371308,0.4759921929897793,0.4468874997318757,0.5500103114044133,0.341542750929368,802.5104240596168,0.972255473671232,8389,178.2341766357422,0.0681045674702391,10,25,128,128,0.001,43
nslkdd,SConv2dLSTM,delta,0.752750177430802,0.5015409061773193,0.514332521693618,0.7098948529636202,0.8365159998222502,0.5015409061773193,0.918303196673502,0.6367692217196431,0.6072076345726847,0.6565884828177355,0.0300689939244156,0.7915631653655074,0.7819590738248805,0.5449789029535865,0.4291788704608534,0.4563442530954887,0.545782635594968,0.1273234200743494,320.38542405961675,0.988923580844957,8389,179.37531328201294,0.0723505417787918,10,25,128,128,0.001,43
nslkdd,SLSTM,rate,0.7531050390347764,0.5167579152639222,0.5421365682682632,0.7191328528523355,0.7527039902083235,0.5167579152639222,0.9342315280745196,0.6382121700224045,0.6082383846650924,0.6320423907114471,0.0513850272886417,0.7684084457061746,0.7565172783659003,0.5297890295358649,0.4556251579156054,0.4385783320643846,0.5118581150752732,0.2342007434944238,288.95621894960965,0.9130958740001174,129669,129.2186255455017,0.0544442954513517,10,25,128,128,0.001,43
nslkdd,SLSTM,latency,0.7738644428672817,0.5701167600313473,0.6036329475394524,0.7517327494215184,0.7963274536589648,0.5701167600313473,0.8905581949911122,0.6699070604094853,0.6458357816510565,0.6701472765526377,0.0562248995983935,0.788014549325763,0.7825651758496747,0.5745147679324895,0.5073048347199476,0.4894730327057664,0.5635182511858116,0.2527881040892193,326.86155961674945,0.9016957715438348,129669,129.86245489120483,0.0546018839559291,10,25,128,128,0.001,43
nslkdd,SLSTM,delta,0.7549680624556423,0.5379262488730114,0.5683392452951289,0.7148600034866743,0.8180938403971663,0.5379262488730114,0.9269572653493876,0.6407815703238916,0.6099758751272178,0.6491077690329619,0.030171969931006,0.7872604684173172,0.7764727815063385,0.5486919831223629,0.4826045607548181,0.4643175064892701,0.5357805733140854,0.1296468401486988,186.26840844570617,0.9439794260313664,129669,136.5838942527771,0.0612613175928888,10,25,128,128,0.001,43
nslkdd,Synaptic,rate,0.7685858765081618,0.5625302299974064,0.5844416374231802,0.7350978542826367,0.7525531857862287,0.5625302299974064,0.8811437524946844,0.6611160416195209,0.6365439759158658,0.666952388373724,0.0601379878488312,0.7845102909865153,0.7789406625409537,0.5589029535864979,0.4760869924511285,0.4681661688066545,0.5582594349350382,0.2676579925650557,770.3871983676366,0.7683046019946957,16389,128.8700134754181,0.0548823832450309,10,25,128,128,0.001,43
nslkdd,Synaptic,latency,0.7782114975159687,0.537185032460548,0.5579061498789517,0.7468995701547559,0.7267981093868546,0.537185032460548,0.8837937836713151,0.6736669031455143,0.6513455717904321,0.6856541728356581,0.0542683554731747,0.7976845280340668,0.7941694119770748,0.5780590717299579,0.4658179936166912,0.4851705541759294,0.5840379459682409,0.2448884758364312,173.54755145493257,0.947805247682727,16389,129.42230486869812,0.0554576378667329,10,25,128,128,0.001,43
nslkdd,Synaptic,delta,0.7626419446415897,0.526301923057529,0.5486433464525667,0.7243310413499198,0.7198436467931524,0.526301923057529,0.9093177062722758,0.6498778686653837,0.6245996932516292,0.6815241954336476,0.0306868499639583,0.8054914833215047,0.7995611829775564,0.5654852320675106,0.467841513657561,0.4738466179215763,0.5789853578057331,0.129182156133829,172.01197657913414,0.9482670747130424,16389,134.68363213539124,0.0610074056133976,10,25,128,128,0.001,43
nslkdd,Alpha,rate,0.744056068133428,0.4858888795914642,0.4838071354090766,0.7018090248343211,0.6136616606561468,0.4858888795914642,0.8842997169425351,0.6266679802464046,0.59172788373917,0.6095223252552014,0.047677891051385,0.7571859474804826,0.7407898475234398,0.509789029535865,0.3771231479487621,0.4227348089543,0.4798927613941018,0.2216542750929368,246.78388928317955,0.9257792814185926,16389,248.6131641864777,0.108078259623076,10,25,128,128,0.001,44
nslkdd,Alpha,latency,0.7319464158977999,0.475303728799307,0.4684884717392631,0.6865376152145717,0.6683595314585031,0.475303728799307,0.8657324115253242,0.6098323513416817,0.5711298772857247,0.5847424608431387,0.0506641952425084,0.7417938254080908,0.7205338710451774,0.490126582278481,0.3616725108622195,0.4047358387352102,0.4505052588162507,0.2286245353159851,117.92889460610364,0.9645326632763598,16389,252.6547424793244,0.1086229927747955,10,25,128,128,0.001,44
nslkdd,Alpha,delta,0.7350958126330731,0.456713695553567,0.4580519201570537,0.6864666548596159,0.6698145763850591,0.456713695553567,0.9392641983179388,0.6106125845122633,0.5731756028906188,0.6096781734590508,0.0286273298321491,0.7654808374733854,0.7474564127059947,0.5043037974683544,0.3641482773871639,0.4142345693033766,0.4835017529387502,0.1231412639405204,87.9500088715401,0.9735488695123188,16389,257.1664893627167,0.1140358369345357,10,25,128,128,0.001,44
nslkdd,Lapicque,rate,0.7397533711852378,0.5102716966048301,0.5284790943448112,0.7053803198703924,0.7419662790784499,0.5102716966048301,0.9083141237600856,0.6175075766825722,0.5879705843745959,0.6184835969765449,0.0684790443826588,0.7533268275372604,0.7405644973174714,0.5084388185654009,0.4278319858116477,0.4104627442153709,0.496184780367086,0.3011152416356877,513.0799769339958,0.8456902325010539,16389,139.96049904823303,0.0596609709531893,10,25,128,128,0.001,44
nslkdd,Lapicque,latency,0.742680979418027,0.4826900467885967,0.4805658954819991,0.6969233496837369,0.681052205942871,0.4826900467885967,0.8914315649031522,0.6239079289797601,0.5875988682783609,0.6009506740434817,0.0525177633611368,0.750221788502484,0.7325575872714319,0.5109704641350211,0.376940417816002,0.4234918769664457,0.4722623221282738,0.2369888475836431,244.4138129879347,0.9264920863194182,16389,137.96340084075928,0.0591321330784566,10,25,128,128,0.001,44
nslkdd,Lapicque,delta,0.7447657913413769,0.4746626376525116,0.4756930499493121,0.6990242074786682,0.6639450888413128,0.4746626376525116,0.9206507984476434,0.6253825763663585,0.5912124066472331,0.6293150471440817,0.0293481618782823,0.7763484740951029,0.7621024818344815,0.5249789029535865,0.3842864422735796,0.4374497968055006,0.5095896061043514,0.1259293680297397,136.27847764371896,0.9590139916860996,16389,146.6804449558258,0.0648487747942326,10,25,128,128,0.001,44
nslkdd,Leaky,rate,0.7708037615330021,0.5708212665538588,0.6031647116629868,0.741814144742218,0.7646965880429464,0.5708212665538588,0.9177831230618504,0.6627039455787298,0.6403429460226538,0.6792643964778305,0.057872515703841,0.7924946770759403,0.7884406657018813,0.5628691983122363,0.5026461655624608,0.4678946331749492,0.5711486904516395,0.2565055762081784,229.7406848828957,0.9309050571780764,16389,108.53091359138487,0.0441469056459079,10,25,128,128,0.001,44
nslkdd,Leaky,latency,0.7496007806955287,0.5409698348068835,0.5698039447856404,0.7179749391506908,0.7722639255315091,0.5409698348068835,0.9081247056276706,0.6325040701153687,0.6041799108616586,0.6305618327748773,0.0660076202244877,0.7612668559261888,0.7504405082073634,0.5237974683544304,0.4654838049181794,0.4280168149994025,0.5111363167663435,0.2973977695167286,236.4554205110007,0.9288855878162404,16389,110.95969104766846,0.0451397735062349,10,25,128,128,0.001,44
nslkdd,Leaky,delta,0.7483144073811213,0.5206598682709218,0.5471234756362643,0.7053528812083493,0.8194583495040657,0.5206598682709218,0.9304427247679784,0.631043856960481,0.598163324851865,0.6358606717057586,0.0302749459375965,0.7796753016323634,0.7666651007657255,0.5357805907172996,0.4597033959220087,0.4509182119796899,0.5182511858115075,0.1305762081784386,146.55380589070262,0.9559236674012924,16389,116.48134684562685,0.0499768871377764,10,25,128,128,0.001,44
nslkdd,LeakyParallel,rate,0.740152590489709,0.5591893256512711,0.5877438733336406,0.7102081595998492,0.7826422152655751,0.5591893256512711,0.925145985101167,0.6181340270252104,0.5891716923854159,0.618717369282319,0.0720832046133251,0.7519073811213627,0.7395333674847483,0.5062447257383966,0.4875916960548725,0.4072094801265493,0.4935038152196329,0.3192379182156133,399.1839957416608,0.8799446629348389,16517,66.37587213516235,0.0262345254125114,10,25,128,128,0.001,44
nslkdd,LeakyParallel,latency,0.7611337828246983,0.5566054473196924,0.5894320478391284,0.7336836660227339,0.7833905187476117,0.5566054473196924,0.9176797828875712,0.6471444827523606,0.6246307040155356,0.664692589417907,0.0735248687055915,0.7774574166075231,0.7727499207319836,0.5459071729957806,0.4861652938819603,0.4427757683817376,0.5563002680965148,0.3303903345724907,340.17680979418026,0.8976911850243067,16517,68.82852435112,0.0262499024802019,10,25,128,128,0.001,44
nslkdd,LeakyParallel,delta,0.7335876508161817,0.4921420096123768,0.510013102257021,0.6886979474108056,0.7937118594705372,0.4921420096123768,0.9308502110726788,0.6092280237162827,0.5736333237863207,0.6159121016130289,0.0281124497991967,0.7692512420156139,0.7524036173250832,0.5115611814345992,0.4207451531838616,0.4248199285510865,0.4922664466900391,0.1198884758364312,150.47218772178852,0.954745206700214,16517,75.00598430633545,0.0318290600969573,10,25,128,128,0.001,44
nslkdd,RLeaky,rate,0.7604240596167494,0.5304012787743397,0.5570446306802921,0.7262177476457936,0.8537985788020457,0.5304012787743397,0.8759786496678922,0.6472569820616281,0.6201312574737433,0.6455232603444245,0.0653897641849449,0.7700496806245565,0.7616770871643987,0.54042194092827,0.4454822212955716,0.4440987187305064,0.52567539698907,0.2964684014869888,200.43128992193044,0.9397199128054344,32901,127.7262361049652,0.0521600288732243,10,25,128,128,0.001,44
nslkdd,RLeaky,latency,0.7461852377572746,0.4989634471892475,0.4990535725928627,0.7074188510437267,0.6656029596694093,0.4989634471892475,0.8998017250492641,0.6265027391290374,0.5973284526987159,0.6300163640614042,0.0638451240860879,0.7618878637331441,0.7507660878447394,0.5297890295358649,0.4007847423637708,0.4345498832982825,0.5107238605898123,0.2881040892193308,820.139194464159,0.753341595649877,32901,129.36625003814697,0.0526389811714123,10,25,128,128,0.001,44
nslkdd,RLeaky,delta,0.7334545777146912,0.4635417697172675,0.4573440079736738,0.6842010297037504,0.6435539619363299,0.4635417697172675,0.9428969347441468,0.6115675008013406,0.5720097572132044,0.598301254578041,0.0280094737926063,0.7592707594038325,0.7388731174517634,0.5091139240506329,0.3682513200843525,0.4311562168681878,0.4686533305836255,0.1203531598513011,1164.9917494677077,0.6496265415134714,32901,133.66617226600647,0.0570277380046479,10,25,128,128,0.001,44
nslkdd,RSynaptic,rate,0.768541518807665,0.5586076881847666,0.5975593604489705,0.7365035930241477,0.8268407755167404,0.5586076881847666,0.9054898137844828,0.6626664506668729,0.6325151280130893,0.6511337956830048,0.0348058902275769,0.7864176721078779,0.7763274027964883,0.559662447257384,0.5034291819041459,0.4796049732096685,0.5368117137554135,0.1542750929368029,291.15529630943934,0.9124344973505446,32901,138.26574563980105,0.0562590961341235,10,25,128,128,0.001,44
nslkdd,RSynaptic,latency,0.7578956706884316,0.5240636447101876,0.528940648249305,0.7234489303774934,0.811724958634748,0.5240636447101876,0.9037697636820764,0.6429207384265367,0.6211173498361924,0.6796540169874542,0.0700236844815158,0.7874822569198012,0.7845288958848662,0.550717299578059,0.4319585799462439,0.447650548476623,0.5762012786141473,0.3145910780669145,555.5317601135557,0.8329227789132163,32901,140.1228940486908,0.0578195935365069,10,25,128,128,0.001,44
nslkdd,RSynaptic,delta,0.7371362668559261,0.5487076809901591,0.5793690128790439,0.69555202220993,0.8224889456116851,0.5487076809901591,0.9023146644440828,0.615653172249791,0.5804645273624383,0.6177822800592223,0.0295541138914632,0.769694819020582,0.7533257316609654,0.5152742616033755,0.4870137154509135,0.4310357354296832,0.4947411837492266,0.1268587360594795,755.7500443577005,0.7727067535766314,32901,146.18659210205078,0.0626495579948993,10,25,128,128,0.001,44
nslkdd,SConv2dLSTM,rate,0.7591820440028388,0.5617775782348983,0.594667350692928,0.7268804485992516,0.7640449665633702,0.5617775782348983,0.9053761645057098,0.6464790059175156,0.618965225293812,0.6493415413387361,0.0500463392029657,0.778832505322924,0.7697210419360798,0.5425316455696203,0.4893905804847833,0.4499984192697807,0.535986801402351,0.2253717472118959,638.7596256210078,0.9779166940148312,8389,174.6158058643341,0.0675141049920455,10,25,128,128,0.001,44
nslkdd,SConv2dLSTM,latency,0.7609563520227112,0.5350260866474724,0.5695628227171003,0.7302564393158342,0.8145636916565682,0.5350260866474724,0.9331834649316144,0.6544142416603639,0.6197587034750502,0.625808462557469,0.0300689939244156,0.774041873669269,0.759217243335224,0.5467510548523207,0.4728380216900604,0.4751867789556663,0.5050525881625078,0.1342936802973977,715.520094038325,0.9752629180972056,8389,174.1729691028595,0.0674127369082676,10,25,128,128,0.001,44
nslkdd,SConv2dLSTM,delta,0.7472941802696949,0.4966507413528219,0.5058284147918305,0.6982854068411898,0.8207246366165777,0.4966507413528219,0.9308143894376434,0.6289286870587686,0.5965731482337355,0.6420166757578118,0.0298630419112346,0.7833569907735983,0.7713697219361483,0.5362869198312237,0.4209649047147918,0.4493456116082492,0.5263971952979996,0.1287174721189591,506.847764371895,0.9824771732282837,8389,239.35522723197937,0.1242924997195696,10,25,128,128,0.001,44
nslkdd,SLSTM,rate,0.744277856635912,0.5408657290044996,0.5772365983687827,0.7141788848654282,0.7604253280907606,0.5408657290044996,0.8880531296742421,0.6213237152810884,0.5948578968456719,0.6324320112210706,0.0714653485737823,0.7599804826117814,0.7499884489211291,0.5139240506329114,0.4554798334493831,0.4075677490113698,0.5113425448546092,0.3183085501858736,320.798837828247,0.9035191465178204,129669,190.5844020843506,0.1025206975855668,10,25,128,128,0.001,44
nslkdd,SLSTM,latency,0.7745741660752307,0.5479244430107555,0.5848640618519116,0.7482724977437061,0.8303829900273024,0.5479244430107555,0.90654433955153,0.6700200276135676,0.6437658151383614,0.662121094054391,0.0492225311502419,0.7864620298083748,0.7792553191489362,0.5729113924050633,0.4891494412196636,0.4878666681656645,0.5530006186842648,0.2221189591078066,361.1260202271114,0.8913906706083875,129669,194.5342922210693,0.0871107077412439,10,25,128,128,0.001,44
nslkdd,SLSTM,delta,0.7439229950319376,0.5073433908416835,0.5308211385364512,0.7015545800661909,0.8380333172220367,0.5073433908416835,0.9254361814117912,0.6244929839160563,0.5911819012398107,0.6317306943037482,0.0289362578519205,0.7779009936124911,0.7640544743414541,0.5279324894514767,0.441590040815527,0.4417192696399618,0.5128892555166014,0.1245353159851301,325.4705908445706,0.9021141080166704,129669,199.9562373161316,0.1035278214893923,10,25,128,128,0.001,44
nslkdd,Synaptic,rate,0.7613555713271823,0.5130064953090633,0.5092784076233172,0.7224872479195652,0.7782788793638284,0.5130064953090633,0.8511698074323758,0.6473901922200708,0.6256677130970635,0.6791085482739811,0.0774379569560292,0.7839779985805536,0.7816143497757848,0.5449789029535865,0.3947573100893822,0.4382690066581883,0.5733140853784285,0.345724907063197,743.3069109297375,0.7764490493444398,16389,193.06322050094604,0.1068236220382138,10,25,128,128,0.001,44
nslkdd,Synaptic,latency,0.7822036905606813,0.5864221501514733,0.6010409010271272,0.7478318238543296,0.8367293336160472,0.5864221501514733,0.9121685276792846,0.6807330523172583,0.661489474764126,0.7062261357437856,0.0791885490680671,0.7986603974449965,0.799735274652548,0.5869198312236287,0.5032475900891844,0.4925019456163447,0.6112600536193029,0.3503717472118959,143.76210965223564,0.9567632752925608,16389,192.146493434906,0.091747707978811,10,25,128,128,0.001,44
nslkdd,Synaptic,delta,0.7516855926188787,0.5175026408060948,0.5396874042399151,0.7075991019286458,0.8326873793369904,0.5175026408060948,0.9065939972388716,0.6349116420165909,0.6045858664353194,0.6533935946388217,0.0295541138914632,0.7899662881476224,0.7798186468263194,0.5462447257383967,0.4564071688445394,0.4586661944307332,0.5416580738296556,0.1259293680297397,115.54803938963803,0.9652487099580036,16389,185.12056946754456,0.0915192834361383,10,25,128,128,0.001,44
nslkdd,Alpha,rate,0.7443665720369056,0.4885391977175275,0.4844749831747649,0.7030611150134893,0.613164388018687,0.4885391977175275,0.8890271608749799,0.6258982561282341,0.5936380025203118,0.6176264318553729,0.0564308516115745,0.7580287437899219,0.7439808513634016,0.5125738396624473,0.3797147691724113,0.4204860330405772,0.4926789028665704,0.2546468401486988,246.31471788502483,0.9259203855984888,16389,261.3542778491974,0.1071813873909651,10,25,128,128,0.001,45
nslkdd,Alpha,latency,0.7337207239176721,0.4850781067267832,0.4714743051074505,0.6866165115715548,0.4750832517038167,0.4850781067267832,0.8807300430748843,0.612876989853147,0.5756442437903545,0.5918335541182888,0.0548862115127175,0.7440117104329311,0.7246791660703211,0.4935021097046413,0.3625828418671916,0.407875874382143,0.4598886368323365,0.2476765799256505,115.18674591909156,0.9653573696483936,16389,249.8141746520996,0.1085280335651719,10,25,128,128,0.001,45
nslkdd,Alpha,delta,0.7402856635911994,0.4660691758231391,0.4660863761547343,0.6922121546019906,0.6694124576002659,0.4660691758231391,0.9234672381023328,0.6183378361731626,0.5828434380531302,0.6217564092573833,0.0290392338585109,0.7721788502484032,0.7565184412629183,0.5148523206751054,0.3731893105211071,0.4252134161992608,0.4994844297793359,0.125,85.8792583392477,0.974171651627294,16389,254.175745010376,0.1144784722791824,10,25,128,128,0.001,45
nslkdd,Lapicque,rate,0.7357611781405252,0.5027489130223111,0.5215402053711834,0.6988966880179023,0.826142912378311,0.5027489130223111,0.9053512362297532,0.6123416098374965,0.5799437606877991,0.6036000935089223,0.0672433323035732,0.7453867991483322,0.7296533534287868,0.4962025316455696,0.4277581032486787,0.3990472036946982,0.4737059187461332,0.3052973977695167,499.479817246274,0.8497805060913461,16389,138.57162523269653,0.059981488690806,10,25,128,128,0.001,45
nslkdd,Lapicque,latency,0.7425479063165366,0.4825965536045747,0.4791553573711742,0.6959565209421575,0.6634250676948507,0.4825965536045747,0.8954765229772579,0.6232130217533989,0.5875203644783098,0.6033663212031481,0.0540624034599938,0.7509315117104329,0.7338988673522582,0.5103797468354431,0.3750965298985041,0.4209889921530407,0.4751495153639926,0.2439591078066914,252.50652058197304,0.9240581892986548,16389,139.04264116287231,0.0599542245364003,10,25,128,128,0.001,45
nslkdd,Lapicque,delta,0.7430358410220014,0.4689509238027869,0.4709510551034729,0.6962012274700046,0.6662120130665959,0.4689509238027869,0.9343274876310168,0.6225124154907706,0.5874151435244416,0.6251850697420712,0.0284213778189681,0.7743967352732435,0.7593223547226955,0.5187341772151899,0.3776147370332877,0.429660117799854,0.5040214477211796,0.120817843866171,134.43448367636623,0.959568576337935,16389,148.86870861053467,0.0640676535977972,10,25,128,128,0.001,45
nslkdd,Leaky,rate,0.7723562810503903,0.5211400075324327,0.5464523915296036,0.7498392937214949,0.7150051235532897,0.5211400075324327,0.9221811394356606,0.6657401637191724,0.6419482896724722,0.6765370529104652,0.0360416023066625,0.8003459900638751,0.7941458952664076,0.5672573839662447,0.4526073605440242,0.4771381982794743,0.5713549185399052,0.1593866171003717,237.2083481192335,0.9286591434227868,16389,108.58311986923218,0.0439494150255147,10,25,128,128,0.001,45
nslkdd,Leaky,latency,0.7747515968772178,0.5566741946262684,0.5938242627651287,0.7460358632825281,0.8126522553387863,0.5566741946262684,0.8776640076682689,0.6707466365682947,0.6442260699068552,0.6622769422582405,0.0482957470909278,0.7869499645138396,0.7796890050915095,0.5714767932489452,0.4999591103020268,0.4872378918684099,0.5531037327283976,0.2179368029739777,219.7209900638751,0.9339184992289098,16389,108.955011844635,0.0447212824845161,10,25,128,128,0.001,45
nslkdd,Leaky,delta,0.7531493967352733,0.5383050862068806,0.5666152140557755,0.709632930978361,0.8226601324603852,0.5383050862068806,0.929275549053254,0.6376255052485006,0.6064711358571717,0.6493415413387361,0.0291422098651014,0.7878371185237757,0.7770059210219591,0.5448945147679325,0.4810547157678486,0.4587280127250838,0.535986801402351,0.1254646840148698,132.1150638750887,0.9602661462029808,16389,116.30737638473512,0.0511452587383532,10,25,128,128,0.001,45
nslkdd,LeakyParallel,rate,0.7562987934705465,0.5556175899940933,0.5942357243793659,0.7299042398074965,0.7819875221636391,0.5556175899940933,0.9036444436534162,0.6386043029663191,0.6176696695514229,0.6691342632276163,0.0742457007517248,0.7796753016323634,0.7756650557788717,0.5348523206751055,0.487239498164021,0.4249216544645103,0.5599092596411631,0.3303903345724907,419.6583126330731,0.8737869736441886,16517,66.9481132030487,0.025588159784516,10,25,128,128,0.001,45
nslkdd,LeakyParallel,latency,0.7635290986515259,0.5716274171894545,0.6057476379259382,0.7416036657313633,0.773331813010235,0.5716274171894545,0.9013506333612742,0.6522668529456119,0.6302032854984564,0.6670303124756487,0.0714653485737823,0.7796753016323634,0.7751165844161725,0.5505485232067511,0.5012446734995077,0.4519957833091939,0.559393689420499,0.320631970260223,366.6288591199432,0.8897356814676862,16517,68.59705710411072,0.0265113443580394,10,25,128,128,0.001,45
nslkdd,LeakyParallel,delta,0.7523953158268275,0.5203049464814261,0.5447613231102226,0.7103120969355613,0.6856605522339114,0.5203049464814261,0.9303750741131684,0.6341933744734702,0.6059757657104146,0.6618873217486169,0.0281124497991967,0.7954222853087296,0.7864814814814814,0.5427848101265823,0.4604768332594761,0.4480734435083277,0.5527943905959992,0.1198884758364312,137.7154009936125,0.9585818342876352,16517,74.93142914772034,0.0320936218062726,10,25,128,128,0.001,45
nslkdd,RLeaky,rate,0.7650372604684174,0.5620965508809125,0.5966500599429964,0.7336154153039568,0.8480086426732651,0.5620965508809125,0.8906389770488922,0.6590407372714023,0.6283419483061792,0.6430296890828333,0.0408814746164143,0.7791873669268985,0.768271110697328,0.5566244725738396,0.4883846831632031,0.4788778746655576,0.5313466694163745,0.1826208178438661,196.1378637331441,0.941011168802062,32901,127.22654485702516,0.0517836079858058,10,25,128,128,0.001,45
nslkdd,RLeaky,latency,0.7505322924059616,0.4953248157593763,0.4811227622278241,0.7012118544158643,0.5439605893020936,0.4953248157593763,0.9057135330476682,0.6320703552965508,0.6040359994120165,0.6438868542040053,0.0671403562969828,0.7683640880056778,0.7598859665256575,0.5373839662447257,0.3854766892445202,0.4399072810789533,0.5291812744895855,0.2969330855018587,721.597054648687,0.7829783294289663,32901,129.43817591667175,0.052767888377794,10,25,128,128,0.001,45
nslkdd,RLeaky,delta,0.7504435770049681,0.4779261524606734,0.4751600972712466,0.7026621896932271,0.6331007554746142,0.4779261524606734,0.9359541017701258,0.6317866870603038,0.6015911732945753,0.6552637730850152,0.0304808979507774,0.7906316536550745,0.7808524468381466,0.5378059071729958,0.3874086900596428,0.4438755178488426,0.5439265828005775,0.1315055762081784,920.348917672108,0.723203333030945,32901,135.34049010276794,0.0574711771024889,10,25,128,128,0.001,45
nslkdd,RSynaptic,rate,0.7461408800567778,0.4970636989632382,0.5166459063804346,0.7122726804527414,0.7716441291182777,0.4970636989632382,0.8804483928765852,0.6272348949041062,0.5967023290780378,0.6222239538689317,0.0564308516115745,0.7606458481192335,0.747449218384349,0.5219409282700422,0.4153557514212195,0.428387132064948,0.5034027634563828,0.2481412639405204,267.4466376863023,0.9195649209966008,32901,137.22619128227234,0.0568473059882332,10,25,128,128,0.001,45
nslkdd,RSynaptic,latency,0.7418825408090844,0.4835997410022448,0.4787082991867809,0.6943681286121102,0.7073497637646615,0.4835997410022448,0.8992960373849092,0.617693835317378,0.5886127284356921,0.6278344892075118,0.0712593965606013,0.7574520936834634,0.7466407191177834,0.5137552742616034,0.3761634405372284,0.4076731363217392,0.5078366673540936,0.3210966542750929,553.4266323633783,0.8335559000410893,32901,138.98212885856628,0.0575324527078524,10,25,128,128,0.001,45
nslkdd,RSynaptic,delta,0.7539478353442157,0.5128982163131657,0.5399227074960009,0.7129157342075196,0.8339555227919189,0.5128982163131657,0.8875038176725971,0.6385803690288342,0.607613774999278,0.6498090859502844,0.0283184018123777,0.788458126330731,0.7776378980743228,0.5471729957805908,0.4557001132829299,0.461114511534144,0.5368117137554135,0.1212825278810409,701.8558374733853,0.7889155376019894,32901,145.91533422470093,0.0626515991049848,10,25,128,128,0.001,45
nslkdd,SConv2dLSTM,rate,0.7440117104329311,0.4981040762633942,0.4960951285275613,0.7016063078857708,0.7110603382287706,0.4981040762633942,0.8904449604870991,0.6276006712504135,0.5931385140702404,0.6109249590898465,0.0511790752754608,0.7564762242725337,0.7406707605101558,0.5162869198312237,0.400351790356357,0.4342154412421006,0.4840173231594143,0.2160780669144981,757.221167494677,0.9738212215213596,8389,172.7527678012848,0.0668569521501269,10,25,128,128,0.001,45
nslkdd,SConv2dLSTM,latency,0.7492902767920511,0.537181228300061,0.5809150570966916,0.7213571963848672,0.8554008289284477,0.537181228300061,0.9135345468321264,0.6298890983230298,0.6018503817508909,0.6279124133094366,0.0685820203892493,0.7586497515968772,0.7475993876698984,0.5246413502109705,0.4738205507848859,0.4242456151331544,0.5078366673540936,0.3090148698884758,754.9759137686302,0.9738988448135304,8389,173.6743779182434,0.0705189151574399,10,25,128,128,0.001,45
nslkdd,SConv2dLSTM,delta,0.7447657913413769,0.488835470990657,0.5007736519976895,0.6960771728990616,0.7726783534061192,0.488835470990657,0.9049939239000364,0.6240215272091298,0.5917096787620252,0.6417829034520377,0.0283184018123777,0.78388928317956,0.7717391304347825,0.5303797468354431,0.4153013734716831,0.4395174805496711,0.526190967209734,0.1212825278810409,693.610894251242,0.9760203666637428,8389,180.10317993164062,0.0732454786578165,10,25,128,128,0.001,45
nslkdd,SLSTM,rate,0.7437899219304471,0.5086876524166368,0.527126193332009,0.7119827077554748,0.8589274865272365,0.5086876524166368,0.9168533555335558,0.625057273498326,0.5943418883867959,0.6184835969765449,0.0619915559674595,0.7561213626685592,0.742747520119783,0.510295358649789,0.4290657675973329,0.4162309683832998,0.492369560734172,0.2876394052044609,286.66226046841734,0.913785786325288,129669,128.4272518157959,0.0540176082621913,10,25,128,128,0.001,45
nslkdd,SLSTM,latency,0.779764017033357,0.5583010599523555,0.5873257881629881,0.7471791070857337,0.8120074870343259,0.5583010599523555,0.913034896417264,0.6802968005554996,0.6518226169123618,0.6645367412140575,0.037483266398929,0.7928938963804116,0.7850863060989642,0.5853164556962025,0.4998220955567469,0.5113241593932235,0.5563002680965148,0.1686802973977695,359.84962739531585,0.8917745481517847,129669,130.25416040420532,0.0549764963986604,10,25,128,128,0.001,45
nslkdd,SLSTM,delta,0.743834279630944,0.5220224835125491,0.5522367457800744,0.7006094030454764,0.8195258856342477,0.5220224835125491,0.9234800042776148,0.6240715995357724,0.5896326836860524,0.6268214758824905,0.0287303058387395,0.775195173882186,0.7604462091132539,0.5224472573839662,0.4600918940666169,0.4349264927856155,0.5061868426479686,0.1236059479553903,268.59909510290987,0.9192183172622828,129669,137.20639181137085,0.0595173106454127,10,25,128,128,0.001,45
nslkdd,Synaptic,rate,0.7708481192334989,0.5180408173534108,0.5238949785480663,0.7419316631071478,0.6042854325362035,0.5180408173534108,0.8757327966961433,0.6620343661028437,0.6409299652223226,0.6844853113067871,0.0604469158686026,0.7943577004968062,0.7912087912087912,0.5623628691983122,0.4245292984724551,0.4639076618612769,0.5773355330996082,0.2755576208178438,869.2167317246274,0.7385814340677812,16389,128.3512086868286,0.0549712297000979,10,25,128,128,0.001,45
nslkdd,Synaptic,latency,0.7615330021291696,0.5475475962613793,0.5769407928420869,0.7331623984394849,0.8285300786339803,0.5475475962613793,0.8999928632658736,0.6514629550182046,0.6244349630230184,0.6484064521156394,0.059211203789517,0.7743523775727467,0.7658889042293708,0.5492827004219409,0.4765318443524396,0.460750980862549,0.5352650030934213,0.2671933085501858,135.10925301632363,0.9593656381905794,16389,130.12074732780457,0.0546003187523402,10,25,128,128,0.001,45
nslkdd,Synaptic,delta,0.7593594748048261,0.5011174585342081,0.51317156889758,0.7152018364917351,0.8331122417176108,0.5011174585342081,0.8819460935746853,0.6462914751054255,0.6169387388695877,0.6635237278890361,0.0290392338585109,0.7959545777146912,0.7873324086916319,0.5575527426160337,0.4304409587246033,0.4704009266829669,0.5564033821406476,0.1245353159851301,145.24228176011354,0.956318110748838,16389,135.65664982795715,0.0608901211012331,10,25,128,128,0.001,45
nslkdd,Alpha,rate,0.7404630943931867,0.4846862714519188,0.4803857421630756,0.6995202469561238,0.5952479482823178,0.4846862714519188,0.8925939409447294,0.6192628988362221,0.5876475799793504,0.6159900257149536,0.0603439398620121,0.7554116394606104,0.7414181204276871,0.5068354430379747,0.37516800932977,0.4096954785999424,0.4942256135285626,0.2778810408921933,231.090090489709,0.9304992209053506,16389,249.96101665496823,0.1072320238422044,10,25,128,128,0.001,46
nslkdd,Alpha,latency,0.7244499645138396,0.4687937510644734,0.4564116587623377,0.6773731871415569,0.460158522659509,0.4687937510644734,0.8786023853759889,0.595297298926058,0.5604685216379242,0.5900412997740201,0.06652250025744,0.7379790631653655,0.7193957531708707,0.4761181434599156,0.345996758410513,0.3756160670536386,0.4575170138172819,0.2983271375464684,97.75377040454222,0.9706003698031452,16389,252.9154596328736,0.1087096923627778,10,25,128,128,0.001,46
nslkdd,Alpha,delta,0.7365596167494677,0.4592051906631847,0.4545111381095743,0.6839955695684541,0.5259040071533998,0.4592051906631847,0.8755754743824152,0.6128879905232532,0.5757013898841645,0.6136523026572118,0.02883328184533,0.7676543647977289,0.7504288164665524,0.5050632911392405,0.3593978929417143,0.4143224432195254,0.4888636832336564,0.1240706319702602,70.76184350603265,0.9787182425545766,16389,256.5791680812836,0.112783504852257,10,25,128,128,0.001,46
nslkdd,Lapicque,rate,0.7397090134847409,0.513361778522701,0.5296524384650384,0.7038059353227656,0.7905439985547159,0.513361778522701,0.9008303303664508,0.6181862686435556,0.5881462890751199,0.6173926595495987,0.0684790443826588,0.7527058197303051,0.7397413752859343,0.5077637130801688,0.4370001940076622,0.4104602888357386,0.496184780367086,0.3062267657992565,506.6710432931157,0.8476177313404163,16389,138.88637042045593,0.0580658169821528,10,25,128,128,0.001,46
nslkdd,Lapicque,latency,0.7404630943931867,0.4787173630087186,0.478012715028268,0.6951295719886416,0.6845813657593995,0.4787173630087186,0.9017112472615096,0.6199570539008094,0.583744084523784,0.599158419699213,0.0538564514468128,0.748624911284599,0.7307198859586601,0.5063291139240507,0.3736768677634177,0.4162083597300644,0.4696844710249536,0.2430297397769516,241.2673882185948,0.9274383794831292,16389,139.49609279632568,0.0608344611925297,10,25,128,128,0.001,46
nslkdd,Lapicque,delta,0.7444552874378992,0.4762916952463683,0.4783676102462433,0.7004102990328432,0.6635294183964057,0.4762916952463683,0.9302599220288256,0.6244185576621984,0.5914404273836404,0.6339125691576405,0.030171969931006,0.77861071682044,0.7652509289309063,0.5271729957805907,0.3883790075287947,0.4382213353885076,0.5155702206640544,0.1301115241635687,117.23097054648689,0.9647425652491768,16389,147.3508219718933,0.0640949812064025,10,25,128,128,0.001,46
nslkdd,Leaky,rate,0.7583392476933996,0.5200420207568557,0.5482063631332764,0.7277029069061469,0.8418587254387235,0.5200420207568557,0.8917491633344813,0.6493419772628016,0.6157747070284656,0.6246396010285982,0.0384100504582432,0.7697835344215755,0.7554424653661296,0.5415189873417722,0.4346867713407024,0.4632487268646573,0.5064961847803671,0.178903345724907,223.69393186657203,0.9327236295138128,16389,110.13653421401978,0.0438357579784244,10,25,128,128,0.001,46
nslkdd,Leaky,latency,0.7608676366217175,0.5418263507427359,0.5678845887511798,0.7265013136111479,0.7933831390172807,0.5418263507427359,0.9154414652304598,0.652349025544109,0.6210507162529952,0.6360944440115328,0.0442796828338997,0.7737757274662882,0.7619714365723887,0.5451476793248945,0.4693640001027894,0.4645561018530594,0.518560527943906,0.199814126394052,227.17871717530164,0.9316755737818642,16389,113.88974952697754,0.0492417913874131,10,25,128,128,0.001,46
nslkdd,Leaky,delta,0.7519960965223563,0.5439215006632933,0.582192171010055,0.7141711447203849,0.8307305255553088,0.5439215006632933,0.9385645916245328,0.6362810671855268,0.6044939645822016,0.640847814228941,0.0299660179178251,0.7826472675656494,0.7704703016676034,0.5380590717299578,0.4912128068767803,0.4518545326669349,0.5247473705918746,0.1287174721189591,135.2665454222853,0.959318332203824,16389,117.1127564907074,0.0554502243010857,10,25,128,128,0.001,46
nslkdd,LeakyParallel,rate,0.7732877927608233,0.5174957804954834,0.5397905263788596,0.7459699195677977,0.8053252551616712,0.5174957804954834,0.9080330952999712,0.6654139980218586,0.6426175847486311,0.6823034364528949,0.041705282669138,0.8011887863733144,0.796217150131854,0.5707172995780591,0.4539532501514861,0.4753322347096073,0.5819756650855846,0.1858736059479553,458.3982434350604,0.8621358666360721,16517,68.50341486930847,0.0256486316366852,10,25,128,128,0.001,46
nslkdd,LeakyParallel,latency,0.7606014904187367,0.5422391638070446,0.5800519549226679,0.7388669247395502,0.8367117120168281,0.5422391638070446,0.893813666185608,0.6480212057371135,0.6238323964906642,0.653627366944596,0.067861188343116,0.7735982966643009,0.76672760511883,0.5447257383966245,0.4763103345088592,0.4477188169107566,0.5417611878737885,0.3057620817843866,363.6290365507452,0.8906378837441368,16517,68.83273243904114,0.0264890719339981,10,25,128,128,0.001,46
nslkdd,LeakyParallel,delta,0.7695617459190915,0.5013964655516665,0.5114688182074197,0.7282271837831913,0.8656028899103629,0.5013964655516665,0.9242899635734136,0.6609467503341274,0.6337639522600211,0.6798877892932284,0.0294511378848728,0.8050922640170334,0.7988463651345906,0.5740084388185654,0.4298247390843073,0.4871308583207953,0.5765106207465457,0.1259293680297397,156.8417317246274,0.9528295543685332,16517,75.37269759178162,0.0310748223297303,10,25,128,128,0.001,46
nslkdd,RLeaky,rate,0.741305890702626,0.4934562900286772,0.5087500794426416,0.7093130499661634,0.701394558833224,0.4934562900286772,0.905364107522505,0.619033786237155,0.5901541208020785,0.626665627678641,0.0584903717433837,0.7622870830376153,0.7500816117147787,0.5080168776371308,0.4144580516339364,0.4059196605445342,0.5074242111775624,0.2690520446096654,225.7655695528744,0.9321005805856016,32901,127.515878200531,0.0529845421664506,10,25,128,128,0.001,46
nslkdd,RLeaky,latency,0.7181955287437899,0.4755174702916263,0.4646754244653225,0.6708775697649162,0.6710506844953449,0.4755174702916263,0.905801467926847,0.5870043333928099,0.5497424157297057,0.5782747603833865,0.0604469158686026,0.7338981547196594,0.7121539273547334,0.4749367088607595,0.3561317367576803,0.3800642790703561,0.4420499071973602,0.2727695167286245,1054.285530518098,0.6829216449569631,32901,130.61645030975342,0.0566861957755809,10,25,128,128,0.001,46
nslkdd,RLeaky,delta,0.7467618878637331,0.4679863073499885,0.4716966177130104,0.7000405055946012,0.669663670906343,0.4679863073499885,0.9311015914678608,0.6246741480345421,0.594196065568579,0.6531598223330476,0.0309957779837297,0.7892122072391767,0.7791411042944785,0.5231223628691983,0.3774633949660021,0.4207906263650518,0.5410393895648588,0.1338289962825278,1377.383383605394,0.5857493583141673,32901,136.38074374198914,0.0580705020172194,10,25,128,128,0.001,46
nslkdd,RSynaptic,rate,0.7455198722498225,0.521112227265913,0.5458072490380669,0.7184358045466884,0.7070319246353839,0.521112227265913,0.8949284314200808,0.6241435488813761,0.6001949878584527,0.6463025013636717,0.0708474925342395,0.7681422995031938,0.7603942241576895,0.5200843881856541,0.4406436385330526,0.4139505418888488,0.5337182924314292,0.3141263940520446,297.9276082327892,0.9103977118096874,32901,138.58805584907532,0.0569631522052079,10,25,128,128,0.001,46
nslkdd,RSynaptic,latency,0.7455198722498225,0.5253769481839263,0.5257441928546739,0.6977104839591923,0.6771831482747908,0.5253769481839263,0.8801744941118866,0.6316948065822466,0.5966861229950375,0.6191849138938674,0.0437648028009473,0.7643718949609652,0.7494812299566119,0.5287763713080169,0.4313145149122619,0.4524733014949634,0.4963910084553516,0.1970260223048327,468.59643364088,0.8590687417621413,32901,138.89495587348938,0.0579902536061911,10,25,128,128,0.001,46
nslkdd,RSynaptic,delta,0.7748403122782115,0.5525513801338617,0.581711676451007,0.7305797398241018,0.8212310730420954,0.5525513801338617,0.9125874821334972,0.6699471565798587,0.6411704846698418,0.6761474324008416,0.0295541138914632,0.8029187366926899,0.7961646098086894,0.579324894514768,0.4998028578535002,0.4970987981979338,0.5718704887605692,0.1263940520446096,718.9403388928318,0.7837773416863664,32901,147.34717869758606,0.0628820224549433,10,25,128,128,0.001,46
nslkdd,SConv2dLSTM,rate,0.7466731724627396,0.5237229347218457,0.5536323983018687,0.7037052524351071,0.8056936768088878,0.5237229347218457,0.891312122520838,0.6322343337501316,0.5935637594879608,0.6042234863243201,0.031716610029863,0.7610450674237047,0.7421871261067241,0.5165400843881857,0.452293705216952,0.4378052765978752,0.4757681996287894,0.1468401486988847,764.7879258339248,0.9735596222702186,8389,176.0830078125,0.0688957355816031,10,25,128,128,0.001,46
nslkdd,SConv2dLSTM,latency,0.7581618168914124,0.5417141323378868,0.5628378029689431,0.7159338259716073,0.836344477252927,0.5417141323378868,0.9092635549551924,0.6490710433216694,0.6149328144244124,0.6254188420478454,0.0431469467614045,0.7681866572036906,0.7543942099821411,0.54,0.465629998975171,0.4623214536639007,0.504330789853578,0.1942379182156133,774.1249556422995,0.9732368208939568,8389,175.0166323184967,0.0673982587750707,10,25,128,128,0.001,46
nslkdd,SConv2dLSTM,delta,0.7501330731014905,0.5043713855866152,0.5307565351543729,0.7030324667644434,0.8360018284858569,0.5043713855866152,0.9129537987046454,0.6284253789295249,0.6003665351571271,0.6730304683238526,0.0296570898980537,0.8011000709723208,0.7939148818825259,0.5309704641350211,0.4390242694856788,0.4245011774644208,0.5673334708187255,0.1273234200743494,1962.692468062456,0.932145463506916,8389,181.30293703079224,0.073307462835075,10,25,128,128,0.001,46
nslkdd,SLSTM,rate,0.7658800567778566,0.5297283886405231,0.5568650434861636,0.7340243274457693,0.7879491372890552,0.5297283886405231,0.8753221674472906,0.6602246626657687,0.6283532215524126,0.6388997116808228,0.0350118422407579,0.7793647977288858,0.7672655811341943,0.5548523206751055,0.4612392497991212,0.4781135646644801,0.5230975458857496,0.1575278810408922,297.5235982966643,0.910519218557394,129669,131.89201474189758,0.0539826026954407,10,25,128,128,0.001,46
nslkdd,SLSTM,latency,0.7491572036905607,0.5211087368458602,0.5507246626269277,0.7123715737243955,0.8148257983478964,0.5211087368458602,0.8736283512937599,0.6366386977382527,0.5989904875243783,0.6064832852801372,0.0338791061682627,0.7613999290276792,0.7431845309142994,0.5272573839662448,0.4551566513461765,0.4534574596958541,0.4794803052175706,0.1528810408921933,369.1673616039744,0.8889722220739926,129669,132.3682951927185,0.0543917976769257,10,25,128,128,0.001,46
nslkdd,SLSTM,delta,0.7462295954577715,0.5475369270113082,0.5750469126611598,0.7017744026066235,0.820081782162767,0.5475369270113082,0.9335782111067662,0.627628821158002,0.594256151390596,0.6336787968518662,0.0299660179178251,0.7785663591199432,0.7651486639066616,0.5262447257383966,0.482315956180256,0.4381623308051455,0.5153639925757888,0.1287174721189591,129.2584279630944,0.9611252848231296,129669,137.26722884178162,0.0617187166146304,10,25,128,128,0.001,46
nslkdd,Synaptic,rate,0.7424591909155429,0.470051356599004,0.4603361493075782,0.6929787266420913,0.6164669869668894,0.470051356599004,0.8305918203867254,0.6219520159521235,0.5881774285810509,0.61560040520533,0.0528266913809082,0.7584279630943932,0.7436693965922997,0.5081012658227848,0.3589659409434514,0.4110972534576473,0.4939162713961642,0.2481412639405204,766.7158445706175,0.7694087685501902,16389,129.55535888671875,0.0540539463671324,10,25,128,128,0.001,46
nslkdd,Synaptic,latency,0.7469836763662172,0.5302976964798577,0.5704469993104841,0.7128303632961611,0.8537074225904128,0.5302976964798577,0.9154216295077438,0.6355716785019304,0.5944224710184979,0.5931582638510091,0.0267737617135207,0.756875443577005,0.7352813330113498,0.52042194092827,0.4710701556915244,0.4532711750807629,0.4617446896267271,0.120817843866171,120.84776437189495,0.9636548077077008,16389,129.2222032546997,0.0559390331516035,10,25,128,128,0.001,46
nslkdd,Synaptic,delta,0.7440117104329311,0.5108305505380398,0.5400482303487054,0.6996301682083167,0.8416050009824915,0.5108305505380398,0.915040221336847,0.6234898003227959,0.5901748336289476,0.6341463414634146,0.0277005457728349,0.7798083747338538,0.7662900188323918,0.5267510548523207,0.4516527775959359,0.4374581522148626,0.5163951330171169,0.1189591078066914,42.5986515259049,0.9871883754809307,16389,135.53726196289062,0.0598192045754621,10,25,128,128,0.001,46
kddcup99,Alpha,rate,0.9239781499474324,0.550272760415093,0.5432311691245543,0.9069599672389296,0.6867145372579472,0.550272760415093,0.964599134788634,0.8246308948960342,0.8170490209413717,0.9104481783769108,0.0120475962569933,0.9255471354761132,0.9516731882923776,,,,,,289.7174250632578,0.9128669398305992,16005,965.3578507900238,0.1082661811661297,10,25,128,128,0.001,42
kddcup99,Alpha,latency,0.9241453369299968,0.5625322407996247,0.5558066720273058,0.9066495397243752,0.7231908456159758,0.5625322407996247,0.9410768745215776,0.8246437962331751,0.8171055534903885,0.9105599833889696,0.0147541795256877,0.9251098772140218,0.9514088370705532,,,,,,125.67151616087246,0.9622040552899632,16005,1010.7760243415833,0.1731856218861981,10,25,128,128,0.001,42
kddcup99,Alpha,delta,0.9213546003748848,0.5378667912691333,0.5241621521807305,0.9012366451519584,0.6935134311499473,0.5378667912691333,0.9667683491658364,0.8187035918882146,0.8104843674489499,0.9079645098947436,0.0073770897628438,0.9244572049551648,0.9508729378802768,,,,,,120.49141076877076,0.963761981723678,16005,1142.131266593933,0.1797892636164217,10,25,128,128,0.001,42
kddcup99,Lapicque,rate,0.924421838478084,0.6052020214150302,0.6155828581123657,0.9079982118201472,0.7929706918920758,0.6052020214150302,0.97566477578956,0.8256899526486857,0.818352250158068,0.9117259499432988,0.0139124981433498,0.9262126682720904,0.9521484212106556,,,,,,480.21776104479005,0.855573605700815,16005,627.5255088806152,0.0596141116400621,10,25,128,128,0.001,42
kddcup99,Lapicque,latency,0.9242803725697604,0.6021775060600476,0.6251808467646901,0.9062547390762546,0.8937487636403019,0.6021775060600476,0.9749134682092248,0.8253826807724463,0.8175064627171951,0.9093421073647558,0.010265212153219,0.9250037777827792,0.951281355082604,,,,,,265.42107327612536,0.9201741133004134,16005,543.019647359848,0.0595563415356814,10,25,128,128,0.001,42
kddcup99,Lapicque,delta,0.9211391863781192,0.6162150554824081,0.6271233124179035,0.9026485663916544,0.860267696245771,0.6162150554824081,0.9753950849377756,0.8186376850291865,0.810633082285543,0.909018671437014,0.0076081395540739,0.9252609885251858,0.9514238906024056,,,,,,176.15663491185708,0.9470205609287649,16005,567.030287027359,0.0652151633425206,10,25,128,128,0.001,42
kddcup99,Leaky,rate,0.9246790492204908,0.613839710191255,0.6236273309370752,0.908691364725898,0.7672694878549887,0.613839710191255,0.9703428153871833,0.826640015467728,0.8192691537596075,0.9119495599674168,0.0101001765880547,0.9271354118104744,0.9527295784812476,,,,,,188.75790360384403,0.9432307056830544,16005,431.5413980484009,0.0449904257828308,10,25,128,128,0.001,42
kddcup99,Leaky,latency,0.923573043028142,0.6129784581596218,0.6356656814536858,0.9063237345788816,0.8370655915275019,0.6129784581596218,0.9859711836942242,0.8231643050362636,0.8156581933194198,0.910296443003402,0.0148366973082699,0.924881602680136,0.9512545221632944,,,,,,210.0746747087892,0.9368196467041237,16005,433.6948056221008,0.0453791988697046,10,25,128,128,0.001,42
kddcup99,Leaky,delta,0.9210009356040756,0.6058801485302266,0.614135353787776,0.9022499878214336,0.8331622815692279,0.6058801485302266,0.9672812001069796,0.8179761460687576,0.8101183780552678,0.9101487006660384,0.0074100968758767,0.9262094531378104,0.952067482702232,,,,,,100.01992740226795,0.9699188188263856,16005,455.6807200908661,0.0507333915358229,10,25,128,128,0.001,42
kddcup99,LeakyParallel,rate,0.9262255288092108,0.581963576939626,0.5923365097844242,0.9093756414927358,0.7734188625390483,0.581963576939626,0.9713572023948454,0.830061448804121,0.8225606564480725,0.9123967800156528,0.0063373657023088,0.9282285574657024,0.953427481186772,,,,,,345.91971166675773,0.8959639964912007,16133,264.1611933708191,0.0262835087195493,10,25,128,128,0.001,42
kddcup99,LeakyParallel,latency,0.9254603268505508,0.6099611475604939,0.6247557174791901,0.9091978313439112,0.7903767037256467,0.6099611475604939,0.9732411257390832,0.8283991470878288,0.8209023869419337,0.911929594786692,0.0072450613107124,0.9276755543695282,0.9530625658574244,,,,,,255.81668911902105,0.9230626498890162,16133,266.8745698928833,0.026070692068639,10,25,128,128,0.001,42
kddcup99,LeakyParallel,delta,0.9238109629648682,0.6207249492666194,0.6237271361938702,0.9072221307443178,0.7834489714056234,0.6207249492666194,0.942460414598948,0.8239622467069009,0.8167613819103272,0.91431743040138,0.0075916359975574,0.9295306868491362,0.9543255104464922,,,,,,126.39141687752588,0.9619875437962327,16133,291.7426147460937,0.0317593847080708,10,25,128,128,0.001,42
kddcup99,RLeaky,rate,0.9255342749389928,0.5942173186579728,0.5875725261096031,0.908552677074793,0.7164450113836559,0.5942173186579728,0.9567674203816628,0.8285499290901259,0.8209305867741867,0.911697998690284,0.0061888336936609,0.9276948451752088,0.9530631369577968,,,,,,168.01881175067277,0.949468026541151,32517,499.6036946773529,0.0519523940899779,10,25,128,128,0.001,42
kddcup99,RLeaky,latency,0.9228657134865238,0.5576323664647898,0.5361026015822854,0.9061929682511084,0.6798122105858265,0.5576323664647898,0.9629200193087986,0.8234616865867852,0.8155432036490908,0.9102365474612276,0.0046044922680837,0.9268267589195864,0.952453773050801,,,,,,710.6093644001041,0.7862828979247807,32517,499.4466850757599,0.051872062952317,10,25,128,128,0.001,42
kddcup99,RLeaky,delta,0.9213578155091648,0.5454865468336216,0.5239448384562515,0.903150262635816,0.6149307302117246,0.5454865468336216,0.9522164037282708,0.8187743039079846,0.8111765280071825,0.9116181379673848,0.0074100968758767,0.9273926225528808,0.9528722607249362,,,,,,1289.9557211706947,0.6120433921291144,32517,524.0825645923615,0.057560409878715,10,25,128,128,0.001,42
kddcup99,RSynaptic,rate,0.9220040574994616,0.5744309598731758,0.5883566235736444,0.9051222719597432,0.8083233957002157,0.5744309598731758,0.9690874701802196,0.8200334089575113,0.8123967131274787,0.9089148524972448,0.0151337613255656,0.9237112938021856,0.9504611902843138,,,,,,273.9460371862431,0.9176102143800772,32517,541.1235954761505,0.0568306479918522,10,25,128,128,0.001,42
kddcup99,RSynaptic,latency,0.9204575779107416,0.5855780910119401,0.5772674551162448,0.9006716394754787,0.6351817482139189,0.5855780910119401,0.9704809741058804,0.8175439301079954,0.8094049720473482,0.9087671101598812,0.0055451949895202,0.9254603268505508,0.9515344092315412,,,,,,750.0390188696231,0.774424355227181,32517,541.5505630970001,0.0583520766285041,10,25,128,128,0.001,42
kddcup99,RSynaptic,delta,0.9216278867886916,0.6195203580288423,0.6196297432065644,0.903321521008942,0.77108763566577,0.6195203580288423,0.937902847447588,0.8192683462616639,0.8117166731420519,0.9122769889313038,0.0073770897628438,0.9279295499776548,0.953236674663607,,,,,,1292.7957907462005,0.6111892358658044,32517,573.5365474224091,0.0623934811567569,10,25,128,128,0.001,42
kddcup99,SConv2dLSTM,rate,0.9220554996479428,0.5893066479289231,0.6045718615264,0.9040935939830655,0.8545980893780705,0.5893066479289231,0.9713960250530962,0.8196517461506456,0.8120769496259064,0.9100289095816896,0.0151667684385985,0.9246018859977688,0.9510682115515828,,,,,,1129.9641448225086,0.95354720884594,7469,679.6090960502625,0.0666197126114978,10,25,128,128,0.001,42
kddcup99,SConv2dLSTM,latency,0.9249394750971774,0.6150543795669334,0.6318619653291726,0.908882836194798,0.8274384412446423,0.6150543795669334,0.9737085056209348,0.8276152938981943,0.8198560288698196,0.9106797744733184,0.0050335847375109,0.9271000453333932,0.9526449015054052,,,,,,1027.5792160859598,0.9577562501095186,7469,682.8327233791351,0.065819260457984,10,25,128,128,0.001,42
kddcup99,SConv2dLSTM,delta,0.9240746039758352,0.607180093845222,0.6186057466335948,0.9080237212899992,0.7814359951039805,0.607180093845222,0.9697841411273604,0.8245376908775068,0.8174977430954593,0.9150481560159084,0.0073605862063274,0.9301640683023128,0.9547519701360088,,,,,,526.5686190033726,0.978352780308186,7469,708.12384724617,0.0721229620200532,10,25,128,128,0.001,42
kddcup99,SLSTM,rate,0.9239845802159928,0.5882649129092768,0.5967553374056924,0.9075382611216974,0.7853798644135892,0.5882649129092768,0.9658823327391246,0.8250304455376584,0.817472785490464,0.9106039067865642,0.0117175251266647,0.925736828398638,0.9517982278576108,,,,,,179.67789177214988,0.9459615363091278,128133,508.3155801296234,0.0567553178116906,10,25,128,128,0.001,42
kddcup99,SLSTM,latency,0.9245665195206878,0.5987771878655952,0.6088345778759128,0.9073210011066,0.7900562452534878,0.5987771878655952,0.9589223912993856,0.8264596686853357,0.8186674285351646,0.9103323803287068,0.0070305150759988,0.926431297403136,0.9522138826585804,,,,,,207.56287034327988,0.9375750765884872,128133,507.4702310562134,0.0552506735045,10,25,128,128,0.001,42
kddcup99,SLSTM,delta,0.9228142713380424,0.6202731886538648,0.6231282044779519,0.9042976871105666,0.788496324810794,0.6202731886538648,0.9712391843643312,0.821781608313744,0.8142553495278685,0.9126443482566404,0.0075916359975574,0.9281835455857814,0.9534116861853564,,,,,,88.83668403910889,0.9732822002889898,128133,544.4523584842682,0.060210744880116,10,25,128,128,0.001,42
kddcup99,Synaptic,rate,0.9246276070720094,0.5592218696798004,0.5583874562089276,0.9078656105036488,0.7711836532191351,0.5592218696798004,0.9695083517523008,0.8255201808163175,0.8183630789017602,0.9129518120398026,0.0149687257604013,0.9269939459021506,0.9526916802610116,,,,,,937.3136685003648,0.7181011523307173,16005,502.8890898227692,0.0546361950329034,10,25,128,128,0.001,42
kddcup99,Synaptic,latency,0.9234508679254988,0.6296362334149751,0.6334283417812785,0.9076899161454248,0.7958662848173125,0.6296362334149751,0.9768345904829074,0.823764785357909,0.8164818187892526,0.911390534907122,0.0168501312032743,0.9253703030907086,0.9516116255508628,,,,,,107.90426616167623,0.967547589124308,16005,507.77959728240967,0.0552753962024259,10,25,128,128,0.001,42
kddcup99,Synaptic,delta,0.9212935128235632,0.5519508954303338,0.5291245948112042,0.9017140791079388,0.8179258355480623,0.5519508954303338,0.9384347974555448,0.8184612299984453,0.8107147474706025,0.9116021658228052,0.0075586288845246,0.9273508258072398,0.952845623466168,,,,,,60.8593475206492,0.981696436835895,16005,534.4329614639282,0.0612650446857765,10,25,128,128,0.001,42
kddcup99,Alpha,rate,0.9229621675149262,0.547982359011544,0.5442953608325031,0.9052859021433668,0.7039449144092951,0.547982359011544,0.963644111625562,0.8220077537335179,0.814297779445728,0.9093061700394512,0.0133843843348241,0.9243671811953226,0.950886276802305,,,,,,334.60397905018505,0.8993672243458091,16005,1083.2885026931765,0.1239095518324246,10,25,128,128,0.001,43
kddcup99,Alpha,latency,0.9218079343083764,0.5480015085552081,0.5371283355460486,0.9021323188614,0.693074680278636,0.5480015085552081,0.9519444456916472,0.8193675606281605,0.8113504818479069,0.9076251018224216,0.0146056475170399,0.9227756897266814,0.9498164526151064,,,,,,134.7470107289031,0.9594745832394276,16005,1090.688329219818,0.1245099741179904,10,25,128,128,0.001,43
kddcup99,Alpha,delta,0.9219622607538204,0.5409898513653773,0.5288446661767934,0.9030513991775848,0.6901239770144939,0.5409898513653773,0.9661671187009364,0.8200037415645571,0.8120610037127902,0.9093021770033064,0.0083342960407967,0.925347797150748,0.9514919682532388,,,,,,120.7440688810368,0.9636859943214928,16005,1120.6935708522797,0.1275022239090585,10,25,128,128,0.001,43
kddcup99,Lapicque,rate,0.9244732806265654,0.6111807249542087,0.627833715675717,0.9073346234871802,0.8193150637253692,0.6111807249542087,0.9722427481314334,0.8251268880234792,0.8178320257154088,0.9118617131722276,0.0157113858036406,0.9259715332010842,0.9520063532957724,,,,,,440.8084422995926,0.8674260323910999,16005,611.4349873065948,0.0737165618936026,10,25,128,128,0.001,43
kddcup99,Lapicque,latency,0.923566612759582,0.5760570540550423,0.5921109397570052,0.9060411280394776,0.8894188024516853,0.5760570540550423,0.977394852461778,0.8233421343682433,0.8156608455258336,0.9094898497021195,0.0141930586041291,0.9243575357924824,0.9508897539999792,,,,,,277.9554800356237,0.9164043669065792,16005,624.6011323928833,0.0812180518009373,10,25,128,128,0.001,43
cicids2017,Alpha,rate,0.9882728093798684,0.7696318341592818,0.8064650696101598,0.9879271092168004,0.8956408535082414,0.7696318341592818,0.9981997085734422,0.964583800079647,0.9644416264339248,0.956376199983263,0.0037320600825012,0.9884094048324172,0.9701578061758152,,,,,,297.55779341821875,0.91050893431031,10757,4367.746613025665,0.1230409235663782,10,25,128,128,0.001,42
kddcup99,Lapicque,delta,0.9221841050191462,0.6260808932644155,0.6392558162175169,0.9033067259328524,0.8736335331932951,0.6260808932644155,0.980907481068529,0.8207727193417866,0.8128173199782801,0.9096216198949032,0.0076246431105903,0.9257432586671982,0.9517526634635473,,,,,,197.44027405804604,0.940619466448708,16005,652.0294935703278,0.0817937728519142,10,25,128,128,0.001,43
kddcup99,Leaky,rate,0.9267270897569037,0.6243035470349019,0.6404639382519977,0.9105020390961452,0.7769622700661134,0.6243035470349019,0.9745365434039528,0.830902146559912,0.8236621736477323,0.913894168570014,0.0059577839024309,0.9295081809091756,0.9542913967756932,,,,,,231.43727112262843,0.930394805677405,16005,502.1475818157196,0.0591526636944212,10,25,128,128,0.001,43
kddcup99,Leaky,latency,0.9232804658086544,0.5804977169866452,0.6001301084647608,0.9055841224142512,0.8462765761817412,0.5804977169866452,0.9805126479450892,0.8222265229548169,0.8147315071657146,0.9102844638949672,0.0160084498209364,0.9246436827434098,0.9511070688022296,,,,,,192.7533316828977,0.9420290731780758,16005,505.41309881210327,0.0623214708948862,10,25,128,128,0.001,43
kddcup99,Leaky,delta,0.9225763514013164,0.6061312095467549,0.6044109330028311,0.9027834797923032,0.8131549982583438,0.6061312095467549,0.9668836386868916,0.8210900358649829,0.8134007260168259,0.91214521873852,0.0076411466671067,0.9277720083979308,0.9531327907738462,,,,,,106.10722794337504,0.9680880517463534,16005,537.6202127933502,0.0630789549810077,10,25,128,128,0.001,43
kddcup99,LeakyParallel,rate,0.9260776326323268,0.6249144302423143,0.6124987981217225,0.9094407958082316,0.7197410717216702,0.6249144302423143,0.9691547130816068,0.8296649731224772,0.8221397426550029,0.9123009471481736,0.004538478042018,0.9285018438795096,0.9535919396307057,,,,,,365.0736651566253,0.890203408975451,16133,327.10942482948303,0.0405293164330303,10,25,128,128,0.001,43
kddcup99,LeakyParallel,latency,0.926122644512248,0.5933506806601716,0.6090351493618936,0.908443173674382,0.7977645208656402,0.5933506806601716,0.9790878739795008,0.8297362766924075,0.8219359843288163,0.9111269945215544,0.0045054709289851,0.9275630246697252,0.9529535089624296,,,,,,191.53496619286304,0.9423954988893644,16133,329.8980362415314,0.0406243645208797,10,25,128,128,0.001,43
kddcup99,LeakyParallel,delta,0.9226535146240382,0.6131797815507024,0.6154534314859029,0.9029575037037638,0.7451491038489987,0.6131797815507024,0.9579101773654632,0.8210278845148097,0.8134999834127845,0.9129837563289624,0.0076246431105903,0.9284504017310284,0.9535932201976052,,,,,,115.09571776265236,0.965384746537548,16133,360.3884370326996,0.0442265072949238,10,25,128,128,0.001,43
kddcup99,RLeaky,rate,0.9228207016066026,0.6296723622545224,0.6343917434422591,0.906387918002758,0.7756202048642628,0.6296723622545224,0.9511537792516888,0.8216416195669056,0.8143213111768538,0.9108275168106822,0.0164870529599128,0.9249877021113788,0.9513470228698812,,,,,,204.17589678132907,0.9385937152537356,32517,569.1292469501495,0.0654122404685483,10,25,128,128,0.001,43
cicids2017,Alpha,latency,0.9958891834064786,0.941937369963192,0.964793919189243,0.9958690554953038,0.9917071093982264,0.941937369963192,0.9995119229671744,0.9876510718080288,0.9876360482610476,0.9852714383062154,0.001376976195469,0.9959928075428952,0.9897827137808765,,,,,,154.6347107885679,0.9534933200635886,10757,4368.961327314377,0.1309094902072704,10,25,128,128,0.001,42
kddcup99,RLeaky,latency,0.9231422150346108,0.565600855761183,0.5458033498760473,0.9075993858730564,0.6896018190229327,0.565600855761183,0.9649784181624048,0.8243537418355745,0.8164913995889767,0.9103922758708812,0.0045879887115673,0.9269553642907896,0.9525411053479256,,,,,,510.5951695822576,0.8464375429827797,32517,586.6365976333618,0.0663919881400101,10,25,128,128,0.001,43
kddcup99,RLeaky,delta,0.9223062801217892,0.6358746580664807,0.6357671719819702,0.9034729839653056,0.8266936644313553,0.6358746580664807,0.9726707356480572,0.8208792239978497,0.8131709662216295,0.9116261240396748,0.0075256217714917,0.9273765468814804,0.9528627117087788,,,,,,774.1991389870398,0.7671581536881084,32517,619.404426574707,0.0701578348508348,10,25,128,128,0.001,43
kddcup99,RSynaptic,rate,0.9229911037234472,0.6008521386013411,0.6193724359586325,0.9036449046575952,0.7613182147660726,0.6008521386013411,0.9727948569963848,0.8229038735953701,0.8146804845025917,0.908040377581498,0.004885052728863,0.9250037777827792,0.951214921215214,,,,,,351.875439267721,0.8941728002202343,32517,630.7560698986053,0.0740187273498656,10,25,128,128,0.001,43
kddcup99,RSynaptic,latency,0.9223705828073908,0.6238906538562038,0.6256038075628072,0.904267669835554,0.7350067308825162,0.6238906538562038,0.9579044617231502,0.8217944455312534,0.8139220521627584,0.9101846379913432,0.0049675705114452,0.9267142292197834,0.9523815492604664,,,,,,691.648058541165,0.791985546303409,32517,628.0606667995453,0.0710800094206868,10,25,128,128,0.001,43
kddcup99,RSynaptic,delta,0.9223834433445112,0.5993911486424487,0.6059153369299624,0.9035593174218536,0.8564505399534099,0.5993911486424487,0.9495802058750256,0.820939176469849,0.8132558073628006,0.9117778594131836,0.0075256217714917,0.9274987219841236,0.9529457425808686,,,,,,1128.326950220076,0.6606535488059921,32517,653.3537273406982,0.0749674290710392,10,25,128,128,0.001,43
kddcup99,SConv2dLSTM,rate,0.9216085959830111,0.5950775246478369,0.6022548227248802,0.9022044671864892,0.7196840953691019,0.5950775246478369,0.9779986601579308,0.819485579670491,0.8113586711659,0.9075252759187976,0.009918637466374,0.9236084095052228,0.9503255183833216,,,,,,533.4020171752474,0.978071859520031,7469,812.5433125495911,0.0795508940056167,10,25,128,128,0.001,43
kddcup99,SConv2dLSTM,latency,0.9252449128537852,0.6216083814206481,0.6454662176659479,0.9086826555821308,0.8478128931887291,0.6216083814206481,0.975420674209364,0.8281752669586743,0.8203278903526932,0.910104777268444,0.0050500882940273,0.9266338508627812,0.952327828439514,,,,,,986.488877242958,0.9594454726724376,7469,814.6113379001617,0.079341997479883,10,25,128,128,0.001,43
cicids2017,Alpha,delta,0.9387016131216418,0.5771974427272522,0.6211718265317984,0.932920847034808,0.7278379576266578,0.5771974427272522,0.9844342719961154,0.8075377378671854,0.7970696131518942,0.726087008500006,0.0090757248921808,0.9387522476428452,0.8236566503815863,,,,,,156.91381768981762,0.9528078743790024,10757,4515.921687364578,0.1528772415798689,10,25,128,128,0.001,42
kddcup99,SConv2dLSTM,delta,0.9211231107067188,0.6308614825642724,0.6346135104772339,0.9026976682081445,0.7999444825188916,0.6308614825642724,0.9654259597483762,0.8185324909071586,0.8105793483385846,0.9090386366177386,0.0083177924842803,0.9251388134225426,0.9513493635550652,,,,,,724.2586189712214,0.9702257505047802,7469,785.4929749965668,0.0873996637702975,10,25,128,128,0.001,43
kddcup99,SLSTM,rate,0.9255439203418332,0.6279182363984821,0.6441525217993928,0.9088064657730264,0.816365172693005,0.6279182363984821,0.9767561527030264,0.8278229191052316,0.8204929450673885,0.912249037678289,0.0123941709438383,0.9269296432165488,0.9526172372599016,,,,,,261.9129856058438,0.9212291772614004,128133,571.5050275325775,0.0670832923264221,10,25,128,128,0.001,43
kddcup99,SLSTM,latency,0.9261612261236092,0.5998497317698555,0.6199310324645232,0.9096955515821348,0.8324193727108575,0.5998497317698555,0.9772365143437416,0.8296749445967981,0.8222044598659592,0.9123089332204636,0.0077236644496889,0.9278877532320138,0.9532123851900064,,,,,,163.5378115867009,0.9508156957633982,128133,581.4689149856567,0.0696880752279768,10,25,128,128,0.001,43
kddcup99,SLSTM,delta,0.9239267077989513,0.5423257815506384,0.5265421860816878,0.9036136807208694,0.7106890926748239,0.5423257815506384,0.9867124028944608,0.8234359470746851,0.8158832022089235,0.913462920666358,0.007690657336656,0.928823357307518,0.953847051906952,,,,,,115.53063540698776,0.9652539442385,128133,602.105208158493,0.0729737150367039,10,25,128,128,0.001,43
cicids2017,Lapicque,rate,0.991052997858042,0.8594941711389307,0.8810131935868002,0.9909717791617084,0.9158486593974574,0.8594941711389307,0.9993325837657356,0.9731351778111458,0.9731287117251112,0.9746852845888078,0.0048010863301018,0.9911577995414632,0.9774928288178114,,,,,,375.0792595113416,0.887194207665762,10757,2445.6701641082764,0.0708775335350365,10,25,128,128,0.001,42
kddcup99,Synaptic,rate,0.9228110562037624,0.5361784172874506,0.530685169708583,0.9034522834292708,0.6998906224895093,0.5361784172874506,0.9635549956114948,0.8212990279942963,0.8134392690373788,0.9089907201839992,0.013301866552242,0.9241292612585964,0.950723136612889,,,,,,897.0593417334075,0.7302077167719075,16005,577.3559246063232,0.0686385970076429,10,25,128,128,0.001,43
kddcup99,Synaptic,latency,0.9231647209745716,0.6075923572293308,0.6195357940735605,0.9046750011229924,0.798811284943396,0.6075923572293308,0.9777553138683752,0.8220920105744426,0.8145528270394548,0.9105559903528246,0.0153483075602792,0.9249909172456589,0.9513352051096992,,,,,,184.31813753701425,0.9445659736730784,16005,572.7940971851349,0.0710175380789758,10,25,128,128,0.001,43
kddcup99,Synaptic,delta,0.9222612682418682,0.6215824602395016,0.6209957839147353,0.903333813387589,0.8323524902927224,0.6215824602395016,0.9385330550312924,0.820606138849065,0.8130249793311142,0.9127082368349598,0.0076576502236231,0.9282221271971424,0.9534386568642788,,,,,,499.9069090020545,0.8496520574429911,16005,604.0848677158356,0.0768916110923687,10,25,128,128,0.001,43
cicids2017,Lapicque,latency,0.9973069500001768,0.9629583671406052,0.975611142329864,0.9973025740970428,0.9899612850803696,0.9629583671406052,0.9998060533120886,0.9919347568710238,0.9919343930220522,0.9939985893098378,0.0017714454144053,0.9973952660255316,0.9933929126143992,,,,,,375.23576963883454,0.8871471369507264,10757,2401.8736560344696,0.078641434390786,10,25,128,128,0.001,42
kddcup99,Alpha,rate,0.9235569673567416,0.5441981327803023,0.5390974415197237,0.906301012912068,0.6885547649342454,0.5441981327803023,0.9615900783373164,0.8235618854690118,0.8159133212488674,0.9099290836780656,0.0120971069265426,0.925119522616862,0.9513827424391712,,,,,,289.2069614087432,0.9130204627342126,16005,1041.0710916519165,0.1273285648166918,10,25,128,128,0.001,44
kddcup99,Alpha,latency,0.9238398991733888,0.5531648828078259,0.5484622536050523,0.9061893888507104,0.7041468693221912,0.5531648828078259,0.9587300660921336,0.8246644700098913,0.8167389301932534,0.909010685364724,0.0086478636146089,0.9250520047969804,0.951294271524355,,,,,,117.68730247018767,0.9646053225653572,16005,1032.2372508049011,0.1276429804724946,10,25,128,128,0.001,44
kddcup99,Alpha,delta,0.9222451925704676,0.5343953765880667,0.5311861234728849,0.904035076292988,0.7007848200244535,0.5343953765880667,0.965431493508306,0.8203435092260178,0.8125015119770662,0.9097134597262374,0.007690657336656,0.9258043462185198,0.9517950731836724,,,,,,114.43022676342078,0.96558489420649,16005,1059.2360270023346,0.129026676576571,10,25,128,128,0.001,44
cicids2017,Lapicque,delta,0.9405821556881996,0.5743934065634873,0.6193219816932939,0.9347467664437984,0.7386238148866251,0.5743934065634873,0.9872779481556327,0.8139144749878737,0.8027550805483373,0.72769495618492,0.0071840323552745,0.9405880434232232,0.8283480532912374,,,,,,317.14931060510605,0.9046167486901936,10757,2536.5376374721527,0.0821297611273662,10,25,128,128,0.001,42
kddcup99,Lapicque,rate,0.9254056695677896,0.5992691149867322,0.6109604714493503,0.9091769035977572,0.7800961261435813,0.5992691149867322,0.9668217713700474,0.8276355868977721,0.8204028433187204,0.91268427861809,0.0127077385176505,0.9272190053017564,0.9528174665207648,,,,,,465.4031714084539,0.8600291213809161,16005,588.9218504428864,0.074625944314658,10,25,128,128,0.001,44
kddcup99,Lapicque,latency,0.9255149841333123,0.598059798113121,0.6216290830771566,0.9085831412792456,0.8944364701535127,0.598059798113121,0.9743229511952876,0.8283316130014988,0.8206111515653264,0.9105679694612596,0.0085983529450596,0.9263155525690532,0.9521540889694275,,,,,,251.5449106031913,0.9243473953073108,16005,587.2318716049194,0.0743806329382183,10,25,128,128,0.001,44
kddcup99,Lapicque,delta,0.9208787605014324,0.5887329073041523,0.5993445969970927,0.9022149590358276,0.8652590294446607,0.5887329073041523,0.975544290522292,0.8179096831112904,0.8098769550831054,0.9087671101598812,0.007459607545426,0.9250873712740612,0.951303722652756,,,,,,148.5208967652534,0.955332061123232,16005,626.890020608902,0.0801714987268048,10,25,128,128,0.001,44
cicids2017,Leaky,rate,0.992387158614404,0.8807476269486951,0.8927744019300023,0.992353422890776,0.9093398490487848,0.8807476269486951,0.999552212685584,0.9772087026657098,0.9772078749305358,0.9819957679295132,0.0049198670242796,0.9925025582208676,0.9809901143817682,,,,,,221.53433197169647,0.9333731332415952,10757,1947.146460533142,0.0569449239726637,10,25,128,128,0.001,42
kddcup99,Leaky,rate,0.9287847756961568,0.6205324540912361,0.6222621360940346,0.914592935641585,0.7612348424457351,0.6205324540912361,0.9752678729061008,0.8357994795438582,0.8287317437796944,0.9151360028110974,0.0052151238591916,0.9306527687128852,0.9550584975048704,,,,,,185.65639538435323,0.9441634901099688,16005,466.62545442581177,0.0563691509871556,10,25,128,128,0.001,44
kddcup99,Leaky,latency,0.9248237302630944,0.62726184122138,0.6435716181197453,0.9077282240037076,0.8231932331978911,0.62726184122138,0.9800303934095927,0.8258150197809262,0.8185724152212621,0.9121811560638248,0.0161239747165514,0.9261483655864888,0.952131472775166,,,,,,204.9240392374988,0.9383687100037598,16005,470.3904867172241,0.0603055484392342,10,25,128,128,0.001,44
kddcup99,Leaky,delta,0.9215957354458908,0.58864913325986,0.5824844349247214,0.9041745133840108,0.7452664490186703,0.58864913325986,0.938834421720606,0.8194295776900047,0.8117780501888202,0.9109872382564806,0.0084333173798953,0.9266852930112626,0.9524036143446653,,,,,,110.17243086657514,0.966865434325842,16005,499.0237994194031,0.0652980271539366,10,25,128,128,0.001,44
kddcup99,LeakyParallel,rate,0.9259715332010842,0.6250392588613017,0.6103281587592371,0.91229021944218,0.7075918788646794,0.6250392588613017,0.9786689928980078,0.828889107618717,0.8222920294385957,0.916046415052149,0.013648441239087,0.9297428857116218,0.9545388350524472,,,,,,392.5211893424729,0.8819485144834668,16133,317.19955706596375,0.038702407021111,10,25,128,128,0.001,44
kddcup99,LeakyParallel,latency,0.9253735182249888,0.661736062393955,0.6203419116997214,0.9097503985487958,0.7359612448524611,0.661736062393955,0.9741690100558714,0.8279531532219211,0.8207888270583089,0.9133830599434586,0.0126747314046176,0.9277880840693312,0.9532032636868992,,,,,,194.1846001498253,0.9415986164962932,16133,321.0994205474853,0.0409250198780818,10,25,128,128,0.001,44
cicids2017,Leaky,latency,0.997772081067046,0.9805082083887764,0.98557026787667,0.997770945079065,0.9908154487199464,0.9805082083887764,0.999880615374172,0.993326854434048,0.993326613733676,0.994901191913637,0.0014546968965977,0.9978274257762684,0.9944880454818404,,,,,,274.97610168353896,0.917300420546304,10757,1898.711946964264,0.0570837866806948,10,25,128,128,0.001,42
kddcup99,LeakyParallel,delta,0.924187133675638,0.6131368006616897,0.5842357524922757,0.9083362239917948,0.6902133258702337,0.6131368006616897,0.9405313363912418,0.8248957936086795,0.8179261159199531,0.9158228050280312,0.0076576502236231,0.9307299319356072,0.9551384160498068,,,,,,96.82329621996662,0.970880211663168,16133,350.0738427639008,0.045770986788866,10,25,128,128,0.001,44
kddcup99,RLeaky,rate,0.9242096396155984,0.6158889714863791,0.6276496270544573,0.9077237103242956,0.8255723684191032,0.6158889714863791,0.9750161288282988,0.8255485604328842,0.8178764794418663,0.910300436039547,0.0101991979271533,0.9257882705471194,0.9518147240442064,,,,,,196.42513077558684,0.9409247726990716,32517,547.125519990921,0.0672876846175964,10,25,128,128,0.001,44
kddcup99,RLeaky,latency,0.9227306778467602,0.5596462960840666,0.5370949055419777,0.9062273483954284,0.6762486887450717,0.5596462960840666,0.9781958643990968,0.8230851956621043,0.8152432033415735,0.9101726588829082,0.0070140115194824,0.9263059071662127,0.9521283372424034,,,,,,901.4184658022242,0.7288967020143686,32517,555.0197036266327,0.066941458763402,10,25,128,128,0.001,44
kddcup99,RLeaky,delta,0.9234219317169782,0.633097171442911,0.5858079161110573,0.905834471250547,0.7140450954066002,0.633097171442911,0.958789563798363,0.823003247514151,0.8157051788249661,0.913993994473638,0.0085158351624775,0.9290902134527648,0.954037624335989,,,,,,1046.4974712968888,0.6852639184069508,32517,591.4610691070557,0.0658123469638567,10,25,128,128,0.001,44
cicids2017,Leaky,delta,0.9409978297808704,0.6096049367465822,0.64702458660925,0.9357736295039952,0.7074536808825208,0.6096049367465822,0.9876230149240708,0.8154588961352651,0.8049105582556421,0.73247695673485,0.0078424586723837,0.9410013624218844,0.8302634654669507,,,,,,112.671062842151,0.966113966062511,10757,2062.5119569301605,0.0627286392148253,10,25,128,128,0.001,42
kddcup99,RSynaptic,rate,0.9250487896627002,0.6182584233320407,0.6308583992144874,0.908820104735001,0.8306388113379084,0.6182584233320407,0.9677568871574614,0.8272142188390746,0.8198390950695683,0.91159817278666,0.0142755763867113,0.9260390510209658,0.9520348291694296,,,,,,265.9276787695038,0.920021750746014,32517,587.977972984314,0.065597156314575,10,25,128,128,0.001,44
kddcup99,RSynaptic,latency,0.9238398991733888,0.6356000793289069,0.6340581411491952,0.9072670302537992,0.7755796473512016,0.6356000793289069,0.9688614899956732,0.8252728215405184,0.8175561327182486,0.9113186602565126,0.004654002937633,0.9276884149066486,0.9530405370136446,,,,,,650.7787183831733,0.804277077177993,32517,593.8380310535431,0.065547493985711,10,25,128,128,0.001,44
cicids2017,LeakyParallel,rate,0.991695938522626,0.8809468925836257,0.8774016220221252,0.991706139481328,0.8743711239735209,0.8809468925836257,0.9994596876845632,0.9751650455962084,0.975162191818454,0.9812784678470238,0.0055988233379134,0.9918160483171088,0.9792706860657252,,,,,,379.2019398909356,0.8859543037921999,10885,1245.9196722507477,0.0402852312339206,10,25,128,128,0.001,42
kddcup99,RSynaptic,delta,0.9235794732967022,0.6418425197528566,0.6457555660242839,0.9059074100465332,0.8216175287548495,0.6418425197528566,0.9705440629961736,0.8232351721017032,0.8160279919484961,0.914636873292977,0.0088624098493225,0.9295403322519764,0.9543466984423924,,,,,,1128.4101032379615,0.6606285403795604,32517,616.3257100582123,0.070975842480843,10,25,128,128,0.001,44
kddcup99,SConv2dLSTM,rate,0.92736047121008,0.607385994924172,0.6355689277528771,0.9130642316920584,0.8244705472459722,0.607385994924172,0.9659007410346092,0.8325558734730946,0.8253998763004812,0.9139540641121884,0.0058092518937831,0.9295853441318976,0.9543420023974566,,,,,,534.8169720508376,0.978013690768722,7469,747.0657227039337,0.0764602969051976,10,25,128,128,0.001,44
cicids2017,LeakyParallel,latency,0.9977697259730364,0.9744499277894416,0.983976469549597,0.9977660121380968,0.9942443774352449,0.9744499277894416,0.9999185593595852,0.9933114400299556,0.9933093555500222,0.9929943691943524,0.0009825069765327,0.9978309584172826,0.9944864495968104,,,,,,369.8938629782754,0.8887537254200676,10885,1399.970187664032,0.0498182890047615,10,25,128,128,0.001,42
kddcup99,SConv2dLSTM,latency,0.9264570184773768,0.6120446966971911,0.627902805402636,0.9111000738868652,0.8641771635848956,0.6120446966971911,0.9881791933823622,0.831034229302401,0.8235637790384456,0.9122170933891294,0.008037232023501,0.9277527175922502,0.9531243807040416,,,,,,1422.1230046072874,0.941536567128169,7469,786.4941008090973,0.0830453973785245,10,25,128,128,0.001,44
kddcup99,SConv2dLSTM,delta,0.9211327561095588,0.5805892405269896,0.5795870126725339,0.903127387838499,0.7031811972207072,0.5805892405269896,0.963435941446134,0.8184839192957565,0.8106668914544597,0.9094898497021195,0.0083012889277639,0.925505338730472,0.9515988870041862,,,,,,417.1212587893733,0.9828521579120504,7469,822.0735063552856,0.0809058445691928,10,25,128,128,0.001,44
cicids2017,LeakyParallel,delta,0.9410084277039128,0.5749969087832485,0.6199590478781966,0.935193407846205,0.7380470062129002,0.5749969087832485,0.987458322489725,0.8153664922601407,0.8041123114605718,0.7284182337680969,0.0068350224143569,0.9410107827979224,0.8295015571022583,,,,,,62.56788264095532,0.9811825916869308,10885,1609.2066547870636,0.0441683111153591,10,25,128,128,0.001,42
kddcup99,SLSTM,rate,0.92696822482791,0.6091447856019677,0.6272935773483145,0.9107117920732696,0.812479671534394,0.6091447856019677,0.9739175630614486,0.8317135867150185,0.824213421859984,0.9126243830759156,0.0053966629808723,0.928595082773632,0.9536653196110298,,,,,,223.9250134231856,0.9326541313012976,128133,575.0098106861115,0.0717820813032964,10,25,128,128,0.001,44
kddcup99,SLSTM,latency,0.9247079854290114,0.6066141515650897,0.6057599047276563,0.9084877677217869,0.7608909097271523,0.6066141515650897,0.9569479269153774,0.8269677946199949,0.8194958538111006,0.9125365362807264,0.0070965293020645,0.9281931909886216,0.9534124047242584,,,,,,287.4110388420372,0.9135605898219435,128133,581.6314809322357,0.0718254487420647,10,25,128,128,0.001,44
kddcup99,SLSTM,delta,0.924036022364474,0.6396476775828652,0.6215331625223989,0.9062099031653486,0.7629854809256996,0.6396476775828652,0.9738001857226312,0.8243078440863978,0.8169493139806978,0.9135268092446772,0.008614856501576,0.9286947519363146,0.9537705997857164,,,,,,54.01719775326416,0.9837542262396198,128133,616.5380482673645,0.0719585091661241,10,25,128,128,0.001,44
kddcup99,Synaptic,rate,0.8943056756765446,0.533886377649361,0.5253236822429116,0.8810303416637035,0.6697560963567332,0.533886377649361,0.949571991176284,0.7691288735877008,0.7552903320605262,0.8721669408551487,0.0054791807634545,0.8960032665764286,0.9310599117628254,,,,,,904.6737217429886,0.7279176776712817,16005,823.3327524662018,0.1416348408826218,10,25,128,128,0.001,44
cicids2017,RLeaky,rate,0.9910447550290088,0.8754526832498734,0.8856924094930847,0.9910110463432038,0.899583079212476,0.8754526832498734,0.9994520391707122,0.9731837108757138,0.9731832004640546,0.9783076500053798,0.0056809433240117,0.9911648648234916,0.9775918144268936,,,,,,351.9321874230915,0.8941557331058372,27269,2513.1215484142303,0.1498193113303144,10,25,128,128,0.001,42
kddcup99,Synaptic,latency,0.9234765889997396,0.6403228077437199,0.6264087379779386,0.9070155452393954,0.7616558085476223,0.6403228077437199,0.970623391074308,0.8232079919629223,0.8157868190039088,0.9104801226660704,0.0156618751340913,0.9248687421430156,0.9512559396915324,,,,,,86.4550508151973,0.9739984809578354,16005,902.2238075733184,0.1635413956967397,10,25,128,128,0.001,44
kddcup99,Synaptic,delta,0.9221744596163058,0.5894457232603624,0.5927130654389747,0.9035465346674132,0.8168206510455697,0.5894457232603624,0.9435161338098774,0.8201775949479807,0.8126632779115641,0.9126363621843504,0.0083507995973132,0.9280292191403374,0.9533158567588254,,,,,,33.33571789125773,0.9899742201830803,16005,910.9193637371064,0.1660831660738742,10,25,128,128,0.001,44
kddcup99,Alpha,rate,0.9238656202476296,0.5470006507214367,0.5402465374816479,0.9066068666913976,0.6846521657421822,0.5470006507214367,0.967724502719694,0.8243865247736366,0.8167415047752162,0.9102485265696624,0.0111729077616226,0.9255567808789534,0.9516690601830204,,,,,,285.49836831935283,0.9141358290768864,16005,1491.6445906162262,0.2410591321871681,10,25,128,128,0.001,45
cicids2017,RLeaky,latency,0.9979239846306563,0.9850957999575864,0.9864774020546122,0.9979242508153776,0.9879049436373708,0.9850957999575864,0.9998922965845518,0.9937859514813272,0.9937851166264576,0.9959592095353093,0.0015177533144946,0.9979852170749026,0.994891729139237,,,,,,356.5658454846371,0.8927621517339437,27269,3779.591724395752,0.1694816407865785,10,25,128,128,0.001,42
kddcup99,Alpha,latency,0.922878574023644,0.5505405631885215,0.5448003395283385,0.9046565091298072,0.7146858231830083,0.5505405631885215,0.960114785781834,0.8217058827302337,0.8139623001597288,0.909110511268348,0.0146221510735563,0.9239685045445925,0.9506300678920075,,,,,,123.50476322143594,0.9628557103093426,16005,1501.1694910526276,0.2457588494533636,10,25,128,128,0.001,45
kddcup99,Alpha,delta,0.920634410296146,0.5333660586436739,0.5194449621815084,0.9003297873436746,0.6820060795662234,0.5333660586436739,0.9650488993048087,0.8170092986661796,0.8087428974926167,0.9074494082320432,0.0078556929018203,0.9239492137389118,0.9505322374887594,,,,,,112.30143812956348,0.966225131389605,16005,1542.00608253479,0.2491474619205453,10,25,128,128,0.001,45
kddcup99,Lapicque,rate,0.9239170623961108,0.6013831025108881,0.6176698418109231,0.907168703608638,0.8105952770646881,0.6013831025108881,0.968330343526276,0.823976388769051,0.8166854478516975,0.9114384513408617,0.0163385209512649,0.9255085538647522,0.9516993514466846,,,,,,438.3004253622652,0.8681803231993187,16005,1025.8334791660309,0.1709900474678959,10,25,128,128,0.001,45
cicids2017,RLeaky,delta,0.938705145762656,0.6047813972142334,0.6437787107927077,0.9326726269762629,0.7090995435665179,0.6047813972142334,0.9874937710977504,0.8081858612948609,0.7952351248836447,0.7148971272131697,0.0063862953474628,0.9387075008566654,0.8212822793024478,,,,,,488.8357310152928,0.8529817350329947,27269,4072.2719910144806,0.1641370232877935,10,25,128,128,0.001,42
kddcup99,Lapicque,latency,0.9251645344967832,0.5966532912162853,0.6141828314045658,0.908157776071844,0.8620129038362452,0.5966532912162853,0.9773998017561696,0.8278432590611321,0.8200182809581844,0.9100528677985592,0.0078391893453039,0.9260486964238062,0.9519632597567776,,,,,,276.65766536239386,0.9167946871090544,16005,1022.2180132865906,0.1726339198423157,10,25,128,128,0.001,45
kddcup99,Lapicque,delta,0.9205990438190652,0.6027539520265247,0.6173832137053561,0.90185178848216,0.864890643114878,0.6027539520265247,0.9727279701989354,0.8172428027450248,0.8091639240474142,0.9083717995815298,0.0075256217714917,0.9247562124432128,0.9510787426758168,,,,,,152.9848117056609,0.953989530314087,16005,1035.8962244987488,0.1736697726764523,10,25,128,128,0.001,45
kddcup99,Leaky,rate,0.9237370148764265,0.5888154420788372,0.5929559107948859,0.906250957904476,0.7646993238551044,0.5888154420788372,0.9724449048413012,0.8240105116600519,0.8165143943085382,0.9108075516299572,0.0145231297344577,0.9253542274193082,0.9515722286536716,,,,,,209.82521565513184,0.936894671983419,16005,872.0142164230347,0.1472908885531658,10,25,128,128,0.001,45
kddcup99,Leaky,latency,0.9241742731385176,0.6285303236865397,0.6440880211139163,0.9065620409227376,0.8303995132033097,0.6285303236865397,0.979653595932058,0.8243669038980805,0.8169024454501874,0.9109113705697264,0.0151667684385985,0.9253124306736672,0.9515516809877368,,,,,,178.2580949043337,0.9463885428859148,16005,881.757640838623,0.1623098478221626,10,25,128,128,0.001,45
cicids2017,RSynaptic,rate,0.9917030038046544,0.8609033279490561,0.8810316738093011,0.9916310728001986,0.9053776688468992,0.8609033279490561,0.9994131402156538,0.9750758910999316,0.9750673096798124,0.9757731897139168,0.0042643735638167,0.9918030953000566,0.9791238682473468,,,,,,241.24529481655583,0.9274450241153216,27269,3754.7243568897247,0.158188113319543,10,25,128,128,0.001,42
kddcup99,Leaky,delta,0.9223191406589096,0.6038930403334433,0.6020403051140398,0.9031622428419256,0.8085481968132363,0.6038930403334433,0.9696563920346218,0.8207031848647822,0.8130089553319447,0.9117698733408934,0.007806182232271,0.927437634432802,0.9529075699688472,,,,,,95.53427815412712,0.9712678862694356,16005,868.3072998523712,0.1639357086241787,10,25,128,128,0.001,45
kddcup99,LeakyParallel,rate,0.9242514363612396,0.615499049991497,0.6212524201220553,0.9073237063856592,0.7939112931489828,0.615499049991497,0.9673041556302696,0.824952773668923,0.8176475655629425,0.9117499081601688,0.0163220173947485,0.9257625494728788,0.9518717692179424,,,,,,432.4763157133258,0.8699319351238118,16133,714.9446890354156,0.1093392943531369,10,25,128,128,0.001,45
kddcup99,LeakyParallel,latency,0.9257303981300778,0.613013438525726,0.6198183634041836,0.9085002473782136,0.8077445024156755,0.613013438525726,0.9770527994007784,0.8293430838604552,0.8214020016397101,0.9101646728106184,0.0044724638159523,0.9267946075767854,0.9524302980288104,,,,,,317.0326561188828,0.9046518327462006,16133,743.661562204361,0.1195226297400953,10,25,128,128,0.001,45
kddcup99,LeakyParallel,delta,0.9227885502638018,0.6362545806911948,0.6326413438213361,0.9039146167268474,0.8221203819627394,0.6362545806911948,0.9342914419736428,0.8215953975076186,0.8140466858833798,0.9127561532686994,0.0080702391365339,0.9281803304515012,0.9534151387243698,,,,,,98.8482424468458,0.970271205279144,16133,812.619353055954,0.1228088628567784,10,25,128,128,0.001,45
cicids2017,RSynaptic,latency,0.9967523253609476,0.961606008733786,0.975516206076808,0.9967435038899202,0.9907107326568104,0.961606008733786,0.9998589262661848,0.9902569370545412,0.9902542998304226,0.9902686288808924,0.0015060218879091,0.996873612702435,0.9920505887953722,,,,,,293.9193085915007,0.9116032154612028,27269,3545.54989695549,0.160543046179034,10,25,128,128,0.001,42
kddcup99,RLeaky,rate,0.925891154844082,0.5765436746089603,0.595674944397172,0.9085770674049548,0.8160110923496348,0.5765436746089603,0.9747677540810644,0.8291946813098378,0.8213940313847286,0.9109033844974364,0.0045219744855016,0.9273797620157606,0.9528290656659002,,,,,,139.5999633474692,0.9580150486173024,32517,911.3664779663086,0.1620163819162766,10,25,128,128,0.001,45
kddcup99,RLeaky,latency,0.9198049056518846,0.6140331531940142,0.6185609185754016,0.9032576379205918,0.8185408613410466,0.6140331531940142,0.9694659495008588,0.815510044324223,0.8078518118333242,0.9091384625213628,0.014457115508392,0.9240231618273536,0.9506652498053207,,,,,,739.4131994122735,0.7776200904023238,32517,1001.0125980377196,0.1633409005343095,10,25,128,128,0.001,45
kddcup99,RLeaky,delta,0.9225088335814344,0.5911401766289482,0.5937368737485484,0.9026975807192574,0.8480440245565086,0.5911401766289482,0.9633802876952948,0.8208556759919473,0.8132208179776123,0.9126243830759156,0.0073935933193603,0.928206051525742,0.9534246346764338,,,,,,1023.8266849714978,0.692082200008572,32517,1022.1401410102844,0.1568586845664462,10,25,128,128,0.001,45
kddcup99,RSynaptic,rate,0.9259811786039244,0.6170853377427312,0.6366317769374579,0.9086287291830302,0.8204367107151344,0.6170853377427312,0.9747227642448428,0.8296022335703356,0.821956622238091,0.9118497340637928,0.0051491096331259,0.9280195737374972,0.9532714961970996,,,,,,309.18209877535537,0.9070129026239532,32517,1023.6676518917084,0.1632331154891013,10,25,128,128,0.001,45
cicids2017,RSynaptic,delta,0.937798434569012,0.5569667522504698,0.5924943018932639,0.9313953531825984,0.6761331673244267,0.5569667522504698,0.985654265095798,0.8047677122493843,0.7928147658952376,0.7165409399022081,0.0079172465168661,0.937801967210026,0.8194595407531977,,,,,,479.66517039693935,0.8557397983768603,27269,4133.402969360352,0.1692760982059265,10,25,128,128,0.001,42
kddcup99,RSynaptic,latency,0.9199560169630484,0.6129745978880006,0.6047432557451196,0.8998747967619122,0.653619020487772,0.6129745978880006,0.9424565153621808,0.8165305747989609,0.8082048832729161,0.9075492341356672,0.0069149901803838,0.9242128547498786,0.9507004254001984,,,,,,807.8583669046938,0.7570350776226484,32517,1004.4958486557008,0.1688582728185497,10,25,128,128,0.001,45
kddcup99,RSynaptic,delta,0.9223512920017104,0.6392754325786068,0.6360852330038151,0.9034962254319304,0.826670326500172,0.6392754325786068,0.9765434616240768,0.8207456748329646,0.8131823048922271,0.9127162229072496,0.0078721964583367,0.9281867607200616,0.9534171724123548,,,,,,966.243990110247,0.7094003037262415,32517,1091.772062778473,0.1721441970164909,10,25,128,128,0.001,45
kddcup99,SConv2dLSTM,rate,0.9233833501056172,0.58005204306042,0.5984315817425114,0.9071507530739712,0.8056362393125365,0.58005204306042,0.9788884828961744,0.8238149918271163,0.8160142746569717,0.9091783928828124,0.0081857640321489,0.9252770641965862,0.951441949091456,,,,,,333.3164913882628,0.9862973693160016,7469,1294.8719737529757,0.1700450987644901,10,25,128,128,0.001,45
kddcup99,SConv2dLSTM,latency,0.9246147465348892,0.602810299130639,0.6198149700822523,0.9061677220094672,0.8563861137996239,0.602810299130639,0.9835269831684214,0.8267799779077141,0.8187031397842031,0.9094259611238,0.0046044922680837,0.9261740866607294,0.95200932977754,,,,,,1208.002330972353,0.9503390614194304,7469,1299.645124912262,0.1725768679931737,10,25,128,128,0.001,45
cicids2017,SConv2dLSTM,rate,0.9862121021215864,0.8160959625564868,0.8132190437605142,0.986206210487246,0.8166742396627189,0.8160959625564868,0.9985756819102104,0.9588892371122464,0.9588695910370004,0.9707281791337408,0.0098162711953883,0.9863510526681448,0.9655424587897796,,,,,,971.1631809312748,0.940510678044026,5869,4956.575864315033,0.1718994398231375,10,25,128,128,0.001,42
kddcup99,SConv2dLSTM,delta,0.9253381517479078,0.5818279584973973,0.5964824093553076,0.9092694275542472,0.8496304472124777,0.5818279584973973,0.9719208951653932,0.8272222077039318,0.8201664807391147,0.915068121196633,0.0080867426930503,0.9300386780653894,0.9546753538905044,,,,,,1223.7946879551423,0.9496898381107856,7469,1213.2131786346436,0.0843237951182831,10,25,128,128,0.001,45
kddcup99,SLSTM,rate,0.924036022364474,0.6046552458809689,0.6077413245093921,0.9068071547880456,0.7834261278169035,0.6046552458809689,0.9749823055571168,0.8248821532227837,0.8174233910377742,0.911266750786628,0.0142590728301949,0.9257754100099992,0.9518554202797,,,,,,229.79492909021343,0.9308887431307628,128133,601.2517008781433,0.0743807870143154,10,25,128,128,0.001,45
kddcup99,SLSTM,latency,0.924499001700806,0.6027080213521129,0.5906943325908841,0.9075368488935704,0.7447083807200309,0.6027080213521129,0.9694906328593562,0.826920867226815,0.818894344773502,0.9094099889792202,0.0044064495898866,0.92619980773497,0.9520244455034153,,,,,,237.4432641329265,0.9285884919900972,128133,605.1810600757599,0.0757862193462967,10,25,128,128,0.001,45
kddcup99,SLSTM,delta,0.923955644007472,0.6346180381348361,0.6410027127023092,0.9046545729917056,0.8291981731308571,0.6346180381348361,0.9595540692337216,0.824094849348088,0.8164835256136463,0.9124886198469868,0.0077896786757546,0.9280195737374972,0.9533026857004596,,,,,,90.41368489754974,0.9728079143165264,128133,639.8400135040283,0.0774868185536139,10,25,128,128,0.001,45
kddcup99,Synaptic,rate,0.9247658578460528,0.5358327776595281,0.5377476378351662,0.9070697256557468,0.7285661755949651,0.5358327776595281,0.967214700897362,0.8269569295419387,0.8188048861254473,0.9085594722803432,0.004076378459558,0.925579286818914,0.9515974898529752,,,,,,1150.6823447331278,0.6539301218847736,16005,596.3294281959534,0.0757773120614803,10,25,128,128,0.001,45
cicids2017,SConv2dLSTM,latency,0.99724807264994,0.9762902159446324,0.9791402905338906,0.9972455097211832,0.9820437320142352,0.9762902159446324,0.999856591105478,0.9917496047681156,0.991748557962336,0.9922471816084258,0.0014546968965977,0.9973045949061672,0.993152508503274,,,,,,2314.184871347102,0.8582428869006369,5869,3030.423889875412,0.0793508668305967,10,25,128,128,0.001,42
kddcup99,Synaptic,latency,0.9213771063148452,0.5756730506144423,0.5779549760208118,0.9049325555118916,0.8251780713295188,0.5756730506144423,0.9696377812748694,0.8193332310374041,0.8116472564769577,0.9085514862080531,0.0162560031686828,0.9232000874516524,0.9501268386382852,,,,,,86.16615492446041,0.974085366940012,16005,762.1313841342926,0.1674576222114122,10,25,128,128,0.001,45
kddcup99,Synaptic,delta,0.9218304402483368,0.5626660876573547,0.5556545249404591,0.9019195318494888,0.7979987366896714,0.5626660876573547,0.9646256911503384,0.8194307666390414,0.8116367046439968,0.911278729895063,0.0074266004323931,0.9271161210047938,0.952684495818227,,,,,,234.0397101234933,0.9296121172560924,16005,967.7529671192168,0.1706006749406843,10,25,128,128,0.001,45
kddcup99,Alpha,rate,0.9233061868828952,0.5492149777487486,0.5425392451356668,0.9065470859756968,0.6863024979968,0.5492149777487486,0.9663736627801902,0.8227472035276808,0.8153248108942398,0.9105080739190852,0.0158929249253214,0.9248462362030552,0.9512434739259484,,,,,,257.1992000745911,0.9226468571204236,16005,1509.3547859191897,0.2259584757924259,10,25,128,128,0.001,46
kddcup99,Alpha,latency,0.9238945564561504,0.5483946252592385,0.5401443763828429,0.9049965183959108,0.7046365024183912,0.5483946252592385,0.96521450417863,0.8247482912780975,0.8166654757510552,0.9088030474851858,0.007344082649811,0.9251388134225426,0.951337365563307,,,,,,120.70689871362478,0.9636971733192106,16005,1505.221958398819,0.2263991617923479,10,25,128,128,0.001,46
cicids2017,SConv2dLSTM,delta,0.9405173906029394,0.5809268877612092,0.6240991984712914,0.9350308200500608,0.7282048062770101,0.5809268877612092,0.987160616834257,0.8136108528830832,0.8037407383523127,0.7342941169438234,0.0088792234968743,0.9405268109789772,0.829482227744166,,,,,,2744.3578895060546,0.8318923191726766,5869,5164.435273170471,0.1777952110085719,10,25,128,128,0.001,42
kddcup99,Alpha,delta,0.9216696835343328,0.5347314211334251,0.5273051185239173,0.9034503401895464,0.685698060757981,0.5347314211334251,0.9786221918637724,0.8193875614179003,0.8114403976267028,0.9087471449791564,0.0084828280494446,0.9248719572772957,0.9511695118205016,,,,,,103.76326966295748,0.9687930016051256,16005,1464.4500830173492,0.236492121199973,10,25,128,128,0.001,46
kddcup99,Lapicque,rate,0.9252288371823848,0.5987121659693642,0.6053415999903957,0.9094389352257978,0.7700535904035203,0.5987121659693642,0.9741948519698194,0.827031786361034,0.8201419248813342,0.914109792521842,0.0174112521248329,0.9274504949699224,0.9530303881835988,,,,,,454.9995080844552,0.8631580426813669,16005,992.9990425109864,0.1648971649333092,10,25,128,128,0.001,46
kddcup99,Lapicque,latency,0.9242707271669202,0.5694645350321973,0.5749178947594508,0.9070466035264532,0.9127257970628306,0.5694645350321973,0.9841357528754702,0.8251225474771604,0.8175530190758368,0.9103962689070262,0.0139785123694156,0.9251291680197024,0.9514124340937116,,,,,,289.40688810368164,0.9129603344049078,16005,992.2237379550934,0.1547699209111661,10,25,128,128,0.001,46
cicids2017,SLSTM,rate,0.9895127663758518,0.8545342041957305,0.8705346806989505,0.9894339486606027,0.8936551370382537,0.8545342041957305,0.9991908969183616,0.9684827261753388,0.9684682929499452,0.9693473764749484,0.0054081876558996,0.9896187456062776,0.9735372867314226,,,,,,261.17493520547606,0.9214511473066236,107141,3900.937371492386,0.1580611347202246,10,25,128,128,0.001,42
kddcup99,Lapicque,delta,0.9213031582264032,0.5849295568277466,0.5906355795453124,0.9028599311987328,0.8507119315332957,0.5849295568277466,0.9759573020188288,0.8189784295678788,0.8109893723358658,0.909110511268348,0.0075091182149753,0.9253542274193082,0.9514862139939192,,,,,,173.13864623556003,0.947928226696072,16005,996.209644317627,0.1672943966004255,10,25,128,128,0.001,46
kddcup99,Leaky,rate,0.925190255571024,0.6103193102842632,0.6151480759151297,0.9109481746583046,0.7394303150356211,0.6103193102842632,0.9830375442556964,0.8272806953461704,0.8206770974906847,0.9156950278713925,0.0156618751340913,0.9290677075128044,0.9541051948376146,,,,,,178.71218760951552,0.9462519736512736,16005,836.4684391021729,0.1506887379206949,10,25,128,128,0.001,46
kddcup99,Leaky,latency,0.9262801860919722,0.6399207607616999,0.6450106686585781,0.9103503515397218,0.7976517097345557,0.6399207607616999,0.97681128491217,0.8291647239648945,0.8221787661387443,0.9138622242808542,0.0161404782730678,0.9274987219841236,0.9530480263514048,,,,,,185.9926662787072,0.944062356006404,16005,839.5070049762726,0.1545746267751972,10,25,128,128,0.001,46
kddcup99,Leaky,delta,0.9219268942767396,0.5977277278082358,0.5918849186160865,0.9060970627949592,0.7751428746502953,0.5977277278082358,0.9729155856467874,0.8191146677443294,0.81251912621641,0.9158627353894808,0.0218507088277523,0.9279970677975364,0.953452844894778,,,,,,104.63394088654113,0.9685311455980328,16005,855.7452473640442,0.158798513360381,10,25,128,128,0.001,46
cicids2017,SLSTM,latency,0.997235119632888,0.9799800105510956,0.9853490710729748,0.9972346313865,0.9909445973512871,0.9799800105510956,0.9998207189276376,0.991721913133968,0.99172129219965,0.9940165218119,0.0019019575351686,0.9972939969831246,0.9931379223850648,,,,,,433.14676003829385,0.8697302977328439,107141,3377.830990314484,0.1395765687262366,10,25,128,128,0.001,42
kddcup99,LeakyParallel,rate,0.9275533792668852,0.6293922404558181,0.6439466794269315,0.9126952154227927,0.8152907189221408,0.6293922404558181,0.9713384402848384,0.8326356165659183,0.8257509530254001,0.9156391253653628,0.010611786840064,0.9300065267225884,0.9546824650074524,,,,,,435.1034212243874,0.8691418282031917,16133,673.7927851676941,0.0959333071523435,10,25,128,128,0.001,46
kddcup99,LeakyParallel,latency,0.9257882705471194,0.6663584101697643,0.6253566809858994,0.9123032145282102,0.7153424170114051,0.6663584101697643,0.9715789356314802,0.8290812004772534,0.8224831333784804,0.916389816160616,0.0166520885250771,0.9294342328207338,0.9543645595518796,,,,,,225.3516971086297,0.932225053501164,16133,734.2615232467651,0.1166312361691532,10,25,128,128,0.001,46
kddcup99,LeakyParallel,delta,0.9225988573412768,0.6150548464234997,0.6137692900079633,0.9058984147998091,0.7789388417445238,0.6150548464234997,0.948992141786066,0.8213711371569551,0.8142427693182084,0.9147207270520212,0.0093080058752661,0.929521041446296,0.9543387650782476,,,,,,88.7298161907732,0.9733143409952562,16133,802.2922036647797,0.1204545869922905,10,25,128,128,0.001,46
kddcup99,RLeaky,rate,0.9253799484935488,0.6012179366542555,0.6044148989531435,0.9108634314099412,0.8224093300251226,0.6012179366542555,0.9845718639166352,0.8280775015769876,0.8211698308840758,0.9138622242808542,0.0173782450118,0.9272575869131174,0.9528992220304652,,,,,,393.0595217809272,0.8817866099906986,32517,884.9854702949524,0.1623093518657705,10,25,128,128,0.001,46
kddcup99,RLeaky,latency,0.9249137540229369,0.5926649245622596,0.5626161486101922,0.9097705526693316,0.8685413983599813,0.5926649245622596,0.9534655682130466,0.8279174022546676,0.8208136170662242,0.916046415052149,0.008499331605961,0.9307460076070077,0.9551588177249658,,,,,,478.4348597719184,0.8561098166099493,32517,890.9279320240021,0.139711177047569,10,25,128,128,0.001,46
cicids2017,SLSTM,delta,0.941338140865238,0.6140268860642335,0.6499557431443956,0.9362929689051408,0.7063870355652956,0.6140268860642335,0.9880694113393064,0.816545593085299,0.8064937659429694,0.7359797721376738,0.0082809207410155,0.9413393184122428,0.831740220086062,,,,,,71.00285201884546,0.9786457587913246,107141,3464.9942898750305,0.1540718471796757,10,25,128,128,0.001,42
kddcup99,RLeaky,delta,0.9208851907699924,0.5517488843512175,0.5283389804218992,0.9032892937966444,0.6673942667050585,0.5517488843512175,0.9668712249127744,0.8179852164776681,0.8103061872403298,0.9109632800396108,0.008383806710346,0.9266756476084224,0.952396458226358,,,,,,986.1802565034128,0.703404434134312,32517,619.6496930122375,0.0695468725337522,10,25,128,128,0.001,46
kddcup99,RSynaptic,rate,0.9237563056821068,0.5731559998128034,0.5712582951632483,0.9090584352810358,0.7947306116595018,0.5731559998128034,0.9726751027761272,0.8246607596375954,0.8173994393755201,0.9113785557986872,0.0155463502384763,0.9256146532959948,0.951761811434052,,,,,,246.5373100257532,0.9258534405937584,32517,585.3549637794495,0.0661274977389485,10,25,128,128,0.001,46
kddcup99,RSynaptic,latency,0.8182163078040955,0.6027668059032709,0.5475146650361757,0.8160772129954461,0.6229834672510446,0.6027668059032709,0.9435235756935582,0.6523916491371199,0.6167736981200874,0.7815809228705138,0.0066014226065717,0.8228461011674153,0.8766156409268832,,,,,,821.2953165138942,0.7529938897702574,32517,589.3899476528168,0.0712989684186912,10,25,128,128,0.001,46
cicids2017,Synaptic,rate,0.9860083864897676,0.6356672096930959,0.6615144943770801,0.9844995503570312,0.7438479498811378,0.6356672096930959,0.9984355113235844,0.9576298016688568,0.9573964755235976,0.9471947589273972,0.0040444093153392,0.98634987512114,0.9647136177673876,,,,,,992.7951927821078,0.7014149796144036,10757,2280.2465510368347,0.0665773343522384,10,25,128,128,0.001,42
kddcup99,RSynaptic,delta,0.9216857592057331,0.6418176607701125,0.6386773460123767,0.90896640131469,0.7682634054963207,0.6418176607701125,0.9461332343660452,0.8191852081967094,0.8128730605607164,0.9166174192208788,0.0223788226362781,0.9285018438795096,0.9538003847544178,,,,,,621.0738259133393,0.8132108794245596,32517,634.6894223690033,0.077924429930524,10,25,128,128,0.001,46
kddcup99,SConv2dLSTM,rate,0.9247722881146132,0.5665948367930185,0.577892721902727,0.9085494197210012,0.7892378253049446,0.5665948367930185,0.9783620441436168,0.8258331414801438,0.8186482580371689,0.9122011212445496,0.0153978182298285,0.9263059071662127,0.9522297042414086,,,,,,534.0832591173171,0.9780438536847968,7469,741.2425968647003,0.0808579238368092,10,25,128,128,0.001,46
kddcup99,SConv2dLSTM,latency,0.9236727121908248,0.618462821684088,0.6010559543110398,0.9091601250039728,0.6827478997342676,0.618462821684088,0.9725461434155088,0.8247353013357137,0.8176699549964953,0.9139181267868836,0.0096875876751439,0.9288008513675574,0.9538550659406836,,,,,,1257.046455475213,0.9483228589732696,7469,755.8087847232819,0.0803789487769406,10,25,128,128,0.001,46
kddcup99,SConv2dLSTM,delta,0.9200460407228908,0.5734081776786116,0.5585022483635493,0.9029613736188918,0.7527353272830065,0.5734081776786116,0.9666887430326964,0.8150767575884821,0.8081641786565947,0.9138342730278396,0.0212895879061937,0.9264730941487772,0.9524140471052868,,,,,,558.38090338843,0.977044978277968,7469,791.7893748283386,0.0858237550521937,10,25,128,128,0.001,46
cicids2017,Synaptic,latency,0.9979228070836518,0.9736505551492254,0.9829822857326022,0.9979202533927805,0.9933724844849116,0.9736505551492254,0.9998793112297236,0.993777224730238,0.9937770461037704,0.9950267194280727,0.0013124533492489,0.9979663763228268,0.9948393998523836,,,,,,129.27839213021787,0.9611192805623404,10757,2546.3981244564056,0.0652518690777801,10,25,128,128,0.001,42
kddcup99,SLSTM,rate,0.9253606576878683,0.609711143538646,0.626758435408653,0.9096382307346677,0.8480735182693969,0.609711143538646,0.979825218214298,0.8278099979240936,0.8205863323386805,0.9122170933891294,0.0153648111167956,0.9263251979718932,0.9522424080747116,,,,,,214.8675975552119,0.9353781661488084,128133,575.3473060131073,0.0670180966740194,10,25,128,128,0.001,46
kddcup99,SLSTM,latency,0.9260326207524058,0.6134082721222864,0.6263886350580962,0.9096473997753948,0.8110062102904887,0.6134082721222864,0.9612167355618186,0.8297571914474456,0.8221988795401536,0.9118816783529524,0.0072120541976796,0.9276434030267274,0.9530403283525408,,,,,,199.7651987435256,0.9399202409793908,128133,562.7243955135345,0.0673717971352916,10,25,128,128,0.001,46
kddcup99,SLSTM,delta,0.9244057628066836,0.6506576245121197,0.6484917042633768,0.9079185917660308,0.8017294771687242,0.6506576245121197,0.9764515326740332,0.8254085442310991,0.8183451997424583,0.915407529268955,0.0088128991797732,0.9301704985708728,0.9547729066409008,,,,,,63.34342778326137,0.9809493450275906,128133,576.3251919746399,0.07311838712603,10,25,128,128,0.001,46
kddcup99,Synaptic,rate,0.9236984332650652,0.5667974006744736,0.5607809606107779,0.9031477137277748,0.8375033780610203,0.5667974006744736,0.9629301607824978,0.8241483909484156,0.8160655251724853,0.90943394719609,0.0084663244929282,0.92542817550775,0.951548347204118,,,,,,796.5686833060582,0.7604304711861479,16005,553.7541787624359,0.0682701841954687,10,25,128,128,0.001,46
cicids2017,Synaptic,delta,0.9410402214730408,0.5797200511142817,0.6245010250178182,0.9353709777821804,0.7314837021688068,0.5797200511142817,0.98797021836099,0.815449551101306,0.804475399969776,0.7299245639413249,0.0071605695021035,0.9410461092080644,0.8298781130113596,,,,,,87.971138322914,0.973542514790101,10757,2316.160683870316,0.0738096157618326,10,25,128,128,0.001,42
kddcup99,Synaptic,latency,0.9253895938963892,0.5887396683411448,0.5860812055470791,0.9087059322578808,0.7591497180295088,0.5887396683411448,0.9843804060306454,0.8281346777911299,0.8207795335729501,0.9130436518711368,0.0099516445794068,0.9280452948117378,0.9533456466360084,,,,,,140.9887952570339,0.9575973548099146,16005,557.0130884647369,0.0722973608309954,10,25,128,128,0.001,46
kddcup99,Synaptic,delta,0.9217307710856544,0.582790359661319,0.5777104440027476,0.904248479115374,0.7926603281071581,0.582790359661319,0.9276509061817328,0.8195152505646666,0.8121570811595645,0.9135068440639524,0.0084168138233789,0.9287172578762752,0.9537835533570554,,,,,,83.16267293403509,0.9749886697942752,16005,581.5327310562134,0.0750577475592915,10,25,128,128,0.001,46
cicids2017,Alpha,rate,0.9884082272854128,0.7435353926879994,0.7677295724716006,0.9879333905209804,0.9612548833273004,0.7435353926879994,0.9979813625153322,0.9650209747101272,0.9649374334696592,0.9598849928867742,0.004434479249306,0.9885365799089284,0.9705803246288164,,,,,,326.33400060996934,0.9018544359067762,10757,3984.6235263347626,0.1226897109546628,10,25,128,128,0.001,43
cicids2017,Alpha,latency,0.995504125535931,0.8329617377737083,0.8668914562791832,0.9953194294004798,0.9910555060057744,0.8329617377737083,0.9994768236811086,0.9864964605591318,0.9864873463223236,0.9854926058316495,0.001825703262363,0.995676047398622,0.9889864009645896,,,,,,154.4964137805971,0.9535349131486928,10757,4087.608072042465,0.1222767927825914,10,25,128,128,0.001,43
cicids2017,Alpha,delta,0.9448802022554736,0.6035242330247952,0.6302413468099088,0.943310372608762,0.7110395204600841,0.6035242330247952,0.986314537762804,0.8324249104439609,0.8322328996167084,0.8451110021877652,0.0293212343220481,0.9459423496537424,0.860325370963669,,,,,,165.13048869378244,0.9503366951296894,10757,4187.170481920242,0.1243199490119063,10,25,128,128,0.001,43
cicids2017,Lapicque,rate,0.9907433029957974,0.7809659593802841,0.8147614335146554,0.990437818756288,0.9681650304048682,0.7809659593802841,0.9993382909458384,0.9721741266629812,0.9721621963914177,0.9727306418640238,0.0047482949104672,0.990815133363086,0.9765951317874118,,,,,,405.6113918252332,0.8780116114811329,10757,2369.750693082809,0.0756027177662723,10,25,128,128,0.001,43
cicids2017,Lapicque,latency,0.9969124717535912,0.9650799328086788,0.9779404528738472,0.9969063741472,0.9923251430726692,0.9650799328086788,0.999797058899902,0.9907412932714652,0.9907399387016004,0.9911293889798796,0.001601339728916,0.996966638915809,0.9922919484374438,,,,,,369.6294871900549,0.8888332369353218,10757,2385.249889612198,0.0743503522537317,10,25,128,128,0.001,43
cicids2017,Lapicque,delta,0.9464475173187724,0.6113547886982498,0.6372499570207146,0.9451169293959776,0.7121673625848757,0.6113547886982498,0.9872477978011094,0.8379398075912342,0.837853724003988,0.855553695888675,0.0298990070813823,0.9475355707511456,0.8653192749960702,,,,,,337.10515612506964,0.8986149906390768,10757,2477.508416891098,0.0733273958014479,10,25,128,128,0.001,43
cicids2017,Leaky,rate,0.9918867011373926,0.7765364062739211,0.8062731281113642,0.9915543737505952,0.9746510017231388,0.7765364062739211,0.9995471000887042,0.9756099071343264,0.9755969263293336,0.9754444271761092,0.0039872186107351,0.9919608865986907,0.9795107428293602,,,,,,228.2333368267228,0.9313583949393316,10757,1891.9985558986664,0.0567156684821557,10,25,128,128,0.001,43
cicids2017,Leaky,latency,0.997714381263814,0.9817499957651268,0.9864749542167676,0.9977137745382384,0.991360111364138,0.9817499957651268,0.9998968420729404,0.9931588482689352,0.9931577821405064,0.9954869869810036,0.0016819932866911,0.9977603055969988,0.994322049077557,,,,,,246.2287867850965,0.9259462295383168,10757,1947.577255249024,0.0450088064921577,10,25,128,128,0.001,43
cicids2017,Leaky,delta,0.9467301285999083,0.6466439868183131,0.6628849838657094,0.946024594068796,0.6872267612992851,0.6466439868183131,0.9876914472113798,0.8396816833973577,0.8396649241833729,0.8629119992348799,0.0313742339745046,0.9478005188272104,0.8668994652438531,,,,,,130.2811899819011,0.9608176872234884,10757,2036.0464706420896,0.0668590441592964,10,25,128,128,0.001,43
cicids2017,LeakyParallel,rate,0.9907821620469536,0.7570609255433978,0.791231711440953,0.9903706628940802,0.9718405423469312,0.7570609255433978,0.999413224590876,0.9722160720591436,0.972153498198437,0.9673269812426027,0.0033815837132604,0.9908481046792186,0.9765499595688958,,,,,,362.7916942899568,0.8908897160030205,10885,1289.0748670101166,0.0396834127253805,10,25,128,128,0.001,43
cicids2017,LeakyParallel,latency,0.9978274257762684,0.9898525880384664,0.9886814458700892,0.997829381615695,0.987516317608374,0.9898525880384664,0.9999094360611428,0.9935071473075712,0.9935030764190564,0.9970351596590432,0.0019195546750468,0.9978745276564576,0.9946183821753662,,,,,,362.3413579236549,0.8910251555116827,10885,1317.133872509003,0.0415979145640965,10,25,128,128,0.001,43
cicids2017,LeakyParallel,delta,0.9467548570870078,0.6105904474490507,0.6365120750159181,0.9453932846884384,0.7126233511805002,0.6105904474490507,0.9880556786502596,0.8387987703741434,0.8387045632709944,0.8556672684017359,0.0295749264219588,0.9478181820322812,0.8659629170321528,,,,,,98.53051789694815,0.9703667615347524,10885,1401.601779460907,0.0456864755421375,10,25,128,128,0.001,43
cicids2017,RLeaky,rate,0.99174421794982,0.7720157948542059,0.7975209278341763,0.9913824292916537,0.9540401318384304,0.7720157948542059,0.999508266889307,0.975137555217064,0.975091009743656,0.9710868291749852,0.0031102944734715,0.9918066279410708,0.9790340854305274,,,,,,322.1908897898432,0.9031004842737314,27269,2248.675023317337,0.0662567879629348,10,25,128,128,0.001,43
cicids2017,RLeaky,latency,0.9977779688020696,0.9894601858141112,0.9893449886452798,0.9977802678824575,0.989243797366082,0.9894601858141112,0.9998788407788638,0.9933620248695132,0.9933567338682636,0.9972862146879148,0.0020134060877305,0.9978486216223535,0.9945545100400288,,,,,,328.9644981353543,0.9010633088314725,27269,3212.66689991951,0.1487605868832699,10,25,128,128,0.001,43
cicids2017,RLeaky,delta,0.9463627339344318,0.6059521803568254,0.6330149690904402,0.94482819291263,0.7209326039942837,0.6059521803568254,0.987778156239321,0.8371716562201302,0.8370171876843269,0.8509330878573051,0.0288989029649714,0.9474284139737148,0.8644480001943181,,,,,,1068.409858188014,0.6786737268607477,27269,3299.3292372226715,0.0785385493970811,10,25,128,128,0.001,43
cicids2017,RSynaptic,rate,0.9918678603853168,0.7814347908879017,0.8101707913546061,0.9915467699703916,0.9721698502201574,0.7814347908879017,0.999483075955992,0.975526381920091,0.9754965913648388,0.9730892919052686,0.0034153115646936,0.991956176410672,0.9794503858129148,,,,,,243.15595785794773,0.926870388614151,27269,2686.530535697937,0.0762377643326129,10,25,128,128,0.001,43
cicids2017,RSynaptic,latency,0.9975660103412178,0.9777568164173795,0.9832828753640298,0.99756457279737,0.9892525653199836,0.9777568164173795,0.9998789259853788,0.9927095487780784,0.9927093293737406,0.9943990818558944,0.0015558804508973,0.9976472610845444,0.9940306890700064,,,,,,257.3705434261672,0.9225953252853633,27269,2738.0002393722534,0.0850194712987059,10,25,128,128,0.001,43
cicids2017,RSynaptic,delta,0.946256754704006,0.6107369231782369,0.6375667140840403,0.9448170603071884,0.7134390613596906,0.6107369231782369,0.987295164166797,0.8369108973896527,0.8367656668426006,0.8510944803758652,0.0290675422221374,0.9473247898372984,0.864239345187694,,,,,,479.6166472175153,0.8557543918142811,27269,3363.033134460449,0.1589447767392016,10,25,128,128,0.001,43
cicids2017,SConv2dLSTM,rate,0.9873319493230872,0.7509719849465848,0.7787387115664953,0.9868821340932016,0.9121761463927596,0.7509719849465848,0.9988186812247868,0.961726474832612,0.9615649740880624,0.9529750020921252,0.0041646564378403,0.9873920042203284,0.9675113256726372,,,,,,947.961909887038,0.9419318891340251,5869,3514.222073316574,0.082525790838308,10,25,128,128,0.001,43
cicids2017,SConv2dLSTM,latency,0.9973234356582428,0.9717059749412794,0.9800915544698132,0.997318011884855,0.9895089924190682,0.9717059749412794,0.9998478787383518,0.9919716878505154,0.9919679728017908,0.9914461965163126,0.0011335490938206,0.9974046864015694,0.993399814332345,,,,,,2239.7752474909416,0.8628009036758995,5869,3271.5478360652924,0.0916662241038432,10,25,128,128,0.001,43
cicids2017,SConv2dLSTM,delta,0.9398249929641568,0.5743445123149771,0.6204324454931368,0.9337726590306722,0.7398901920178191,0.5743445123149771,0.9872905666559488,0.8115070688159469,0.7995163594658129,0.721639747988571,0.0066429203040199,0.9398297031521756,0.8253358400273457,,,,,,3742.9849768553136,0.7707206752309149,5869,3359.161540746689,0.0890905578922797,10,25,128,128,0.001,43
cicids2017,SLSTM,rate,0.9894256278975015,0.7895502200178857,0.8296406967117826,0.9891502251407804,0.9431152045090638,0.7895502200178857,0.9991983059773374,0.9681373267591408,0.9680878311643016,0.9649479359690126,0.0044770056706783,0.9894998133587998,0.9731235136853972,,,,,,253.12158643842665,0.9238732070861876,107141,3187.3524470329285,0.1404487421451448,10,25,128,128,0.001,43
cicids2017,SLSTM,latency,0.9967440825319144,0.9730269491871202,0.9825180426297708,0.9967402563332356,0.9928218870549208,0.9730269491871202,0.9997927990723624,0.9902393066139176,0.9902386352567628,0.9911413439812544,0.0018227704057167,0.9967911844121038,0.9918498335571512,,,,,,451.9726420504391,0.864068378330695,107141,2393.108130693436,0.0744783496914748,10,25,128,128,0.001,43
cicids2017,SLSTM,delta,0.94661355144644,0.6101951756711901,0.6365986098313106,0.9452228196871576,0.7153391093663474,0.6101951756711901,0.9878046034931351,0.838273898362608,0.8381680718720721,0.8544837232656282,0.0294605450127505,0.9476768763917134,0.8654876579462,,,,,,65.60367064952315,0.9802695727369856,107141,2521.2923471927643,0.0780823821094159,10,25,128,128,0.001,43
cicids2017,Synaptic,rate,0.9860766842160422,0.6815316367853774,0.7136790391316539,0.9851860397521746,0.7694149353871967,0.6815316367853774,0.9987745759204596,0.9578279734358828,0.9573726326176872,0.9394299855344485,0.0023726810269104,0.9861626451473876,0.9639620575760642,,,,,,644.0647427118672,0.8062963179813933,10757,2361.545631170273,0.0748236918398502,10,25,128,128,0.001,43
cicids2017,Synaptic,latency,0.997495357520934,0.972330177649276,0.9810035096529856,0.9974941292191318,0.990760410984942,0.972330177649276,0.9998783784244212,0.9925075934992724,0.99250551188628,0.995481009480316,0.0019488832415104,0.9975448144951328,0.9937791091445604,,,,,,158.56487636345224,0.9523113153794128,10757,3266.7914090156555,0.0742367943028611,10,25,128,128,0.001,43
cicids2017,Synaptic,delta,0.9406127719103228,0.5821676740814427,0.6262949743018325,0.9350142248131894,0.7305406901673329,0.5821676740814427,0.9876660176695902,0.8140075929998677,0.8035311290308322,0.7314428491159276,0.0080668222058308,0.9406174820983416,0.8291474822215671,,,,,,191.9363971536333,0.9422747677733434,10757,2529.008998155594,0.0906101827757915,10,25,128,128,0.001,43
cicids2017,Alpha,rate,0.98782534151807,0.7548381667948727,0.7835008129696726,0.9873952581254384,0.8942656617880465,0.7548381667948727,0.9978932688743272,0.9632126816303568,0.9630309670985217,0.9533754946381818,0.0035795515368902,0.9879407411245338,0.968893991720049,,,,,,310.1827764909806,0.9067119469200058,10757,4355.401483058929,0.1227904249157035,10,25,128,128,0.001,44
cicids2017,Alpha,latency,0.9960269564060324,0.9484082306385864,0.9671875431404724,0.9960166004538836,0.989872412744502,0.9484082306385864,0.9995459489320696,0.9880896665851002,0.9880893554302224,0.9896888113142132,0.0022626989026716,0.996151776388534,0.9902274480721038,,,,,,147.6657827213818,0.9555892382792835,10757,4106.493951797485,0.1241570266689008,10,25,128,128,0.001,44
cicids2017,Alpha,delta,0.9396942852466312,0.573995110185872,0.6187448848573025,0.9338367391732234,0.7361538014392227,0.573995110185872,0.9865874306811908,0.8109005737946284,0.7999112108432569,0.7260750534986311,0.0078761865238169,0.939713125998707,0.8259392859692724,,,,,,152.79812722924368,0.95404567602128,10757,4198.085058927536,0.1292472125030976,10,25,128,128,0.001,44
cicids2017,Lapicque,rate,0.9909317105165546,0.8247920512616291,0.8573661224405094,0.9907529339576606,0.9315851991045936,0.8247920512616291,0.9993475157759448,0.9727040683271948,0.9726669930805742,0.9701005415615624,0.0038303107801545,0.9910341571059664,0.9770799342560762,,,,,,392.8991760703608,0.8818348342645531,10757,2511.5691614151,0.0763445264711636,10,25,128,128,0.001,44
cicids2017,Lapicque,latency,0.9965368342590816,0.965045757395426,0.9775480315129728,0.996528561196974,0.9913609215849114,0.965045757395426,0.9997818335577746,0.9896076629780292,0.989602371203546,0.9889356462275992,0.0014840254630614,0.9966286829254508,0.9914216971436618,,,,,,438.5143843254363,0.8681159746389665,10757,2399.1935811042786,0.0756010925098268,10,25,128,128,0.001,44
cicids2017,Lapicque,delta,0.9401641265015196,0.5750340320571035,0.6204607797621579,0.9341501228852483,0.7349054731606698,0.5750340320571035,0.986825670029119,0.8126599324605764,0.8007197672375725,0.7229488206391144,0.0065036096133175,0.9401994529116616,0.8264827077225856,,,,,,325.4170329819141,0.9021302156445372,10757,2505.6119515895844,0.081259267991724,10,25,128,128,0.001,44
cicids2017,Leaky,rate,0.9919679518807192,0.8375537746435183,0.8729751681059612,0.991829744497038,0.9303147013086804,0.8375537746435183,0.999527445491032,0.975830600259807,0.9757996383104324,0.9732626394252036,0.0033361244352417,0.9920539128120648,0.9796985468876922,,,,,,183.34467389602025,0.9448587446929262,10757,1921.961213350296,0.0591588534123605,10,25,128,128,0.001,44
cicids2017,Leaky,latency,0.9972398298209068,0.9819007324198414,0.9867932918825087,0.997236476537735,0.9918343618661458,0.9819007324198414,0.9998884447838332,0.9917223889548906,0.9917201618426515,0.9916793190431216,0.001321251919188,0.9972998847181482,0.9931367237658524,,,,,,265.13498810088754,0.9202601539546202,10757,1925.413591146469,0.059948712322926,10,25,128,128,0.001,44
cicids2017,Leaky,delta,0.9409000933794774,0.5749555969172422,0.6199449357027939,0.9351164084462772,0.7379049106316863,0.5749555969172422,0.9878146180465148,0.8149744678587514,0.803833654050649,0.7286633112962808,0.0070153930981084,0.9409142239435344,0.8293177403828165,,,,,,82.51083284367003,0.9751847119267156,10757,2045.5173816680908,0.0645776268511159,10,25,128,128,0.001,44
cicids2017,LeakyParallel,rate,0.9914592515746748,0.8350719770936083,0.862196550522136,0.9913390492830568,0.907477380455397,0.8350719770936083,0.9994328348660212,0.9743519775016236,0.9743460088819338,0.975761234712542,0.004554726371807,0.99156758589911,0.9785366818627318,,,,,,368.7797763367219,0.8890887890716626,10885,1299.951344013214,0.0416619525878397,10,25,128,128,0.001,44
cicids2017,LeakyParallel,latency,0.9975024228029622,0.9777385550107168,0.9854862530822596,0.997498118563599,0.9939240932543004,0.9777385550107168,0.999890518773098,0.992508972030638,0.9925052151092846,0.9917869140554952,0.0010602276776614,0.9975306839310758,0.9937203724055736,,,,,,325.27386092934364,0.902173274908468,10885,1308.403778076172,0.0430653538079313,10,25,128,128,0.001,44
cicids2017,LeakyParallel,delta,0.939338666051202,0.5240264945178025,0.5429888986699348,0.9319329798166206,0.5753906024146763,0.5240264945178025,0.987555352763598,0.809790237114277,0.7970828177001963,0.71658278240702,0.0059947589851729,0.9393539741622636,0.8231763841489792,,,,,,70.29717400494334,0.978857992780468,10885,1410.1430022716522,0.0476104669806314,10,25,128,128,0.001,44
cicids2017,RLeaky,rate,0.9914333455405706,0.835683634255337,0.8645330997963399,0.9912788491356568,0.924828734726408,0.835683634255337,0.9994775105700168,0.9742008501193063,0.9741315021939524,0.968922973926142,0.0029167259348113,0.9915357921299824,0.9783087591813578,,,,,,380.6617625759076,0.8855152593756669,27269,2266.956509590149,0.0642942331110539,10,25,128,128,0.001,44
cicids2017,RLeaky,latency,0.9975989816573504,0.9884886244158444,0.9843655890402664,0.9976008456525516,0.9804186361988412,0.9884886244158444,0.9998746682793724,0.9928061662152076,0.9928053866933972,0.9937774217844036,0.001409237618579,0.9976425508965254,0.9940150908199504,,,,,,357.72379810721094,0.8924138953061019,27269,2282.616433620453,0.0657421614165684,10,25,128,128,0.001,44
cicids2017,RLeaky,delta,0.9396153895973144,0.5767662736549491,0.621082171052776,0.9339865949885834,0.7349690476650124,0.5767662736549491,0.9871501056451658,0.8105331939029344,0.8004379715116567,0.7303549439908186,0.0090287991858389,0.9396306977083758,0.8265868385001776,,,,,,773.2890677713627,0.7674318593168834,27269,2365.055494785309,0.074058959130028,10,25,128,128,0.001,44
cicids2017,RSynaptic,rate,0.9917854320949856,0.8224396831040298,0.8566142936769522,0.9916078295699412,0.937105889026422,0.8224396831040298,0.9994333796502816,0.9752889401592684,0.9752642414384852,0.9734957619520126,0.0036206115299393,0.9918713930263312,0.9792467748772634,,,,,,247.9242589991086,0.9254363130829748,27269,2744.4922256469727,0.0697418495876717,10,25,128,128,0.001,44
cicids2017,RSynaptic,latency,0.9976849425886958,0.9756551233555516,0.9821722168992852,0.9976832547195186,0.9890880897210714,0.9756551233555516,0.999889491029438,0.993065711231821,0.9930654766079892,0.9947039343909524,0.0014854918913845,0.9977638382380128,0.9943265165887396,,,,,,223.3500588184729,0.9328270499794068,27269,2363.4377727508545,0.071494481892446,10,25,128,128,0.001,44
cicids2017,RSynaptic,delta,0.9348840057322988,0.6292499316664474,0.6487131516685145,0.9337567682107472,0.6785910624025775,0.6292499316664474,0.9863078264131196,0.802418163088133,0.8022764154746431,0.8192104917092066,0.0367120330708915,0.934905201578384,0.8321685115581491,,,,,,498.4851152170867,0.8500796645963649,27269,2442.022768497467,0.0763326889667988,10,25,128,128,0.001,44
cicids2017,SConv2dLSTM,rate,0.9877476234157576,0.8109124559005993,0.8310182453796434,0.9875862715539586,0.862134168931471,0.8109124559005993,0.99888642815545,0.9630876048595364,0.9630328044728812,0.9606680454768252,0.0054507140772719,0.9878747984922688,0.9689592282764338,,,,,,924.112963261711,0.9433927740727897,5869,2949.6613850593567,0.0849337324937894,10,25,128,128,0.001,44
cicids2017,SConv2dLSTM,latency,0.9977026057937668,0.9694368576210174,0.9790741681452372,0.9976982162908552,0.9900818205366504,0.9694368576210174,0.9998305185056948,0.993112650077022,0.9931115027176372,0.9935980967637812,0.0011203512389119,0.9978392012463158,0.9945106063461576,,,,,,1979.822026723252,0.8787245312880091,5869,2995.730085372925,0.0820942073441563,10,25,128,128,0.001,44
cicids2017,SConv2dLSTM,delta,0.9396189222383284,0.577762323725383,0.6241364228461044,0.9334065997182196,0.7340717263283565,0.577762323725383,0.9874967515761413,0.8110212642216327,0.7981952787272697,0.7174256100039451,0.0058569147227937,0.9396306977083758,0.8240116165309002,,,,,,2823.36847447608,0.8270524671071314,5869,3080.0042655467987,0.0855261228866009,10,25,128,128,0.001,44
cicids2017,SLSTM,rate,0.9894868603417476,0.8195946002658511,0.8516722624264441,0.9893107299888392,0.9265947304016192,0.8195946002658511,0.9991893495137926,0.9683879229372064,0.9683718093313964,0.968791468911019,0.0053260676698014,0.9895751763671028,0.9734143345775812,,,,,,249.14925526039687,0.925067893154768,107141,2293.955382347107,0.0661624790114895,10,25,128,128,0.001,44
cicids2017,SLSTM,latency,0.99680767007017,0.9720014479523726,0.9822035404280284,0.9968062086408652,0.9933125159917672,0.9720014479523726,0.9997742827229013,0.9904431496406242,0.9904422889432968,0.993060121701914,0.002209907483037,0.9968583045913736,0.992034251524181,,,,,,441.428716603295,0.8672394837283324,107141,2311.450208187104,0.0685432834605412,10,25,128,128,0.001,44
cicids2017,SLSTM,delta,0.9394163841535144,0.5250346844752969,0.5433883971854059,0.93222636110546,0.5740645030040479,0.5250346844752969,0.9873867929747784,0.8098805665840467,0.7980646271834946,0.7208208303943955,0.0069508702518883,0.9394210943415334,0.8241935869702655,,,,,,70.51369781553255,0.9787928728374338,107141,3413.121977806092,0.1383797861980348,10,25,128,128,0.001,44
cicids2017,Synaptic,rate,0.9818645985801138,0.626249098659644,0.6601650070810122,0.9801264252698634,0.7876618652903945,0.626249098659644,0.9977114695124452,0.9448997498645028,0.9438932907233362,0.9164704053940966,0.0020398017975478,0.9819069902722842,0.952283349637428,,,,,,1590.836004206198,0.5215530814417451,10757,3213.4149208068848,0.1269079808168612,10,25,128,128,0.001,44
cicids2017,Synaptic,latency,0.996952508351752,0.9695090502580612,0.9802082032839058,0.9969443224471798,0.9918894985902528,0.9695090502580612,0.999872022305334,0.9908556071362372,0.9908445015259048,0.9894138462825924,0.000920916986959,0.9971750647356464,0.9928054101875872,,,,,,199.7072747676405,0.9399376617240178,10757,3341.38845205307,0.140474320632662,10,25,128,128,0.001,44
cicids2017,Synaptic,delta,0.9397649380669152,0.573731558320007,0.6201562941767754,0.9334862810537394,0.7397243636189087,0.573731558320007,0.9876505320790828,0.8115036531926195,0.7986278676452261,0.7175332050163186,0.0057161376037681,0.9397649380669152,0.8243559236482378,,,,,,278.363033031371,0.9162817945770312,10757,3171.930901765824,0.1184204410561679,10,25,128,128,0.001,44
cicids2017,Alpha,rate,0.988445908789564,0.7562737635410015,0.7764986742437057,0.9880054975895368,0.9293790109683634,0.7562737635410015,0.9978825445515214,0.9651084839521458,0.9649602851553728,0.9564718399942616,0.0035707529669511,0.9885577757550136,0.9705314170818916,,,,,,309.01006449424943,0.9070646422573686,10757,4999.681755781174,0.1480852312057397,10,25,128,128,0.001,45
cicids2017,Alpha,latency,0.9943277560782032,0.9439415162814092,0.9656743316249344,0.9942987066504072,0.9914037645713496,0.9439415162814092,0.999544960466313,0.9829384862098204,0.9828857502506196,0.9773094073905818,0.0013813754804385,0.9944207822915772,0.985717472432732,,,,,,159.29878959943383,0.9520905895941552,10757,4819.442808628082,0.1471041263001112,10,25,128,128,0.001,45
cicids2017,Alpha,delta,0.9304281678663908,0.5764564983859428,0.5931073776926785,0.9287405200624574,0.6455721197436938,0.5764564983859428,0.9840147495335518,0.7891156464103136,0.7890079552513973,0.810292060683587,0.0400393589361942,0.9304764472935848,0.8211718738168435,,,,,,164.09591709127048,0.9506478444838284,10757,4786.84584903717,0.1541175514460066,10,25,128,128,0.001,45
cicids2017,Lapicque,rate,0.990397104176406,0.8144195657896688,0.8535890579791715,0.9901815076115216,0.9332172394329292,0.8144195657896688,0.9993497607816836,0.9710436854095598,0.9709381269100577,0.9637584133322176,0.0029680509261228,0.9904771773727278,0.9755346408550624,,,,,,421.1071944589348,0.8733512197115986,10757,2900.898681640625,0.1046914338175296,10,25,128,128,0.001,45
cicids2017,Lapicque,latency,0.99665341141255,0.9641444788621032,0.9773168550916324,0.9966439750477544,0.9917965760271624,0.9641444788621032,0.9997972152843644,0.9899543917916608,0.9899454585756152,0.9883139861561084,0.0012230012215347,0.9967158214038008,0.9916363538221172,,,,,,439.7438164062914,0.8677462206296868,10757,2983.7351319789886,0.1298035302883926,10,25,128,128,0.001,45
cicids2017,Lapicque,delta,0.9405044375858872,0.5804896523767502,0.6251830747436947,0.9348453862478704,0.7287512155612692,0.5804896523767502,0.9872770471452011,0.813644091894056,0.8027267272002467,0.7287111313017801,0.0075315758678689,0.9405091477739064,0.828357777936325,,,,,,349.3077118730887,0.8949450490607253,10757,3032.6237318515778,0.1291580328374114,10,25,128,128,0.001,45
cicids2017,Leaky,rate,0.9915687634461148,0.8206878198864993,0.8573396051049071,0.9913773210812976,0.9404730396270996,0.8206878198864993,0.9994922666755428,0.9746069933094,0.974549695374552,0.9699152390402525,0.0030091109191719,0.9916570794714696,0.9786343472845868,,,,,,196.33601303780043,0.9409515750262254,10757,2628.349968194961,0.0976101353346586,10,25,128,128,0.001,45
cicids2017,Leaky,latency,0.9975577675121846,0.9706292694434112,0.981650216119302,0.9975524414310476,0.9934622248133536,0.9706292694434112,0.9998968817471195,0.9926745120101356,0.9926718672054397,0.9921575190981148,0.0010690262476005,0.9975966265633408,0.993889313034236,,,,,,252.20072583997373,0.9241501576421132,10757,3978.2140090465546,0.1872875009242205,10,25,128,128,0.001,45
cicids2017,Leaky,delta,0.9406645839785308,0.5750250729517457,0.6207756700770214,0.9347060950344772,0.7396751903043184,0.5750250729517457,0.9880517392562114,0.8143182146165988,0.8024832924361722,0.7247241383432759,0.006355500352676,0.9406681166195452,0.8279577969747669,,,,,,103.43679575329448,0.9688911892471296,10757,3920.511381626129,0.146843220561653,10,25,128,128,0.001,45
cicids2017,LeakyParallel,rate,0.9909505512686304,0.8327623746346552,0.8594648535692405,0.990802570194986,0.9116141709981996,0.8327623746346552,0.9993938637811312,0.972751790871355,0.9726989084678208,0.9688392889165184,0.0035120958340237,0.9910412223879946,0.9770684510353558,,,,,,315.50462363831406,0.9051113913869732,10885,2999.4233860969543,0.1462635262039043,10,25,128,128,0.001,45
cicids2017,LeakyParallel,latency,0.997106767009372,0.9744979017044492,0.9833361623915432,0.9970983180141204,0.9930371909090384,0.9744979017044492,0.999906622642342,0.9913174132140372,0.9913033091169344,0.988684591198728,0.0007801398679334,0.9971444485135236,0.9927226785344526,,,,,,355.2631299434895,0.8931539458816573,10885,3292.798136949539,0.127379919465052,10,25,128,128,0.001,45
cicids2017,LeakyParallel,delta,0.9468207997192728,0.6106813480735966,0.6373094495381284,0.9453722382192904,0.7129421648209325,0.6106813480735966,0.9877868831784812,0.8386200178997495,0.8384736267809079,0.8525171255394695,0.0286980022846953,0.9479017878696172,0.8657207460127168,,,,,,96.17607271588264,0.9710748653486068,10885,3242.1973214149475,0.1470170952071625,10,25,128,128,0.001,45
cicids2017,RLeaky,rate,0.9916276407963516,0.8286300294851434,0.8642221842749593,0.9914612369764,0.9302057540338454,0.8286300294851434,0.9994568966136432,0.9747835316419706,0.9747233488517156,0.9698973065381904,0.0029079273648722,0.991734797573782,0.9788287812749784,,,,,,375.4413528602028,0.8870853074104653,27269,3977.524573087692,0.1599004053499794,10,25,128,128,0.001,45
cicids2017,RLeaky,latency,0.9979557783997842,0.984774117292572,0.9873855140638662,0.9979553417830178,0.9900572728776128,0.984774117292572,0.9998770614299448,0.9938785967747716,0.993878182544328,0.9956782670030008,0.0013989726203167,0.9980252536730636,0.994991323670401,,,,,,334.30906487459714,0.899455920338467,27269,3689.150243997574,0.1852044398623967,10,25,128,128,0.001,45
cicids2017,RLeaky,delta,0.946454582600801,0.6428485899104966,0.6600335933202073,0.945619952404374,0.6858698185859821,0.6428485899104966,0.9879326070960468,0.8383823074372,0.8383378037265266,0.8584109412172582,0.0305882283932784,0.9475449911271832,0.8657282372799614,,,,,,488.3466262689541,0.8531288342048258,27269,4221.752330303192,0.1785588499199641,10,25,128,128,0.001,45
cicids2017,RSynaptic,rate,0.9913721130963246,0.8148457243406748,0.8559463026467906,0.9911693491447418,0.933777254021799,0.8148457243406748,0.999429724613677,0.9739955763903776,0.9739107530808704,0.9673449137446652,0.002649835979992,0.9914392332755942,0.9780317406597128,,,,,,250.5428962710619,0.9246487530011844,27269,4094.002029657364,0.1771962516487002,10,25,128,128,0.001,45
cicids2017,RSynaptic,latency,0.9975930939223266,0.9859020261498548,0.9877409221703688,0.9975921631842676,0.9896404684186912,0.9859020261498548,0.999862074403476,0.9927875208799098,0.9927872094411428,0.9938252417899028,0.001409237618579,0.9976519712725632,0.9940391490989968,,,,,,292.6673052896589,0.9119797578076214,27269,4310.871873617172,0.1548284081259189,10,25,128,128,0.001,45
cicids2017,RSynaptic,delta,0.9374381051855636,0.5684313181892915,0.6155349092947182,0.93047998004281,0.7390138722137004,0.5684313181892915,0.9872976520385524,0.8040066896800162,0.7892735166653646,0.703181225865841,0.0050797077115066,0.9374487031086064,0.815808818430214,,,,,,852.2533504156152,0.7436832028825218,27269,4160.218540906906,0.1628499970548783,10,25,128,128,0.001,45
cicids2017,SConv2dLSTM,rate,0.9878135660480228,0.8050865074429758,0.835307425271065,0.9876207464747482,0.8789844082060062,0.8050865074429758,0.9988897307939758,0.9632540623376544,0.9631890173909472,0.9596339378579029,0.0051588948409585,0.987905414714392,0.9690028459075368,,,,,,1341.157529883199,0.9178463993945972,5869,5018.587002038956,0.1345254064531751,10,25,128,128,0.001,45
cicids2017,SConv2dLSTM,latency,0.997331678487276,0.9686075519559336,0.9789470179416364,0.9973254162903314,0.9905745476504484,0.9686075519559336,0.999868548888377,0.991996069813624,0.9919924368929888,0.9914342415149378,0.001129149808851,0.997405863948574,0.9934027101894138,,,,,,2333.058734867049,0.8570867543726157,5869,5148.212527275085,0.1705758022252141,10,25,128,128,0.001,45
cicids2017,SConv2dLSTM,delta,0.9399474578526488,0.5790022587287417,0.6247572578857669,0.933952345812561,0.7323009531413083,0.5790022587287417,0.9874891903124208,0.8119746058306833,0.7999233598113591,0.7218071180078186,0.0065358710364275,0.9399486353996536,0.8256542623203021,,,,,,3989.633570923068,0.7556120324090004,5869,4887.218741178513,0.1550419770421245,10,25,128,128,0.001,45
cicids2017,SLSTM,rate,0.9890876719071432,0.8288312075145423,0.8569276390446887,0.9889428969782622,0.9076170703041468,0.8288312075145423,0.9990882642968404,0.9671638669628422,0.9671361348907448,0.9663347161284924,0.0052292834004713,0.98916892265047,0.9723386723284476,,,,,,231.8858285750621,0.9302599011804324,107141,3432.7615082263947,0.1630008247273583,10,25,128,128,0.001,45
cicids2017,SLSTM,latency,0.9959068466115496,0.964698719054774,0.9782079306530156,0.9958933489012995,0.9927760002549562,0.964698719054774,0.9997757159688796,0.9877069267945124,0.9876916168979748,0.9853013258096524,0.0014312340434268,0.9959551260387436,0.989687936236322,,,,,,468.905201578384,0.8589758792245461,107141,3624.7413473129272,0.1315721257053166,10,25,128,128,0.001,45
cicids2017,SLSTM,delta,0.9384613935326764,0.5752362376609785,0.6218658977211062,0.9319140338283586,0.7337007967469924,0.5752362376609785,0.9879253262028502,0.8072886190326185,0.7936016688054666,0.7104677992037969,0.0056017561945598,0.9384649261736904,0.8197854268185438,,,,,,68.29565025911921,0.9794599548092876,107141,3919.7702448368073,0.1557220217908506,10,25,128,128,0.001,45
cicids2017,Synaptic,rate,0.9799122256462672,0.6270936592493641,0.6645556510852066,0.9781062700344632,0.8720672453836702,0.6270936592493641,0.9966717093608126,0.9389295052303208,0.9375730966310934,0.9059320716821884,0.0018520989721803,0.9799817009195464,0.9468939190413416,,,,,,1345.010769844905,0.595485482753412,10757,3629.9196965694414,0.1431865855916457,10,25,128,128,0.001,45
cicids2017,Synaptic,latency,0.9962247843028276,0.9485835929669004,0.9685076760075576,0.996202666718706,0.9906651393436252,0.9485835929669004,0.9998817382974418,0.9886591013011768,0.9886290434347303,0.984165600679044,0.000761076299732,0.9962695310890072,0.9904709767850376,,,,,,150.87613618566618,0.9546237184404012,10757,3986.931043624878,0.1703509985729263,10,25,128,128,0.001,45
cicids2017,Synaptic,delta,0.9406740043545688,0.5791631378580101,0.6247055905469139,0.9348226787448568,0.7335311784429929,0.5791631378580101,0.9873039792122666,0.8143408560975718,0.8026901653012244,0.7257343359594486,0.0065622667462448,0.9407010879356776,0.8282352138617913,,,,,,50.27048372453408,0.984881057526456,10757,4370.209472179413,0.1896921039115987,10,25,128,128,0.001,45
cicids2017,Alpha,rate,0.9883681906872518,0.783509549555841,0.8118001335194445,0.9880688320691632,0.8890508674831346,0.783509549555841,0.9978440880612718,0.9648898770612888,0.9647578586777512,0.9573266225925616,0.0038332436368008,0.9885153840628432,0.9704510956999118,,,,,,318.7741971190135,0.904128061016838,10757,5070.389804840088,0.1508719926533325,10,25,128,128,0.001,46
cicids2017,Alpha,latency,0.9951885429386628,0.7859493248726748,0.7893111727752811,0.9948019760511306,0.8900679201220845,0.7859493248726748,0.9993365684953932,0.9855532802311006,0.9855477564677936,0.9856181333460854,0.0022304374795616,0.9953757729124152,0.9882320506558228,,,,,,157.40734883534714,0.952659443959294,10757,4766.06925702095,0.1571566936861312,10,25,128,128,0.001,46
cicids2017,Alpha,delta,0.943790971276096,0.6035499376944233,0.6308184993320594,0.9420486381496044,0.7160590987876815,0.6035499376944233,0.9861475062736452,0.828777221383571,0.8285048763703515,0.8390677489927911,0.0292244500527181,0.94482956773427,0.8569815075978192,,,,,,166.8095258842495,0.9498317215385716,10757,4909.939608097076,0.1847134681108259,10,25,128,128,0.001,46
ctu13,Alpha,rate,0.9916659732046268,0.992323222129133,0.9915759662509358,0.9916719041060152,0.99092370322412,0.992323222129133,0.9996717904926542,0.983245929339888,0.98315272252568,0.9863578442395624,0.0017113999812961,0.9916659732046268,0.9924467254688272,,,,,,211.84082549721228,0.9348182075393192,5122,1778.453819513321,0.2416730710747258,10,25,128,128,0.001,42
cicids2017,Lapicque,rate,0.9897942001099828,0.8700517046273439,0.8810948767311647,0.9896945955838083,0.8961461761803255,0.8700517046273439,0.999283508422022,0.9692382797347556,0.969088077637114,0.9606919554795748,0.0029108602215186,0.9899190200924846,0.9740573399152114,,,,,,425.2944279653283,0.8720919013638111,10757,4059.338895559311,0.2069921679038038,10,25,128,128,0.001,46
ctu13,Alpha,latency,0.9999084630107348,0.9999138349652634,0.9999073393902288,0.9999084636051082,0.9999008508527922,0.9999138349652634,0.9999999722407814,0.9998146857337464,0.999814678781094,0.9998650775803912,3.740764986439727e-05,0.9999084630107348,0.9999175430837388,,,,,,143.90647000083214,0.95572108615359,5122,1893.736755847931,0.2565356234182006,10,25,128,128,0.001,42
ctu13,Alpha,delta,0.7631688441374719,0.7754842821732129,0.7630044465257011,0.762316729502053,0.779554222539388,0.7754842821732129,0.8339898506619238,0.555023582651238,0.534686644921855,0.663705869125253,0.1127373047788272,0.7631688441374719,0.7567625315157472,,,,,,110.87326703836231,0.9658851486035808,5122,1987.5661368370056,0.2586539666406861,10,25,128,128,0.001,42
ctu13,Lapicque,rate,0.9954439543979362,0.9956900690407512,0.9953907195268784,0.9954452961417536,0.995106490586157,0.9956900690407512,0.9998589495576656,0.9907963877632504,0.990781507478763,0.9934562626489768,0.002076124567474,0.9954439543979362,0.995886072382584,,,,,,549.1229924273945,0.8310390792531094,5122,1143.7175986766815,0.1754441703329112,10,25,128,128,0.001,42
cicids2017,Lapicque,latency,0.997111477197391,0.9637052100840964,0.9774880997374472,0.9971070520633104,0.9932195167912878,0.9637052100840964,0.99974504233498,0.9913472465105484,0.9913470436492604,0.9932274917211616,0.0018271696906862,0.9971986156757412,0.9928921634533509,,,,,,395.4765297218752,0.8810596903092105,10757,4349.462287425995,0.1897193127090449,10,25,128,128,0.001,46
ctu13,Lapicque,latency,0.9999459099608888,0.9999494217926534,0.9999452457493404,0.9999459101867172,0.9999410726145757,0.9999494217926534,0.9999999165120474,0.9998904943723708,0.9998904914988362,0.9999175474102392,1.8703824932198635e-05,0.9999459099608888,0.999951276371664,,,,,,212.18353166347677,0.934712759488161,5122,1212.113264799118,0.1907242656875055,10,25,128,128,0.001,42
ctu13,Lapicque,delta,0.7675376549887659,0.7793406299560676,0.7674325220825772,0.7668877237741859,0.7825377508496391,0.7793406299560676,0.8375052484375399,0.5618692848295185,0.5427678313059232,0.6722134772505809,0.1135322173384457,0.7675376549887659,0.762487777919483,,,,,,185.88715153532496,0.942803953373746,5122,1351.7780117988586,0.1767205578957261,10,25,128,128,0.001,42
ctu13,Leaky,rate,0.997536822834318,0.9974759271671853,0.997506401901674,0.9975367472002656,0.997537032693105,0.9974759271671853,0.999946012736308,0.9950129579839904,0.9950128041840832,0.9980286335357168,0.0030767792013466,0.997536822834318,0.9977818244493905,,,,,,286.9801739202796,0.9116984080245294,5122,1143.1980195045471,0.1913123334357849,10,25,128,128,0.001,42
cicids2017,Lapicque,delta,0.9443820998724716,0.641160336258744,0.6604574025474655,0.943172286871648,0.6880614382914804,0.641160336258744,0.9871171929802584,0.8307054676493806,0.8304411189138804,0.8408311116955779,0.0289077015349105,0.9454312942536884,0.8585754700570386,,,,,,321.9282661915657,0.9031794688145668,10757,4460.446855545044,0.1602991656265092,10,25,128,128,0.001,46
ctu13,Leaky,latency,0.9999958392277608,0.9999962521550108,0.999995788103298,0.9999958392296914,0.9999953240874956,0.9999962521550108,0.9999999999649504,0.999991576242076,0.999991576206596,0.9999925043100216,0.0,0.9999958392277608,0.9999962521409644,,,,,,160.52615045352417,0.9506073383219924,5122,1091.7317261695862,0.1714813696362963,10,25,128,128,0.001,42
ctu13,Leaky,delta,0.7677873013231256,0.7796703772259783,0.7676753439337648,0.767113434974274,0.7829940629641583,0.7796703772259783,0.8383646206713662,0.5626546235192542,0.54332721670177,0.6718162056817331,0.1124754512297765,0.7677873013231256,0.7625752986420721,,,,,,89.71573604060913,0.972395158141351,5122,1034.1350407600405,0.1733552519747567,10,25,128,128,0.001,42
ctu13,LeakyParallel,rate,0.997320462677873,0.9971622409885288,0.9972868526525718,0.997320123436496,0.9974140769065124,0.9971622409885288,0.9999578147502995,0.9945762860114492,0.9945737122392708,0.998598305974065,0.0042738239970073,0.997320462677873,0.9975888277359692,,,,,,297.08638179246066,0.9085888056023198,5250,887.9860713481903,0.1327000045633518,10,25,128,128,0.001,42
ctu13,LeakyParallel,latency,1.0,1.0,1.0,1.0,1.0,1.0,1.0,1.0,1.0,1.0,0.0,1.0,1.0,,,,,,400.3339810268786,0.8768203135301912,5250,917.6138021945952,0.1409328280465817,10,25,128,128,0.001,42
cicids2017,Leaky,rate,0.9904689345436948,0.9086155034805662,0.8888411199053092,0.9904675053802175,0.8732586536243605,0.9086155034805662,0.999408590426036,0.9712991165682372,0.9711799383446912,0.9641648833789616,0.0029636516411532,0.9905607832100638,0.9757542027863308,,,,,,196.4313531310386,0.9409229013139734,10757,3399.3511073589325,0.1427155124928799,10,25,128,128,0.001,46
ctu13,LeakyParallel,delta,0.7683864525255888,0.7801070465563382,0.7682897459235131,0.7677681999310559,0.7831663780868787,0.7801070465563382,0.8387674686185714,0.5632651164415243,0.5443551697083036,0.6737276066261899,0.1135135135135135,0.7683864525255888,0.7635560463832137,,,,,,32.61611883165516,0.9899642711287217,5250,902.9772970676422,0.1560163624901496,10,25,128,128,0.001,42
ctu13,RLeaky,rate,0.9975409836065574,0.9975817672490052,0.9975111191414356,0.997541157164622,0.9974413091775944,0.9975817672490052,0.9999560311504136,0.9950230665130256,0.995022240324644,0.9972116033280864,0.0020480688300757,0.9975409836065574,0.9977837527703092,,,,,,141.4659524007656,0.9564720146459182,21634,1095.056315660477,0.1819077779679902,10,25,128,128,0.001,42
ctu13,RLeaky,latency,0.9997170674877256,0.9997210156483972,0.999713595010212,0.999717069587168,0.9997061835621174,0.9997210156483972,0.999993488991188,0.9994271991004562,0.9994271900229936,0.999685181020913,0.0002431497241185,0.9997170674877256,0.9997451312574024,,,,,,813.4018099359241,0.7497225200197157,21634,1074.1939415931702,0.1827451237785426,10,25,128,128,0.001,42
ctu13,RLeaky,delta,0.7680577515186818,0.7799176995952475,0.7679483288807623,0.767393143701205,0.7832019873753158,0.7799176995952475,0.8382840218155772,0.5631101093992211,0.5438356466131241,0.672273442770407,0.112438043579912,0.7680577515186818,0.762909310525219,,,,,,821.6515311641841,0.747184144257174,21634,1053.364448785782,0.1401601778525446,10,25,128,128,0.001,42
cicids2017,Leaky,latency,0.9976472610845444,0.9841107475870366,0.9842635499733768,0.9976477194052668,0.9844947068270924,0.9841107475870366,0.9998965237523249,0.9929585548726269,0.9929574156213696,0.9953973244706924,0.001737717562972,0.9976978956057478,0.9941642313650924,,,,,,253.86659452228685,0.9236491445045754,10757,3714.493371486664,0.1527943652926098,10,25,128,128,0.001,46
ctu13,RSynaptic,rate,0.9974161604393776,0.9972447289783032,0.9973836746658852,0.9974157953216516,0.997525867916386,0.9972447289783032,0.9999527142392516,0.9947705571673868,0.9947673576422892,0.998800689603478,0.0043112316468717,0.9974161604393776,0.997675210859498,,,,,,160.22134060081552,0.9507011259689798,21634,1032.781664609909,0.1657028329980505,10,25,128,128,0.001,42
ctu13,RSynaptic,latency,0.999975035366564,0.9999775129300652,0.9999747287370448,0.9999750354360576,0.9999719458367622,0.9999775129300652,0.9999999964599986,0.9999494587513303,0.9999494574741216,0.9999550258601304,0.0,0.999975035366564,0.9999775124243856,,,,,,970.0459058001164,0.7015243366768873,21634,1064.1332035064695,0.1693912588876446,10,25,128,128,0.001,42
ctu13,RSynaptic,delta,0.7680494299742032,0.7799083476827814,0.7679400873017539,0.7673850951671057,0.7831910428696492,0.7799083476827814,0.838142976315225,0.5630898219226032,0.5438184579306888,0.672273442770407,0.1124567474048442,0.7680494299742032,0.7629028210766279,,,,,,850.9157818091038,0.7381797594433527,21634,1049.1117203235626,0.1659265232729001,10,25,128,128,0.001,42
cicids2017,Leaky,delta,0.9386403806773956,0.5771885235479762,0.6232628190302609,0.9323364846200372,0.7320852858807662,0.5771885235479762,0.9877589704598292,0.8077077570728928,0.7949370284319892,0.7149688572214186,0.0064816131884697,0.9386450908654146,0.8211475882522552,,,,,,124.44298258525734,0.9625735390721032,10757,3699.2472290992737,0.1721107703268989,10,25,128,128,0.001,46
ctu13,SConv2dLSTM,rate,0.9965007905467256,0.9967079175663088,0.99645954468023,0.9965016475500036,0.9962215516303284,0.9967079175663088,0.9999323680990416,0.99292935007849,0.9929191253935497,0.9948279739149988,0.0014121387823809,0.9965007905467256,0.9968416822830016,,,,,,839.3337355413165,0.9147884532445364,3410,1360.0287070274353,0.1605401114912748,10,25,128,128,0.001,42
ctu13,SConv2dLSTM,latency,0.999987517683282,0.9999887564650326,0.9999873643333466,0.9999875177006574,0.999985972524852,0.9999887564650326,0.9999999951631664,0.9999747289860094,0.9999747286666972,0.9999775129300652,0.0,0.999987517683282,0.999988756338614,,,,,,1009.4828742614628,0.8975144290089885,3410,1353.3322641849518,0.1586845465326226,10,25,128,128,0.001,42
cicids2017,LeakyParallel,rate,0.9887073242246148,0.8804824630234924,0.874933034801044,0.9886299698323532,0.870844288116491,0.8804824630234924,0.9992661249566972,0.9659503956789868,0.9657052848143164,0.9543737372529798,0.0027114259695657,0.988834499301126,0.9711621513120278,,,,,,289.19836485822924,0.9130230481629386,10885,2859.2267186641693,0.1217348611418431,10,25,128,128,0.001,46
ctu13,SConv2dLSTM,delta,0.7683323624864775,0.7800620370164553,0.7682348037626388,0.7677109029296942,0.7831361808539311,0.7800620370164553,0.8387375272170902,0.563189827901788,0.544257391482376,0.6736001798965595,0.1134761058636491,0.7683323624864775,0.7634797310213287,,,,,,616.1589248564534,0.9374457944308168,3410,1264.9736268520355,0.1363475518942057,10,25,128,128,0.001,42
ctu13,SLSTM,rate,0.9942914204876424,0.9943994697204164,0.994223316213464,0.9942924226351472,0.9940524211585936,0.9943994697204164,0.9997737744615232,0.9884518299540882,0.9884466622717056,0.9934187841990856,0.004619844758253,0.9942914204876424,0.9948505457220496,,,,,,276.4811267371224,0.9149288840808854,85762,943.1364541053772,0.1450029230558248,10,25,128,128,0.001,42
ctu13,SLSTM,latency,0.9999916784555214,0.9999925043100216,0.9999915762144136,0.999991678463244,0.9999906482624472,0.9999925043100216,0.9999999995093068,0.9999831525707464,0.9999831524288284,0.9999850086200436,0.0,0.9999916784555214,0.999992504253836,,,,,,384.3048098527087,0.8817523661991665,85762,906.6128611564636,0.1108909690896931,10,25,128,128,0.001,42
cicids2017,LeakyParallel,latency,0.997948713117756,0.9872932180793011,0.989515303632794,0.9979490333397724,0.9918403502069714,0.9872932180793011,0.999904557647934,0.9938602726698536,0.9938593711849334,0.9960369170442456,0.0015206861711409,0.9979981700919548,0.9949247974397096,,,,,,352.7744761976536,0.893902413173638,10885,2600.667591571808,0.1031718392549188,10,25,128,128,0.001,46
ctu13,SLSTM,delta,0.7680535907464425,0.7799130236390144,0.7679442080945325,0.7673891194355487,0.7831965150880708,0.7799130236390144,0.8389552419263907,0.5630999656271829,0.5438270522796549,0.672273442770407,0.1124473954923781,0.7680535907464425,0.7629060657871233,,,,,,60.96270283764667,0.981242245280724,85762,878.5702838897705,0.1501669510337192,10,25,128,128,0.001,42
ctu13,Synaptic,rate,0.9934967129899308,0.994027960598986,0.993424636691394,0.9935004853733976,0.9928829643883412,0.994027960598986,0.9997208742235908,0.9869102607851532,0.9868496726308652,0.989206206431302,0.0011502852333302,0.9934967129899308,0.9941130608693688,,,,,,1366.4550428559542,0.5795522945058602,5122,1002.0195860862732,0.1480875886636337,10,25,128,128,0.001,42
ctu13,Synaptic,latency,0.9999916784555214,0.999991576198778,0.999991576198778,0.9999916784555214,0.999991576198778,0.999991576198778,0.9999999987382172,0.9999831523975556,0.9999831523975556,0.9999925043100216,9.351912466099316e-06,0.9999916784555214,0.9999925043100216,,,,,,221.5286344345511,0.9318373432509074,5122,958.5857517719268,0.1459319767900777,10,25,128,128,0.001,42
cicids2017,LeakyParallel,delta,0.9411462007034666,0.5812366228777577,0.6263009890605992,0.935480905341352,0.7324195433042281,0.5812366228777577,0.98810805409169,0.8158330575625015,0.8047716641733542,0.7298349014310137,0.0070065945281693,0.9411520884384904,0.8301146619800183,,,,,,82.08393084030932,0.975313103506674,10885,2843.2514367103577,0.145284850620097,10,25,128,128,0.001,46
ctu13,Synaptic,delta,0.7680494299742032,0.7799083476827814,0.7679400873017539,0.7673850951671057,0.7831910428696492,0.7799083476827814,0.8387043213385259,0.5630898219226032,0.5438184579306888,0.672273442770407,0.1124567474048442,0.7680494299742032,0.7629028210766279,,,,,,143.3883831239078,0.955880497500336,5122,1050.1731939315796,0.1632717471754847,10,25,128,128,0.001,42
ctu13,Alpha,rate,0.9923400183073978,0.9929053140137865,0.9922558303021088,0.9923447922870264,0.9916780142461898,0.9929053140137865,0.9996360855133378,0.9845825633347224,0.9845122079637428,0.987774529645454,0.0019639016178808,0.9923400183073978,0.9930632745413508,,,,,,208.57622534742447,0.9358226998931002,5122,1720.2817385196686,0.2221742733411526,10,25,128,128,0.001,43
cicids2017,RLeaky,rate,0.9914086170534712,0.8615467043853124,0.8803535809106554,0.9913127894390272,0.905892390098164,0.8615467043853124,0.9994868221993466,0.9741273557051086,0.9740483694949332,0.968271426351214,0.0028170088088349,0.9914875127027885,0.9781733750803892,,,,,,263.53007396172734,0.9207428348987288,27269,4033.026886463165,0.1772399637195331,10,25,128,128,0.001,46
ctu13,Alpha,latency,0.999925106099692,0.99992882634522,0.9999241864925013,0.999925106447107,0.9999195502304954,0.99992882634522,0.999999929865914,0.9998483765326855,0.999848372985268,0.9998950603403044,3.740764986439727e-05,0.999925106099692,0.9999325362617592,,,,,,129.2951027710743,0.960216891455054,5122,1744.404153585434,0.2487431114541519,10,25,128,128,0.001,43
ctu13,Alpha,delta,0.7671548639427478,0.7787443100699656,0.7670672949831664,0.7665696928265752,0.7816089032599451,0.7787443100699656,0.8367064722293238,0.560345891209182,0.5418290117359282,0.6735552057566899,0.1160665856167586,0.7671548639427478,0.7625509164969451,,,,,,80.46246567362903,0.975242318254268,5122,1764.7286541461945,0.2332736134995356,10,25,128,128,0.001,43
ctu13,Lapicque,rate,0.9959307647499376,0.9960626710061616,0.9958822482323908,0.995931493762314,0.995707314534492,0.9960626710061616,0.9998989096185992,0.9917699218775928,0.991764518634306,0.9948654523648902,0.0027401103525671,0.9959307647499376,0.9963292146471092,,,,,,564.692331696763,0.8262485133240729,5122,1161.2417995929718,0.1726893614024343,10,25,128,128,0.001,43
cicids2017,RLeaky,latency,0.99735758452138,0.9776149716627652,0.9804603304686824,0.9973578679883148,0.9841277051920888,0.9776149716627652,0.9998689280705058,0.9920826341868552,0.9920818923374926,0.993263356725286,0.0015338840260496,0.997441190358716,0.993503872863647,,,,,,282.80001130445123,0.9149473650212177,27269,4041.290088653565,0.1613006686375626,10,25,128,128,0.001,46
ctu13,Lapicque,latency,0.9999334276441708,0.999937250146442,0.9999326102155566,0.999933427952984,0.999927973875415,0.999937250146442,0.9999998756092596,0.9998652239788268,0.9998652204313494,0.9999025560302826,2.8055737398297952e-05,0.9999334276441708,0.9999400322326748,,,,,,207.62930847965384,0.9361140589293372,5122,1072.0478246212006,0.1882874490497135,10,25,128,128,0.001,43
ctu13,Lapicque,delta,0.7668844137471915,0.7786482698334551,0.7667817331499134,0.7662425734798906,0.7817884293881416,0.7786482698334551,0.8366610095342192,0.5604279019038664,0.5414552638295571,0.6718761712015591,0.1145796315346488,0.7668844137471915,0.7618881668699556,,,,,,185.99207788965631,0.9427716683416442,5122,1164.12109375,0.1912902017951934,10,25,128,128,0.001,43
ctu13,Leaky,rate,0.9968544561870684,0.9970812429537764,0.9968174744279872,0.9968552726748788,0.996565398909816,0.9970812429537764,0.9999663114895692,0.9936465079653408,0.9936349853326724,0.9950228618544336,0.0008603759468811,0.9968544561870684,0.99716054205102,,,,,,259.9853207955397,0.9200045166782956,5122,1032.3334028720856,0.1786949680779453,10,25,128,128,0.001,43
ctu13,Leaky,latency,0.9999833569110428,0.9999840805087996,0.9999831524288272,0.999983356926488,0.9999822244924954,0.9999840805087996,0.9999999990186136,0.9999663049995724,0.9999663048576568,0.9999775129300652,9.351912466099316e-06,0.9999833569110428,0.9999850085076718,,,,,,141.83254556045603,0.956359216750629,5122,1080.2476949691772,0.1789295396600853,10,25,128,128,0.001,43
cicids2017,RLeaky,delta,0.946916181026656,0.6476542189496521,0.6637336588582049,0.9460821643792576,0.6875357414829504,0.6476542189496521,0.987609518420436,0.8398677848378032,0.8398269588756461,0.86000095640011,0.0304679812707774,0.9479547774848304,0.8668510351143566,,,,,,928.0095958305416,0.7208993696750251,27269,3838.019274950028,0.1702006181337366,10,25,128,128,0.001,46
ctu13,Leaky,delta,0.7667845552134476,0.7786576294568153,0.7666719010455842,0.7661070303080307,0.7819729832740865,0.7786576294568153,0.8373201396992483,0.5606208097815248,0.5413572694191593,0.6708942358144068,0.1135789769007762,0.7667845552134476,0.7615449738150848,,,,,,114.13886577348757,0.9648803489927732,5122,1035.973060131073,0.1817655531610319,10,25,128,128,0.001,43
ctu13,LeakyParallel,rate,0.9976699675459766,0.9977517808958156,0.9976418542088694,0.9976702225179388,0.9975339554242988,0.9977517808958156,0.9999653532357397,0.9952857124837752,0.9952837130984376,0.9970092196986732,0.0015056579070419,0.9976699675459766,0.9978993330382396,,,,,,316.91426728800866,0.9024879177575358,5250,908.8231120109558,0.1579630788574701,10,25,128,128,0.001,43
ctu13,LeakyParallel,latency,0.9999916784555214,0.999991576198778,0.999991576198778,0.9999916784555214,0.999991576198778,0.999991576198778,0.9999999997546534,0.9999831523975556,0.9999831523975556,0.9999925043100216,9.351912466099316e-06,0.9999916784555214,0.9999925043100216,,,,,,345.57406174586004,0.8936695194628123,5250,946.644208908081,0.1741568826147033,10,25,128,128,0.001,43
ctu13,LeakyParallel,delta,0.7678164267288009,0.7794692248861421,0.7677245881432817,0.7672157189772324,0.7824267606487987,0.7794692248861421,0.8380948987157597,0.5618882019961756,0.5431798098108429,0.6737051195562551,0.1147666697839708,0.7678164267288009,0.763105947079525,,,,,,91.1346176250312,0.971958579192298,5250,936.612842321396,0.1527970341325867,10,25,128,128,0.001,43
cicids2017,RSynaptic,rate,0.9904453836036,0.8848354362830113,0.882926981061893,0.990391737362363,0.8821903183613555,0.8848354362830113,0.9994395695918958,0.9712217335631524,0.9710915968217224,0.9634535607971596,0.0028140759521885,0.9905407649109832,0.9756865308889716,,,,,,261.7714993588257,0.9212717295161428,27269,3646.007592201233,0.2047236580347461,10,25,128,128,0.001,46
ctu13,RLeaky,rate,0.9977115752683698,0.9976760297739488,0.997683420252808,0.9977115582665488,0.9976908199034568,0.9976760297739488,0.9999635787487284,0.9953668495675227,0.995366840526402,0.997998650775804,0.0026465912279061,0.9977115752683698,0.9979388088563762,,,,,,127.351564450362,0.9608149032460424,21634,1202.343177318573,0.1973083652751243,10,25,128,128,0.001,43
ctu13,RLeaky,latency,0.9999084630107348,0.9998989851853608,0.9999073366379956,0.9999084622455936,0.9999156997252394,0.9998989851853608,0.9999994459722646,0.9998146847708864,0.9998146732770432,0.9999850086200436,0.0001870382493219,0.9999084630107348,0.9999175529722152,,,,,,904.99568943996,0.7215397878646277,21634,1257.5129029750824,0.2089745006178762,10,25,128,128,0.001,43
ctu13,RLeaky,delta,0.767500208038612,0.7792901933487749,0.7673961669295865,0.7668541624898864,0.7824669065500438,0.7792901933487749,0.8378474528319879,0.5617481177360261,0.5426830430960843,0.6722809384603853,0.1137005517628355,0.767500208038612,0.7624767807121574,,,,,,905.5936631438796,0.7213557959557294,21634,1214.2007460594175,0.1768951191028799,10,25,128,128,0.001,43
cicids2017,RSynaptic,latency,0.99698430212088,0.9813267167553172,0.9866022370937484,0.9969784601932196,0.9920680660604204,0.9813267167553172,0.9998496448643388,0.990950800346836,0.9909431485897692,0.9895632837997776,0.0011144855256192,0.9970490672061402,0.99248805462797,,,,,,241.2316022999848,0.927449142165418,27269,4277.8961861133575,0.1672116701800383,10,25,128,128,0.001,46
ctu13,RSynaptic,rate,0.9964883082300074,0.9967764915983186,0.996447478300454,0.9964894396656088,0.99613667044985,0.9967764915983186,0.99996817405602,0.9929129559016696,0.9928950200356992,0.9941608575069336,0.0006078743102964,0.9964883082300074,0.99682833156712,,,,,,145.25503869518184,0.955306141939944,21634,1156.7881920337677,0.2158862218946488,10,25,128,128,0.001,43
ctu13,RSynaptic,latency,0.9999459099608888,0.9999475655701656,0.999945245546123,0.9999459100863684,0.9999429264197904,0.9999475655701656,0.9999998824439158,0.999890491979194,0.999890491092294,0.9999325387901956,3.740764986439727e-05,0.9999459099608888,0.999951277102112,,,,,,943.1140717317134,0.7098110548517804,21634,1285.5776274204254,0.2155272270425481,10,25,128,128,0.001,43
ctu13,RSynaptic,delta,0.7530706499126237,0.7665915187470094,0.7527086902220448,0.7516663092969191,0.7728659905780411,0.7665915187470094,0.8247695138070322,0.5394210186583653,0.5160949436629176,0.6438722734427704,0.1106892359487515,0.7530706499126237,0.7432477449220187,,,,,,1048.4662852625447,0.6773949891499862,21634,1257.3600013256073,0.2205200120713693,10,25,128,128,0.001,43
ctu13,SConv2dLSTM,rate,0.9969043854539402,0.9969053266175932,0.9968665898427564,0.9969045057309268,0.996828105583933,0.9969053266175932,0.9998993670498624,0.9937334292011804,0.9937331804603744,0.9968967843489992,0.0030861311138127,0.9969043854539402,0.997210725211445,,,,,,1453.9136348506283,0.8523945548374997,3410,1433.9344990253448,0.2222479952148503,10,25,128,128,0.001,43
cicids2017,RSynaptic,delta,0.9390984464622366,0.5778134912597697,0.6237299810291335,0.932872886195442,0.7312740338793742,0.5778134912597697,0.9870694189575102,0.8092366980274245,0.7965762277542323,0.7167202649228305,0.0063467017827369,0.9390984464622366,0.822591544464454,,,,,,370.6359012885897,0.8885305560034317,27269,4640.068933725357,0.2119499064272809,10,25,128,128,0.001,46
ctu13,SConv2dLSTM,latency,0.9999833569110428,0.9999812961750678,0.9999831523350048,0.9999833568801446,0.9999850090695128,0.9999812961750678,0.9999999956889092,0.9999663052376876,0.9999663046700192,1.0,3.740764986439727e-05,0.9999833569110428,0.9999850088447816,,,,,,907.4893983523342,0.9078690966139762,3410,1426.745074748993,0.1847801345789642,10,25,128,128,0.001,43
ctu13,SConv2dLSTM,delta,0.7674169925938255,0.7792208051164558,0.7673115990767634,0.7667659841536353,0.7824202294852665,0.7792208051164558,0.8377514965040244,0.5616319216641815,0.5425325618471522,0.6720860505209505,0.1136444402880389,0.7674169925938255,0.7623594430864067,,,,,,491.25148539568943,0.9501267527517068,3410,1511.890700340271,0.1956397536551485,10,25,128,128,0.001,43
ctu13,SLSTM,rate,0.9942165265873346,0.9940275880226066,0.9941440710515216,0.994215838186568,0.99426285863666,0.9940275880226066,0.999808680066476,0.9882904186552204,0.9882881553479126,0.9957424480923468,0.0076872720471336,0.9942165265873346,0.9947954499502012,,,,,,295.8088957310477,0.9089818782366008,85762,1097.2995841503143,0.1711950213240339,10,25,128,128,0.001,43
ctu13,SLSTM,latency,0.9999542315053674,0.9999522769264122,0.9999536689642696,0.9999542314416426,0.9999550613253126,0.9999522769264122,0.999999978023952,0.999907338247848,0.999907337928554,0.9999700172400868,6.546338726269523e-05,0.9999542315053674,0.9999587741686436,,,,,,462.0528626113007,0.8578298884272921,85762,1127.0326521396637,0.1699930788068572,10,25,128,128,0.001,43
cicids2017,SConv2dLSTM,rate,0.9868503325981516,0.8206132507761273,0.8418658123256255,0.9866511137197173,0.8692010961309571,0.8206132507761273,0.998736686863244,0.960272262571422,0.96001633068922,0.9485875165875643,0.0036279436715552,0.9869586669225868,0.966282146129982,,,,,,917.8150132532916,0.9437785596782056,5869,5092.844782114029,0.1495266346218001,10,25,128,128,0.001,46
ctu13,SLSTM,delta,0.7678122659565615,0.779464548929909,0.7677204641713673,0.7672116924526682,0.7824213142171128,0.779464548929909,0.8381009043105181,0.5618780835230274,0.543171211475134,0.6737051195562551,0.1147760216964369,0.7678122659565615,0.7631027075674344,,,,,,75.21308562869268,0.9768575121142484,85762,1085.7134048938751,0.1657793870471803,10,25,128,128,0.001,43
ctu13,Synaptic,rate,0.9922235166846968,0.9928449236937988,0.9921389011922148,0.9922287595535912,0.9915175630212644,0.9928449236937988,0.999650613468564,0.9843615917768777,0.984278459134266,0.987204857207106,0.001515009819508,0.9922235166846968,0.992954481198756,,,,,,1253.4964799866857,0.6143087753887122,5122,1130.1522011756897,0.1688399885878682,10,25,128,128,0.001,43
ctu13,Synaptic,latency,0.9999833569110428,0.9999831523975556,0.9999831523975556,0.9999833569110428,0.9999831523975556,0.9999831523975556,0.9999999961796026,0.9999663047951112,0.9999663047951112,0.9999850086200436,1.8703824932198635e-05,0.9999833569110428,0.9999850086200436,,,,,,151.82968294915537,0.9532831744771828,5122,1104.2865698337555,0.1898900278298878,10,25,128,128,0.001,43
ctu13,Synaptic,delta,0.767716568195057,0.779357001936549,0.7676256109726279,0.7671190815825288,0.7822960650012342,0.779357001936549,0.837781273453166,0.5616453770030692,0.5429734454728563,0.6737051195562551,0.1149911156831572,0.767716568195057,0.7630282063798629,,,,,,23.981472081218275,0.9926210855134712,5122,1178.5403945446014,0.1589199990155624,10,25,128,128,0.001,43
cicids2017,SConv2dLSTM,latency,0.9975671878882224,0.982377447975044,0.986807120715132,0.9975652781642192,0.9913674377622672,0.982377447975044,0.9998610461538826,0.9927077502804575,0.9927071565809934,0.9933589967362846,0.001337382630743,0.997617822409426,0.9939501598437748,,,,,,1447.4273353406584,0.9113367635319658,5869,4750.901020526886,0.1855675913288962,10,25,128,128,0.001,46
ctu13,Alpha,rate,0.9950029125405676,0.9950969659994366,0.9949430697074788,0.9950036793162068,0.9947931789846745,0.9950969659994366,0.9997077889415869,0.9898900983695684,0.9898861592998672,0.9942433100966944,0.004049378097821,0.9950029125405676,0.9954931797286902,,,,,,200.74199467421155,0.9382332324079348,5122,1818.9020981788635,0.2525763254926716,10,25,128,128,0.001,44
ctu13,Alpha,latency,0.9999292668719314,0.9999325741902092,0.999928398287599,0.9999292671672456,0.999924225293487,0.9999325741902092,0.9999998668118304,0.9998567994488392,0.9998567965754012,0.9999025560302826,3.740764986439727e-05,0.9999292668719314,0.999936284486022,,,,,,142.44309727885496,0.9561713546834292,5122,1802.1933677196505,0.2516857456960564,10,25,128,128,0.001,44
ctu13,Alpha,delta,0.7680244653407673,0.7797735591523325,0.7679247849501121,0.767394863901217,0.7828810146267343,0.7797735591523325,0.8380109343000776,0.5626459927120941,0.5436722644871611,0.6731354471179072,0.1135883288132423,0.7680244653407673,0.7631150710191665,,,,,,97.00161021885664,0.9701533507018902,5122,1856.3351085186005,0.2653564551293855,10,25,128,128,0.001,44
cicids2017,SConv2dLSTM,delta,0.9457975113721602,0.6064171941766435,0.6327209974957915,0.9443249920807132,0.7162679567281337,0.6064171941766435,0.9863512679367225,0.8356725555112061,0.835550248919376,0.851351512905424,0.0297113042560149,0.9468584812234242,0.863237580345535,,,,,,1509.05025064088,0.9075620060863168,5869,5624.437148332596,0.1876606080339769,10,25,128,128,0.001,46
ctu13,Lapicque,rate,0.99523591578597,0.9954915394563678,0.9951803634170509,0.9952373733278742,0.9948855351919836,0.9954915394563678,0.999884282157791,0.990376889243614,0.990360804209142,0.9931714264298028,0.0021883475170672,0.99523591578597,0.9956978015578092,,,,,,536.8527419489058,0.8348145409387983,5122,1139.4464299678802,0.1842799575175859,10,25,128,128,0.001,44
ctu13,Lapicque,latency,0.9999417491886494,0.9999447458364203,0.999941033829196,0.9999417494048354,0.99993732412008,0.9999447458364203,0.9999999037540228,0.9998820699289565,0.9998820676585242,0.9999175474102392,2.8055737398297952e-05,0.9999417491886494,0.9999475285969146,,,,,,237.99505284180745,0.9267707529717516,5122,1145.1478083133698,0.1944622531591521,10,25,128,128,0.001,44
ctu13,Lapicque,delta,0.7681576100524258,0.7799036994156678,0.7680583866565891,0.7675298339465202,0.7830052925612015,0.7799036994156678,0.8379673035381445,0.5629004471204253,0.5439300656737212,0.6732928566074508,0.1134854577761152,0.7681576100524258,0.7632610921574209,,,,,,178.84116251976366,0.9449719499939188,5122,1291.9681558609009,0.1987819565684682,10,25,128,128,0.001,44
cicids2017,SLSTM,rate,0.9877688192618428,0.8562733653523203,0.8773791548194076,0.9875972522370112,0.903899054644242,0.8562733653523203,0.9991494083048206,0.9630677791878998,0.962771409888742,0.9495259841954882,0.0027495531059685,0.9878488924581648,0.9685414564400232,,,,,,254.72043267787143,0.9233923510743244,107141,3957.507088899613,0.1410984606585993,10,25,128,128,0.001,46
ctu13,Leaky,rate,0.9959266039776984,0.9962417610762244,0.9958795142765906,0.9959280463781488,0.995539368744583,0.9962417610762244,0.9999516484535,0.991780881099071,0.9917591179378074,0.9933813057491944,0.0008977835967455,0.9959266039776984,0.9963200054128624,,,,,,264.3821502870933,0.9186516460655098,5122,965.1021468639374,0.1481952430742239,10,25,128,128,0.001,44
ctu13,Leaky,latency,0.9999833569110428,0.9999850086200436,0.9999831524600964,0.9999833569419312,0.9999812968747076,0.9999850086200436,0.9999999984928708,0.9999663054878624,0.9999663049202024,0.9999700172400868,0.0,0.9999833569110428,0.9999850083952986,,,,,,176.74285179329283,0.9456175840636022,5122,1040.7356808185575,0.1700016904057803,10,25,128,128,0.001,44
ctu13,Leaky,delta,0.7681492885079471,0.7799045567268847,0.7680492611526493,0.7675185610187514,0.783020779409842,0.7799045567268847,0.8383757853449174,0.5629167107315584,0.5439219216202678,0.6732104040176898,0.1134012905639203,0.7681492885079471,0.7632324760249671,,,,,,172.68071898144296,0.9468674710826328,5122,1125.9034221172333,0.1803148464403821,10,25,128,128,0.001,44
ctu13,LeakyParallel,rate,0.9959931763335276,0.99630636715227,0.9959468343424438,0.9959945846799626,0.9956090689395948,0.99630636715227,0.9999424409800988,0.9919151909979588,0.9918937552741,0.9934637583389552,0.000851024034415,0.9959931763335276,0.9963802299662832,,,,,,249.1040401098444,0.9233526030431248,5250,832.3138916492462,0.1351284734756585,10,25,128,128,0.001,44
cicids2017,SLSTM,latency,0.9971091221033817,0.9733189951344328,0.9837184947274998,0.9971023807208664,0.994956041161124,0.9733189951344328,0.9998478447877398,0.9913248371958234,0.9913167321633576,0.9896768563128384,0.0010147683996427,0.997151513795552,0.9927477792134984,,,,,,431.1546613786956,0.8703294251492645,107141,3790.9453179836273,0.157830327529531,10,25,128,128,0.001,46
ctu13,LeakyParallel,latency,0.9999958392277608,0.9999953240437668,0.9999957880954796,0.9999958392258296,0.9999962521831034,0.9999953240437668,1.0,0.9999915762264396,0.9999915761909596,1.0,9.351912466099316e-06,0.9999958392277608,0.9999962521690572,,,,,,473.9113963551635,0.8541811088137958,5250,848.4544320106506,0.1401861832742436,10,25,128,128,0.001,44
ctu13,LeakyParallel,delta,0.7686111342265124,0.7803372735230689,0.7685142850727245,0.767992607775673,0.78340349445847,0.7803372735230689,0.8389798703115949,0.5637324292371254,0.5447996408722142,0.6739075031856683,0.1132329561395305,0.7686111342265124,0.7637793937746364,,,,,,104.27241408005324,0.9679161802830604,5250,887.0411932468414,0.1500718752516678,10,25,128,128,0.001,44
ctu13,RLeaky,rate,0.9976824498626944,0.9977472465396364,0.9976544072700696,0.9976826643518728,0.9975630145545048,0.9977472465396364,0.999957221957797,0.9953102440434658,0.9953088178609624,0.9971591334982384,0.0016646404189656,0.9976824498626944,0.9979108765691866,,,,,,131.6603478405592,0.9594891237413664,21634,1183.5257940292358,0.1829838667434117,10,25,128,128,0.001,44
ctu13,RLeaky,latency,0.999950070733128,0.9999494571926668,0.9999494571926668,0.999950070733128,0.9999494571926668,0.9999494571926668,0.9999930501712192,0.9998989143853338,0.9998989143853338,0.9999550258601304,5.611147479659591e-05,0.999950070733128,0.9999550258601304,,,,,,730.8725014562702,0.7751161533980707,21634,1159.8789789676666,0.1883791996296465,10,25,128,128,0.001,44
cicids2017,SLSTM,delta,0.9408164875421414,0.5791188220085728,0.6240496239323321,0.9350704219464734,0.7322619427628188,0.5791188220085728,0.9883119384753304,0.8147394941191184,0.8035574765876952,0.7283166162564109,0.0070476545212184,0.9408200201831556,0.829024674851927,,,,,,68.65816634735518,0.9793509274143292,107141,4082.397723197937,0.1932093963733909,10,25,128,128,0.001,46
ctu13,RLeaky,delta,0.7685528834151618,0.7802736663582941,0.7684564037587069,0.767935657467854,0.7833319026756285,0.7802736663582941,0.8392737108571624,0.563597271672494,0.5446809405928567,0.6738925118057117,0.1133451790891237,0.7685528834151618,0.7637299625372715,,,,,,593.6080552550553,0.8173513676138291,21634,1192.1130590438845,0.1930068135807138,10,25,128,128,0.001,44
ctu13,RSynaptic,rate,0.9975576266955148,0.9976088240751328,0.9975280145131526,0.9975578236972982,0.9974483014120538,0.9976088240751328,0.9999332827512706,0.9950571125394244,0.9950560316792828,0.997144142118282,0.0019264939680164,0.9975576266955148,0.9977985711339046,,,,,,155.52322543063994,0.9521466998674954,21634,1158.537849664688,0.1695328636912247,10,25,128,128,0.001,44
ctu13,RSynaptic,latency,0.9998959806940168,0.9998840292054176,0.9998947002359588,0.9998959795828016,0.99990539026253,0.9998840292054176,0.9999872950403188,0.9997894192397524,0.9997894004738704,0.9999925043100216,0.0002244458991863,0.9998959806940168,0.9999063119512224,,,,,,1026.451323125572,0.68416882365367,21634,1120.037781715393,0.1783807950060707,10,25,128,128,0.001,44
ctu13,RSynaptic,delta,0.7685986519097945,0.7803251018768576,0.7685017581072175,0.767979946455349,0.7833919189495392,0.7803251018768576,0.8392216300769675,0.5637086784877726,0.5447754955379556,0.6738925118057117,0.1132423080519966,0.7685986519097945,0.763765647366655,,,,,,811.9288507947075,0.7501757382170131,21634,1106.6417410373688,0.1602957984160551,10,25,128,128,0.001,44
cicids2017,Synaptic,rate,0.9789572350254292,0.6242084120889696,0.657189744447317,0.9771793362782786,0.775603914469652,0.6242084120889696,0.9975781280296538,0.9359074295627596,0.9348978299165442,0.9090164620368932,0.0038097807836299,0.9790172899226705,0.9446554749739878,,,,,,1425.351571966374,0.5713228354988349,10757,3994.026543617249,0.1711896777839025,10,25,128,128,0.001,46
ctu13,SConv2dLSTM,rate,0.9961471249063826,0.9963884226309888,0.996102003860982,0.9961482102683688,0.9958293996792312,0.9963884226309888,0.9999279930078736,0.992217664831349,0.9922040605486768,0.9941983359568248,0.001421490694847,0.9961471249063826,0.9965213863364863,,,,,,823.276233668969,0.9164186564803076,3410,1419.542075395584,0.174974916064026,10,25,128,128,0.001,44
ctu13,SConv2dLSTM,latency,0.9999292668719314,0.9999335023014532,0.999928398420456,0.9999292672328428,0.9999232988842288,0.9999335023014532,0.9999978359375932,0.9998568011336196,0.999856796841216,0.9998950603403044,2.8055737398297952e-05,0.9999292668719314,0.9999362840084104,,,,,,1483.831888158442,0.849357168714879,3410,1422.5089647769928,0.1774937447646875,10,25,128,128,0.001,44
cicids2017,Synaptic,latency,0.9970396468301024,0.9761902733118673,0.9843278057237704,0.997036721097028,0.9929982016664384,0.9761902733118673,0.9998492871372338,0.9911272904381526,0.9911267751341816,0.9921694740994896,0.0017039897115388,0.9970891038043012,0.9926085396483674,,,,,,199.74637050574464,0.9399259036072948,10757,4118.307286262512,0.167379222075434,10,25,128,128,0.001,46
ctu13,SConv2dLSTM,delta,0.7684197387035033,0.7800349370794202,0.7683318208471734,0.7678345835905271,0.7829285844693008,0.7800349370794202,0.8384818462737522,0.562956084787544,0.5443269573575483,0.6746120980436249,0.1145422238847844,0.7684197387035033,0.7638187542964805,,,,,,1714.8547724057585,0.8259030687912936,3410,1542.9208221435547,0.1996172280957181,10,25,128,128,0.001,44
ctu13,SLSTM,rate,0.991657651660148,0.9923147983279108,0.9915675548343116,0.9916635884835548,0.9909153033690952,0.9923147983279108,0.9997604248711016,0.9832291057006832,0.9831359004812724,0.986350348549584,0.0017207518937622,0.991657651660148,0.9924391835072384,,,,,,289.30395273362734,0.910983399158884,85762,1146.3256316184998,0.1887961335494473,10,25,128,128,0.001,44
ctu13,SLSTM,latency,0.999987517683282,0.9999887564650326,0.9999873643333466,0.9999875177006574,0.999985972524852,0.9999887564650326,0.9999991414270004,0.9999747289860094,0.9999747286666972,0.9999775129300652,0.0,0.999987517683282,0.999988756338614,,,,,,350.45776400099857,0.8921668418458466,85762,1052.8977501392365,0.1642009239184079,10,25,128,128,0.001,44
ctu13,SLSTM,delta,0.768910709827744,0.7805013136804796,0.7688254352583155,0.7683362518531017,0.7833523927453158,0.7805013136804796,0.8391357615962048,0.5638464982584117,0.5452659535496911,0.675301701521625,0.1142990741606658,0.768910709827744,0.76438546775042,,,,,,62.74704169093784,0.98069321794125,85762,1072.1930394172668,0.1734312415728109,10,25,128,128,0.001,44
cicids2017,Synaptic,delta,0.9401323327323918,0.5788677922086806,0.6246882709287023,0.9341094041431628,0.7330013150467778,0.5788677922086806,0.9879781250348612,0.8126329511379066,0.8004354919932868,0.7216696354920081,0.0062733803665777,0.9401323327323918,0.8260674710830884,,,,,,50.483070995486464,0.9848171215051168,10757,3844.831653833389,0.1718049183446358,10,25,128,128,0.001,46
ctu13,Synaptic,rate,0.9840143130565032,0.9855664394357329,0.9838702722037912,0.9840382099362592,0.9826709003004072,0.9855664394357329,0.9996233948889096,0.9682330101336316,0.9677485430217518,0.9714788996327112,0.0003460207612456,0.9840143130565032,0.985394522755957,,,,,,1355.0851044353833,0.5830507370968052,5122,857.6092276573181,0.0852739552030192,10,25,128,128,0.001,44
ctu13,Synaptic,latency,0.9999791961388034,0.9999812607750544,0.9999789405946626,0.9999791961870648,0.999976621312012,0.9999812607750544,0.9999999958992064,0.9999578820763037,0.9999578811893438,0.9999625215501088,0.0,0.9999791961388034,0.9999812604238892,,,,,,189.4813264541899,0.9416980533987108,5122,781.4353582859039,0.1115580084042748,10,25,128,128,0.001,44
ctu13,Synaptic,delta,0.7689148705999833,0.7805059896367126,0.768829560601562,0.7683402799521796,0.7833578328105268,0.7805059896367126,0.8390634787643696,0.563856610545025,0.5452745512523125,0.675301701521625,0.1142897222481997,0.7689148705999833,0.7643887104779763,,,,,,129.2727677456936,0.9602237637705558,5122,766.2748546600342,0.1019941120682594,10,25,128,128,0.001,44
ctu13,Alpha,rate,0.994083381875676,0.9943132415965468,0.9940142548833044,0.9940851269120332,0.9937304137371908,0.9943132415965468,0.9997226383359448,0.9880434834342768,0.9880285988984218,0.9922269694925416,0.0036004862994482,0.994083381875676,0.994657509542845,,,,,,198.4847715736041,0.9389277625927372,5122,1321.7181046009064,0.161792416138866,10,25,128,128,0.001,45
ctu13,Alpha,latency,0.99987517683282,0.9998801397603748,0.9998736446230392,0.9998751776433292,0.9998671565230588,0.9998801397603748,0.9999998480603384,0.99974729619913,0.9997472892469462,0.9998350948204784,7.481529972879454e-05,0.99987517683282,0.9998875587505528,,,,,,138.90324956311892,0.9572605385959634,5122,1335.131872177124,0.1593899457042205,10,25,128,128,0.001,45
ctu13,Alpha,delta,0.7665016227011734,0.7782366440848929,0.7664008844933964,0.7658664128961346,0.781334297626751,0.7782366440848929,0.8364371951923024,0.5595623677040752,0.540680765920855,0.6717262574019939,0.1152529692322079,0.7665016227011734,0.761549868493174,,,,,,57.276187900474326,0.9823765575690848,5122,1357.5970640182495,0.1486238350415474,10,25,128,128,0.001,45
ctu13,Lapicque,rate,0.9954397936256968,0.995620425297444,0.995385919911993,0.9954408516000516,0.9951606979477792,0.995620425297444,0.9998902613953116,0.9907810165873338,0.9907718818677912,0.9939809609474552,0.0027401103525671,0.9954397936256968,0.9958844955127484,,,,,,652.1148872430723,0.79934926546367,5122,834.5133814811707,0.1112563722967119,10,25,128,128,0.001,45
ctu13,Lapicque,latency,0.9999334276441708,0.999938178257686,0.9999326103405936,0.999933428014718,0.999927047594144,0.999938178257686,0.9999998606431152,0.999865225789876,0.9998652206815276,0.9998950603403044,1.8703824932198635e-05,0.9999334276441708,0.9999400317831548,,,,,,187.76903137222268,0.9422249134239314,5122,845.1526424884796,0.0964824060359274,10,25,128,128,0.001,45
ctu13,Lapicque,delta,0.7669634684197387,0.7785746935341973,0.7668738598752782,0.7663702872400252,0.7814747064211445,0.7785746935341973,0.8373638825845904,0.5600418915720448,0.5414739091241678,0.673187916947755,0.1160385298793603,0.7669634684197387,0.7623032916291782,,,,,,154.57669967545976,0.952437938561397,5122,884.3444492816925,0.1038448985368745,10,25,128,128,0.001,45
ctu13,Leaky,rate,0.997486893567446,0.997404037801242,0.9974557470004172,0.9974867623845524,0.9975079056316236,0.997404037801242,0.9999634934031512,0.994911938011016,0.99491149511956,0.9981560602653474,0.0033479846628635,0.997486893567446,0.9977372514348224,,,,,,260.80267121577765,0.9197530242412992,5122,771.9623951911926,0.0967222858389909,10,25,128,128,0.001,45
ctu13,Leaky,latency,0.999975035366564,0.9999775129300652,0.9999747287370448,0.9999750354360576,0.9999719458367622,0.9999775129300652,0.9999999997897028,0.9999494587513303,0.9999494574741216,0.9999550258601304,0.0,0.999975035366564,0.9999775124243856,,,,,,151.49702088707664,0.9533855320347456,5122,790.7429881095886,0.1051890569329608,10,25,128,128,0.001,45
ctu13,Leaky,delta,0.7670716484979612,0.778885603090016,0.7669648146308472,0.7664150748715816,0.782103968059213,0.778885603090016,0.8378547439028786,0.5609803392857194,0.5418661103289106,0.6716587961921895,0.1138875900121574,0.7670716484979612,0.7619752204563042,,,,,,80.96953898643588,0.9750862956964812,5122,799.6788399219513,0.1095171130277892,10,25,128,128,0.001,45
ctu13,LeakyParallel,rate,0.997561787467754,0.9976376309237076,0.997532346172507,0.9975620431669509,0.99742892233339,0.9976376309237076,0.9999675568690526,0.9950665313694784,0.9950646968401629,0.9969492541788472,0.0016739923314317,0.997561787467754,0.9978018845276676,,,,,,285.5778438878256,0.9121298941883612,5250,622.6395652294159,0.0801215594805069,10,25,128,128,0.001,45
ctu13,LeakyParallel,latency,0.9999958392277608,0.9999962521550108,0.999995788103298,0.9999958392296914,0.9999953240874956,0.9999962521550108,0.9999999998247524,0.999991576242076,0.999991576206596,0.9999925043100216,0.0,0.9999958392277608,0.9999962521409644,,,,,,339.5350503453441,0.8955276768168172,5250,662.9068632125854,0.0807795973380413,10,25,128,128,0.001,45
ctu13,LeakyParallel,delta,0.7671756678039444,0.7789839397709639,0.7670695035608108,0.7665216124756072,0.7821924071088269,0.7789839397709639,0.8383346340209565,0.5611671747658528,0.5420645067140398,0.6718087099917548,0.1138408304498269,0.7671756678039444,0.7620966884770567,,,,,,88.0723974369643,0.9729008007886264,5250,618.363498210907,0.089170075280303,10,25,128,128,0.001,45
ctu13,RLeaky,rate,0.9973371057668304,0.9974371035167824,0.997305095080942,0.9973374552764952,0.9971760136160376,0.9974371035167824,0.9999637425000778,0.9946130828642504,0.9946101978858845,0.9965294955400644,0.0016552885064995,0.9973371057668304,0.9975988054056892,,,,,,130.41120079886826,0.9598734766772712,21634,870.3595914840698,0.1158892329643676,10,25,128,128,0.001,45
ctu13,RLeaky,latency,0.9999001414662562,0.9999016987190656,0.9998989149481792,0.9999001417442313,0.99989613246993,0.9999016987190656,0.9999998603977688,0.999797831173501,0.9997978298964856,0.999887564650326,8.416721219489385e-05,0.9999001414662562,0.9999100496975422,,,,,,595.5261046850295,0.8167611985584524,21634,850.2489395141602,0.1071706660984061,10,25,128,128,0.001,45
ctu13,RLeaky,delta,0.7671631854872264,0.7789699119022648,0.7670571397237473,0.7665095399154547,0.7821760127177593,0.7789699119022648,0.8378032655538038,0.5611367655351256,0.542038716830457,0.6718087099917548,0.1138688861872253,0.7671631854872264,0.7620869683519548,,,,,,1251.1228343180494,0.6150391279021387,21634,866.8939862251282,0.1256778324127514,10,25,128,128,0.001,45
ctu13,RSynaptic,rate,0.9979071315636182,0.997944061501586,0.9978816787311549,0.9979072619918732,0.9978199487751068,0.997944061501586,0.9999693604121144,0.9957640025419442,0.9957633588152762,0.9976088748969344,0.0017207518937622,0.9979071315636182,0.9981138796707728,,,,,,126.91001497878004,0.960950764621914,21634,850.1800787448883,0.1238077742551283,10,25,128,128,0.001,45
ctu13,RSynaptic,latency,0.9999667138220854,0.9999700172400868,0.9999663050452549,0.9999667139456202,0.9999625951485908,0.9999700172400868,0.9999997302939568,0.9999326123611322,0.9999326100905852,0.999940034480174,0.0,0.9999667138220854,0.999970016341094,,,,,,813.7290172255971,0.7496218408536625,21634,879.2477622032166,0.1324162880414296,10,25,128,128,0.001,45
ctu13,RSynaptic,delta,0.6859698760089873,0.7167536935690576,0.6728262342218804,0.6656012148221753,0.7898108613271423,0.7167536935690576,0.834941185296057,0.5012686889447138,0.4054178642290292,0.437351023161682,0.0038436360235668,0.6859698760089873,0.6072499063319595,,,,,,781.3575850877922,0.7595822815114486,21634,876.9481024742126,0.1357775763405076,10,25,128,128,0.001,45
ctu13,SConv2dLSTM,rate,0.9968586169593076,0.9966534190703432,0.9968189479529836,0.9968580863444088,0.996989094603249,0.9966534190703432,0.9999357704609292,0.9936424569740928,0.993637910280259,0.998515853384304,0.0052090152436173,0.9968586169593076,0.997174179108388,,,,,,871.7219522343347,0.911500309417834,3410,1028.1691858768463,0.0934445521711876,10,25,128,128,0.001,45
ctu13,SConv2dLSTM,latency,0.9999583922776067,0.9999550966601574,0.9999578807593146,0.99995839216173,0.99996066615123,0.9999550966601574,0.9999893350274308,0.9999157627958764,0.999915761518682,0.9999850086200436,7.481529972879454e-05,0.9999583922776067,0.9999625223928702,,,,,,1148.3830074061746,0.8834128926491194,3410,1047.992411851883,0.0828429745330264,10,25,128,128,0.001,45
ctu13,SConv2dLSTM,delta,0.7670841308146792,0.7788996309587152,0.766977178022415,0.7664271469602368,0.7821203648168193,0.7788996309587152,0.8375807193735575,0.5610107508180179,0.5418919002608231,0.6716587961921895,0.1138595342747591,0.7670841308146792,0.7619849398999111,,,,,,235.63660231338935,0.9760775023032092,3410,1249.9919254779816,0.1243825372269122,10,25,128,128,0.001,45
ctu13,SLSTM,rate,0.9930931180827162,0.993518706169745,0.9930152277839774,0.9930964939427877,0.9925547642303528,0.993518706169745,0.9997942834768446,0.98607299924642,0.9860307514894526,0.9896559478299978,0.0026185354905078,0.9930931180827162,0.9937528225199458,,,,,,280.7625488890738,0.9136115234187464,85762,1040.9867782592771,0.1038946436399269,10,25,128,128,0.001,45
ctu13,SLSTM,latency,0.999987517683282,0.9999878283537886,0.9999873643098938,0.9999875176890742,0.9999869003019092,0.9999878283537886,0.999999874697972,0.9999747286552674,0.999974728619788,0.9999850086200436,9.351912466099316e-06,0.999987517683282,0.9999887564228934,,,,,,381.5607680785554,0.8825966867450599,85762,1080.9807074069977,0.136149345246212,10,25,128,128,0.001,45
ctu13,SLSTM,delta,0.7675168511275693,0.7791863864895099,0.7674231922787658,0.7669089716036012,0.7821726643259093,0.7791863864895099,0.8382854652949379,0.5613511076653115,0.5426085479218763,0.673270369537516,0.1148975965584962,0.7675168511275693,0.7627559793985148,,,,,,67.60874594324707,0.9791973089405394,85762,1065.3180174827576,0.1126093645009322,10,25,128,128,0.001,45
ctu13,Synaptic,rate,0.9930931180827162,0.9936839099711624,0.9930174213410596,0.9930975224327742,0.9924262265654946,0.9936839099711624,0.9996545603948168,0.9861093345125556,0.986035360806658,0.988321715013867,0.0009538950715421,0.9930931180827162,0.9937444415972024,,,,,,1157.6001955562951,0.6438153244442169,5122,1072.281509399414,0.1345621098136409,10,25,128,128,0.001,45
ctu13,Synaptic,latency,0.9999958392277608,0.9999962521550108,0.999995788103298,0.9999958392296914,0.9999953240874956,0.9999962521550108,0.9999999996495048,0.999991576242076,0.999991576206596,0.9999925043100216,0.0,0.9999958392277608,0.9999962521409644,,,,,,155.10498044437048,0.9522753906325014,5122,1072.339276790619,0.109075340284646,10,25,128,128,0.001,45
ctu13,Synaptic,delta,0.7671423816260298,0.7789456040098556,0.7670366158635963,0.7664897153775116,0.7821462819930045,0.7789456040098556,0.8378363418192495,0.5610827569964121,0.5419949074472954,0.6718162056817331,0.1139249976620218,0.7671423816260298,0.7620727917387626,,,,,,39.14235250062411,0.9879561992305772,5122,1071.363109111786,0.1393019304881032,10,25,128,128,0.001,45
ctu13,Alpha,rate,0.9946201214945494,0.9947103992544604,0.9945557045055436,0.9946209518707608,0.9944050616590366,0.9947103992544604,0.9997762344470128,0.9891154137850005,0.98911143067554,0.993891012667716,0.0044702141587954,0.9946201214945494,0.9951479081217188,,,,,,191.59405425647,0.9410479833057016,5122,1391.2768814563751,0.1617567009682602,10,25,128,128,0.001,46
ctu13,Alpha,latency,0.9999542315053674,0.999953205037656,0.9999536690502768,0.9999542314841274,0.9999541330988072,0.999953205037656,0.9999999779889026,0.9999073381360324,0.9999073381005554,0.9999625215501088,5.611147479659591e-05,0.9999542315053674,0.9999587738596288,,,,,,132.71538653574103,0.9591644964505412,5122,1376.3730506896973,0.1908336471795063,10,25,128,128,0.001,46
ctu13,Alpha,delta,0.7680494299742032,0.779788621332316,0.767950639179418,0.7674231174520714,0.7828801793399063,0.779788621332316,0.8366847612959217,0.5626603073960369,0.5437123209864816,0.6732403867776029,0.1136631441129711,0.7680494299742032,0.7631627021722229,,,,,,59.38985603728052,0.9817261981423752,5122,1341.3384063243866,0.1948636235061497,10,25,128,128,0.001,46
ctu13,Lapicque,rate,0.9958142631272364,0.9959141101180016,0.995764101727496,0.9958148883706528,0.9956178898689128,0.9959141101180016,0.9998697255320592,0.9915319557390042,0.9915282192286128,0.9950078704744773,0.0031796502384737,0.9958142631272364,0.9962250557235812,,,,,,603.8372264292252,0.8142039303294691,5122,955.5152776241302,0.1313046527363213,10,25,128,128,0.001,46
ctu13,Lapicque,latency,0.9999583922776067,0.9999569528826452,0.9999578809157036,0.9999583922389872,0.9999588090924004,0.9999569528826452,0.9999999194912566,0.9999157619733228,0.9999157618314134,0.9999700172400868,5.611147479659591e-05,0.9999583922776067,0.9999625218310332,,,,,,209.2417159024715,0.9356179335684705,5122,958.4855651855468,0.1226476963500646,10,25,128,128,0.001,46
ctu13,Lapicque,delta,0.7682657901306482,0.7799937184954338,0.7681682825512787,0.7676444439021193,0.7830656544317626,0.7799937184954338,0.8375765824789154,0.5630509929400451,0.5441256063768245,0.6735477100667117,0.113560273075844,0.7682657901306482,0.7634137742076623,,,,,,174.37157360406093,0.9463472081218274,5122,1027.2611784934998,0.1604309085602469,10,25,128,128,0.001,46
ctu13,Leaky,rate,0.9973246234501124,0.9971984727270552,0.9972912406691906,0.9973243719625756,0.9973854562299332,0.9971984727270552,0.9999453106594072,0.9945839113803768,0.9945824851747964,0.998343452514804,0.0039465070606939,0.9973246234501124,0.9975919496968404,,,,,,262.896001497878,0.9191089226160376,5122,811.0616624355316,0.1102740538242286,10,25,128,128,0.001,46
ctu13,Leaky,latency,0.9999916784555214,0.999991576198778,0.999991576198778,0.9999916784555214,0.999991576198778,0.999991576198778,0.9999999961095034,0.9999831523975556,0.9999831523975556,0.9999925043100216,9.351912466099316e-06,0.9999916784555214,0.9999925043100216,,,,,,151.17640426063076,0.9534841833044212,5122,788.0136759281158,0.1108752954042899,10,25,128,128,0.001,46
ctu13,Leaky,delta,0.7682283431804943,0.7799516348893364,0.7681311758096885,0.7676082099603105,0.7830165512992224,0.7799516348893364,0.8084941913800294,0.5629598431041386,0.5440482389418794,0.6735477100667117,0.1136444402880389,0.7682283431804943,0.7633845892447542,,,,,,166.05089040525922,0.9489074183368432,5122,845.6386158466339,0.1285623629140588,10,25,128,128,0.001,46
ctu13,LeakyParallel,rate,0.9969251893151369,0.9967430841499748,0.9968865014826888,0.9969247402122332,0.99703338407404,0.9967430841499748,0.9999431993465256,0.9937764258231074,0.9937730135232612,0.9983959223446518,0.0049097540447021,0.9969251893151369,0.9972335670513718,,,,,,265.5779853540817,0.9182836968141288,5250,580.9613683223724,0.0678267883284274,10,25,128,128,0.001,46
ctu13,LeakyParallel,latency,1.0,1.0,1.0,1.0,1.0,1.0,1.0,1.0,1.0,1.0,0.0,1.0,1.0,,,,,,281.2722934176583,0.9134546789484128,5250,576.7492308616638,0.0847607640227293,10,25,128,128,0.001,46
ctu13,LeakyParallel,delta,0.768694349671299,0.780464204652511,0.7685938762075717,0.768062618755595,0.7835991236995792,0.780464204652511,0.8383342506843753,0.5640546167475328,0.5450010973045568,0.6736376583464508,0.1127092490414289,0.768694349671299,0.7637720327027349,,,,,,33.648123491720064,0.9896467312333168,5250,606.9257283210754,0.093729250778461,10,25,128,128,0.001,46
ctu13,RLeaky,rate,0.9960181409669636,0.9958202492605376,0.9959680026067124,0.9960175404515484,0.996119444258582,0.9958202492605376,0.9999141718962826,0.991939648396594,0.991936019779474,0.9976163705869124,0.0059758720658374,0.9960181409669636,0.9964176221545926,,,,,,133.06544478655238,0.9590567862195224,21634,919.87517619133,0.1036471412673293,10,25,128,128,0.001,46
ctu13,RLeaky,latency,0.9999209453274528,0.9999139411653036,0.9999199729225898,0.999920944850298,0.9999260107485402,0.9999139411653036,0.9999998711930204,0.999839951840995,0.9998399458456538,0.9999775129300652,0.0001496305994575,0.9999209453274528,0.999928794414484,,,,,,567.2385495547974,0.825465061675447,21634,885.3245148658752,0.0893044096762679,10,25,128,128,0.001,46
ctu13,RLeaky,delta,0.7677914620953649,0.7794504502611831,0.7676990744955754,0.7671886585468108,0.7824178852943955,0.7794504502611831,0.8340977455217528,0.5618604994385349,0.5431364609168516,0.6736301626564726,0.1147292621341064,0.7677914620953649,0.7630663943926265,,,,,,689.4372264292252,0.7878654687910076,21634,998.662157535553,0.1303908024769094,10,25,128,128,0.001,46
ctu13,RSynaptic,rate,0.997624199051344,0.997542566465786,0.9975947519586704,0.9976240739236236,0.9976473950115574,0.997542566465786,0.9999421612849428,0.9951899559562748,0.9951895049939158,0.998283486994978,0.0031983540634059,0.997624199051344,0.9978608864396684,,,,,,177.09778230839643,0.9455083746743396,21634,800.827666759491,0.1026650519480947,10,25,128,128,0.001,46
ctu13,RSynaptic,latency,0.9999583922776067,0.9999569528826452,0.9999578809157036,0.9999583922389872,0.9999588090924004,0.9999569528826452,0.9999968857101031,0.9999157619733228,0.9999157618314134,0.9999700172400868,5.611147479659591e-05,0.9999583922776067,0.9999625218310332,,,,,,969.9333485894982,0.7015589696647697,21634,1045.1214706897736,0.1430546730481478,10,25,128,128,0.001,46
ctu13,RSynaptic,delta,0.7689398352334194,0.78059066015999,0.7688497373245851,0.7683469359281823,0.783535475848866,0.78059066015999,0.8388641290563078,0.5641184497858945,0.5453761697115358,0.6748444644329511,0.1136631441129711,0.7689398352334194,0.764286169061313,,,,,,944.9822293417658,0.7092362371256105,21634,1238.1840903759005,0.1411659592368732,10,25,128,128,0.001,46
ctu13,SConv2dLSTM,rate,0.9962802696180412,0.9964238955474444,0.9962359751940836,0.9962809627802448,0.9960540030537252,0.9964238955474444,0.9999075187616742,0.99247782967245,0.9924719723409932,0.9951203058241512,0.0022725147292621,0.9962802696180412,0.9966442953020134,,,,,,1056.332042107015,0.8927581683140087,3410,1302.489937067032,0.1461045639064751,10,25,128,128,0.001,46
ctu13,SConv2dLSTM,latency,0.9999667138220854,0.9999644485726236,0.9999663046700098,0.9999667137602892,0.9999681613419572,0.9999644485726236,0.9999980269574678,0.9999326099076878,0.9999326093400384,0.9999850086200436,5.611147479659591e-05,0.9999667138220854,0.9999700176895632,,,,,,1940.7234667554296,0.8029722368776213,3410,1314.942634344101,0.1465127096503906,10,25,128,128,0.001,46
ctu13,SConv2dLSTM,delta,0.7676749604726637,0.7795042176241974,0.7675676977984716,0.7670175688787331,0.7827422601685181,0.7795042176241974,0.8366867681612392,0.5622371535844957,0.543059735248645,0.6721385203507982,0.1131300851024034,0.7676749604726637,0.7625745714929605,,,,,,2453.3464383789637,0.7509292955960444,3410,1310.443410396576,0.1528932497288489,10,25,128,128,0.001,46
ctu13,SLSTM,rate,0.993775484729966,0.9936358851212224,0.9936981992101408,0.9937750898234924,0.9937611734689092,0.9936358851212224,0.9997769543991678,0.9873970506413686,0.9873964025061028,0.9949029308147816,0.007631160572337,0.993775484729966,0.9943960802529256,,,,,,261.65441041857366,0.9194909506404388,85762,1013.8323459625244,0.1159910156949641,10,25,128,128,0.001,46
ctu13,SLSTM,latency,0.9999708745943248,0.9999691245288564,0.999970516613626,0.9999708745537726,0.9999719090215868,0.9999691245288564,0.999999998247524,0.9999410335465664,0.9999410332272616,0.9999850086200436,4.675956233049658e-05,0.9999708745943248,0.999973765380046,,,,,,336.0664974619289,0.896594923857868,85762,1007.4550757408142,0.1266453333004963,10,25,128,128,0.001,46
ctu13,SLSTM,delta,0.7687858866605642,0.7804436368941968,0.7686950049686809,0.7681898523236206,0.7834006364011433,0.7804436368941968,0.8387876908236849,0.5638365194645218,0.5450810634196156,0.6746345851135597,0.113747311325166,0.7687858866605642,0.7641100961048664,,,,,,65.13999334276441,0.9799569251253032,85762,1092.576630115509,0.1368799413551037,10,25,128,128,0.001,46
ctu13,Synaptic,rate,0.995260880419406,0.9952393055981028,0.9952029963993954,0.9952610536263896,0.9951669101713696,0.9952393055981028,0.9995446244963904,0.9904062131235388,0.9904059938480296,0.995435124803238,0.0049565136070326,0.995260880419406,0.9957299402791472,,,,,,1196.4959557293837,0.6318473982371129,5122,982.6652426719666,0.130736830826358,10,25,128,128,0.001,46
ctu13,Synaptic,latency,0.9999916784555214,0.9999925043100216,0.9999915762144136,0.999991678463244,0.9999906482624472,0.9999925043100216,0.9999999994392076,0.9999831525707464,0.9999831524288284,0.9999850086200436,0.0,0.9999916784555214,0.999992504253836,,,,,,199.69507364566863,0.9385553619551787,5122,976.4977955818176,0.1229606214791395,10,25,128,128,0.001,46
ctu13,Synaptic,delta,0.7688899059665474,0.780494639901705,0.7688034739719523,0.768310958539011,0.7833678846082729,0.780494639901705,0.8385992362583791,0.5638552039412437,0.5452377331683955,0.6751667791020164,0.1141774992986065,0.7688899059665474,0.7643332640341461,,,,,,88.69018889905966,0.9727107111079816,5122,965.0164551734924,0.1349749814713071,10,25,128,128,0.001,46
