protocol,neuron,encoding,seed,f1_macro,mcc,input_spikes,hidden_spikes,output_spikes,total_spikes,sops,fanout_input,gated,sparsity,inference_ms,params
cicids2017_v2,Alpha,delta,42,0.4800712319050042,0.7489831921468729,37.9610758241603,158.23872917520384,8.20362729443683,204.40343229380096,5650.211351368537,128,False,0.9499421484301832,0.4326610130487455,10757
cicids2017_v2,Alpha,delta,43,0.47894098667309437,0.7444590671925162,37.9610758241603,158.373406788283,7.907630812926564,204.24211342536987,5650.884739433933,128,False,0.9499906653830948,0.4324956354057065,10757
cicids2017_v2,Alpha,delta,44,0.49236245270322365,0.7154654493601313,37.9610758241603,155.70508096765533,8.304137404795885,201.97029419661152,5637.543110330795,128,False,0.9506739192864808,0.44137924578169335,10757
cicids2017_v2,Alpha,delta,45,0.4801114529540794,0.7504358142277769,37.9610758241603,168.40169424465515,8.572593579109498,214.93536364792493,5701.026176715794,128,False,0.946774650278567,0.4035211386488774,10757
cicids2017_v2,Alpha,delta,46,0.4867532831939224,0.7553034719609572,37.9610758241603,159.70442390029532,8.477437154686374,206.14293687914198,5657.539824993994,128,False,0.9494189891563964,0.39295258340311495,10757
cicids2017_v2,Alpha,latency,42,0.7719589949764927,0.9544475659482639,39.90437726970849,145.08391386058867,8.213916050813209,193.20220718111037,5833.17985982563,128,False,0.9538953895003303,0.3836831073011458,10757
cicids2017_v2,Alpha,latency,43,0.7656041457516544,0.9453940357269252,39.90437726970849,142.86250512229932,8.10635659681499,190.87323898882278,5822.072816134183,128,False,0.9545958310619205,0.38333402313830534,10757
cicids2017_v2,Alpha,latency,44,0.7706474604914584,0.9514062126631505,39.90437726970849,149.61553964306404,8.194444248187766,197.7143611609603,5855.837988738007,128,False,0.952538350709398,0.4467852213095382,10757
cicids2017_v2,Alpha,latency,45,0.7750274281202942,0.9591870713248254,39.90437726970849,155.66196003900012,8.165890078989388,203.732227387698,5886.070090717687,128,False,0.950728466129928,0.40779699136346736,10757
cicids2017_v2,Alpha,latency,46,0.7686828095789657,0.9615209664381076,39.90437726970849,151.55170696208793,8.193225494213568,199.64930972601,5865.518825333126,128,False,0.9519564112913379,0.40008602524509845,10757
cicids2017_v2,Alpha,rate,42,0.6976491895558045,0.9155628947666979,369.2022389746923,297.4219184953864,8.244346041345787,674.8685035114245,48744.99618123755,128,False,0.9080702963799302,0.31654021082303246,10757
cicids2017_v2,Alpha,rate,43,0.7066579988458518,0.9228313697808062,369.17566307281436,328.03209032203364,8.394489465726519,705.6022428605745,48894.64532493041,128,False,0.898819073748042,0.3159799251407623,10757
cicids2017_v2,Alpha,rate,44,0.6976990615041977,0.9278691687297015,369.2054289307465,323.3454125393887,8.28874754482895,700.8395890149642,48875.0219658325,128,False,0.9002604029821901,0.3170230064243316,10757
cicids2017_v2,Alpha,rate,45,0.706800404467937,0.9269537036032278,369.2257361980528,320.94975907530136,8.443642343398945,698.619137616753,48865.64302872727,128,False,0.9009343153627969,0.4916021296605692,10757
cicids2017_v2,Alpha,rate,46,0.6947180548656195,0.9145037112081738,369.20114739504584,342.4233810001554,8.250289674857635,719.874818070059,48969.86377156665,128,False,0.8945342343834547,0.3168250003148935,10757
cicids2017_v2,Lapicque,delta,42,0.48121697594370794,0.7487730873456149,37.9610758241603,320.3978401560005,35.35770429142704,393.71662027158783,6461.006906272521,128,False,0.8930058512940068,0.32243308619886624,10757
cicids2017_v2,Lapicque,delta,43,0.47985293279983043,0.7436417240316926,37.9610758241603,341.28484576580144,29.172427192697366,408.41834878265905,6565.441934321525,128,False,0.888584278809474,0.32438402044917797,10757
cicids2017_v2,Lapicque,delta,44,0.5081476767557225,0.7712795591882193,37.9610758241603,287.03443068292614,40.643895985530385,365.6394024926168,6294.189858907149,128,False,0.9014501273177574,0.28671599308358847,10757
cicids2017_v2,Lapicque,delta,45,0.4872191059074128,0.7681726203292457,37.9610758241603,312.40113609066117,29.07769644901016,379.43990836383165,6421.023385945824,128,False,0.8972995992361891,0.25967707776344806,10757
cicids2017_v2,Lapicque,delta,46,0.48229642491165114,0.7593155979597545,37.9610758241603,322.7849588096483,33.5534838700561,394.2995185038647,6472.942499540759,128,False,0.8928305435549762,0.2702781684078363,10757
cicids2017_v2,Lapicque,latency,42,0.7781599478228038,0.9769234857481754,39.90437726970849,292.21456252031254,37.2623341434809,369.381273933502,6568.83310312425,128,False,0.9009092040108891,0.32032969051218724,10757
cicids2017_v2,Lapicque,latency,43,0.7770497515155249,0.9760001116732264,39.90437726970849,328.58534457177575,37.94318133646088,406.43290317794515,6750.6870133815655,128,False,0.8897658568697032,0.30236765490682055,10757
cicids2017_v2,Lapicque,latency,44,0.7792892510889192,0.9740237923028581,39.90437726970849,320.5067985276039,39.50015896790968,399.9113347652221,6710.294283160706,128,False,0.891727230828417,0.2885559416980903,10757
cicids2017_v2,Lapicque,latency,45,0.779137131379126,0.9724368374986815,39.90437726970849,312.3613481891789,34.85264204665885,387.1183675055462,6669.567031468581,128,False,0.8955747397786954,0.2872032622548225,10757
cicids2017_v2,Lapicque,latency,46,0.778753319160676,0.9741142517256842,39.90437726970849,321.33167594568243,40.14795143353728,401.3840046489282,6714.418670251099,128,False,0.8912843225927158,0.3237242891138642,10757
cicids2017_v2,Lapicque,rate,42,0.7405342819400167,0.9421146647628784,369.2022389746923,348.6808295298789,22.98384179513629,740.8669102997075,49001.29073641001,128,False,0.8882211514811984,0.26585603041960765,10757
cicids2017_v2,Lapicque,rate,43,0.7218901287477411,0.9179256322767873,369.17566307281436,383.6841925843236,28.429222187681045,781.2890778448191,49172.90583624186,128,False,0.8760561158580437,0.265982165467527,10757
cicids2017_v2,Lapicque,rate,44,0.7306067676769749,0.9425732593759937,369.2054289307465,398.8126280574828,24.41327594003024,792.4313329282595,49252.358043422966,128,False,0.8727140138353344,0.2676446927953328,10757
cicids2017_v2,Lapicque,rate,45,0.7193456446139177,0.9419036168799412,369.2257361980528,326.79153831479886,22.022133631957495,718.0394081448092,48894.851924924755,128,False,0.8950936324972161,0.325034476170128,10757
cicids2017_v2,Lapicque,rate,46,0.729358820628992,0.9264798220793543,369.20114739504584,343.50594716613205,25.69895893682262,738.4060534980006,48975.27660239653,128,False,0.888960930495352,0.2699654029959982,10757
cicids2017_v2,Leaky,delta,42,0.47948079956118467,0.7416879432554645,37.9610758241603,85.2564487982026,15.048276787859091,138.265801410222,5285.299949483531,128,False,0.9698331652372747,0.27199187500964767,10757
cicids2017_v2,Leaky,delta,43,0.49716046876379993,0.7709765850779031,37.9610758241603,99.76200384349079,28.293239271432405,166.0163189390835,5357.827724709972,128,False,0.9614871449278426,0.26630299534931284,10757
cicids2017_v2,Leaky,delta,44,0.4825310560090548,0.7453823867129225,37.9610758241603,86.01922098659017,14.95249685596801,138.93279366671848,5289.113810425469,128,False,0.9696325660623886,0.22211684646210794,10757
cicids2017_v2,Leaky,delta,45,0.4975197300506074,0.7721320446410747,37.9610758241603,109.43431799234128,19.5856077519818,166.98100156848338,5406.1892954542245,128,False,0.9611970148137374,0.22281538411103397,10757
cicids2017_v2,Leaky,delta,46,0.4812761299730678,0.7540206898557159,37.9610758241603,110.14217383317555,15.618697805536323,163.72194746287215,5409.728574658396,128,False,0.9621771814620416,0.26319443107360474,10757
cicids2017_v2,Leaky,latency,42,0.7843883510280355,0.9832868091329168,39.90437726970849,240.20682784835168,33.14986788000396,313.26107299806415,6308.794429764444,128,False,0.9177874599313216,0.2519837347228007,10757
cicids2017_v2,Leaky,latency,43,0.7825033422419742,0.9801279130645988,39.90437726970849,220.22544299057498,32.689671678277215,292.81949193856065,6208.887505475562,128,False,0.9239353038589918,0.25772865297404585,10757
cicids2017_v2,Leaky,latency,44,0.7846523021091201,0.9838511148041175,39.90437726970849,213.8941344373949,37.33848330483686,291.13699501194026,6177.230962709661,128,False,0.9244413179722611,0.2117537768584593,10757
cicids2017_v2,Leaky,latency,45,0.7838774612367969,0.9832290017209174,39.90437726970849,200.717213751784,35.863957029207704,276.4855480507002,6111.346359281606,128,False,0.9288477681861679,0.21271865089174585,10757
cicids2017_v2,Leaky,latency,46,0.7836619439789778,0.9826303721033317,39.90437726970849,235.91395950204185,35.40424126383021,311.22257803558057,6287.330088032896,128,False,0.918400541123046,0.2635998279772216,10757
cicids2017_v2,Leaky,rate,42,0.7351510768287607,0.9284711352800847,369.2022389746923,182.06841448939508,20.16017429948141,571.4308277635688,48168.22866120759,128,False,0.9391793717928191,0.2500839216317764,10757
cicids2017_v2,Leaky,rate,43,0.743157262775224,0.9349823450980095,369.17566307281436,200.69321666266302,20.765252087778546,590.634131823256,48257.950956633555,128,False,0.9333959492479875,0.25527765294423377,10757
cicids2017_v2,Leaky,rate,44,0.7317353317907493,0.9284482429245481,369.2054289307465,175.53410568186635,24.50549145812432,569.2450260707371,48135.965431544886,128,False,0.9398377151458674,0.2062001381485858,10757
cicids2017_v2,Leaky,rate,45,0.7157450964007592,0.9346468442572073,369.2257361980528,203.13038547951786,19.75639227627916,592.1125139538499,48276.54616074835,128,False,0.9329663826298354,0.2065353670045987,10757
cicids2017_v2,Leaky,rate,46,0.7262472952632946,0.9263796842715166,369.20114739504584,187.2303745283952,19.70639156975512,576.1379134931962,48193.89873920785,128,False,0.9377633786170977,0.24766146266651945,10757
cicids2017_v2,LeakyParallel,delta,42,0.6265222272816318,0.773857726187177,37.9610758241603,65.02868840876656,15.690810948296571,118.68057518122342,5184.161147536351,128,False,0.975723458839981,0.08006456888121743,10885
cicids2017_v2,LeakyParallel,delta,43,0.6351397707439981,0.7673480038234557,37.9610758241603,91.07316939620455,14.097154121154743,143.1313993415196,5314.3835524735405,128,False,0.9683698275135761,0.07939758120743538,10885
cicids2017_v2,LeakyParallel,delta,44,0.6234516509723167,0.7725846308219789,37.9610758241603,75.34279840042957,16.99899850216903,130.3028727267589,5235.731697494666,128,False,0.9722280310067373,0.06509946212582049,10885
cicids2017_v2,LeakyParallel,delta,45,0.6052901313765988,0.7518963486629966,37.9610758241603,73.40686246802979,15.165983693425087,126.53392198561517,5226.052017832667,128,False,0.9733615500266302,0.06528388623605488,10885
cicids2017_v2,LeakyParallel,delta,46,0.6225510188134429,0.7741084990891389,37.9610758241603,99.10145155364637,16.614080670915232,153.6766080487219,5354.52496326075,128,False,0.9651983361730642,0.0664281536663646,10885
cicids2017_v2,LeakyParallel,latency,42,0.7837218496026104,0.9840361472007909,39.90437726970849,348.47041960462917,23.45163842925575,411.82643530359337,6850.112388545832,128,False,0.8881437419446963,0.07123653344175906,10885
cicids2017_v2,LeakyParallel,latency,43,0.779770363653216,0.9757518473112226,39.90437726970849,341.017329268465,24.741189645183624,405.66289618335713,6812.846936865011,128,False,0.8899974379207072,0.06943916775530763,10885
cicids2017_v2,LeakyParallel,latency,44,0.7839072081047407,0.982972078445686,39.90437726970849,389.4353141912419,27.035274979157542,456.374966440108,7054.936861478896,128,False,0.874745687467549,0.07116348829448503,10885
cicids2017_v2,LeakyParallel,latency,45,0.7876239592554525,0.9825771302233847,39.90437726970849,320.95768274244375,23.56701910441012,384.4290791165623,6712.548704234905,128,False,0.8963835483167357,0.07559019165705849,10885
cicids2017_v2,LeakyParallel,latency,46,0.7861356391572694,0.9807845551319164,39.90437726970849,309.83713561022483,23.38573210021337,373.12724498014666,6656.94596857381,128,False,0.8997825961773118,0.07743837192660295,10885
cicids2017_v2,LeakyParallel,rate,42,0.7346193079080144,0.9480274616457388,369.2022389746923,307.4039127301502,18.630609800901524,695.2367615057441,48794.906152411364,128,False,0.9019445045019393,0.07034114945103125,10885
cicids2017_v2,LeakyParallel,rate,43,0.7366889075565485,0.9381188110642537,369.17566307281436,343.9415722279529,21.204734770874254,734.3219700716415,48974.192734460004,128,False,0.890181561804864,0.07029672285460326,10885
cicids2017_v2,LeakyParallel,rate,44,0.7410386019854639,0.9475533092907157,369.2054289307465,339.3353957947689,18.77355374528395,727.3143784707994,48954.9718821094,128,False,0.892298060288706,0.07052286027772138,10885
cicids2017_v2,LeakyParallel,rate,45,0.7029821838118199,0.9439617647661521,369.2257361980528,322.70417838319037,19.607462306942306,711.5373768881855,48874.415125266714,128,False,0.897049130619509,0.07027003724981778,10885
cicids2017_v2,LeakyParallel,rate,46,0.723152386821979,0.9377598985824159,369.20114739504584,262.76579434498154,19.86930011728299,651.8362418573104,48571.57583829078,128,False,0.9149969640714994,0.0712469881953319,10885
cicids2017_v2,RLeaky,delta,42,0.479545210019392,0.747408057225495,37.9610758241603,594.8774657689102,68.51410751882887,701.3526491118993,7833.405034337068,128,False,0.800483737357071,0.2898190659395515,27269
cicids2017_v2,RLeaky,delta,43,0.48273103335545187,0.7671155435311214,37.9610758241603,552.4788307733612,13.268184162557052,603.7080907600786,7621.411859359324,128,False,0.8298505218237839,0.25553725349586254,27269
cicids2017_v2,RLeaky,delta,44,0.4793932028210152,0.7415428464585931,37.9610758241603,1086.9937313654284,16.47483537989798,1141.4296425694865,10293.98636231966,128,False,0.6681297543623079,0.21766074210559902,27269
cicids2017_v2,RLeaky,delta,45,0.4862173313445705,0.7739943059851763,37.9610758241603,1057.7811806723282,15.249869293052043,1110.9921257895405,10147.92360885416,128,False,0.677283894747254,0.21759512469309975,27269
cicids2017_v2,RLeaky,delta,46,0.47851674150918344,0.7427784111656126,37.9610758241603,1024.1583020107673,20.333993344543515,1082.4533711794713,9979.809215546355,128,False,0.6858669788405081,0.2785421407083441,27269
cicids2017_v2,RLeaky,latency,42,0.7694292651784957,0.9514175746626837,39.90437726970849,276.4371087623112,18.871772951433538,335.2132589834532,6489.945834334242,128,False,0.9111852987327084,0.274582627039638,27269
cicids2017_v2,RLeaky,latency,43,0.7737630081961886,0.9599582150486602,39.90437726970849,285.25311047209937,17.240622659639108,342.39811040144696,6534.025842883183,128,False,0.909024441163387,0.25752200882765913,27269
cicids2017_v2,RLeaky,latency,44,0.7820740061301164,0.9799402311105547,39.90437726970849,403.10494001610874,20.184061877375687,463.1933791631929,7123.284990603231,128,False,0.8726950370245159,0.22023748217169545,27269
cicids2017_v2,RLeaky,latency,45,0.7783525834722016,0.9738350990177463,39.90437726970849,346.4397140697198,17.01307246110585,403.3571638005341,6839.958860871286,128,False,0.8906908912689246,0.22082744552449407,27269
cicids2017_v2,RLeaky,latency,46,0.7842143590755095,0.9759753886186383,39.90437726970849,321.34698985431476,14.76399624129209,376.0153633653153,6714.49523979426,128,False,0.8989139891441784,0.2797649670250936,27269
cicids2017_v2,RLeaky,rate,42,0.7278711543871459,0.9244455719097433,369.2022389746923,355.5379844988625,24.835918622560726,749.5761420961155,49035.57651125493,128,False,0.8856018336476923,0.27128863133191405,27269
cicids2017_v2,RLeaky,rate,43,0.7299784774792389,0.9272804498588391,369.17566307281436,225.3988681484831,18.18267709025138,612.7572083115489,48381.47921406265,128,False,0.9267423924094031,0.2648255815070576,27269
cicids2017_v2,RLeaky,rate,44,0.7307730768808598,0.9286537386252834,369.2054289307465,300.54520340827196,19.175445816671143,688.9260781556897,48761.02092017691,128,False,0.9038434137669344,0.2165277194521322,27269
cicids2017_v2,RLeaky,rate,45,0.7234572802084516,0.9303357572385579,369.2257361980528,346.3778472918933,24.361365852279953,739.9649493422261,48992.78346981023,128,False,0.8884994847686697,0.2164426239232628,27269
cicids2017_v2,RLeaky,rate,46,0.7195374544186554,0.9183772582360071,369.20114739504584,242.05660494001611,20.352809846119065,631.6105621811811,48468.02989126595,128,False,0.9210798752522902,0.2577336853717416,27269
cicids2017_v2,RSynaptic,delta,42,0.48553046951321754,0.7665879003508769,37.9610758241603,1020.0701278101994,14.295593762805748,1072.3267973971654,9959.368344543514,128,False,0.6889125649404496,0.3064317813850328,27269
cicids2017_v2,RSynaptic,delta,43,0.4786385335863634,0.7390442912904994,37.9610758241603,515.2388139580889,16.492888835507074,569.6927786177564,7435.211775282963,128,False,0.840080690889144,0.2608444348450768,27269
cicids2017_v2,RSynaptic,delta,44,0.4951940148343109,0.7662702693363997,37.9610758241603,648.0840304370557,13.119685172886433,699.1647914341025,8099.437857677797,128,False,0.8011417396661829,0.25279158573546556,27269
cicids2017_v2,RSynaptic,delta,45,0.4828042198977228,0.7517987782409954,37.9610758241603,764.7529179442977,19.46160395088245,822.1755977193404,8682.782295214007,128,False,0.7641460084525774,0.26766497946430345,27269
cicids2017_v2,RSynaptic,delta,46,0.4797616086563128,0.7474233495286885,37.9610758241603,356.50765872062624,15.931392982803205,410.40012752758975,6641.555999095649,128,False,0.8879882551267881,0.3129261979973347,27269
cicids2017_v2,RSynaptic,latency,42,0.7733317130879845,0.9717103939006155,39.90437726970849,269.05073195890856,17.04343003292402,325.99853926154105,6453.0139503172295,128,False,0.9139566430099751,0.2943753482787771,27269
cicids2017_v2,RSynaptic,latency,43,0.7765376409202063,0.959210519885528,39.90437726970849,258.17307896112703,15.527095197049556,313.6045514278851,6398.625685328322,128,False,0.9176841581479168,0.2211474158980207,27269
cicids2017_v2,RSynaptic,latency,44,0.7730646366559836,0.9602227571736794,39.90437726970849,238.36381925701932,16.739914369285987,295.0081108960138,6299.5793868077835,128,False,0.9232770725935924,0.2173119497797128,27269
cicids2017_v2,RSynaptic,latency,45,0.777052664007436,0.9600455100070115,39.90437726970849,272.8834394296938,15.640545295256398,328.4283619946587,6472.177487671155,128,False,0.9132258692556541,0.21735261534318506,27269
cicids2017_v2,RSynaptic,latency,46,0.7827495243227501,0.9769323816773858,39.90437726970849,298.4805811866778,15.955835182071246,354.3407936384575,6600.163196456076,128,False,0.9054326567312033,0.30051491052629475,27269
cicids2017_v2,RSynaptic,rate,42,0.7325866875621028,0.9288737937147274,369.2022389746923,253.74510555469203,17.799975978182538,640.7473205075669,48526.612116534074,128,False,0.9183323063059023,0.28747488076171845,27269
cicids2017_v2,RSynaptic,rate,43,0.7120216700881766,0.9354662936947584,369.17566307281436,233.80312177648406,19.271478330907602,622.250263180206,48423.50048220266,128,False,0.9238873383135664,0.21583888780338126,27269
cicids2017_v2,RSynaptic,rate,44,0.7392104250053578,0.9317694182264455,369.2054289307465,252.22709978945585,19.329390340403283,640.7619190606056,48519.430402082835,128,False,0.9183288751489146,0.2113887402054838,27269
cicids2017_v2,RSynaptic,rate,45,0.7229040785273221,0.9421141919197582,369.2257361980528,160.51607872090887,18.143570984470603,547.8853859034323,48063.47462695531,128,False,0.9462677745246979,0.21127314202976075,27269
cicids2017_v2,RSynaptic,rate,46,0.7114547300669132,0.9264317460771786,369.20114739504584,171.4956372140344,17.139312410801338,557.8360970198815,48115.225052636044,128,False,0.9432676843233577,0.28567561413441356,27269
cicids2017_v2,SConv2dLSTM,delta,42,0.47895011162728196,0.7401492243502235,37.9610758241603,1545.1391481439614,48.109830928796505,1631.210054896918,18658.485578077973,288,True,0.9024043504396473,0.33809403921794456,5869
cicids2017_v2,SConv2dLSTM,delta,43,0.4799383002392264,0.7477957485048339,37.9610758241603,2286.968428973138,16.943714762113355,2341.8732195594116,22367.631982223855,288,True,0.8588721504603215,0.26614721632055666,5869
cicids2017_v2,SConv2dLSTM,delta,44,0.4792193193690492,0.7454758175466458,37.9610758241603,3124.591478966779,30.861591939973717,3193.414146730913,26555.74723219206,288,True,0.8067103785049462,0.2547789073795264,5869
cicids2017_v2,SConv2dLSTM,delta,45,0.4794742107628808,0.7459989111853425,37.9610758241603,4593.475495979878,58.996465613474825,4690.433037417513,33900.167317257554,288,True,0.7150093744812647,0.24480948624176102,5869
cicids2017_v2,SConv2dLSTM,delta,46,0.47928703098473413,0.7454032977184034,37.9610758241603,802.0758170950558,38.63966214020263,878.6765550594187,14943.168922833444,288,True,0.9485013488982996,0.2669368567915011,5869
cicids2017_v2,SConv2dLSTM,latency,42,0.7773346700476289,0.9607454369746609,39.90437726970849,1751.5647370317513,18.217770139467845,1809.6868844409275,20250.2843388348,288,True,0.891590658059956,0.3234768496986922,5869
cicids2017_v2,SConv2dLSTM,latency,43,0.773066017531993,0.9534591630622941,39.90437726970849,2155.915932470432,23.524841385352342,2219.345151125493,22272.040316028204,288,True,0.8664967366703961,0.2664475300223472,5869
cicids2017_v2,SConv2dLSTM,latency,44,0.7701830354549559,0.9475053062968666,39.90437726970849,1949.6743983947774,21.619960717263208,2011.198736381749,21240.83264564993,288,True,0.8792468999012533,0.26462351663201344,5869
cicids2017_v2,SConv2dLSTM,latency,45,0.7757588710387917,0.9655478618701283,39.90437726970849,1959.6649768966638,21.617032175104917,2021.1863863414771,21290.78553815936,288,True,0.878635098984884,0.2692577653402263,5869
cicids2017_v2,SConv2dLSTM,latency,46,0.779144489649954,0.9639262707245704,39.90437726970849,1526.562615693312,14.707193474543939,1581.1741864375645,19125.273732142607,288,True,0.9055883730984468,0.3327697995144656,5869
cicids2017_v2,SConv2dLSTM,rate,42,0.7176978444576598,0.9187512634915049,369.2022389746923,891.545351778321,19.567803346097868,1280.3153940991112,110787.971583603,288,True,0.9441890869755333,0.31671395614324427,5869
cicids2017_v2,SConv2dLSTM,rate,43,0.6970080685482042,0.9127287589378444,369.17566307281436,947.6864057708884,20.71751755712247,1337.5795864008253,111061.02299382498,288,True,0.940679698417886,0.29505234263323254,5869
cicids2017_v2,SConv2dLSTM,rate,44,0.6906952624479633,0.9036461411943774,369.2054289307465,869.8776406336108,21.570382158854866,1260.6534517232121,110680.55173522305,288,True,0.9453936892623298,0.271885407161493,5869
cicids2017_v2,SConv2dLSTM,rate,45,0.6930243410191501,0.9060502645883503,369.2257361980528,1018.485825361387,20.83220053978437,1408.5437620992243,111429.44115184614,288,True,0.9363358023950278,0.28551512655012296,5869
cicids2017_v2,SConv2dLSTM,rate,46,0.6791601658926864,0.9092522033511918,369.20114739504584,1056.5040660458676,22.957403665446733,1448.6626171063601,111612.45078000255,288,True,0.9338767859288628,0.3215453367133959,5869
cicids2017_v2,SLSTM,delta,42,0.480000081405338,0.7478825315630568,37.9610758241603,52.241685978323844,12.868310983622772,103.07107278610691,19697.27925186169,512,True,0.9804180460264822,0.2913872633939964,107141
cicids2017_v2,SLSTM,delta,43,0.47943575196875887,0.7414059171441189,37.9610758241603,62.11714345264169,13.655682572877955,113.73390184967994,19746.65653923328,512,True,0.9772111801427008,0.23512165323290407,107141
cicids2017_v2,SLSTM,delta,44,0.4840314672772781,0.7560393317693772,37.9610758241603,48.995573626870524,13.717814297220535,100.67446374825136,19681.048690104424,512,True,0.9811388306995215,0.22773065285572916,107141
cicids2017_v2,SLSTM,delta,45,0.4983750942812087,0.7754859275761671,37.9610758241603,54.2974589862793,13.653239765999237,105.91177457643883,19707.55811690147,512,True,0.9795636996233749,0.23182965574501838,107141
cicids2017_v2,SLSTM,delta,46,0.4794635288823786,0.7463553586998927,37.9610758241603,53.52069762184007,14.16123585185604,105.64300929785641,19703.674310079274,512,True,0.9796445312861064,0.28425087159838447,107141
cicids2017_v2,SLSTM,latency,42,0.7798026091434547,0.9755769962764789,39.90437726970849,466.685840551654,41.89859966934675,548.4888174907092,22764.470364849014,512,True,0.8470422736177441,0.26329071537020465,107141
cicids2017_v2,SLSTM,latency,43,0.7785065959743896,0.9742093330248379,39.90437726970849,360.05024092469864,39.06409232856194,439.0187105229691,22231.29236671424,512,True,0.8799656140591697,0.21418431250617712,107141
cicids2017_v2,SLSTM,latency,44,0.7814187183295616,0.9769524984676575,39.90437726970849,386.06554600178043,42.51262911726886,468.48255238875777,22361.368892099646,512,True,0.8711043082348724,0.20412415365842698,107141
cicids2017_v2,SLSTM,latency,45,0.7800224777129586,0.9750002088779579,39.90437726970849,411.7587397024121,36.42899080105696,488.09210777317753,22489.834860602805,512,True,0.8652066975929417,0.20778717403637992,107141
cicids2017_v2,SLSTM,latency,46,0.7708480554566418,0.9708352027912046,39.90437726970849,350.0161352428323,39.78943463946078,429.7099471520016,22181.12183830491,512,True,0.8827652421406638,0.2741381728342058,107141
cicids2017_v2,SLSTM,rate,42,0.7262094908948844,0.9222806707822205,369.2022389746923,262.39275494920093,19.902653351043536,651.4976472749368,190343.51012978845,512,True,0.9150991253232348,0.26136184028776743,107141
cicids2017_v2,SLSTM,rate,43,0.7140369841668331,0.9151811085057519,369.17566307281436,228.12020270174793,22.088342000028263,619.3842077745905,190158.5405067897,512,True,0.9247493098641275,0.21124666572218487,107141
cicids2017_v2,SLSTM,rate,44,0.7240791401654203,0.9303319035881852,369.2054289307465,247.48833352173975,23.05380357218556,639.7475660246719,190270.62128015092,512,True,0.9186339437311503,0.2002187511091455,107141
cicids2017_v2,SLSTM,rate,45,0.7135454863431728,0.9396700761876919,369.2257361980528,246.6104650341251,22.036732184996257,637.8729334171742,190276.62925857367,512,True,0.9192038504604146,0.20011247866120263,107141
cicids2017_v2,SLSTM,rate,46,0.710821692534582,0.9255612384015006,369.20114739504584,247.9852283485707,21.120075527420198,638.3064512710367,190270.91360800632,512,True,0.9190660740222584,0.2601818306213044,107141
cicids2017_v2,Synaptic,delta,42,0.46353975856749613,0.6726177587276713,37.9610758241603,213.2696749282878,17.816623450946036,269.04737420339416,5925.3660801339565,128,False,0.930500361389704,0.3093325927023765,10757
cicids2017_v2,Synaptic,delta,43,0.5011547036766432,0.7861706343635136,37.9610758241603,83.28793504217948,17.41825693453348,138.66726780087328,5275.457380703416,128,False,0.9697124234656502,0.16016511203633968,10757
cicids2017_v2,Synaptic,delta,44,0.48399589168566715,0.7563884784538194,37.9610758241603,288.6994941287852,23.186992185844083,349.84756213878956,6302.515176136444,128,False,0.9061995529880814,0.15755007900330806,10757
cicids2017_v2,Synaptic,delta,45,0.48452672418141446,0.7627799710777102,37.9610758241603,69.50512936455227,17.621488575506223,125.0876937642188,5206.54335231528,128,False,0.9737965058826892,0.11598751359288502,10757
cicids2017_v2,Synaptic,delta,46,0.4851308369517732,0.7690720478675077,37.9610758241603,46.63098602495443,20.130519719086042,104.72258156820077,5092.17263561729,128,False,0.9799213516559276,0.0589094293511861,10757
cicids2017_v2,Synaptic,latency,42,0.7842364201809829,0.983189788610291,39.90437726970849,169.83712147974396,18.336801777614493,228.07830052706694,5956.945897921406,128,False,0.9434063388699674,0.28685765781601225,10757
cicids2017_v2,Synaptic,latency,43,0.7795013234877478,0.9723127383869222,39.90437726970849,138.84503631533582,24.031207166979893,202.7806207520242,5801.985472099365,128,False,0.9510146636143412,0.23474595716147872,10757
cicids2017_v2,Synaptic,latency,44,0.7747694368023577,0.9593317033988009,39.90437726970849,139.6919943760686,20.778607158501604,200.3749788042787,5806.22026240303,128,False,0.9517381649520089,0.23216348984779545,10757
cicids2017_v2,Synaptic,latency,45,0.7742457545061024,0.9561462313784856,39.90437726970849,151.0785725388235,18.78166110867753,209.76461091720952,5863.153153216804,128,False,0.9489142154443606,0.2526428091091266,10757
cicids2017_v2,Synaptic,latency,46,0.7831606991281258,0.9776137155180774,39.90437726970849,102.4815455919965,19.27734954570504,161.66327240741003,5620.168018482669,128,False,0.9633807834172327,0.28950634558767596,10757
cicids2017_v2,Synaptic,rate,42,0.6796880764454013,0.8944163793233619,369.2022389746923,1095.5116558803995,18.76832899998587,1483.4822238550778,52735.444868162616,128,False,0.6648782000359743,0.2846666285033163,10757
cicids2017_v2,Synaptic,rate,43,0.6333605549757704,0.874491104204645,369.17566307281436,946.7622988172787,17.484467068914356,1333.4224289590074,51988.296367406634,128,False,0.7100009726658065,0.22346305874793515,10757
cicids2017_v2,Synaptic,rate,44,0.5475178515032069,0.8723508789368545,369.2054289307465,1764.0445604713927,31.904336644576016,2165.1543260467156,56078.517705492515,128,False,0.4598649933485808,0.2210637201758409,10757
cicids2017_v2,Synaptic,rate,45,0.5948989429159518,0.8594359855473317,369.2257361980528,1611.432359154432,25.77604777515579,2006.4341431276407,55318.05602912292,128,False,0.5076064941565149,0.2379411490047857,10757
cicids2017_v2,Synaptic,rate,46,0.5625002061550323,0.8994797653832781,369.20114739504584,1233.488224010513,29.491767228588788,1632.1811386341478,53425.18798661843,128,False,0.6201563936123002,0.26735928467650816,10757
ctu13_v2_f0,Alpha,delta,42,0.5928092303238337,0.34471988469022824,21.362458578476456,37.58959815288146,4.511924731566564,63.46398146292448,2809.5738943507495,128,False,0.9870456852663236,0.49184065938877275,3586
ctu13_v2_f0,Alpha,delta,43,0.4599971806778522,0.27345024368569454,21.362458578476456,60.670791202576304,3.7856705550964604,85.81892033614922,2855.736280450139,128,False,0.9801672425361007,0.46694182136842227,3586
ctu13_v2_f0,Alpha,delta,44,0.5927764110487961,0.3445410375795668,21.362458578476456,44.473170383507714,3.3838563815914102,69.21948534357558,2823.341038812002,128,False,0.9852747609953542,0.4898669378062001,3586
ctu13_v2_f0,Alpha,delta,45,0.5927341267827433,0.3447043734016799,21.362458578476456,62.091801352393865,4.237067012955637,87.69132694382596,2858.5783007497744,128,False,0.9795911174260463,0.4676837497354819,3586
ctu13_v2_f0,Alpha,delta,46,0.5957963372446997,0.34791022333786126,21.362458578476456,55.44962017114948,3.1649173765865095,79.97699612621244,2845.2939383872854,128,False,0.9819647576776197,0.4929918220476808,3586
ctu13_v2_f0,Alpha,latency,42,0.9962665448907427,0.9925555199449847,22.232778666988796,114.8718520328462,6.463451596873516,143.56808229670852,3075.5393734402583,128,False,0.9626660604216247,0.43140580323899574,3586
ctu13_v2_f0,Alpha,latency,43,0.9967343824082442,0.9934842969340733,22.232778666988796,102.26807378590667,6.778859168192662,131.27971162108813,3050.331816946379,128,False,0.9664470975525848,0.4597154801272103,3586
ctu13_v2_f0,Alpha,latency,44,0.9949245433238549,0.9898826126828982,22.232778666988796,100.05863118851975,6.4316925788553245,128.72310243436388,3045.9129317516054,128,False,0.9672337465331153,0.43081575157098145,3586
ctu13_v2_f0,Alpha,latency,45,0.9897665325599148,0.97972511311724,22.232778666988796,108.0387104213396,6.512819738471295,136.7843088267997,3061.873090217245,128,False,0.9647533753354428,0.43106921388243613,3586
ctu13_v2_f0,Alpha,latency,46,0.9906451816873179,0.9814480190076906,22.232778666988796,100.4322800987253,6.531768626988027,129.19682739270212,3046.6602295720163,128,False,0.9670879850074728,0.45966306041430227,3586
ctu13_v2_f0,Alpha,rate,42,0.9799043826263389,0.960374254863045,309.0388916190565,172.270105396672,6.256139445370261,487.56513646109875,39901.518338032576,128,False,0.94506884774091,0.45065174167767835,3586
ctu13_v2_f0,Alpha,rate,43,0.9732108123071005,0.9476410511554515,309.1090288626,174.4549874671579,6.346554360687783,489.91057069044564,39914.86566934711,128,False,0.9443687563606629,0.49169705173514433,3586
ctu13_v2_f0,Alpha,rate,44,0.9774746600723494,0.9557306978940073,309.0532062386923,181.81213091260506,5.956136425408313,496.82147357670567,39922.434660377825,128,False,0.9422251485113805,0.4506551748402851,3586
ctu13_v2_f0,Alpha,rate,45,0.9811362988537251,0.9627585321803823,309.0340102623798,175.75921019758786,6.667968910864451,491.46118937083213,39907.87173397979,128,False,0.9438685602743223,0.4506651666853171,3586
ctu13_v2_f0,Alpha,rate,46,0.9760386867219136,0.9529681976131869,309.0466529212641,168.36162397081068,6.485942077129828,483.89421896920464,39894.69482186343,128,False,0.946200748908326,0.49545195371564904,3586
ctu13_v2_f0,Lapicque,delta,42,0.6700747532900377,0.4429194173044489,21.362458578476456,94.71190661179487,14.120935748936835,130.19530093920815,2923.818511268576,128,False,0.9665129715813133,0.3368106027800884,3586
ctu13_v2_f0,Lapicque,delta,43,0.4560483038566191,0.2694847226406071,21.362458578476456,92.47330765450538,16.342087562423988,130.1778537954058,2919.341313353997,128,False,0.9665183399332525,0.3368719748981391,3586
ctu13_v2_f0,Lapicque,delta,44,0.6695003932201856,0.441090949405937,21.362458578476456,102.97819312931203,16.583124452631896,140.92377616042037,2940.3510843036106,128,False,0.9632119022824788,0.3497767546543706,3586
ctu13_v2_f0,Lapicque,delta,45,0.6696580978326081,0.441621748488686,21.362458578476456,102.51757755125013,16.1254629464396,140.0054990761662,2939.4298531474865,128,False,0.9634944490776339,0.3328864128278328,3586
ctu13_v2_f0,Lapicque,delta,46,0.669466307024084,0.4409912691185141,21.362458578476456,157.1833775803516,22.731168478186266,201.2770046370143,3048.7614532056896,128,False,0.9446416781358346,0.2913174927808207,3586
ctu13_v2_f0,Lapicque,latency,42,0.9888664154990428,0.9779693468361942,22.232778666988796,221.40618488207048,29.70730254253342,273.3462660915927,3288.6080391387068,128,False,0.9227343115616603,0.4430972411468682,3586
ctu13_v2_f0,Lapicque,latency,43,0.9704525807720373,0.9425402932249809,22.232778666988796,199.14176250470152,29.649085912426596,251.02362708411692,3244.079194383969,128,False,0.9296028158716529,0.34314400297323955,3586
ctu13_v2_f0,Lapicque,latency,44,0.9687968990436109,0.9394372638267611,22.232778666988796,182.21285789980865,29.683024793887597,234.12866136068504,3210.221385174183,128,False,0.9348012668634781,0.3331714170343678,3586
ctu13_v2_f0,Lapicque,latency,45,0.9924215610820697,0.9849495990573366,22.232778666988796,201.7226906213709,30.332107960894238,254.28757724925393,3249.241050617308,128,False,0.9285985235131492,0.25061864544974477,3586
ctu13_v2_f0,Lapicque,latency,46,0.986830238677276,0.9739820081155188,22.232778666988796,190.52773835049678,28.137287470177874,240.89780448766345,3226.8511460755594,128,False,0.9327184535936386,0.23869743896159798,3586
ctu13_v2_f0,Lapicque,rate,42,0.9757668401889583,0.9525295124199081,309.0388916190565,447.58875530895585,22.542297312508406,779.1699442405207,40452.15563785715,128,False,0.8553442915010879,0.42458196742183474,3586
ctu13_v2_f0,Lapicque,rate,43,0.9840876178267367,0.9685302306483574,309.1090288626,430.0843255738614,19.570256669311423,758.7636111057728,40426.12434556052,128,False,0.8616447439251775,0.42405237607101104,3586
ctu13_v2_f0,Lapicque,rate,44,0.9816928452887411,0.9639033442402134,309.0532062386923,402.8048363317895,19.88280076761942,731.7408433381012,40364.42007121619,128,False,0.8699422655078741,0.36959102387108766,3586
ctu13_v2_f0,Lapicque,rate,45,0.9903500196194351,0.9807419542818976,309.0340102623798,385.0526269550822,19.915770515836954,714.0024077332989,40326.458567494774,128,False,0.8753943392397172,0.3682509986498174,3586
ctu13_v2_f0,Lapicque,rate,46,0.9797866868735664,0.9602378756920694,309.0466529212641,443.9692595327844,21.39086269331188,774.4067751473605,40445.910092987375,128,False,0.8568122700842781,0.3663643367035683,3586
ctu13_v2_f0,Leaky,delta,42,0.6695819314427469,0.441550789197412,21.362458578476456,95.01497352042455,27.6643257385866,144.0417578374876,2924.4246450858354,128,False,0.9622525233049196,0.30088320476804603,3586
ctu13_v2_f0,Leaky,delta,43,0.5959285145428118,0.34859921362344304,21.362458578476456,127.01283209286109,32.66296950112974,181.0382601724673,2988.4203622307086,128,False,0.9508689841249259,0.3064302837397705,3586
ctu13_v2_f0,Leaky,delta,44,0.5960741482304515,0.3489886418963122,21.362458578476456,44.519208330702305,12.824391958115873,78.70605886729463,2823.4331147063913,128,False,0.9823558152957482,0.30428831755269103,3586
ctu13_v2_f0,Leaky,delta,45,0.5959229027361916,0.34849013066227585,21.362458578476456,120.22607984230308,29.340009279519442,170.92854770029896,2974.8468577295926,128,False,0.953979664885593,0.3042820488399579,3586
ctu13_v2_f0,Leaky,delta,46,0.5928824910046292,0.34500740300488353,21.362458578476456,108.77414528213308,33.681583448412184,163.81818730902174,2951.9429886092526,128,False,0.9561674680829092,0.3446803671311894,3586
ctu13_v2_f0,Leaky,latency,42,0.9892897709782436,0.9787946935016991,22.232778666988796,150.09758046139527,29.57445716183976,201.90481629022383,3145.9908302973563,128,False,0.9447162961159277,0.23774395184910127,3586
ctu13_v2_f0,Leaky,latency,43,0.9995536733437709,0.9991074998930308,22.232778666988796,172.51857139327316,28.784374716878567,223.53572477714053,3190.832812161112,128,False,0.9380606319661071,0.23885412601564754,3586
ctu13_v2_f0,Leaky,latency,44,0.9950160200661518,0.9900786009409644,22.232778666988796,103.56990525555742,22.378025109610892,148.1807090321571,3052.9354798856807,128,False,0.9612467906568712,0.32546758865774233,3586
ctu13_v2_f0,Leaky,latency,45,0.9986557919738639,0.9973145289539134,22.232778666988796,98.2763951537847,21.090354516078552,141.59952833685205,3042.3484596821354,128,False,0.9632717693323498,0.32335023913020844,3586
ctu13_v2_f0,Leaky,latency,46,0.9991554435303811,0.9983114686744798,22.232778666988796,153.20367447006532,28.6140268996247,204.0504800366788,3152.2030183146967,128,False,0.9440560918862493,0.23699646758419488,3586
ctu13_v2_f0,Leaky,rate,42,0.9868266556848884,0.9739325483072232,309.0388916190565,344.01242577070803,27.207781618315245,680.2590990080797,40245.00297878065,128,False,0.8857783977264544,0.2933934643533138,3586
ctu13_v2_f0,Leaky,rate,43,0.9802875659308437,0.9612865603547441,309.1090288626,267.5039218324031,22.1104454992958,598.7233961942989,40100.9635380776,128,False,0.9108878869748619,0.28891076986459735,3586
ctu13_v2_f0,Leaky,rate,44,0.9845871534154049,0.969580689166943,309.0532062386923,302.2142251189453,23.17981127983242,634.44724263747,40163.238848790505,128,False,0.8998787580311454,0.2879451511532914,3586
ctu13_v2_f0,Leaky,rate,45,0.9893873067241923,0.978945526574445,309.0340102623798,297.4452329900643,24.129125336657122,630.6083685891012,40151.24377956474,128,False,0.901054043591778,0.32748455565253726,3586
ctu13_v2_f0,Leaky,rate,46,0.9931551110318053,0.9863239954579944,309.0466529212641,307.87451234478084,22.957838585779275,639.8790038518242,40173.72059861137,128,False,0.8982054304829046,0.3213428208439184,3586
ctu13_v2_f0,LeakyParallel,delta,42,0.5959586117588684,0.34869985934275516,21.362458578476456,41.27495655372924,12.745587423780279,75.38300255598598,2816.944611152445,128,False,0.9833782941607663,0.17527656459767244,3714
ctu13_v2_f0,LeakyParallel,delta,43,0.5959729561802857,0.3486105111478047,21.362458578476456,53.58484857636248,18.07094714242964,93.01825429726858,2841.5643951977113,128,False,0.9779520628557563,0.17491560600491624,3714
ctu13_v2_f0,LeakyParallel,delta,44,0.5852662841581797,0.335946827335348,21.362458578476456,127.38337318767965,27.64226079842303,176.38809256457915,2989.1614444203456,128,False,0.952299804927353,0.17447372819498128,3714
ctu13_v2_f0,LeakyParallel,delta,45,0.5959270041705295,0.34860861914569896,21.362458578476456,103.91520221390665,18.43477843088268,143.7124392232658,2942.2251024728,128,False,0.9623538521092956,0.20099689395575576,3714
ctu13_v2_f0,LeakyParallel,delta,46,0.5959300248035987,0.34858980867384454,21.362458578476456,163.21691563049941,32.36004535433763,216.9394195633135,3060.8285293059853,128,False,0.9398224735431271,0.2006511342258651,3714
ctu13_v2_f0,LeakyParallel,latency,42,0.9997372740479755,0.9994745723666305,22.232778666988796,272.47127055290014,25.029540718696037,319.73358993858494,3390.738210480366,128,False,0.9084612888395088,0.154082417981963,3714
ctu13_v2_f0,LeakyParallel,latency,43,0.9996694568673508,0.9993389173251562,22.232778666988796,247.12505113344662,26.09752280757626,295.4553526080117,3340.045771641459,128,False,0.9159315157104545,0.15300278685327343,3714
ctu13_v2_f0,LeakyParallel,latency,44,0.9989798375571024,0.997961159334481,22.232778666988796,302.48825372073037,25.53491487825435,350.25594726597353,3450.772176816027,128,False,0.8990697942772354,0.2022632053466872,3714
ctu13_v2_f0,LeakyParallel,latency,45,0.9967630174542033,0.9935461280161914,22.232778666988796,300.53977976241134,27.29878954434265,350.07134797374283,3446.8752288993887,128,False,0.8991265940594603,0.2002629387733889,3714
ctu13_v2_f0,LeakyParallel,latency,46,0.9975518906341159,0.9951085404812301,22.232778666988796,259.6026196797193,25.674560664171995,307.5099590108801,3365.0009087340045,128,False,0.9122224060480335,0.2317616093873926,3714
ctu13_v2_f0,LeakyParallel,rate,42,0.9904048664836765,0.980927714361231,309.0388916190565,323.74853875022995,17.559382060876942,650.3468124301634,40204.47520473969,128,False,0.8949821782119671,0.23079019520960037,3714
ctu13_v2_f0,LeakyParallel,rate,43,0.9882699488056845,0.9767481642103795,309.1090288626,281.1051935109254,16.700123269355895,606.9143456428812,40128.16608143465,128,False,0.9083675948368365,0.18646276860885358,3714
ctu13_v2_f0,LeakyParallel,rate,44,0.9861854143787446,0.9726858255686285,309.0532062386923,328.5900182021343,16.641041831963825,654.2842662727904,40215.99043495688,128,False,0.8937750584510468,0.18054434450018902,3714
ctu13_v2_f0,LeakyParallel,rate,45,0.9864170297999699,0.9731598426067235,309.0340102623798,345.7724321400823,16.016818442633078,670.8232608450952,40247.89817786478,128,False,0.8886802305899337,0.21340911535273738,3714
ctu13_v2_f0,LeakyParallel,rate,46,0.9866467808508719,0.9735753851892062,309.0466529212641,310.8844013474521,18.0187045461409,637.9497588148571,40179.74037661671,128,False,0.8987990443404329,0.15370362461674783,3714
ctu13_v2_f0,RLeaky,delta,42,0.597051337218391,0.3501481812557638,21.362458578476456,657.4324860052218,23.50305153427794,702.2979961179761,4049.25967005543,128,False,0.7904813730647693,0.3667693183247865,20098
ctu13_v2_f0,RLeaky,delta,43,0.5960575703276472,0.3489958781459643,21.362458578476456,816.9217802401145,22.473659068259376,860.7578978868503,4368.238258525215,128,False,0.741724480212808,0.35090365477021934,20098
ctu13_v2_f0,RLeaky,delta,44,0.5969862050295833,0.3499296182655651,21.362458578476456,1037.4261797755894,15.067227098393106,1073.8558654524588,4809.247057596165,128,False,0.6761558748080054,0.31424566273691323,20098
ctu13_v2_f0,RLeaky,delta,45,0.5969231158891227,0.34967419029096125,21.362458578476456,1039.090689457313,40.678390525006655,1101.131538560796,4812.576076959612,128,False,0.6677633600054402,0.3158873467670764,20098
ctu13_v2_f0,RLeaky,delta,46,0.45607903965068175,0.26995724734454735,21.362458578476456,784.6322729606334,38.54099872887056,844.5357302679804,4303.659243966254,128,False,0.7467159164032295,0.31114375155701707,20098
ctu13_v2_f0,RLeaky,latency,42,0.9860335124022239,0.9724153571447198,22.232778666988796,477.15774359424887,20.22989872145793,519.6204209826956,3800.1111565630636,128,False,0.8469576485182441,0.2224542401044525,20098
ctu13_v2_f0,RLeaky,latency,43,0.9863173497786166,0.9729797638293686,22.232778666988796,562.2795249325313,14.789118802557633,599.3014224020777,3970.3547192396286,128,False,0.8224404173122803,0.22153050466783122,20098
ctu13_v2_f0,RLeaky,latency,44,0.9625546017307618,0.9277058666863135,22.232778666988796,558.7450053947503,16.501011687252742,597.4787957489917,3963.2856801640664,128,False,0.8230012255132299,0.22208443121777705,20098
ctu13_v2_f0,RLeaky,latency,45,0.9785460760811427,0.9575635938325023,22.232778666988796,1101.6306668899608,27.25512363998759,1151.1185691969372,5049.057003154488,128,False,0.6526505259907851,0.3331213255882648,20098
ctu13_v2_f0,RLeaky,latency,46,0.9970529600497338,0.9941063225472995,22.232778666988796,376.1950620876722,12.561199528885936,410.98904028354696,3598.18579354991,128,False,0.8803826887333667,0.3298243152066704,20098
ctu13_v2_f0,RLeaky,rate,42,0.9873583932812007,0.9749322014956989,309.0388916190565,152.8018877507598,22.69107161977032,484.53185098958664,39862.581902740756,128,False,0.9460021663475292,0.34328422459251806,20098
ctu13_v2_f0,RLeaky,rate,43,0.9902599157020184,0.9806537668843196,309.1090288626,99.68089983884384,22.948512394198378,431.7384410956422,39765.31749409049,128,False,0.9622678731590639,0.3098477912559927,20098
ctu13_v2_f0,RLeaky,rate,44,0.991499714446858,0.9830757729178144,309.0532062386923,128.01134407524648,24.111439341318846,461.17598965525764,39814.83308670311,128,False,0.9531929897179799,0.3138178559844727,20098
ctu13_v2_f0,RLeaky,rate,45,0.9906118306751435,0.9813263789674808,309.0340102623798,127.2479196580305,20.487188497788566,456.76911841819884,39810.84915290067,128,False,0.9545430436443634,0.32543733493501853,20098
ctu13_v2_f0,RLeaky,rate,46,0.9912165550360841,0.9825238245453086,309.0466529212641,135.04246066499562,23.849114464794106,467.93822805105384,39828.056495251796,128,False,0.9511102845754493,0.32371893592093176,20098
ctu13_v2_f0,RSynaptic,delta,42,0.4465229299711967,0.2630878146517483,21.362458578476456,691.911435497731,1.1137482394994551,714.3876423157068,4118.217569040448,128,False,0.786761481927006,0.3365237978814025,20098
ctu13_v2_f0,RSynaptic,delta,43,0.5929019962570199,0.34507795325044077,21.362458578476456,873.7568354093283,2.2098049928207266,897.3290989806255,4481.908368863643,128,False,0.7304718029531849,0.33494230449007073,20098
ctu13_v2_f0,RSynaptic,delta,44,0.5959209184156475,0.34874253786577236,21.362458578476456,580.8795337178751,8.922776827557428,611.1647691239091,3896.1537654807366,128,False,0.8185223659860208,0.3726649919219688,20098
ctu13_v2_f0,RSynaptic,delta,45,0.6696744955728091,0.4416977039734872,21.362458578476456,745.0836200009335,6.359246437131255,772.8053250165411,4224.561938046853,128,False,0.7687868103267493,0.35386090249261964,20098
ctu13_v2_f0,RSynaptic,delta,46,0.6696998573071229,0.4418216790887375,21.362458578476456,741.0321488676516,1.793879360756418,764.1884868068844,4216.458995780289,128,False,0.7714381451604899,0.34443640443630524,20098
ctu13_v2_f0,RSynaptic,latency,42,0.986540386964273,0.9733686814115448,22.232778666988796,695.6797302899438,18.753173019110868,736.6656819760435,4237.1551299544535,128,False,0.7801744912895217,0.2500230247927012,20098
ctu13_v2_f0,RSynaptic,latency,43,0.9581912982676768,0.919628389206596,22.232778666988796,665.3768253610914,20.474353659507525,708.0839576875877,4176.5493200967485,128,False,0.788968867993662,0.23983474133104962,20098
ctu13_v2_f0,RSynaptic,latency,44,0.9684953314908634,0.9388813203321105,22.232778666988796,799.4286369264474,17.45016650972016,839.1115821031564,4444.652943227461,128,False,0.7486526758657945,0.23979292220315912,20098
ctu13_v2_f0,RSynaptic,latency,45,0.9633586383262953,0.9292665557057956,22.232778666988796,800.8809421183112,19.613615086631725,842.7273358719317,4447.557553611188,128,False,0.747540136244633,0.2376624775657851,20098
ctu13_v2_f0,RSynaptic,latency,46,0.9556990144252135,0.9151182678181531,22.232778666988796,635.0993375301653,13.869647460623815,671.2017636577779,4115.994344434896,128,False,0.8003172353874495,0.34283775766856284,20098
ctu13_v2_f0,RSynaptic,rate,42,0.9842743517842611,0.9689803582647926,309.0388916190565,233.86405229475926,17.366969303459502,560.2699132172753,40024.70623182875,128,False,0.9226981472005481,0.31006937261074063,20098
ctu13_v2_f0,RSynaptic,rate,43,0.9873707743596882,0.9749398390598191,309.1090288626,185.36587113547824,20.265386019772514,514.7402860178507,39936.68743668375,128,False,0.9367288439522305,0.36594738843244035,20098
ctu13_v2_f0,RSynaptic,rate,44,0.9866603803399878,0.9736296534548119,309.0532062386923,197.186224580843,18.569987618156013,524.8094184376913,39953.1828477143,128,False,0.9336134731695388,0.3601232889118196,20098
ctu13_v2_f0,RSynaptic,rate,45,0.9899144624014595,0.9799741117649943,309.0340102623798,265.4402225986498,18.218022034740542,592.6922548957701,40087.23375878191,128,False,0.912720540112803,0.32611087823757,20098
ctu13_v2_f0,RSynaptic,rate,46,0.9879001599606646,0.9759987192719289,309.0466529212641,251.88547755207375,18.68896313724629,579.6210936105841,40061.74252902595,128,False,0.9167463259417477,0.32777336350214337,20098
ctu13_v2_f0,SConv2dLSTM,delta,42,0.5524479520757754,0.36612770109350046,21.362458578476456,476.89719774985383,48.168214625950256,546.4278709542805,7106.182466100927,288,True,0.8960266510146923,0.3584915908356563,3026
ctu13_v2_f0,SConv2dLSTM,delta,43,0.5960993164557131,0.3491680912353124,21.362458578476456,366.53189766172585,29.423848914049138,417.3182051542514,6885.451865924671,288,True,0.9215929214701436,0.36379320817210203,3026
ctu13_v2_f0,SConv2dLSTM,delta,44,0.4560014683799394,0.26975170789104697,21.362458578476456,216.85265331111373,28.79385465197684,267.008966541567,6586.093377223447,288,True,0.9513571271360217,0.3130477017188564,3026
ctu13_v2_f0,SConv2dLSTM,delta,45,0.4601107007768235,0.2739081149818494,21.362458578476456,484.04181274588666,47.76167009386591,553.1659414182291,7120.471696092993,288,True,0.8946923796356926,0.31314308211076763,3026
ctu13_v2_f0,SConv2dLSTM,delta,46,0.5970838475907766,0.3501613439241218,21.362458578476456,782.9317323874446,47.99329293905442,852.2874839049755,7718.251535376109,288,True,0.8354603910244556,0.32945939849488975,3026
ctu13_v2_f0,SConv2dLSTM,latency,42,0.9996864214844918,0.9993728583031436,22.232778666988796,898.5870531485849,19.978651614444203,940.7984834300179,8200.214362389943,288,True,0.8181058010370239,0.34842417629821504,3026
ctu13_v2_f0,SConv2dLSTM,latency,43,0.9011397718680181,0.8199997485326143,22.232778666988796,1257.4947988018987,21.7118873938552,1301.4394648627426,8918.029853696571,288,True,0.7466917453077715,0.22296583697039085,3026
ctu13_v2_f0,SConv2dLSTM,latency,44,0.9992542884297531,0.9985090268978312,22.232778666988796,805.2248361670643,22.961160543922603,850.4187753779757,8013.489928426902,288,True,0.8360027729285174,0.2223448541109592,3026
ctu13_v2_f0,SConv2dLSTM,latency,45,0.9983000010213099,0.9966031974895471,22.232778666988796,601.8159662642796,25.727143692534927,649.7758886238033,7606.672188621333,288,True,0.8757340376323139,0.22155823179233533,3026
ctu13_v2_f0,SConv2dLSTM,latency,46,0.9889227883317193,0.9780494504923888,22.232778666988796,277.5105437853301,20.876346285309534,320.61966873762844,6958.061343663433,288,True,0.9409134871147248,0.22163918242835207,3026
ctu13_v2_f0,SConv2dLSTM,rate,42,0.9839021351399972,0.9682563898307907,309.0388916190565,473.81307533706894,9.769821245706849,792.6217882018323,89950.82693696242,288,True,0.9042410105776681,0.36421816497411547,3026
ctu13_v2_f0,SConv2dLSTM,rate,43,0.9893577107034195,0.9788711857343516,309.1090288626,661.7401679647927,12.257103087773821,983.1062999151666,90346.88064835838,288,True,0.8665351938509769,0.33768282375907044,3026
ctu13_v2_f0,SConv2dLSTM,rate,44,0.9872957011153733,0.9748599490145242,309.0532062386923,507.3817231902878,10.364687859478424,826.7996172884585,90022.08684312397,288,True,0.8974759582079671,0.33689984602565054,3026
ctu13_v2_f0,SConv2dLSTM,rate,45,0.9902426437263274,0.9805882065076508,309.0340102623798,561.3277454885887,10.279302553515098,880.6410583044835,90124.45044654256,288,True,0.8868104855362171,0.3823284531505761,3026
ctu13_v2_f0,SConv2dLSTM,rate,46,0.9876692368332942,0.9755661682174439,309.0466529212641,682.0088649610287,11.478790258151838,1002.5343081404448,90369.45377124612,288,True,0.862675711837786,0.3712547226882774,3026
ctu13_v2_f0,SLSTM,delta,42,0.5958852561223241,0.34843651100207806,21.362458578476456,64.18839895344591,19.12396669256513,104.6748242244875,11065.955590086838,512,True,0.9743654259550735,0.3365708410456638,79618
ctu13_v2_f0,SLSTM,delta,43,0.4559842314781672,0.26947677153411514,21.362458578476456,70.61268988010751,9.437661121833502,101.41280958041747,11078.80417194016,512,True,0.9753691227686335,0.32471717524075483,79618
ctu13_v2_f0,SLSTM,delta,44,0.5960132283094375,0.3486957828937798,21.362458578476456,88.82417781535953,22.91648432502478,133.10312071886077,11115.227147810665,512,True,0.9656182578029586,0.3133214147804977,79618
ctu13_v2_f0,SLSTM,delta,45,0.5959194889423929,0.34855939763463173,21.362458578476456,293.9951406066829,40.30359128384073,355.6611904690001,11525.569073393312,512,True,0.8971388517259927,0.32985618765410846,79618
ctu13_v2_f0,SLSTM,delta,46,0.4601251178014456,0.27388754042585045,21.362458578476456,77.90858300639957,22.527315555823996,121.79835714070003,11093.395958192745,512,True,0.969096646596239,0.3003667471460508,79618
ctu13_v2_f0,SLSTM,latency,42,0.9056948940370897,0.8244997756082645,22.232778666988796,438.42664924240137,34.25995557910516,494.9193834884953,12260.035975983066,512,True,0.8545579677472288,0.31129504569844174,79618
ctu13_v2_f0,SLSTM,latency,43,0.9129334278137852,0.8364000438719474,22.232778666988796,419.4636794667296,35.32863775007344,477.0250958837919,12222.110036431723,512,True,0.8600639023948298,0.3030403449447443,79618
ctu13_v2_f0,SLSTM,latency,44,0.9171681372568083,0.8430461871198058,22.232778666988796,458.5868582237682,35.91429897074206,516.733935861499,12300.3563939458,512,True,0.8478457977863045,0.20459377292703823,79618
ctu13_v2_f0,SLSTM,latency,45,0.8469851671568914,0.7342391883709107,22.232778666988796,506.88978786140024,37.5416411571396,566.6642076855286,12396.962253221063,512,True,0.8324826372250647,0.20571429960069396,79618
ctu13_v2_f0,SLSTM,latency,46,0.9309809745133513,0.8689407562177848,22.232778666988796,491.61037274566706,37.39824787298589,551.2413992856417,12366.403422989597,512,True,0.8372281167327222,0.20588453799229328,79618
ctu13_v2_f0,SLSTM,rate,42,0.9789989795119759,0.9585856408662917,309.0388916190565,294.96024906449816,23.75038916327836,627.7495298468331,158817.83300708592,512,True,0.9019351882376072,0.3098027765704575,79618
ctu13_v2_f0,SLSTM,rate,43,0.9782817366597785,0.9572012112211253,309.1090288626,251.72531249742616,24.43845729361992,585.2727986536461,158767.27340264604,512,True,0.9150265323719858,0.2995106171940207,79618
ctu13_v2_f0,SLSTM,rate,44,0.9646059965089395,0.9313102824020216,309.0532062386923,249.16591945486942,21.12613831974808,579.3452640133098,158733.5734331202,512,True,0.9168332129924254,0.3171257418659169,79618
ctu13_v2_f0,SLSTM,rate,45,0.9806137769752986,0.9616327302498623,309.0340102623798,217.6419862564277,24.383793236932487,551.05978975574,158660.6972268513,512,True,0.9255305293866584,0.30025260905331536,79618
ctu13_v2_f0,SLSTM,rate,46,0.9766648432455018,0.9540346896216456,309.0466529212641,242.1577435942489,19.81780295022828,571.0221994657413,158716.20178287572,512,True,0.9193921395247763,0.30027020752993044,79618
ctu13_v2_f0,Synaptic,delta,42,0.456071094884618,0.2703033069904175,21.362458578476456,150.48738616802518,1.4602174921686897,173.31006223867033,3035.369470381037,128,False,0.9532468911814788,0.259149068107036,3586
ctu13_v2_f0,Synaptic,delta,43,0.46000042229416044,0.27374186031800707,21.362458578476456,63.46656764852035,1.5150956916124676,86.34412191860928,2861.327833342027,128,False,0.9800056420491899,0.2588254403302552,3586
ctu13_v2_f0,Synaptic,delta,44,0.5927760997109771,0.3446377437199891,21.362458578476456,93.98394752953385,1.8385006712551786,117.18490677926549,2922.362593104054,128,False,0.9705161697843726,0.13366368043251958,3586
ctu13_v2_f0,Synaptic,delta,45,0.5970774552034852,0.35015320067301714,21.362458578476456,96.79112844996335,29.802920028662186,147.956507057102,2927.9769549449134,128,False,0.9610479850834999,0.08034509747985376,3586
ctu13_v2_f0,Synaptic,delta,46,0.595999310580507,0.3486384186101789,21.362458578476456,122.19653088734718,8.356770068333503,151.91575953415713,2978.787759819681,128,False,0.9598297535520982,0.06247810565708876,3586
ctu13_v2_f0,Synaptic,latency,42,0.9995536521919592,0.9991073411414014,22.232778666988796,230.24546525259237,18.40863654208866,270.8868804616698,3306.2865998797506,128,False,0.9234910456016366,0.20866151620451484,3586
ctu13_v2_f0,Synaptic,latency,43,0.9996892597742332,0.9993786117053992,22.232778666988796,277.85610430399487,20.145175061703313,320.23405803268696,3401.507877982556,128,False,0.9083072986567082,0.3742086177588433,3586
ctu13_v2_f0,Synaptic,latency,44,0.9994264706657354,0.998852993168812,22.232778666988796,316.942439525262,27.148631545424347,366.3238497376751,3479.68054842509,128,False,0.8941258242859427,0.37665721871327834,3586
ctu13_v2_f0,Synaptic,latency,45,0.9993954506758336,0.9987909322333712,22.232778666988796,278.3115612379648,23.950129446550793,324.49446935150434,3402.4187918504954,128,False,0.9069964028663029,0.357387278900627,3586
ctu13_v2_f0,Synaptic,latency,46,0.9994575645794375,0.9989151399440704,22.232778666988796,302.473093511749,23.640352731555584,348.3462249102934,3450.741856398064,128,False,0.8996574011559063,0.3597230862267678,3586
ctu13_v2_f0,Synaptic,rate,42,0.9073001585158128,0.8301025234671822,309.0388916190565,1197.3911674349267,9.078324085843791,1515.508383139827,41951.76046210909,128,False,0.628778617993609,0.29904438651186727,3586
ctu13_v2_f0,Synaptic,rate,43,0.9188756698196556,0.8498621820270942,309.1090288626,1045.5843708732907,10.421852993743189,1365.1152527296338,41657.12443615938,128,False,0.6750750080409127,0.3447125446031794,3586
ctu13_v2_f0,Synaptic,rate,44,0.9625013717224649,0.9276370267081785,309.0532062386923,1316.155868472421,10.176750136584642,1635.385824847698,42191.122135497455,128,False,0.5918976558126137,0.3317376929835765,3586
ctu13_v2_f0,Synaptic,rate,45,0.9711162251043595,0.9437553706464723,309.0340102623798,1244.0709608695295,10.207010155308406,1563.3119812872176,42044.49523532367,128,False,0.6140683166077422,0.3258305652562786,3586
ctu13_v2_f0,Synaptic,rate,46,0.9482305132396809,0.9013763840641373,309.0466529212641,1065.5801621445025,37.52519060078025,1412.1520056665468,41689.13189821081,128,False,0.6605829683860669,0.3514985475575167,3586
ctu13_v2_f1,Alpha,delta,42,0.8866626088064729,0.7757204283428524,19.467247231492717,34.56960615139563,3.4681052791262137,57.504958662014566,2560.946857933859,128,False,0.9882960887906087,0.4753457242170873,3586
ctu13_v2_f1,Alpha,delta,43,0.918127635205157,0.8468859617328082,19.467247231492717,32.71697227700243,2.9062073346480584,55.090426843143206,2557.2415901850727,128,False,0.9890390216579537,0.4787553990151263,3586
ctu13_v2_f1,Alpha,delta,44,0.8870503790013472,0.7764843762019225,19.467247231492717,34.184949560072816,2.7902523892597086,56.44244918082524,2560.1775447512136,128,False,0.9886230147848207,0.4363055973883393,3586
ctu13_v2_f1,Alpha,delta,45,0.8743544355451178,0.749750203600112,19.467247231492717,45.99950697815534,5.045637704793689,70.51239191444175,2583.806659587379,128,False,0.9842938016360157,0.4365682529592977,3586
ctu13_v2_f1,Alpha,delta,46,0.8867803977836766,0.7759683831152059,19.467247231492717,37.68302013804612,2.870311551881068,60.020578921419904,2567.1736859071602,128,False,0.9875220517877147,0.4360183928776713,3586
ctu13_v2_f1,Alpha,latency,42,0.7629632324355747,0.6076731006971041,20.652011908373787,119.98027438561893,6.537024044296117,147.16931033828882,2883.4180730430826,128,False,0.961071600483103,0.532439196690266,3586
ctu13_v2_f1,Alpha,latency,43,0.7592661283944923,0.6026361972282693,20.652011908373787,120.63238584648059,6.384353193264563,147.66875094811894,2884.7222959648057,128,False,0.9609179264493092,0.5309407495287726,3586
ctu13_v2_f1,Alpha,latency,44,0.7619992473153511,0.6084936394159725,20.652011908373787,122.49004001061893,5.842484261225728,148.98453618021844,2888.4376042930826,128,False,0.9605130694548171,0.4717934689059564,3586
ctu13_v2_f1,Alpha,latency,45,0.7646528909040549,0.6138988622750623,20.652011908373787,121.78861688410194,6.457064434162621,148.89769322663835,2887.0347580400485,128,False,0.9605397903636109,0.4997031901085984,3586
ctu13_v2_f1,Alpha,latency,46,0.7551332732674735,0.5839380026280955,20.652011908373787,118.3255650788835,5.710866391080097,144.68844337833738,2880.1086544296118,128,False,0.9618349441630881,0.48218332050205437,3586
ctu13_v2_f1,Alpha,rate,42,0.7674028178014798,0.6131659760226946,308.24462416565535,209.83641630006068,7.213478458737864,525.2945189244539,39874.984725804,128,False,0.9332154169972927,0.3860074488753543,3586
ctu13_v2_f1,Alpha,rate,43,0.7650385945839902,0.6112766680052042,308.2827053625607,182.71476790048544,7.022105392900485,498.0195786559466,39825.61582220874,128,False,0.9416194236020351,0.38638852369401927,3586
ctu13_v2_f1,Alpha,rate,44,0.7620930061796936,0.6071206775630108,308.24771503337377,196.88095892748785,6.895683214502427,512.0243571753641,39849.46944212682,128,False,0.9372994947255414,0.5490671463527725,3586
ctu13_v2_f1,Alpha,rate,45,0.76587625398704,0.6114949293487381,308.2547405946602,198.0348481113471,7.355648892597087,513.6452375986044,39852.6764923392,128,False,0.9368029239987864,0.386801358420872,3586
ctu13_v2_f1,Alpha,rate,46,0.7716982525645031,0.6197164489556323,308.26123520934465,182.7789508115898,7.636306318264563,498.676492339199,39822.99600841929,128,False,0.941410690113891,0.3863927971535516,3586
ctu13_v2_f1,Lapicque,delta,42,0.8752228074885755,0.7514159420495393,19.467247231492717,211.79379361347088,24.732545130461165,255.99358597542476,2915.39523285801,128,False,0.9272226650018671,0.3135280923248784,3586
ctu13_v2_f1,Lapicque,delta,43,0.8849585717973455,0.7725807678746991,19.467247231492717,208.30207543234224,17.670628223604368,245.43995088743932,2908.4117964957522,128,False,0.9304699373366319,0.3132414732815571,3586
ctu13_v2_f1,Lapicque,delta,44,0.8865407080864122,0.7755291584564604,19.467247231492717,216.01538322967232,16.354331007281555,251.8369614684466,2923.8384120904125,128,False,0.9285016263886295,0.3126701125332597,3586
ctu13_v2_f1,Lapicque,delta,45,0.8744282851943025,0.7499070707823438,19.467247231492717,196.9575906401699,18.150679801274272,234.57551767293688,2885.722826911408,128,False,0.933812839864171,0.32044357046014765,3586
ctu13_v2_f1,Lapicque,delta,46,0.8865159622079996,0.7754828007046316,19.467247231492717,223.6013823574029,20.854041831007283,263.92267141990294,2939.010410345874,128,False,0.9247829464035661,0.31657837607075,3586
ctu13_v2_f1,Lapicque,latency,42,0.5661691961076009,0.13245481346930196,20.652011908373787,174.69242547785194,27.816823422330096,223.16126080855582,2992.8423752275485,128,False,0.9376894618768671,0.41790754258524154,3586
ctu13_v2_f1,Lapicque,latency,43,0.44278458107079477,-0.09799883994064389,20.652011908373787,153.6565581386529,26.73954224817961,201.04811229520632,2950.7706405491504,128,False,0.9444935075732823,0.35524869550164173,3586
ctu13_v2_f1,Lapicque,latency,44,0.6842443749569209,0.3894409516187187,20.652011908373787,183.80461165048544,26.14010353458738,230.5967270934466,3011.0667475728155,128,False,0.9354016260969007,0.3579073128950538,3586
ctu13_v2_f1,Lapicque,latency,45,0.7126837655138231,0.46407092119408483,20.652011908373787,181.38495050819174,26.716393924453882,228.7533563410194,3006.227425288228,128,False,0.9359688170976475,0.3575858427211642,3586
ctu13_v2_f1,Lapicque,latency,46,0.7474415955154673,0.5544641210246469,20.652011908373787,173.73301918992718,24.99367130612864,219.37870240442962,2990.923562651699,128,False,0.9388533260012136,0.3395710429809626,3586
ctu13_v2_f1,Lapicque,rate,42,0.7602007650219358,0.5846738639846575,308.24462416565535,486.28928056735435,21.512060072815533,816.0459648058253,40427.890454338594,128,False,0.8437534336491785,0.4385935856951672,3586
ctu13_v2_f1,Lapicque,rate,43,0.7487932301791793,0.5683047847155026,308.2827053625607,584.9584439472087,26.797624013956312,920.0387733237258,40630.10317430218,128,False,0.8117673637042568,0.43460850838969634,3586
ctu13_v2_f1,Lapicque,rate,44,0.7701381856596395,0.6162588979638463,308.24771503337377,483.637444060983,22.322374658677184,814.207533753034,40422.98241239381,128,False,0.8443200557785661,0.34860619886335237,3586
ctu13_v2_f1,Lapicque,rate,45,0.7665066729682561,0.6051696384542619,308.2547405946602,568.750042665352,27.141762742718445,904.1465460027306,40594.10688144721,128,False,0.8166486752590553,0.34927000580988465,3586
ctu13_v2_f1,Lapicque,rate,46,0.7488183611744121,0.5538050330198871,308.26123520934465,447.77814016990294,19.059674605582526,775.0990499848301,40352.99438713592,128,False,0.8563575954536968,0.38320531964627574,3586
ctu13_v2_f1,Leaky,delta,42,0.887119640816278,0.7766142482193268,19.467247231492717,107.1001450621966,33.71531780946602,160.28271010315535,2706.007935755461,128,False,0.9566721652702577,0.3053412266364954,3586
ctu13_v2_f1,Leaky,delta,43,0.8871113908854398,0.7764787894346535,19.467247231492717,127.09796912924757,33.02367452973301,179.5888908904733,2746.0035838895633,128,False,0.9507318019510829,0.3270937934590196,3586
ctu13_v2_f1,Leaky,delta,44,0.8870754470226974,0.7764172676290904,19.467247231492717,54.43280207069175,22.588573270631066,96.48862257281553,2600.6732497724515,128,False,0.976301115279593,0.2718777531414356,3586
ctu13_v2_f1,Leaky,delta,45,0.8747562195744978,0.7504285916769933,19.467247231492717,114.87277666110437,32.266042172330096,166.60606606492718,2721.5531989532765,128,False,0.9547265172820202,0.27155383485505014,3586
ctu13_v2_f1,Leaky,delta,46,0.8873789992441871,0.7770909559828392,19.467247231492717,104.23258305521844,34.0049065154733,157.70473680218447,2700.272811741505,128,False,0.9574653878244025,0.27147648195980245,3586
ctu13_v2_f1,Leaky,latency,42,0.6215847083068969,0.24637748684560748,20.652011908373787,139.95555218446603,27.59035099362864,188.19791508646844,2923.3686286407765,128,False,0.9484474144067401,0.31882877692182376,3586
ctu13_v2_f1,Leaky,latency,43,0.2768937616024165,-0.40065011012539764,20.652011908373787,115.37751725576456,22.880726638349515,158.91025580248785,2874.212558783374,128,False,0.9574590018787341,0.31298094144253763,3586
ctu13_v2_f1,Leaky,latency,44,0.6783867444316525,0.37396800186914486,20.652011908373787,108.27564187651699,23.21459723907767,152.14225102396844,2860.008808024879,128,False,0.9595414648875094,0.33810567811529324,3586
ctu13_v2_f1,Leaky,latency,45,0.5424954681824005,0.08622313367339712,20.652011908373787,121.53730373938107,23.991362636529125,166.18067828428397,2886.532131750607,128,False,0.9552219488074123,0.3345838897111057,3586
ctu13_v2_f1,Leaky,latency,46,0.5247746961000708,0.05259128733289088,20.652011908373787,101.38458074180825,22.74505555976942,144.78164820995147,2846.226685755461,128,False,0.9618062657533607,0.34821769493876154,3586
ctu13_v2_f1,Leaky,rate,42,0.762914652143191,0.6007951976997863,308.24462416565535,282.8722978610437,25.10064756523058,616.2175695919296,40021.05648892597,128,False,0.9052390937149926,0.30708576900685586,3586
ctu13_v2_f1,Leaky,rate,43,0.7582841793598022,0.5905832337393897,308.2827053625607,262.18065932190535,27.99220172178398,598.45556640625,39984.54760505158,128,False,0.9107160427557879,0.260464854999581,3586
ctu13_v2_f1,Leaky,rate,44,0.7784275448913822,0.6286702971734601,308.24771503337377,242.34936760467232,28.495918347997574,579.0930009860436,39940.40625948119,128,False,0.9166629889376401,0.25965091862797157,3586
ctu13_v2_f1,Leaky,rate,45,0.7770897353897759,0.6232102011060359,308.2547405946602,262.58954035194176,29.82519057190534,600.6694715185073,39981.78587682039,128,False,0.9100262366388163,0.25957888693015263,3586
ctu13_v2_f1,Leaky,rate,46,0.7674336969314705,0.6029098282149309,308.26123520934465,234.67225424757282,25.333865860133496,568.2673553170509,39926.78261529126,128,False,0.9199981168899365,0.30833174298219024,3586
ctu13_v2_f1,LeakyParallel,delta,42,0.8751116104974093,0.7511247544406139,19.467247231492717,96.61000075849515,17.863987598604368,133.94123558859224,2685.0276471480583,128,False,0.9647772343516617,0.16454282980773924,3714
ctu13_v2_f1,LeakyParallel,delta,43,0.8872204486450616,0.7767947350607358,19.467247231492717,319.53554023816747,46.877123786407765,385.87991125606794,3130.878726107403,128,False,0.8872576418385922,0.17061075579953713,3714
ctu13_v2_f1,LeakyParallel,delta,44,0.8753087652745113,0.7515040154499669,19.467247231492717,168.08663436741506,32.25241296268204,219.8062945615898,2827.980914365898,128,False,0.938357216206124,0.08426008189946992,3714
ctu13_v2_f1,LeakyParallel,delta,45,0.887350653046703,0.7770316875574755,19.467247231492717,110.75560812348301,26.222082638046118,156.44493799302185,2713.318861878034,128,False,0.9578530182272218,0.04597898975050854,3714
ctu13_v2_f1,LeakyParallel,delta,46,0.8876777669937268,0.7776649623322774,19.467247231492717,89.9087388121966,19.629996586771846,129.00598263046118,2671.625123255461,128,False,0.9662957737233944,0.04542742073716759,3714
ctu13_v2_f1,LeakyParallel,latency,42,0.7687977061041307,0.6209420332541236,20.652011908373787,283.9796201835558,15.785952669902912,320.41758476183253,3211.4167646389565,128,False,0.9077644391220127,0.197375210191946,3714
ctu13_v2_f1,LeakyParallel,latency,43,0.7772390181833853,0.6285859128051324,20.652011908373787,179.61942980127426,12.225130840412621,212.49657255006068,3002.696383874393,128,False,0.9409709044179425,0.23214150902824204,3714
ctu13_v2_f1,LeakyParallel,latency,44,0.7669511879920199,0.6157977361851498,20.652011908373787,238.5548676425971,22.30786843901699,281.5147479899879,3120.567259557039,128,False,0.9197345427441187,0.18252794251062918,3714
ctu13_v2_f1,LeakyParallel,latency,45,0.7682286030606451,0.6213116761160834,20.652011908373787,227.8662820464199,16.92062348300971,265.4389174378034,3099.1900883646845,128,False,0.9246809521447908,0.18167599823181202,3714
ctu13_v2_f1,LeakyParallel,latency,46,0.7698817100860729,0.6231195316256235,20.652011908373787,170.24363338137135,17.112873558859224,208.00851884860438,2983.9447910345875,128,False,0.9423518440183906,0.18225396300656993,3714
ctu13_v2_f1,LeakyParallel,rate,42,0.7682928231792392,0.6160837330176793,308.24462416565535,278.66721025485435,17.836349931735437,604.7481843522452,40012.646313713594,128,False,0.9087681353272031,0.21873279339046153,3714
ctu13_v2_f1,LeakyParallel,rate,43,0.7733534294187465,0.6227115965380895,308.2827053625607,284.92302222390776,18.692980127427184,611.8987077138956,40030.03233085558,128,False,0.9065796915842046,0.16775876238435797,3714
ctu13_v2_f1,LeakyParallel,rate,44,0.7814249047468961,0.6343375034258953,308.24771503337377,325.07205703883494,18.282017976334952,651.6017900485436,40105.851638349515,128,False,0.8943525923030247,0.16660899493517806,3714
ctu13_v2_f1,LeakyParallel,rate,45,0.7781334886168337,0.6292681986444683,308.2547405946602,352.38052753337377,18.963184541868934,679.5984526699029,40161.367851183255,128,False,0.8857403962845407,0.16656644796066492,3714
ctu13_v2_f1,LeakyParallel,rate,46,0.7740380791321755,0.6229645199767408,308.26123520934465,327.61175003792476,17.374872003944176,653.2478572512136,40112.66160687197,128,False,0.8938502701409634,0.18640898746772877,3714
ctu13_v2_f1,RLeaky,delta,42,0.8876185119210365,0.7775307701740914,19.467247231492717,135.17618894114077,24.577930635618934,179.22136680825244,2762.1600235133496,128,False,0.9508448862840739,0.28462413115227975,20098
ctu13_v2_f1,RLeaky,delta,43,0.8874342026769386,0.7771908928872814,19.467247231492717,860.7782966095267,2.696853193264563,882.942397034284,4213.364238850121,128,False,0.7343153385222181,0.3282270514071711,20098
ctu13_v2_f1,RLeaky,delta,44,0.8870718298241589,0.7764044837275503,19.467247231492717,167.99443454186894,14.536104368932039,201.99778614229368,2827.7965147148057,128,False,0.9438367572582151,0.3252443055016468,20098
ctu13_v2_f1,RLeaky,delta,45,0.8872462252107489,0.7767261243647353,19.467247231492717,962.6531164669296,14.42458187955097,996.5449455779733,4417.113878564927,128,False,0.6993607082010829,0.3476217931624755,20098
ctu13_v2_f1,RLeaky,delta,46,0.8871290479200786,0.7765215297848341,19.467247231492717,849.8067781022452,5.191733351031553,874.4657586847694,4191.421201835558,128,False,0.7369235349374533,0.27940613760169847,20098
ctu13_v2_f1,RLeaky,latency,42,0.9645274629380745,0.929073157057896,20.652011908373787,916.5351799529733,16.47188353307039,953.6590753944175,4476.527884177791,128,False,0.7129209035427557,0.3555060084005004,20098
ctu13_v2_f1,RLeaky,latency,43,0.942469465469152,0.885271874051094,20.652011908373787,829.5634860436893,20.776751175667474,870.9922491277306,4302.5844963592235,128,False,0.7383568500863518,0.35258698801609495,20098
ctu13_v2_f1,RLeaky,latency,44,0.7697174809205476,0.6197532233732435,20.652011908373787,511.1265359526699,15.38233369993932,547.1608815609831,3665.7105961771845,128,False,0.8379972708761203,0.34326003317368553,20098
ctu13_v2_f1,RLeaky,latency,45,0.9542297624199717,0.908482496330612,20.652011908373787,937.0916451759708,23.677653784890776,981.4213108692354,4517.640814623786,128,False,0.7043786772428118,0.35739963132779573,20098
ctu13_v2_f1,RLeaky,latency,46,0.861026820430056,0.7330629863109549,20.652011908373787,845.7842982023665,26.020384557038835,892.4566946677792,4335.026120676578,128,False,0.7317524053047983,0.35671880287886826,20098
ctu13_v2_f1,RLeaky,rate,42,0.7784346233895918,0.6286729217608327,308.24462416565535,136.43898380612865,22.470342839805824,467.1539508115898,39728.18986081614,128,False,0.9511048225704817,0.31252341453456184,20098
ctu13_v2_f1,RLeaky,rate,43,0.763314338113116,0.6052944130535443,308.2827053625607,126.18267407463593,22.162294258191746,456.62767369538835,39712.551634557036,128,False,0.95435539435913,0.3083579714672224,20098
ctu13_v2_f1,RLeaky,rate,44,0.7749418484821913,0.6236940331040934,308.24771503337377,96.01563922178399,18.65525447512136,422.9186087302791,39647.738802715416,128,False,0.9647166480932599,0.3421567380428314,20098
ctu13_v2_f1,RLeaky,rate,45,0.7613192717212215,0.606303913227714,308.2547405946602,128.2640037166262,20.859943871359224,457.37868818264565,39713.13480354976,128,False,0.954115708434466,0.28582427365868124,20098
ctu13_v2_f1,RLeaky,rate,46,0.7708725723804682,0.6170983275933065,308.26123520934465,114.7591825318568,17.675449408373787,440.69586714957524,39686.95647185983,128,False,0.9592508824799291,0.28559808660009245,20098
ctu13_v2_f1,RSynaptic,delta,42,0.8754189810308782,0.7517958301892996,19.467247231492717,679.3234744766384,3.6903917627427183,702.4811134708738,3850.4545945843447,128,False,0.7898418873109596,0.3012908132095794,20098
ctu13_v2_f1,RSynaptic,delta,43,0.8874439918904077,0.7770977686725717,19.467247231492717,785.0387543613471,3.6767483313106797,808.1827499241505,4061.885154353762,128,False,0.7573183068637976,0.30151827292498745,20098
ctu13_v2_f1,RSynaptic,delta,44,0.8870528457578828,0.7763652362283795,19.467247231492717,703.7973869842233,2.1599002578883497,725.4245344736044,3899.4024195995144,128,False,0.7827823731562733,0.30166003853082657,20098
ctu13_v2_f1,RSynaptic,delta,45,0.8720442238226795,0.7447590135278804,19.467247231492717,842.6471338364685,3.9556327745752426,866.0700138425364,4177.1019133040045,128,False,0.7395068410427558,0.34464881597177205,20098
ctu13_v2_f1,RSynaptic,delta,46,0.8868083766400219,0.775915809127988,19.467247231492717,826.3184304839199,4.867121131674757,850.6527988470874,4144.4445065989075,128,False,0.744250599502894,0.34833999545069283,20098
ctu13_v2_f1,RSynaptic,latency,42,0.8764880682107593,0.7790718262219806,20.652011908373787,575.1177374089806,17.49626441140777,613.2660137287621,3793.6929990898057,128,False,0.8176572302091113,0.3635190185430704,20098
ctu13_v2_f1,RSynaptic,latency,43,0.9896544523167852,0.9794651956926311,20.652011908373787,734.9114267293689,19.138145668992717,774.7015843067354,4113.280377730583,128,False,0.7679847469543503,0.3514387339660988,20098
ctu13_v2_f1,RSynaptic,latency,44,0.9895123780671617,0.9790541236308309,20.652011908373787,838.1169504702669,19.73713402609223,878.5060964047331,4319.691425212379,128,False,0.7360448970780433,0.3703131297494746,20098
ctu13_v2_f1,RSynaptic,latency,45,0.9663097631059319,0.9331858087467898,20.652011908373787,722.4599087909587,19.23608161407767,762.3480023134102,4088.377341853762,128,False,0.7717858491061427,0.3658249438514264,20098
ctu13_v2_f1,RSynaptic,latency,46,0.7352462258023331,0.47153483194635526,20.652011908373787,805.5984716322815,14.49609375,840.7465772906553,4254.6544675364075,128,False,0.7476632106516057,0.3657528319061526,20098
ctu13_v2_f1,RSynaptic,rate,42,0.7755274605847138,0.6248773312308871,308.24462416565535,131.8828504247573,16.048026964502426,456.17550155491506,39719.0775940534,128,False,0.9544828069571508,0.27870296645294695,20098
ctu13_v2_f1,RSynaptic,rate,43,0.772467869223938,0.620953744776761,308.2827053625607,140.91930559769418,23.925150750910195,473.12716171116506,39742.02489760316,128,False,0.949278628815814,0.2781128752705397,20098
ctu13_v2_f1,RSynaptic,rate,44,0.7837148224846,0.637811855288675,308.24771503337377,153.57432304308253,17.093114760315533,478.9151528367718,39762.85617035801,128,False,0.947486942214339,0.32889269952418154,20098
ctu13_v2_f1,RSynaptic,rate,45,0.7853176559212837,0.637186143444151,308.2547405946602,147.16757054004853,18.948336999393202,474.37064813410194,39750.9419371966,128,False,0.9488874130647872,0.32571851144752745,20098
ctu13_v2_f1,RSynaptic,rate,46,0.7827515779560708,0.6362990927578102,308.26123520934465,152.93092953580097,18.40285099362864,479.5950157387743,39763.29996586772,128,False,0.9472819136832524,0.36911830731025597,20098
ctu13_v2_f1,SConv2dLSTM,delta,42,0.9180602717204365,0.8467420169065,19.467247231492717,311.45164119387135,42.947829755764566,373.86671818112865,6229.470485057645,288,True,0.9298218869406661,0.36046370520319754,3026
ctu13_v2_f1,SConv2dLSTM,delta,43,0.9183090713935419,0.8468647142002186,19.467247231492717,1177.7651035345873,46.59719641231796,1243.8295471783981,7962.097409739078,288,True,0.757552019812494,0.3863364317933622,3026
ctu13_v2_f1,SConv2dLSTM,delta,44,0.8755872318312103,0.7520887961366912,19.467247231492717,176.03915257129853,5.61913588440534,201.1255356871966,5958.6455078125,288,True,0.9640280616919398,0.27953822491238417,3026
ctu13_v2_f1,SConv2dLSTM,delta,45,0.8872772589763059,0.7768903303763395,19.467247231492717,706.886732971784,46.50261680825243,772.8565970115292,7020.340668613471,288,True,0.8508139901425671,0.2789418721680068,3026
ctu13_v2_f1,SConv2dLSTM,delta,46,0.8873553359560078,0.7769074809045198,19.467247231492717,367.80146389563106,45.96781610285194,433.2365272299757,6342.170130461165,288,True,0.9180654891092113,0.2782015159310212,3026
ctu13_v2_f1,SConv2dLSTM,latency,42,0.34085111555229747,-0.27873348628340855,20.652011908373787,841.1950091019418,30.245449029126213,892.0924700394418,7630.169447815534,288,True,0.8274375330433529,0.35976238991812015,3026
ctu13_v2_f1,SConv2dLSTM,latency,43,0.25046246937587163,-0.45460366632334565,20.652011908373787,549.5804147072208,23.585842688106798,593.8182693037014,7046.9402590260925,288,True,0.886501731208846,0.3544695605297835,3026
ctu13_v2_f1,SConv2dLSTM,latency,44,0.609765215181318,0.2200617002818751,20.652011908373787,749.7216275409587,30.85814718598301,801.2317866353155,7447.222684693568,288,True,0.8454297475788234,0.35010333606991373,3026
ctu13_v2_f1,SConv2dLSTM,latency,45,0.8551150046303627,0.7445576668622647,20.652011908373787,805.0673448877427,22.381267066140776,848.1006238622573,7557.9141193871355,288,True,0.8361487897121023,0.3211786846169135,3026
ctu13_v2_f1,SConv2dLSTM,latency,46,0.8435260925441785,0.7160700872024787,20.652011908373787,916.4386898892598,12.97776187044903,950.0684636680825,7780.65680939017,288,True,0.8159571382654042,0.3272121301987796,3026
ctu13_v2_f1,SConv2dLSTM,rate,42,0.752751857901957,0.5698339292101546,308.24462416565535,523.4538408297936,14.42018260770631,846.1186476031553,89821.35944136833,288,True,0.8934902923886139,0.38318554486500694,3026
ctu13_v2_f1,SConv2dLSTM,rate,43,0.7613739992998714,0.6053522629285332,308.2827053625607,525.1041271617112,12.982075811589805,846.3689083358616,89835.6273987409,288,True,0.8934482766389503,0.29573364531422414,3026
ctu13_v2_f1,SConv2dLSTM,rate,44,0.770865598668969,0.6205914343334972,308.24771503337377,531.7885268128034,20.797235285194176,860.8334771313714,89838.91898323725,288,True,0.8905770768122777,0.2951909069116544,3026
ctu13_v2_f1,SConv2dLSTM,rate,45,0.7694517632739498,0.6080427814734555,308.2547405946602,436.7874886225728,19.583159511529125,764.6253887287621,89650.94026850729,288,True,0.9096295746269105,0.29442796045100517,3026
ctu13_v2_f1,SConv2dLSTM,rate,46,0.734449258970665,0.5157542629321561,308.26123520934465,571.3961335709952,9.923259253640778,889.5806280339806,89922.02800743325,288,True,0.8848872489456167,0.36451908153961005,3026
ctu13_v2_f1,SLSTM,delta,42,0.8874736545836075,0.777153521544116,19.467247231492717,234.21449294599515,38.37276717991505,292.05450735740294,10435.659568416262,512,True,0.9161269968843353,0.2695689231012631,79618
ctu13_v2_f1,SLSTM,delta,43,0.8872558495353436,0.7767453976509221,19.467247231492717,44.38122914138349,10.843844811893204,74.69232118476941,10055.99304080704,512,True,0.9830076695528379,0.32322308007917067,79618
ctu13_v2_f1,SLSTM,delta,44,0.8870339596738014,0.7763034958248635,19.467247231492717,35.95633438258495,9.603890131978156,65.02747174605582,10039.143251289443,512,True,0.9859814693801344,0.31903980512316654,79618
ctu13_v2_f1,SLSTM,delta,45,0.8876702603358986,0.777639986242139,19.467247231492717,23.265027685072816,7.511443795509709,50.24371871207524,10013.760637894418,512,True,0.9905303164675131,0.3591278246920375,79618
ctu13_v2_f1,SLSTM,delta,46,0.9188487340029603,0.8481133528041477,19.467247231492717,151.6211174529733,22.237086620145632,193.32545130461165,10270.472817430218,512,True,0.9465051679775018,0.27484187372571345,79618
ctu13_v2_f1,SLSTM,latency,42,0.24532848151062153,-0.46614969804404527,20.652011908373787,379.09509632888347,13.65771010315534,413.40481834041265,11332.020289745145,512,True,0.8791529826362957,0.3224058818180584,79618
ctu13_v2_f1,SLSTM,latency,43,0.2603562570799635,-0.4358965228005308,20.652011908373787,395.10999601790047,15.235920433859222,430.99792836013347,11364.05008912318,512,True,0.8737397180148432,0.32892025717832507,79618
ctu13_v2_f1,SLSTM,latency,44,0.5608152188558235,0.12176462640921672,20.652011908373787,339.35746454035194,30.970963857706312,390.98044030643206,11252.545026168082,512,True,0.8860527912621359,0.3317260133663138,79618
ctu13_v2_f1,SLSTM,latency,45,0.27175403505896345,-0.41356574175487243,20.652011908373787,379.97347637287623,15.71507603913835,416.34056432038835,11333.777049833132,512,True,0.8782496761809186,0.3396396364709272,79618
ctu13_v2_f1,SLSTM,latency,46,0.2420904837456961,-0.471911073873542,20.652011908373787,412.75714407615294,13.590663872876213,446.99981985740294,11399.344385239685,512,True,0.8688160590926064,0.3203733607186276,79618
ctu13_v2_f1,SLSTM,rate,42,0.7655192398487515,0.6075696644116749,308.24462416565535,315.87781117263347,18.491855658373787,642.6142909966626,158453.0031951608,512,True,0.8971170255904592,0.3018299574303685,79618
ctu13_v2_f1,SLSTM,rate,43,0.760505391691336,0.604815369243664,308.2827053625607,259.995382660801,17.41286312955097,585.6909511529126,158360.73591095267,512,True,0.9146436166798917,0.2984457877600222,79618
ctu13_v2_f1,SLSTM,rate,44,0.7720203706306281,0.6212636460547524,308.24771503337377,276.9912820464199,25.262344508495147,610.5013415882888,158376.8126611802,512,True,0.9069988841369492,0.3421112648618308,79618
ctu13_v2_f1,SLSTM,rate,45,0.758375459267647,0.6027470623832607,308.2547405946602,267.35833206917476,24.30668329035194,599.9197559541869,158361.14384860438,512,True,0.9102569183509148,0.2713704490762891,79618
ctu13_v2_f1,SLSTM,rate,46,0.7621709870532696,0.6076377153867093,308.26123520934465,263.4438855810073,18.610702366504853,590.3158231568568,158356.6401983465,512,True,0.913213972939227,0.2705214016175675,79618
ctu13_v2_f1,Synaptic,delta,42,0.8872459605207967,0.7767268173876002,19.467247231492717,155.8644000303398,4.430280074332524,179.76192733616506,2803.5364456917478,128,False,0.9506785599677932,0.20542988684751745,3586
ctu13_v2_f1,Synaptic,delta,43,0.8872573519286382,0.7767637195891061,19.467247231492717,161.6688030946602,6.526732213288835,187.66278253944174,2815.1452518203882,128,False,0.9482475275975542,0.20482755623287657,3586
ctu13_v2_f1,Synaptic,delta,44,0.8877863720722874,0.7778471336132239,19.467247231492717,435.6138643431432,22.710311741504853,477.79142331614077,3363.0353743173546,128,False,0.858977176589339,0.2044612865045088,3586
ctu13_v2_f1,Synaptic,delta,45,0.8872971742217075,0.7768373347958732,19.467247231492717,190.0182797330097,4.363703162924757,213.84923012742718,2871.8442050970875,128,False,0.9401901591089432,0.07477590759981026,3586
ctu13_v2_f1,Synaptic,delta,46,0.8753473945609034,0.751651393558778,19.467247231492717,257.6679071222694,3.181375151699029,280.3165295054612,3007.143459875607,128,False,0.9197386823772404,0.07078996000504031,3586
ctu13_v2_f1,Synaptic,latency,42,0.722153158142582,0.4915724091070895,20.652011908373787,245.59434731492718,27.37889202821602,293.625251251517,3134.646218901699,128,False,0.9160082340482636,0.28883938528416514,3586
ctu13_v2_f1,Synaptic,latency,43,0.7485659158610237,0.5667735439501577,20.652011908373787,229.4784587378641,30.30737541717233,280.4378460634102,3102.4144417475727,128,False,0.9200658971830658,0.19224896999889785,3586
ctu13_v2_f1,Synaptic,latency,44,0.7571101791094164,0.5924620420583349,20.652011908373787,336.65486574635923,29.73338421571602,387.040261870449,3316.7672557645633,128,False,0.887265153857823,0.12445492439369843,3586
ctu13_v2_f1,Synaptic,latency,45,0.29263265739143085,-0.3732382071876667,20.652011908373787,119.3868372648665,20.17896218901699,160.2178113622573,2882.2311988015776,128,False,0.9570566770911128,0.07509593897074171,3586
ctu13_v2_f1,Synaptic,latency,46,0.7307423228183784,0.5127527299360357,20.652011908373787,258.55347864836165,28.704969091322816,307.91045964805824,3160.5644815685678,128,False,0.9116127853108663,0.054030675775579455,3586
ctu13_v2_f1,Synaptic,rate,42,0.7969228558206307,0.6431860107956419,308.24462416565535,1064.3826892445388,10.521034018507281,1383.1483474287015,41584.077271692964,128,False,0.6692603928421397,0.2751299937355142,3586
ctu13_v2_f1,Synaptic,rate,43,0.7824451778161402,0.6289924674964202,308.2827053625607,1251.3593655188106,13.38938296419903,1573.0314538455705,41962.90501744539,128,False,0.6108465389283046,0.2756384709958457,3586
ctu13_v2_f1,Synaptic,rate,44,0.7943977715779769,0.6459312675116252,308.24771503337377,1331.8954698877428,13.158378527002426,1653.301563448119,42119.49846404733,128,False,0.5861372774108476,0.32316548388125826,3586
ctu13_v2_f1,Synaptic,rate,45,0.7760880166715225,0.6194612124167752,308.2547405946602,1136.1363252806432,12.719342574332524,1457.110408449636,41728.87944667779,128,False,0.6465059483523152,0.32133578539835017,3586
ctu13_v2_f1,Synaptic,rate,46,0.8772557530897931,0.7678141731872703,308.26123520934465,1164.9515321601941,10.962212719963592,1484.1749800895025,41787.3411711165,128,False,0.6381803861907207,0.36282625695853266,3586
kddcup99_v2,Alpha,delta,42,0.5296335239264679,0.8198875888219218,12.086130232229149,108.53455144054091,8.182060193743991,128.80274186651405,2089.697426928036,128,False,0.9648972596588616,0.36863945504684925,16261
kddcup99_v2,Alpha,delta,43,0.5282939674861519,0.819596356242051,12.086130232229149,109.08452909535767,8.230846641309974,129.4015059688968,2092.4473152021196,128,False,0.9647171802295736,0.4319902999143172,16261
kddcup99_v2,Alpha,delta,44,0.5288576086039234,0.8199578352820396,12.086130232229149,98.9045169421501,8.369451080124362,119.3600982545036,2041.5472544360816,128,False,0.967737152474504,0.43053467710207444,16261
kddcup99_v2,Alpha,delta,45,0.5267689185046691,0.8189999746164783,12.086130232229149,119.56948065935974,8.268479788058348,139.92409067964724,2144.87207302213,128,False,0.9615524930985209,0.43082593535045,16261
kddcup99_v2,Alpha,delta,46,0.5297742114846786,0.8195665658517799,12.086130232229149,111.37000086808625,8.22521051091699,131.6813416112324,2103.8746740657625,128,False,0.9640315153747359,0.41808624371583325,16261
kddcup99_v2,Alpha,latency,42,0.5519400250171673,0.8246903600721878,12.490578048992216,124.46766057184378,7.438605403354671,144.39684402419067,2221.1322931302225,128,False,0.96032894256385,0.48188966297222646,16261
kddcup99_v2,Alpha,latency,43,0.5376162026682796,0.82077349239274,12.490578048992216,122.60817480042054,7.650524549157796,142.74927739857054,2211.834864273106,128,False,0.9608244513234351,0.5001641535875564,16261
kddcup99_v2,Alpha,latency,44,0.5436204671213967,0.8216704819008269,12.490578048992216,125.56081587247492,7.942481247729312,145.99387516919643,2226.598069633378,128,False,0.9598486324450514,0.47891431249278166,16261
kddcup99_v2,Alpha,latency,45,0.5515561332480341,0.8256095462839292,12.490578048992216,133.53049072594516,8.196049242996633,154.217118017934,2266.4464439007297,128,False,0.9573754767010701,0.4154450344653564,16261
kddcup99_v2,Alpha,latency,46,0.5323197845402381,0.8195348414273338,12.490578048992216,122.183449131753,7.922843207546563,142.59687038829176,2209.7112359297685,128,False,0.9608702880182558,0.41668116476236317,16261
kddcup99_v2,Alpha,rate,42,0.5454470020793033,0.823380746292736,245.5823990688971,294.1345051426073,8.23190442048812,547.9488086319925,32905.219606531864,128,False,0.9090627339659864,0.36026161862669764,16261
kddcup99_v2,Alpha,rate,43,0.5428395562514214,0.8242926053461904,245.5822543878545,307.6661308109533,8.131814075214852,561.3801992740226,32972.85921570014,128,False,0.9050231744703253,0.3623341766960652,16261
kddcup99_v2,Alpha,rate,44,0.5382558027533682,0.8223516336970148,245.57718412109483,284.9299165029627,8.215822318819145,538.7229229428767,32858.52915001495,128,False,0.9118358680235242,0.36880332762413415,16261
kddcup99_v2,Alpha,rate,45,0.5398206086751733,0.8226216119116406,245.5681624543049,317.18394426243214,8.193473920438286,570.9455806371753,33018.64451546319,128,False,0.9021421298698135,0.368892884930474,16261
kddcup99_v2,Alpha,rate,46,0.5466248525732051,0.8265882181232934,245.57733201727171,294.33344157618745,8.172054695864373,548.0828282893235,32905.565706091715,128,False,0.9090209033768265,0.3606700996561385,16261
kddcup99_v2,Lapicque,delta,42,0.6006725280133167,0.8223591719618895,12.086130232229149,126.2593680975086,17.830318073234327,156.17581640297206,2178.321510212874,128,False,0.9566647560388744,0.31617731207116456,16261
kddcup99_v2,Lapicque,delta,43,0.6099211532046801,0.8195514643376208,12.086130232229149,146.12454465660758,22.261039967334234,180.47171485617096,2277.647393008369,128,False,0.9493577189100927,0.3165279064809673,16261
kddcup99_v2,Lapicque,delta,44,0.5675789784119749,0.8229829715906127,12.086130232229149,104.31183908895954,15.582270463525909,131.9802397847146,2068.583865170129,128,False,0.9639416211872224,0.36221427253098204,16261
kddcup99_v2,Lapicque,delta,45,0.5599950153831675,0.8197886755836757,12.086130232229149,134.58437959161364,17.227052782859477,163.89756260670228,2219.9465676833993,128,False,0.9543424263535419,0.35665270110366837,16261
kddcup99_v2,Lapicque,delta,46,0.5728128961439837,0.8207248119091172,12.086130232229149,124.6973369042758,19.01345533696215,155.7969224734671,2170.51135424671,128,False,0.9567787091003795,0.3266023001021679,16261
kddcup99_v2,Lapicque,latency,42,0.6068134118035802,0.8233211814502672,12.490578048992216,196.2905227486826,33.59653279919236,242.37763359686718,2580.246604014417,128,False,0.9308610359254511,0.4358773554544899,16261
kddcup99_v2,Lapicque,latency,43,0.5886709090696532,0.828099042351214,12.490578048992216,224.88932864781097,29.177732623003,266.5576393198062,2723.2406335100586,128,False,0.9235888537531387,0.3425963402999447,16261
kddcup99_v2,Lapicque,latency,44,0.5916555995611552,0.822552357713752,12.490578048992216,218.9584508196985,29.751775557906175,261.2008044265969,2693.586244369496,128,False,0.9251999319165098,0.3320468994095294,16261
kddcup99_v2,Lapicque,latency,45,0.6105027704364206,0.8293744544161192,12.490578048992216,233.3320301322385,29.644608702082444,275.46721688331314,2765.454140932196,128,False,0.9209092815535878,0.2822431056919373,16261
kddcup99_v2,Lapicque,latency,46,0.5946108519403199,0.8228630506148615,12.490578048992216,227.11616601667367,32.95045156560964,272.55719563127553,2734.374820354372,128,False,0.9217844759151028,0.35254469507444547,16261
kddcup99_v2,Lapicque,rate,42,0.6130829393873067,0.8252910870255977,245.5823990688971,408.4690462947185,26.166354262785784,680.2177996264014,33476.892312292424,128,False,0.869282586298495,0.4011224684932618,16261
kddcup99_v2,Lapicque,rate,43,0.5994310618321447,0.8258129943229308,245.5822543878545,489.50167026225853,28.451137996778435,763.5350626468914,33882.03691295667,128,False,0.8442247193205904,0.40180177390779503,16261
kddcup99_v2,Lapicque,rate,44,0.6250441282313194,0.8265839556677954,245.57718412109483,439.71507480009905,25.744332522047785,711.0365914432416,33632.45494150063,128,False,0.8600122083241664,0.35283861784278847,16261
kddcup99_v2,Lapicque,rate,45,0.5994372395246126,0.8269383411644615,245.5681624543049,451.57599130627693,24.955746891768936,722.0999006523507,33690.60475068241,128,False,0.8566821840005877,0.3530475013372105,16261
kddcup99_v2,Lapicque,rate,46,0.598182240926244,0.8262175493672809,245.57733201727171,459.8278166987644,29.66881223294291,735.073960948979,33733.0375817046,128,False,0.8527829687423436,0.37848470838287407,16261
kddcup99_v2,Leaky,delta,42,0.628896806775854,0.821893440227075,12.086130232229149,84.46962180375463,26.450655726636423,123.0064077626202,1969.3727787441042,128,False,0.9666405180359726,0.3098761316846343,16261
kddcup99_v2,Leaky,delta,43,0.5974008731190186,0.8199660964404721,12.086130232229149,82.5397696034775,23.757681759578688,118.38358159528532,1959.7235177427185,128,False,0.9680308416953215,0.3448311259351327,16261
kddcup99_v2,Leaky,delta,44,0.5555745140364698,0.8208688646274239,12.086130232229149,81.25874757659254,24.96833092734118,118.31320873616286,1953.3184076082937,128,False,0.9680520064649824,0.2846728619799452,16261
kddcup99_v2,Leaky,delta,45,0.5803291294227289,0.822205876412557,12.086130232229149,101.28304756148141,22.98258361760479,136.35176141131535,2053.4399075327383,128,False,0.9626268778408763,0.28440187355363505,16261
kddcup99_v2,Leaky,delta,46,0.6354815749976093,0.8243896193320435,12.086130232229149,109.52401544550509,34.24209318102171,155.85223885875592,2094.6447469528566,128,False,0.9567620725935257,0.2976864395913546,16261
kddcup99_v2,Leaky,latency,42,0.6818862616138613,0.827092210820528,12.490578048992216,156.97903732449385,46.71547026161548,216.18508563510156,2383.689176893473,128,False,0.9387384939590648,0.2801313333394929,16261
kddcup99_v2,Leaky,latency,43,0.6695262525718146,0.8234504552113119,12.490578048992216,164.56468046387957,38.81032315314649,215.86558166601827,2421.6173925904013,128,False,0.938834585378338,0.27761526530830455,16261
kddcup99_v2,Leaky,latency,44,0.6625523852863295,0.8284466851210893,12.490578048992216,148.98870523327406,35.63658051178508,197.11586379405136,2343.737516437374,128,False,0.9444735982721627,0.3241818029443921,16261
kddcup99_v2,Leaky,latency,45,0.6359085195175763,0.8251466400746116,12.490578048992216,170.24353999144773,39.98206919611997,222.71618723655993,2450.0116902282425,128,False,0.9367742528759195,0.3187589751261317,16261
kddcup99_v2,Leaky,latency,46,0.6378531734652235,0.828831323047146,12.490578048992216,166.78788794614007,39.93338563285096,219.21185162798324,2432.733430001704,128,False,0.937828188397296,0.2863727184024959,16261
kddcup99_v2,Leaky,rate,42,0.6694052760140314,0.8271694909647977,245.5823990688971,155.88389507087763,22.045069752338208,423.51136389211297,32213.966556173218,128,False,0.9464875293764764,0.31058472305582935,16261
kddcup99_v2,Leaky,rate,43,0.6453568659597126,0.8269393126085165,245.5822543878545,203.92933134852376,23.80476418597623,473.3163499223545,32454.175218387994,128,False,0.9315085426963909,0.2641729230475295,16261
kddcup99_v2,Leaky,rate,44,0.6259502740012157,0.8253362498817659,245.57718412109483,134.40480469666815,20.346909773686697,400.3288985914497,32105.90359098348,128,False,0.9534581309863595,0.2634351990292219,16261
kddcup99_v2,Leaky,rate,45,0.5992779472365489,0.8247875459883323,245.5681624543049,184.81785299763044,21.218584119165737,451.60459957110106,32356.81405913918,128,False,0.9380341542505877,0.2801930005726177,16261
kddcup99_v2,Leaky,rate,46,0.5698403909544233,0.8284798319313903,245.57733201727171,159.98549974439683,22.231168154737983,427.7939999164065,32233.825996932763,128,False,0.9451979946168015,0.3097648718784904,16261
kddcup99_v2,LeakyParallel,delta,42,0.6079053895294769,0.819354708692831,12.086130232229149,73.37247009121336,16.972658498082172,102.43125882152468,1913.887020181398,128,False,0.9728285327550991,0.22061778356522205,16389
kddcup99_v2,LeakyParallel,delta,43,0.6304227649857568,0.8204790317914623,12.086130232229149,68.58740824810548,16.39335881863106,97.06689729896569,1889.9617109658584,128,False,0.974441874566395,0.22650157333785187,16389
kddcup99_v2,LeakyParallel,delta,44,0.6314261506677697,0.817905801354279,12.086130232229149,74.4809744428976,13.36246459333374,99.9295692684605,1919.429541939819,128,False,0.9735809205906071,0.17131173536217142,16389
kddcup99_v2,LeakyParallel,delta,45,0.5452637486072429,0.8221370047766673,12.086130232229149,69.16542187384456,16.01006658543094,97.26161869150465,1892.8517790945539,128,False,0.9743833117415712,0.17071372156962566,16389
kddcup99_v2,LeakyParallel,delta,46,0.6264372736241391,0.8237138529485007,12.086130232229149,87.0662832083182,17.95049657748956,117.10291001803691,1982.356085766922,128,False,0.9684160060794563,0.1711001459542036,16389
kddcup99_v2,LeakyParallel,latency,42,0.6382430103128522,0.8244180005111164,12.490578048992216,255.43521986695774,42.4489484903337,310.37474640628363,2875.9700896057925,128,False,0.9104107764338973,0.2098279050089405,16389
kddcup99_v2,LeakyParallel,latency,43,0.6377369766722987,0.8241957407382439,12.490578048992216,284.04929765391654,40.29036842223716,336.8302441251459,3019.0404785405863,128,False,0.9024542357665704,0.1564778973739974,16389
kddcup99_v2,LeakyParallel,latency,44,0.6422472423127366,0.832151494120539,12.490578048992216,295.12992679139245,44.800336946072555,352.42084178645723,3074.4436242279658,128,False,0.8977653342142963,0.15628962788157902,16389
kddcup99_v2,LeakyParallel,latency,45,0.615191912756064,0.8275411481638258,12.490578048992216,183.75052487067123,21.300785457304624,217.54188837696807,2517.54661462436,128,False,0.9383304329840674,0.15580452657211896,16389
kddcup99_v2,LeakyParallel,latency,46,0.6212687146485109,0.8261515501161318,12.490578048992216,226.0143041324121,39.65175594558707,278.15663812699137,2728.8655109330643,128,False,0.9201004330592484,0.15555747436574655,16389
kddcup99_v2,LeakyParallel,rate,42,0.6484849530830616,0.8315892286453276,245.5823990688971,324.90728838789954,19.194168389442787,589.6838558462395,33059.08352275833,128,False,0.8965108400669647,0.1443476065987033,16389
kddcup99_v2,LeakyParallel,rate,43,0.6272914728258014,0.8272415274653383,245.5822543878545,429.0593738847503,19.197351372380066,693.8389796449849,33579.825431069126,128,False,0.8651859472910886,0.1436528636790997,16389
kddcup99_v2,LeakyParallel,rate,44,0.5876542740191051,0.824186350589793,245.57718412109483,352.3191599497153,17.472782280751957,615.369126351562,33195.47536724871,128,False,0.8887843782765512,0.14365309287687597,16389
kddcup99_v2,LeakyParallel,rate,45,0.5493977092631922,0.8230047580021023,245.5681624543049,337.91888537724776,17.353433281140987,600.8404811126936,33122.319221037265,128,False,0.8931511823583793,0.14215920170147575,16389
kddcup99_v2,LeakyParallel,rate,46,0.6315667170062543,0.8269728102061288,245.57733201727171,346.6310054689434,19.11665471708426,611.3249922032994,33167.05352555549,128,False,0.8900007037034503,0.21003642439318287,16389
kddcup99_v2,RLeaky,delta,42,0.5264372440306444,0.8189442007259417,12.086130232229149,807.9885766279028,14.686807339508535,834.7615141996406,5586.967552864845,128,False,0.7525788318895004,0.29852690400414944,32773
kddcup99_v2,RLeaky,delta,43,0.5164210501250988,0.8172198136834831,12.086130232229149,1058.795909706169,12.106617067861839,1082.98865700626,6841.004218256176,128,False,0.6779240520980359,0.334908249674636,32773
kddcup99_v2,RLeaky,delta,44,0.5231351489711635,0.821374646817795,12.086130232229149,1405.498622314961,12.567114320529598,1430.1518668677197,8574.517781300136,128,False,0.5735140641697773,0.3343622001538376,32773
kddcup99_v2,RLeaky,delta,45,0.5335433446499221,0.8234501148211839,12.086130232229149,1061.6985039980195,13.101090252034377,1086.885724482283,6855.517189715429,128,False,0.6767520017293072,0.3492873539088824,32773
kddcup99_v2,RLeaky,delta,46,0.5593713328749488,0.8187316901994222,12.086130232229149,771.342116008475,14.928996974558643,798.3572432152629,5403.735249767707,128,False,0.7635274848171327,0.2827288593335298,32773
kddcup99_v2,RLeaky,latency,42,0.5148512303997581,0.8174024386725829,12.490578048992216,906.8309064428075,12.26819042597314,931.589674917773,6132.948522485041,128,False,0.7235792189868329,0.28509353495129697,32773
kddcup99_v2,RLeaky,latency,43,0.6214339110980219,0.8205820140153077,12.490578048992216,777.926199807735,13.32613036083452,803.7429082175618,5488.4249893096785,128,False,0.7620293743853926,0.28091239106846794,32773
kddcup99_v2,RLeaky,latency,44,0.5297043520767784,0.8189393656762844,12.490578048992216,813.1442887962215,18.288545441100347,843.9234122863141,5664.515434252112,128,False,0.749945012259452,0.3615515866381446,32773
kddcup99_v2,RLeaky,latency,45,0.5455143569790292,0.8241314351874525,12.490578048992216,1133.9533998437444,56.46686321854232,1202.910841111279,7268.560989489726,128,False,0.6419788682519438,0.33921829469345094,32773
kddcup99_v2,RLeaky,latency,46,0.5870858987590075,0.8218335307362191,12.490578048992216,632.2319880139794,15.277089917660412,659.999655980632,4759.953930340901,128,False,0.8052604276897324,0.3345851858271553,32773
kddcup99_v2,RLeaky,rate,42,0.6089536215176494,0.8223344210130419,245.5823990688971,542.5143282459192,21.177668320317398,809.2743956351337,34147.11872204843,128,False,0.8304685724612823,0.32482687050382,32773
kddcup99_v2,RLeaky,rate,43,0.5538532463345704,0.8170200544382796,245.5822543878545,320.9597047220677,15.827479109665015,582.3694382195872,33039.32708525572,128,False,0.8987106214039902,0.3240694140134174,32773
kddcup99_v2,RLeaky,rate,44,0.6066573987117243,0.8198439719294605,245.57718412109483,337.13804500544967,19.241964575650503,601.957193702195,33119.569792527385,128,False,0.892818042231248,0.34892431766260334,32773
kddcup99_v2,RLeaky,rate,45,0.576994378014278,0.8199913678925158,245.5681624543049,199.64999726713586,18.469380668683627,463.6875403901244,32430.974780486707,128,False,0.9344001870869716,0.2826685136287203,32773
kddcup99_v2,RLeaky,rate,46,0.5613539858296802,0.8241129166389201,245.57733201727171,279.44114214430164,18.270624282623164,543.2890984441965,32831.10420893229,128,False,0.9104626266385188,0.2825408083072192,32773
kddcup99_v2,RSynaptic,delta,42,0.6408273716812312,0.8193045570568736,12.086130232229149,677.5246198907497,14.498924537583312,704.1096746605622,4934.64776917908,128,False,0.7918726182170427,0.34894950258882046,32773
kddcup99_v2,RSynaptic,delta,43,0.626453292777607,0.8174470566606666,12.086130232229149,1087.1749836831934,15.108681184069653,1114.3697950994924,6982.899588141298,128,False,0.6684861158293945,0.34932456213650614,32773
kddcup99_v2,RSynaptic,delta,44,0.6112808592106875,0.8162126964525303,12.086130232229149,1290.3804854209736,14.868417414453315,1317.335033067656,7998.927096830199,128,False,0.6074439389968641,0.35908740162464237,32773
kddcup99_v2,RSynaptic,delta,45,0.6110955453950642,0.8168492016360818,12.086130232229149,1289.6775091711706,14.402570178343499,1316.1662095817433,7995.412215581184,128,False,0.607795464857289,0.4162517194185984,32773
kddcup99_v2,RSynaptic,delta,46,0.5743367993891143,0.822170164193804,12.086130232229149,884.0345626935109,15.060862491921975,911.181555417662,5967.197483192886,128,False,0.7295953608464864,0.43712462139061264,32773
kddcup99_v2,RSynaptic,latency,42,0.6113656352146051,0.8119458820637128,12.490578048992216,818.1899051213874,25.84120451790669,856.5216876882863,5689.743515877941,128,False,0.7461560572513402,0.3186009206462441,32773
kddcup99_v2,RSynaptic,latency,43,0.592092722671448,0.8147960758691379,12.490578048992216,615.564902308145,18.632333319401084,646.6878136765382,4676.6185018117285,128,False,0.8092639892849486,0.3173732285068328,32773
kddcup99_v2,RSynaptic,latency,44,0.5860541232579075,0.8179777458297889,12.490578048992216,497.9824035700851,15.989637622215291,526.4626192412926,4088.706008121429,128,False,0.8454219424985563,0.3080154267156594,32773
kddcup99_v2,RSynaptic,latency,45,0.5252227731442523,0.816705290408518,12.490578048992216,658.4464792672065,20.005231023473694,690.9422883396725,4891.026386607036,128,False,0.7959543728449082,0.4069205490292401,32773
kddcup99_v2,RSynaptic,latency,46,0.6208332057121513,0.8219519502314112,12.490578048992216,814.6059467123645,14.888611672866517,841.9851364342231,5671.823723832826,128,False,0.7505279523653441,0.42237409947702503,32773
kddcup99_v2,RSynaptic,rate,42,0.6292083047973758,0.8311070231577522,245.5823990688971,273.48993180700194,19.42549408576049,538.4978249616595,32801.99673985384,128,False,0.9119051350698459,0.28227439540440896,32773
kddcup99_v2,RSynaptic,rate,43,0.5938195982374948,0.8260842555594999,245.5822543878545,284.64502988467314,17.7040854711297,547.9313697436573,32857.75371106874,128,False,0.9090679352313376,0.29031600941846036,32773
kddcup99_v2,RSynaptic,rate,44,0.5696472004552221,0.8233378417009513,245.57718412109483,321.23341231846547,14.836844795822898,581.6474412353832,33040.04662909247,128,False,0.8989262384618681,0.32955229318215257,32773
kddcup99_v2,RSynaptic,rate,45,0.6066377616085596,0.8260738809059787,245.5681624543049,349.0080346205659,18.395635133701358,612.9718322085722,33177.76496725386,128,False,0.8895026557130024,0.3291756783090889,32773
kddcup99_v2,RSynaptic,rate,46,0.627753910555574,0.8222323556688066,245.57733201727171,306.6806310665565,17.142070353568318,569.4000334373965,32967.30165354356,128,False,0.9026097138586091,0.36276447290782876,32773
kddcup99_v2,SConv2dLSTM,delta,42,0.6360004111471816,0.821354105993887,12.086130232229149,3541.4735249767705,19.141199052178415,3572.7008542611784,21188.17313176585,288,True,0.853623238477741,0.43265260023363816,7469
kddcup99_v2,SConv2dLSTM,delta,43,0.5969463827968831,0.8158735736330327,12.086130232229149,1148.5096052136616,72.319661510663,1232.9153969565539,9223.353532950303,288,True,0.9498117464861532,0.4460389086206788,7469
kddcup99_v2,SConv2dLSTM,delta,44,0.6241189380880966,0.820421220078679,12.086130232229149,2983.42248150494,13.82183333386919,3009.3304450710384,18397.917914406695,288,True,0.8767833786294426,0.3847997916458859,7469
kddcup99_v2,SConv2dLSTM,delta,45,0.6137005503679105,0.8189797968918395,12.086130232229149,4386.557359603124,17.7372109996174,4416.38070083497,25413.592304897615,288,True,0.8189395859978318,0.3422413259758346,7469
kddcup99_v2,SConv2dLSTM,delta,46,0.6102416128141211,0.8184079131553303,12.086130232229149,5491.712534844018,17.978648293245968,5521.777313369493,30939.368181102083,288,True,0.7734967653386531,0.3182965804940237,7469
kddcup99_v2,SConv2dLSTM,latency,42,0.6460726571931994,0.8294752701646678,12.490578048992216,478.46965073996313,22.14442383186134,513.1046526208168,5989.634731809574,288,True,0.9794197708295241,0.415614684513008,7469
kddcup99_v2,SConv2dLSTM,latency,43,0.6009449610155153,0.8243308651890845,12.490578048992216,1117.5914271659556,18.553845461355692,1148.6358506763036,9185.243613939536,288,True,0.953293102872464,0.31369700962474073,7469
kddcup99_v2,SConv2dLSTM,latency,44,0.6250703298010791,0.8277817538167345,12.490578048992216,707.6876079079443,24.30143169929492,744.4796176562314,7135.72451764948,288,True,0.9699079531507815,0.31257374505140717,7469
kddcup99_v2,SConv2dLSTM,latency,45,0.5760896731121082,0.8213751480316532,12.490578048992216,618.8979805741586,29.179899623507776,660.5684582466587,6691.776380980552,288,True,0.9733575383269202,0.2984794163712427,7469
kddcup99_v2,SConv2dLSTM,latency,46,0.5876295318274916,0.8180960918842677,12.490578048992216,707.0852942973163,28.54526748309643,748.121139829405,7132.71294959634,288,True,0.9697582502865195,0.33362142220930724,7469
kddcup99_v2,SConv2dLSTM,rate,42,0.6050674174198616,0.8256179853227162,245.5823990688971,1012.2675473991171,24.828430789411918,1282.678377257426,75789.06866883795,288,True,0.9573650163129074,0.42585373872257704,7469
kddcup99_v2,SConv2dLSTM,rate,43,0.6138292737893528,0.819318015276805,245.5822543878545,620.8174736117854,23.22527481360259,889.6250028132425,73831.77663176102,288,True,0.9735234224696655,0.4040540866572109,7469
kddcup99_v2,SConv2dLSTM,rate,44,0.6184365043541827,0.8219127506304724,245.57718412109483,396.8317616685261,23.631892846004714,666.0408386356256,72710.38783521793,288,True,0.9827147521268436,0.3844460919511614,7469
kddcup99_v2,SConv2dLSTM,rate,45,0.6203232633214981,0.8257667651295261,245.5681624543049,515.9020798703658,23.358706101360323,784.828948426031,73303.14118619164,288,True,0.977831005715448,0.3846823810606227,7469
kddcup99_v2,SConv2dLSTM,rate,46,0.5891265494545599,0.8178256589356634,245.57733201727171,1617.3148227335714,27.06228358127377,1889.954438332117,78812.8457346421,288,True,0.9323997078596158,0.45131278854628215,7469
kddcup99_v2,SLSTM,delta,42,0.6302939372828973,0.8209294594631791,12.086130232229149,66.98731629526507,19.485105890447514,98.55855241794174,6523.03526037765,512,True,0.9739932564855,0.2962640029307087,129157
kddcup99_v2,SLSTM,delta,43,0.6306651809962573,0.8237949592115211,12.086130232229149,96.13588765034771,25.926363779583255,134.14838166216012,6668.778117153063,512,True,0.963289548442126,0.3629469396338048,129157
kddcup99_v2,SLSTM,delta,44,0.6315440879386274,0.8179470323736842,12.086130232229149,94.49485739271901,24.337187207623728,130.91817483257188,6660.57296586492,512,True,0.964261039217942,0.3581112291318711,129157
kddcup99_v2,SLSTM,delta,45,0.5845946004588216,0.8229492357546049,12.086130232229149,92.89427673946803,25.95720334759781,130.93761031929498,6652.570062598665,512,True,0.9642551939587772,0.35901989866352213,129157
kddcup99_v2,SLSTM,delta,46,0.6229735371418672,0.8251842863078441,12.086130232229149,80.37413874590472,18.664864048046965,111.12513302618083,6589.969372630848,512,True,0.97021383374618,0.32320114001492084,129157
kddcup99_v2,SLSTM,latency,42,0.6443703991621115,0.8222777299888819,12.490578048992216,161.91371222619114,40.16687189940488,214.5711621745882,7204.74452221497,512,True,0.9392238844735049,0.33014875394896354,129157
kddcup99_v2,SLSTM,latency,43,0.6355385206393922,0.8264692569364523,12.490578048992216,154.4467204022776,35.9073719813908,202.84467043266062,7167.4095630954025,512,True,0.9427506489071674,0.33842715839470255,129157
kddcup99_v2,SLSTM,latency,44,0.6226838482667627,0.8214150999413466,12.490578048992216,171.6098305945748,37.398329416228066,221.49873805979507,7253.225114056889,512,True,0.9371404030042698,0.26889599472392306,129157
kddcup99_v2,SLSTM,latency,45,0.6154811675199644,0.8213425185279385,12.490578048992216,207.07781911011514,46.8415581826775,266.40995534178484,7430.56505663459,512,True,0.92363326998713,0.26868267675078644,129157
kddcup99_v2,SLSTM,latency,46,0.6390938182457084,0.8223749208013623,12.490578048992216,171.1161017139881,41.21952936864408,224.82620913162438,7250.756469653955,512,True,0.9361396598247723,0.25988163468552805,129157
kddcup99_v2,SLSTM,rate,42,0.6162440557411845,0.8277470846176169,245.5823990688971,173.01886319282124,17.888248362692867,436.48951062441125,126603.28263923943,512,True,0.942584327351725,0.3329493192774018,129157
kddcup99_v2,SLSTM,rate,43,0.6287173238292023,0.8257084712036606,245.5822543878545,273.3348305141964,23.937484929058062,542.854569831109,127104.78839915249,512,True,0.9105947923478934,0.3379251623729057,129157
kddcup99_v2,SLSTM,rate,44,0.6029810023896265,0.8255321547210678,245.57718412109483,277.45686415093127,19.921370676046283,542.9554189480724,127122.80259075521,512,True,0.9105629368941421,0.342549823883033,129157
kddcup99_v2,SLSTM,rate,45,0.6106092619137806,0.8277332086073977,245.5681624543049,218.03348240839279,23.64065408691794,487.24229894961564,126821.06658864608,512,True,0.9273160491743426,0.3169349601985038,129157
kddcup99_v2,SLSTM,rate,46,0.6276741571534232,0.8234356491173223,245.57733201727171,291.51673959662924,26.773615965070782,563.8676875789718,127193.17769082625,512,True,0.9042735772746767,0.29284314639911074,129157
kddcup99_v2,Synaptic,delta,42,0.6275526042747754,0.8199358319360898,12.086130232229149,271.106343781448,34.07732719457028,317.2698012082475,2902.5563886325713,128,False,0.9082154373004456,0.2667641487856364,16261
kddcup99_v2,Synaptic,delta,43,0.6172248541241948,0.8182506977483288,12.086130232229149,431.86109655369756,23.001713666571284,466.948940452498,3706.330152493819,128,False,0.8631991548209718,0.19609224095325578,16261
kddcup99_v2,Synaptic,delta,44,0.6008986407224146,0.8186036603395024,12.086130232229149,329.3569474229091,14.186696417375872,355.6297740725141,3193.809406839877,128,False,0.8966786033563052,0.19177687455998343,16261
kddcup99_v2,Synaptic,delta,45,0.5772998969262653,0.8184346665070138,12.086130232229149,364.2506004263268,22.562072989978425,398.8988036485344,3368.2776718569653,128,False,0.8836653613785548,0.07846270665717117,16261
kddcup99_v2,Synaptic,delta,46,0.5322829772103597,0.8197442316768238,12.086130232229149,372.12104980564516,28.97986361400384,413.1870436518781,3407.629918753557,128,False,0.8793681463399552,0.05956426610628661,16261
kddcup99_v2,Synaptic,latency,42,0.6358355332849278,0.8263650632214108,12.490578048992216,100.7525954171476,28.68151522848352,141.92468869462334,2102.5569673567416,128,False,0.961072447926126,0.2786001887101519,16261
kddcup99_v2,Synaptic,latency,43,0.6432575406629271,0.8248214564825004,12.490578048992216,73.73553269952319,27.151374952174876,113.37748570069029,1967.4716537686197,128,False,0.9696580728867074,0.20042407585831779,16261
kddcup99_v2,Synaptic,latency,44,0.643328135201516,0.8230457076134645,12.490578048992216,57.19617784836784,23.497538814708598,93.18429471206865,1884.7748795128427,128,False,0.9757312130336612,0.12534045961221907,16261
kddcup99_v2,Synaptic,latency,45,0.6219495975284937,0.8247952479552197,12.490578048992216,90.28379347263439,25.274874690141434,128.04924621176804,2050.2129576341754,128,False,0.9652455133345035,0.07051664665248193,16261
kddcup99_v2,Synaptic,latency,46,0.6167066288065585,0.8192607016917873,12.490578048992216,79.29564445759077,29.005616839587304,120.79183934617029,1995.2722125589576,128,False,0.9674281920910742,0.07017946069586413,16261
kddcup99_v2,Synaptic,rate,42,0.5256412038610812,0.8210199146060112,245.5823990688971,844.1089448250806,20.998910069479052,1110.6902539634568,35655.09180494423,128,False,0.7398171864978769,0.2991067122877116,16261
kddcup99_v2,Synaptic,rate,43,0.5424249921491237,0.8275810557269587,245.5822543878545,831.199129341637,23.40343183433056,1100.184815563822,35590.52420835356,128,False,0.7429766733305361,0.30174103563978,16261
kddcup99_v2,Synaptic,rate,44,0.5392129143768342,0.8196761070780684,245.57718412109483,892.6593983197708,20.89480723662424,1159.1313896774898,35897.17655909899,128,False,0.7252468554717608,0.3677975978167987,16261
kddcup99_v2,Synaptic,rate,45,0.5394657429927993,0.8222669550130063,245.5681624543049,942.5490549112784,20.456767696902862,1208.5739850624861,36145.47006870742,128,False,0.7103741886892688,0.3641175883560993,16261
kddcup99_v2,Synaptic,rate,46,0.5246149597680658,0.8232764648319291,245.57733201727171,874.1306180452626,19.584836140681414,1139.2927862032159,35804.55158843709,128,False,0.73121339723731,0.3682437355042951,16261
nslkdd_v2,Alpha,delta,42,0.4674243942051448,0.6196769529628704,13.56028211497516,76.9541341376863,6.527013839602555,97.04143009226402,2120.486781405252,128,False,0.9748928878263793,0.41403768966179355,16773
nslkdd_v2,Alpha,delta,43,0.46200300211415557,0.6197930212175587,13.56028211497516,72.72547019162526,6.352022711142654,92.63777501774308,2099.343461674947,128,False,0.9762172953675886,0.5457959566833789,16773
nslkdd_v2,Alpha,delta,44,0.4765541916988022,0.6301686297670057,13.56028211497516,71.54373669268985,6.456218949609652,91.56023775727466,2093.43479418027,128,False,0.9765413667241204,0.5335414701526769,16773
nslkdd_v2,Alpha,delta,45,0.47543740968233966,0.6268923144489468,13.56028211497516,85.59261887863732,6.478486515259049,105.63138750887154,2163.679205110007,128,False,0.972309441986798,0.4391716971644448,16773
nslkdd_v2,Alpha,delta,46,0.4649638090404344,0.6220687118068532,13.56028211497516,85.46615507452094,6.371140880056778,105.39757806955288,2163.0468860894252,128,False,0.9723797606151646,0.43883089523437263,16773
nslkdd_v2,Alpha,latency,42,0.45916799746109094,0.590495158549654,14.580154364797728,108.92437012065295,6.188830731014904,129.6933552164656,2410.881609297374,128,False,0.9653794884656638,0.5117587644720517,16773
nslkdd_v2,Alpha,latency,43,0.467031429897977,0.5996741606655728,14.580154364797728,103.0110894251242,6.270315826827537,123.86155961674947,2381.31520581973,128,False,0.9671334119543002,0.3926683563641236,16773
nslkdd_v2,Alpha,latency,44,0.4726784408839243,0.6226318492055077,14.580154364797728,107.11830198722498,6.260468417317246,127.95892476933996,2401.8512686302342,128,False,0.9659011216828445,0.3916999077949226,16773
nslkdd_v2,Alpha,latency,45,0.4635912932834585,0.6060041597229077,14.580154364797728,115.45018630234209,6.246939318665721,136.27727998580554,2443.5106902058196,128,False,0.9633993607154864,0.39186255148406396,16773
nslkdd_v2,Alpha,latency,46,0.45962393893936976,0.5951588788318817,14.580154364797728,108.56427430801988,6.328291341376863,129.47272001419446,2409.0811302342086,128,False,0.9654458449174746,0.5046192257856121,16773
nslkdd_v2,Alpha,rate,42,0.4766905808121531,0.6215011565108705,238.59958303761533,230.80331795599716,7.181334279630944,476.58423527324345,31694.763218594748,128,False,0.928425668500563,0.4150438194498261,16773
nslkdd_v2,Alpha,rate,43,0.4792653376729887,0.6169686112531737,238.61874556422995,227.2250266146203,7.173926543647977,473.0176987224982,31679.324565294533,128,False,0.9295040742381148,0.4852315036856257,16773
nslkdd_v2,Alpha,rate,44,0.48786159188311523,0.6219288343846097,238.56777856635912,225.16079666430093,7.340711497515969,471.069286728176,31662.479639815472,128,False,0.9300747343874235,0.48641145567761995,16773
nslkdd_v2,Alpha,rate,45,0.48010163396454664,0.6211175206750045,238.55606813342797,234.15902235628104,7.269694819020582,479.9847853087296,31705.971832860185,128,False,0.9273898594961498,0.41384732706314964,16773
nslkdd_v2,Alpha,rate,46,0.47891708411438083,0.6157647407044063,238.5822391767211,238.0348651525905,7.320085166784954,483.93718949609655,31728.70094038325,128,False,0.9262090374979322,0.4138445456540695,16773
nslkdd_v2,Lapicque,delta,42,0.49365867485375825,0.6424086136477257,13.56028211497516,123.05101135557133,14.305092264017034,150.91638573456353,2350.971167494677,128,False,0.9586898936482441,0.44715411913487996,16773
nslkdd_v2,Lapicque,delta,43,0.4905259580134815,0.643921623976534,13.56028211497516,126.01179914833214,15.244322214336409,154.81640347764372,2365.7751064584813,128,False,0.9575169559811523,0.33686700824983923,16773
nslkdd_v2,Lapicque,delta,44,0.4892662965322086,0.6429702509191387,13.56028211497516,125.62899219304471,15.587251596877218,154.77652590489708,2363.861071682044,128,False,0.9575289492361136,0.34102287759503375,16773
nslkdd_v2,Lapicque,delta,45,0.48069841808898506,0.6377291170199292,13.56028211497516,129.26871894960965,14.51818665720369,157.34718772178852,2382.059705464869,128,False,0.9567558178626125,0.36659164154588797,16773
nslkdd_v2,Lapicque,delta,46,0.4804390419951788,0.6358832051427541,13.56028211497516,126.79644251242016,13.42831795599716,153.78504258339248,2369.698323278921,128,False,0.9578271397087467,0.36780449454034786,16773
nslkdd_v2,Lapicque,latency,42,0.4820968180191242,0.630161971749124,14.580154364797728,214.09195351312988,38.487446770759405,267.159554648687,2936.719526259759,128,False,0.9240362705913114,0.47024289202910097,16773
nslkdd_v2,Lapicque,latency,43,0.4828594341326403,0.633873620639089,14.580154364797728,217.3668381831086,42.077581618168914,274.02457416607524,2953.093949609652,128,False,0.921971603067285,0.36663311944099247,16773
nslkdd_v2,Lapicque,latency,44,0.4783314021130779,0.6229311723284993,14.580154364797728,226.77452980837472,48.46092086586231,289.8156050390348,3000.132407735983,128,False,0.9172224208498535,0.23065441842617254,16773
nslkdd_v2,Lapicque,latency,45,0.48101046689052207,0.6307120417651321,14.580154364797728,220.11590667139816,40.79706352022711,275.49312455642297,2966.8392920511,128,False,0.9215299337769548,0.36981505142872517,16773
nslkdd_v2,Lapicque,latency,46,0.48223837605755265,0.6222334156192386,14.580154364797728,223.2875266146203,47.074254790631656,284.94193577004967,2982.697391767211,128,False,0.9186881860435332,0.37352399169510353,16773
nslkdd_v2,Lapicque,rate,42,0.5141624185687713,0.6116436097523258,238.59958303761533,495.8444375443577,30.296486870120653,764.7405074520937,33019.96881653655,128,False,0.8417621279956456,0.44980452702009904,16773
nslkdd_v2,Lapicque,rate,43,0.5193656199052775,0.622761202651008,238.61874556422995,489.10202271114264,30.270581973030517,757.9913502484031,32988.70954577715,128,False,0.8437977128769404,0.4211860802090701,16773
nslkdd_v2,Lapicque,rate,44,0.5466388489020798,0.6216978941585867,238.56777856635912,503.96061036195886,31.80110007097232,774.3294889992903,33056.47870830376,128,False,0.8388686585164117,0.39033286109556115,16773
nslkdd_v2,Lapicque,rate,45,0.5299816227913696,0.618631721564079,238.55606813342797,495.5687544357701,30.70098474095103,764.825807310149,33013.02049325763,128,False,0.8417233867137681,0.3975261877918176,16773
nslkdd_v2,Lapicque,rate,46,0.520789843501915,0.617089116161237,238.5822391767211,516.1828424414479,31.299237047551454,786.0643186657204,33119.44082682754,128,False,0.8353437354920303,0.40111406802115834,16773
nslkdd_v2,Leaky,delta,42,0.549432109439133,0.6189019924151458,13.56028211497516,100.00714158977999,22.255500354861603,135.82292405961675,2235.7518186657203,128,False,0.9632292806181529,0.3383681230971456,16773
nslkdd_v2,Leaky,delta,43,0.5512009195203352,0.6468783284411982,13.56028211497516,120.50368168914123,26.80877395315827,160.87273775727465,2338.234519162527,128,False,0.9556955020624663,0.3599839548086595,16773
nslkdd_v2,Leaky,delta,44,0.5615786025994265,0.63516985728856,13.56028211497516,111.47014726756565,23.087961320085167,148.118390702626,2293.066847054649,128,False,0.9595313959134885,0.3696149063076509,16773
nslkdd_v2,Leaky,delta,45,0.5161485792912499,0.6346058423778727,13.56028211497516,128.78428850248403,25.6805801987225,168.02515081618168,2379.6375532292404,128,False,0.9535444003906146,0.2702523242335864,16773
nslkdd_v2,Leaky,delta,46,0.5998388641675548,0.6427759031069241,13.56028211497516,95.97285308729596,20.855615684882896,130.388750887154,2215.5803761533,128,False,0.9648636184143823,0.27132798924862367,16773
nslkdd_v2,Leaky,latency,42,0.546743774776132,0.6510150458397447,14.580154364797728,183.58569907735983,40.62934705464869,238.79520049680625,2784.1882540809083,128,False,0.9325669034189448,0.22468018438733156,16773
nslkdd_v2,Leaky,latency,43,0.5476573227162673,0.6469745278761471,14.580154364797728,183.3252306600426,42.83525550035486,240.74064052519518,2782.885911994322,128,False,0.9319818086735647,0.22378669637919657,16773
nslkdd_v2,Leaky,latency,44,0.5605277014214046,0.6141983227516228,14.580154364797728,183.6677608232789,49.786195883605394,248.03411107168205,2784.598562810504,128,False,0.9297882836971777,0.3363516226654107,16773
nslkdd_v2,Leaky,latency,45,0.5602273842364422,0.664645011367,14.580154364797728,186.68665720369057,48.24387863733144,249.51069020581974,2799.693044712562,128,False,0.9293441997470611,0.34699371683419894,16773
nslkdd_v2,Leaky,latency,46,0.6034866034057991,0.6640750963647771,14.580154364797728,178.35113555713272,42.314274308019876,235.24556422995033,2758.0154364797727,128,False,0.9336344631984503,0.20746857118234302,16773
nslkdd_v2,Leaky,rate,42,0.6013856475620897,0.6762767816382073,238.59958303761533,227.22884137686302,27.132274662881475,492.96069907735983,31676.890835699076,128,False,0.9235004162286483,0.33705740257558287,16773
nslkdd_v2,Leaky,rate,43,0.5378577104826252,0.6512064159085124,238.61874556422995,214.88857345635202,24.54528921220724,478.0526082327892,31617.642299503193,128,False,0.9279898157387791,0.3678288186501746,16773
nslkdd_v2,Leaky,rate,44,0.593192439084585,0.6477858153445775,238.56777856635912,197.89513839602554,23.302031582682755,459.7649485450674,31526.151348474094,128,False,0.9334745353447493,0.2609718091272986,16773
nslkdd_v2,Leaky,rate,45,0.534643417900649,0.6426736291363915,238.55606813342797,205.31977466288149,19.45333569907736,463.3291784953868,31561.775594393188,128,False,0.9323990645527943,0.26287294982425535,16773
nslkdd_v2,Leaky,rate,46,0.5724050975285799,0.6326094724694293,238.5822391767211,194.99503193754435,22.175345990063875,455.7526171043293,31513.50177430802,128,False,0.9346856006232758,0.3558268586822737,16773
nslkdd_v2,LeakyParallel,delta,42,0.5270397133566488,0.619163161955458,13.56028211497516,125.28686124911285,15.832106103619589,154.6792494677076,2362.1504169623845,128,False,0.957558205307449,0.12268767955880203,16901
nslkdd_v2,LeakyParallel,delta,43,0.5013035323111636,0.6581066670850239,13.56028211497516,158.32044002838893,17.053229240596167,188.93395138396025,2527.318310858765,128,False,0.9472560393175985,0.12043509777764888,16901
nslkdd_v2,LeakyParallel,delta,44,0.540416853637883,0.650092449605015,13.56028211497516,157.29413591199432,15.737801632363379,186.59221965933287,2522.186790276792,128,False,0.9479603195355315,0.12206836657121387,16901
nslkdd_v2,LeakyParallel,delta,45,0.5061427169027221,0.6444495261601279,13.56028211497516,142.7760823278921,17.559350603264726,173.895715046132,2449.596522356281,128,False,0.9517788171635618,0.23121525836887724,16901
nslkdd_v2,LeakyParallel,delta,46,0.5235989645452973,0.6367378684112343,13.56028211497516,101.77807842441447,15.15223562810504,130.4905961674947,2244.606502838893,128,False,0.9648329882548814,0.22809207439422607,16901
nslkdd_v2,LeakyParallel,latency,42,0.5630699991707409,0.6208092575460629,14.580154364797728,276.83241660752304,26.33596522356281,317.7485361958836,3250.4218417317247,128,False,0.9088215392989215,0.10223864366857612,16901
nslkdd_v2,LeakyParallel,latency,43,0.5713460918148636,0.6732404766967766,14.580154364797728,354.1529009936125,46.99001951738822,415.72307487579843,3637.024263662172,128,False,0.8793555126282705,0.10100169922968781,16901
nslkdd_v2,LeakyParallel,latency,44,0.6108810808586742,0.6937215294143076,14.580154364797728,289.52457416607524,29.0750088715401,333.1797374024131,3313.8826295244853,128,False,0.9041805765300405,0.12457652071674637,16901
nslkdd_v2,LeakyParallel,latency,45,0.5594057829276176,0.651927521383973,14.580154364797728,300.2933374733854,33.034066713981545,347.90755855216463,3367.7264460610363,128,False,0.8997511566353784,0.12681801916437846,16901
nslkdd_v2,LeakyParallel,latency,46,0.6183432800281145,0.6528764738522636,14.580154364797728,275.9000177430802,28.99001951738822,319.4701916252661,3245.7598474095103,128,False,0.9083037481923404,0.11791032920753473,16901
nslkdd_v2,LeakyParallel,rate,42,0.5405143063813094,0.6644339150506334,238.59958303761533,371.1516589779986,18.010335344215754,627.7615773598296,32396.504923704757,128,False,0.8829587987000859,0.025827466722411242,16901
nslkdd_v2,LeakyParallel,rate,43,0.5522552069194555,0.6677283518350652,238.61874556422995,406.12127395315827,16.62122959545777,661.3612491128459,32573.805801987226,128,False,0.8728593974289877,0.10358655892677389,16901
nslkdd_v2,LeakyParallel,rate,44,0.576381277068891,0.6372389727674217,238.56777856635912,411.53251419446417,16.29182931156849,666.3921220723918,32594.338227466287,128,False,0.8713310245094639,0.10386478444039188,16901
nslkdd_v2,LeakyParallel,rate,45,0.5006149399814059,0.6421419789054357,238.55606813342797,368.0540720369056,15.7625088715401,622.3726490418736,32375.447081263308,128,False,0.8845664418320464,0.10748126136232894,16901
nslkdd_v2,LeakyParallel,rate,46,0.5656602451241926,0.6355494657061905,238.5822391767211,406.31329843860897,17.269118168914122,662.1646557842441,32570.093106813343,128,False,0.8726067919977374,0.10532277158340551,16901
nslkdd_v2,RLeaky,delta,42,0.5054387715820894,0.6380450066119597,13.56028211497516,1027.0733232789212,9.282248048261177,1049.9158534421576,6871.082727111427,128,False,0.6883141138865616,0.2893290467258884,33285
nslkdd_v2,RLeaky,delta,43,0.45008506482044586,0.6072887415616415,13.56028211497516,1310.2492015613911,11.380855216465578,1335.1903388928317,8286.962118523776,128,False,0.6025172761570357,0.38050010409060736,33285
nslkdd_v2,RLeaky,delta,44,0.4685441664851611,0.6272910005359941,13.56028211497516,990.9576383960256,72.8180447125621,1077.3359652235629,6690.504302696948,128,False,0.6800674637267405,0.3608924285835878,33285
nslkdd_v2,RLeaky,delta,45,0.462843692508118,0.6074638594846196,13.56028211497516,894.1918026969482,75.58853797019162,983.340622782115,6206.675124201562,128,False,0.7083367396489806,0.37156466349716133,33285
nslkdd_v2,RLeaky,delta,46,0.48396854708735165,0.6233638434221487,13.56028211497516,757.4644251242015,8.368301987224982,779.3930092264017,5523.0382363378285,128,False,0.7696743677860372,0.38352250164497653,33285
nslkdd_v2,RLeaky,latency,42,0.5274245647877569,0.6303439274128431,14.580154364797728,1072.4336852377573,47.974361249112846,1134.988200851668,7228.428184882896,128,False,0.6630351739889113,0.21414871203975527,33285
nslkdd_v2,RLeaky,latency,43,0.4623856142657841,0.5903608456236382,14.580154364797728,796.0407203690561,15.808995741660752,826.4298704755146,5846.463360539389,128,False,0.755834671846401,0.214465718644997,33285
nslkdd_v2,RLeaky,latency,44,0.4754233925646455,0.6164596381977596,14.580154364797728,1052.0662704045421,13.013972675656493,1079.6603974449965,7126.59111071682,128,False,0.6796751148630982,0.38071982483224215,33285
nslkdd_v2,RLeaky,latency,45,0.48489857564449085,0.6044417431690546,14.580154364797728,1041.1470901348473,58.1763662171753,1113.9036107168204,7071.995209368346,128,False,0.6693764041046548,0.3620951077547202,33285
nslkdd_v2,RLeaky,latency,46,0.4645247366331492,0.5821634093219041,14.580154364797728,897.5469748048262,11.579400283889283,923.7065294535131,6353.99463271824,128,False,0.7265785338079052,0.3719878395539467,33285
nslkdd_v2,RLeaky,rate,42,0.5291184223669418,0.6187131243224077,238.59958303761533,126.92862845990064,20.1860805535841,385.7142920511001,31175.389771114267,128,False,0.9557549747327866,0.36451721800566567,33285
nslkdd_v2,RLeaky,rate,43,0.5309765584279884,0.625729725455354,238.61874556422995,175.38644428672816,22.137597586941094,436.14278743789924,31420.131653655073,128,False,0.940594273120701,0.35231449952609495,33285
nslkdd_v2,RLeaky,rate,44,0.5723943481287666,0.647700051748981,238.56777856635912,153.01978353442158,23.12584279630944,414.71340489709013,31301.774574166076,128,False,0.9470238717802313,0.37206662851838546,33285
nslkdd_v2,RLeaky,rate,45,0.48626671736821975,0.6021848938536849,238.55606813342797,137.79378105039035,21.397444996451384,397.7472941802697,31224.14562633073,128,False,0.9521229395347844,0.3911176520598705,33285
nslkdd_v2,RLeaky,rate,46,0.5200105942384411,0.6306492209684634,238.5822391767211,115.35388573456352,19.788635557132718,373.72476046841734,31115.296043293114,128,False,0.9593556326942267,0.2838385134745016,33285
nslkdd_v2,RSynaptic,delta,42,0.5655013430447939,0.6781061827138068,13.56028211497516,729.1253105039035,14.133871540099362,756.819464158978,5381.342663236338,128,False,0.7764634038965406,0.3756963250652283,33285
nslkdd_v2,RSynaptic,delta,43,0.5045433171122339,0.6471521343548972,13.56028211497516,728.0597498225692,17.041341376863024,758.6613733144073,5376.014859829666,128,False,0.7759094462558098,0.3134106451776368,33285
nslkdd_v2,RSynaptic,delta,44,0.5880663992968647,0.6600508257449061,13.56028211497516,759.0412526614621,11.818798793470547,784.4203335699077,5530.9223740241305,128,False,0.7681623905398699,0.31971015601906055,33285
nslkdd_v2,RSynaptic,delta,45,0.535779383353485,0.6127919409083654,13.56028211497516,595.2740862313698,14.05305180979418,622.8874201561391,4712.086541873669,128,False,0.8167437178823567,0.41262308403987086,33285
nslkdd_v2,RSynaptic,delta,46,0.593313704693155,0.6404781022867396,13.56028211497516,856.8315294535131,9.709368346344926,880.1011799148332,6019.873757984386,128,False,0.7393861961504187,0.4002262062853833,33285
nslkdd_v2,RSynaptic,latency,42,0.5726743525024857,0.6478156717980319,14.580154364797728,504.57310149041876,22.341598651525906,541.4948545067424,4389.125266146203,128,False,0.8415294134911444,0.22850333163719638,33285
nslkdd_v2,RSynaptic,latency,43,0.5355137575180369,0.6286247410132414,14.580154364797728,476.11195883605393,15.628504258339248,506.32061745919094,4246.819552874379,128,False,0.8521081314001825,0.228923387862504,33285
nslkdd_v2,RSynaptic,latency,44,0.5311479047675971,0.6617619439591743,14.580154364797728,547.1148864442868,20.703513129879347,582.3985539389638,4601.834190915543,128,False,0.8292275490002508,0.22953119448857412,33285
nslkdd_v2,RSynaptic,latency,45,0.49115316708478884,0.60769157996867,14.580154364797728,395.4525816181689,14.17680979418027,424.2095457771469,3843.522666784954,128,False,0.876803190552677,0.40748446777917713,33285
nslkdd_v2,RSynaptic,latency,46,0.5101448834735524,0.6524855009866599,14.580154364797728,587.0247072391767,14.891767210787792,616.4966288147623,4801.383294889993,128,False,0.8189724888872287,0.4138322143879573,33285
nslkdd_v2,RSynaptic,rate,42,0.581444159359834,0.6237978133966723,238.59958303761533,258.2900106458481,18.040720369056068,514.9303140525195,31832.196682044003,128,False,0.9168930132286003,0.2740707864483846,33285
nslkdd_v2,RSynaptic,rate,43,0.5121738829756415,0.6466580219462479,238.61874556422995,293.0212029808375,22.44277856635912,554.0827271114265,32008.305447125622,128,False,0.9051236145722716,0.27625220434474473,33285
nslkdd_v2,RSynaptic,rate,44,0.5974552821148124,0.6458468793373199,238.56777856635912,300.8899485450674,16.291740596167493,555.749467707594,32041.125399219305,128,False,0.904607010784591,0.3658653765049617,33285
nslkdd_v2,RSynaptic,rate,45,0.5330709515967226,0.6322401826302566,238.55606813342797,317.6824432221434,21.120209368346345,577.3587207239177,32123.588937189495,128,False,0.8981044653863188,0.36837206062820466,33285
nslkdd_v2,RSynaptic,rate,46,0.5416729492877497,0.6480003985504423,238.5822391767211,318.15081618168915,22.35916430092264,579.0922196593328,32129.280695528745,128,False,0.8975909833135002,0.37429268644412755,33285
nslkdd_v2,SConv2dLSTM,delta,42,0.5829820977300739,0.6420406116207763,13.56028211497516,1761.1066359119943,12.004213981547197,1786.6711320085167,12710.894428672818,288,True,0.938699711326066,0.409482027132347,8389
nslkdd_v2,SConv2dLSTM,delta,43,0.5067146852622588,0.6437880749481335,13.56028211497516,1780.8223030518097,9.931644783534422,1804.3142299503195,12809.472764371894,288,True,0.9380897511552171,0.4058031641565544,8389
nslkdd_v2,SConv2dLSTM,delta,44,0.5641667891377556,0.6559283778254313,13.56028211497516,895.2535042583393,13.28415542938254,922.0979418026969,8381.628770404543,288,True,0.9685898821196984,0.3813627745091619,8389
nslkdd_v2,SConv2dLSTM,delta,45,0.5075254517336998,0.6306382701603204,13.56028211497516,533.2406848828957,15.610051454932576,562.4110184528034,6571.564673527324,288,True,0.9810250393660215,0.31237824535099135,8389
nslkdd_v2,SConv2dLSTM,delta,46,0.5536335274228452,0.6404514912286305,13.56028211497516,302.3930535841022,12.722941802696948,328.6762775017743,5417.326517033357,288,True,0.9891057564256941,0.3199815919333269,8389
nslkdd_v2,SConv2dLSTM,latency,42,0.5696241934875904,0.6613405823803797,14.580154364797728,936.8628459900639,15.52750177430802,966.9705021291696,8883.398687012066,288,True,0.967073799558708,0.398204566063485,8389
nslkdd_v2,SConv2dLSTM,latency,43,0.5475135323669309,0.6254885035457793,14.580154364797728,597.9455731014904,18.786284599006386,631.3120120652945,7188.812322569198,288,True,0.9786782417389629,0.2560717066270058,8389
nslkdd_v2,SConv2dLSTM,latency,44,0.5942060595296296,0.6470707588071511,14.580154364797728,1224.5270138396027,21.083836053938963,1260.1910042583393,10321.719526259758,288,True,0.9569365306864809,0.24995921646304972,8389
nslkdd_v2,SConv2dLSTM,latency,45,0.5484965316543108,0.6460251496088175,14.580154364797728,1101.3738910574875,19.48101490418737,1135.4350603264727,9705.953912349183,288,True,0.9612496143142031,0.2502534430106537,8389
nslkdd_v2,SConv2dLSTM,latency,46,0.5594382253378024,0.623071272963731,14.580154364797728,560.166163946061,17.091997870830376,591.8383161816892,6999.915276792051,288,True,0.9800429330400383,0.33891276106756574,8389
nslkdd_v2,SConv2dLSTM,rate,42,0.5560619228740298,0.62702505281678,238.59958303761533,632.6209190915542,16.715223562810504,887.9357256919801,71879.78451029099,288,True,0.9775510408762536,0.40509205409362015,8389
nslkdd_v2,SConv2dLSTM,rate,43,0.5581046918870801,0.6374853069152852,238.61874556422995,777.4152767920511,17.238289567068843,1033.27231192335,72609.27510645849,288,True,0.9725271022866337,0.38871047469721864,8389
nslkdd_v2,SConv2dLSTM,rate,44,0.5729063952390193,0.644967102500219,238.56777856635912,536.708303761533,18.15662704045422,793.4327093683463,71391.0617459191,288,True,0.9808171156161802,0.37896462879424575,8389
nslkdd_v2,SConv2dLSTM,rate,45,0.5441691848788224,0.6533328842139564,238.55606813342797,1036.296974804826,18.040676011355572,1292.8937189496096,73885.63249645138,288,True,0.9635492601273576,0.3697710353656387,8389
nslkdd_v2,SConv2dLSTM,rate,46,0.5889671835816208,0.6792261281834245,238.5822391767211,804.5116217175301,16.3263839602555,1059.4202448545068,72734.24299148332,288,True,0.9716218494147697,0.4072485344895579,8389
nslkdd_v2,SLSTM,delta,42,0.5758178232460458,0.6352562777619122,13.56028211497516,112.7875709723208,19.09182044002839,145.43967352732435,7506.802297728886,512,True,0.9603370251391431,0.3096320533515546,131205
nslkdd_v2,SLSTM,delta,43,0.5267984771433174,0.6629733409945686,13.56028211497516,130.9751596877218,26.963138750887154,171.4985805535841,7597.740241305891,512,True,0.9524997598680875,0.35019210461101435,131205
nslkdd_v2,SLSTM,delta,44,0.5860647378815498,0.6638055630104555,13.56028211497516,132.62797196593328,27.676721078779277,173.86497515968773,7606.004302696948,512,True,0.9517880622421917,0.35065732965070023,131205
nslkdd_v2,SLSTM,delta,45,0.5027225315927295,0.633350550480351,13.56028211497516,104.9792405961675,18.54830553584102,137.0878282469837,7467.76064584812,512,True,0.9628488583061628,0.35950695901495755,131205
nslkdd_v2,SLSTM,delta,46,0.555638520143047,0.6401723005201868,13.56028211497516,178.00634315117105,41.351490418736695,232.9181156848829,7832.896158623137,512,True,0.9340277192270954,0.3607379599104882,131205
nslkdd_v2,SLSTM,latency,42,0.5526988189039699,0.6450629375404022,14.580154364797728,301.7967086586231,60.6221611071682,376.9990241305891,8974.022578069553,512,True,0.8910018436794612,0.315659842734814,131205
nslkdd_v2,SLSTM,latency,43,0.5629082617343097,0.652451596709783,14.580154364797728,266.68962916962386,48.91727288857346,330.18705642299506,8798.487180624556,512,True,0.9050806309599406,0.34229038580670434,131205
nslkdd_v2,SLSTM,latency,44,0.571343470170901,0.6255169149450522,14.580154364797728,300.6414567068843,64.09922817601135,379.3208392476934,8968.24631831086,512,True,0.890303553418678,0.20075760215965038,131205
nslkdd_v2,SLSTM,latency,45,0.5487843800334862,0.6262186304767697,14.580154364797728,279.84634492547906,58.6541430092264,353.0806422995032,8864.270759403833,512,True,0.8981953419745247,0.19358030822447972,131205
nslkdd_v2,SLSTM,latency,46,0.5305200815115222,0.6689323600246213,14.580154364797728,389.4529364797729,67.80819730305181,471.84128814762244,9412.303717175302,512,True,0.8624778545014061,0.19233379277715962,131205
nslkdd_v2,SLSTM,rate,42,0.6012823382275165,0.6466767685337905,238.59958303761533,277.68306422995033,19.82292405961675,536.1055713271824,123551.4018364088,512,True,0.9105245148001302,0.32320736019724733,131205
nslkdd_v2,SLSTM,rate,43,0.5642941439377096,0.6457798768720047,238.61874556422995,261.7930713271824,23.99804826117814,524.4098651525904,123481.76308552164,512,True,0.914047783582448,0.325266702789377,131205
nslkdd_v2,SLSTM,rate,44,0.5902682536386182,0.6566735631136167,238.56777856635912,271.44943222143365,21.850647622427253,531.86785841022,123503.94978708304,512,True,0.9117894496710193,0.34409840746582443,131205
nslkdd_v2,SLSTM,rate,45,0.5467119763341991,0.6293775760731267,238.55606813342797,255.02834457061746,15.944464158977999,509.5288768630234,123415.8486071682,512,True,0.9185044184271893,0.35632084962575467,131205
nslkdd_v2,SLSTM,rate,46,0.5473069470212217,0.626780782516368,238.5822391767211,250.50918204400284,16.18222143364088,505.2736426543648,123406.65236870121,512,True,0.919792059104468,0.29810274256468666,131205
nslkdd_v2,Synaptic,delta,42,0.526335524581493,0.6422184253965928,13.56028211497516,175.0904009936125,15.500576650106458,204.1512597586941,2611.168115684883,128,False,0.9426794052199341,0.31415694059422034,16773
nslkdd_v2,Synaptic,delta,43,0.5391304624828962,0.6506834576756526,13.56028211497516,145.43820972320796,43.73500709723208,202.73349893541518,2462.9071593328604,128,False,0.9431057994524993,0.18611318723287373,16773
nslkdd_v2,Synaptic,delta,44,0.5607429242041708,0.6227551790896707,13.56028211497516,121.45457771469127,37.607611781405254,172.6224716110717,2342.9889992902768,128,False,0.952161747519971,0.18440926218811207,16773
nslkdd_v2,Synaptic,delta,45,0.49247298208117096,0.6138042617343643,13.56028211497516,69.37384669978708,16.77878814762243,99.71291696238467,2082.585344215756,128,False,0.9740894331285986,0.08164730116016396,16773
nslkdd_v2,Synaptic,delta,46,0.5406670790287389,0.65098656875687,13.56028211497516,50.70302519517388,17.50461320085167,81.76792051100071,1989.23123669269,128,False,0.9794864245425488,0.060040257855287424,16773
nslkdd_v2,Synaptic,latency,42,0.5577844240152517,0.6437707860246998,14.580154364797728,161.33077537260468,17.39695706174592,193.30788679914832,2672.9136355571327,128,False,0.9462472985159848,0.37430449950094336,16773
nslkdd_v2,Synaptic,latency,43,0.5529175429380958,0.6646606861876717,14.580154364797728,129.71996983676365,26.48460787792761,170.784732079489,2514.859607877928,128,False,0.9530211796346794,0.39024996875955165,16773
nslkdd_v2,Synaptic,latency,44,0.5924974163556558,0.6197736448291611,14.580154364797728,135.10916430092263,30.606369765791342,180.2956884315117,2541.8055801987225,128,False,0.9501607416340709,0.4124169107698396,16773
nslkdd_v2,Synaptic,latency,45,0.5500498298375543,0.6655516473104524,14.580154364797728,118.17703158268276,21.834767565649397,154.59195351312988,2457.144916607523,128,False,0.9578911882260656,0.34289103268392546,16773
nslkdd_v2,Synaptic,latency,46,0.5857452579863409,0.6649002415663771,14.580154364797728,94.30238644428673,20.411861249112846,129.2944020581973,2337.771690915543,128,False,0.9654994743779249,0.3333774608783979,16773
nslkdd_v2,Synaptic,rate,42,0.49997726220340144,0.6289797066333919,238.59958303761533,696.0441359119943,26.381653655074523,961.0253726046842,34020.96730837473,128,False,0.7827290858444906,0.2991326676775497,16773
nslkdd_v2,Synaptic,rate,43,0.5019601353855794,0.6473457953836417,238.61874556422995,669.9202448545068,25.805225337118525,934.3442157558552,33892.800656493964,128,False,0.7907592570852255,0.3100615854039947,16773
nslkdd_v2,Synaptic,rate,44,0.4872808492728587,0.6333875750872715,238.56777856635912,782.7177963094393,26.68111249112846,1047.9666873669269,34450.26463804116,128,False,0.756571756751709,0.3682703541220292,16773
nslkdd_v2,Synaptic,rate,45,0.5695262905895303,0.6572807818720813,238.55606813342797,800.0737224982257,27.365951029098653,1065.9957416607524,34535.545333569906,128,False,0.751145962848925,0.36180648632807627,16773
nslkdd_v2,Synaptic,rate,46,0.5150231868620165,0.6525695286122628,238.5822391767211,704.9922817601135,25.463271823988645,969.0377927608233,34063.48802342087,128,False,0.7803141192228265,0.38471760861496285,16773
