protocol,neuron,encoding,seed,t,f1_macro,mcc,DR,FAR,output_spikes_cum
cicids2017_v2,LeakyParallel,delta,42,1,0.3726268294920319,0.3530082913711555,0.22402635883091948,0.009170459858960044,1.0362482160267914
cicids2017_v2,LeakyParallel,delta,42,2,0.3763821804088484,0.36203412883184827,0.23267831322445304,0.009323141812907351,2.1946632706411
cicids2017_v2,LeakyParallel,delta,42,3,0.32861711080531986,0.2967472353844342,0.09552705809846636,0.00023856555304266507,3.294184247339937
cicids2017_v2,LeakyParallel,delta,42,4,0.3287942287472442,0.297090590097486,0.09576409794486453,0.00024047407746700638,4.468727479546129
cicids2017_v2,LeakyParallel,delta,42,5,0.3288445040590194,0.29716582439179845,0.09583520989878398,0.00024238260189134771,5.599566900761633
cicids2017_v2,LeakyParallel,delta,42,6,0.3765126267751687,0.3623190362094166,0.23305757697869012,0.009344135581575106,6.975748562223573
cicids2017_v2,LeakyParallel,delta,42,7,0.3287959292009531,0.29641468008332583,0.09588261786806362,0.00028246161480251545,8.349231301841202
cicids2017_v2,LeakyParallel,delta,42,8,0.3287274073730096,0.2957490516456717,0.09588261786806362,0.0003149065300163179,9.770888383331684
cicids2017_v2,LeakyParallel,delta,42,9,0.3507199822020453,0.3132446514889685,0.13689051129494867,0.0032406744725315623,10.961874196328901
cicids2017_v2,LeakyParallel,delta,42,10,0.3759144085581473,0.35733514962237833,0.1928793230141987,0.006126363402135639,12.06924818776583
cicids2017_v2,LeakyParallel,delta,42,11,0.37720132287687647,0.3545018006822885,0.19662455258728992,0.006885956123023484,12.897271404145883
cicids2017_v2,LeakyParallel,delta,42,12,0.3777558179171209,0.35515499288297164,0.19721715220328537,0.006893590220720849,13.508707908830138
cicids2017_v2,LeakyParallel,delta,42,13,0.41433253159724776,0.39860091582608265,0.2386991253229668,0.00741461738856603,14.066337308708615
cicids2017_v2,LeakyParallel,delta,42,14,0.6263066586747861,0.7786556338657803,0.7046009434185887,0.0074203429618390545,14.304762678573951
cicids2017_v2,LeakyParallel,delta,42,15,0.62631886962007,0.7786709206684166,0.7046246474032285,0.0074203429618390545,14.385117424295949
cicids2017_v2,LeakyParallel,delta,42,16,0.6264057586803369,0.7788562258680203,0.7046957593571479,0.0073993491931713,14.435052777346012
cicids2017_v2,LeakyParallel,delta,42,17,0.6541757823730874,0.8038311945020864,0.8418707184677744,0.016336969072361703,14.56533934349786
cicids2017_v2,LeakyParallel,delta,42,18,0.654126492998708,0.8031357790955711,0.841799606513855,0.016462931684368232,14.687306589043224
cicids2017_v2,LeakyParallel,delta,42,19,0.6540892392423768,0.8030471022991975,0.841799606513855,0.016480108404187302,14.821418982887987
cicids2017_v2,LeakyParallel,delta,42,20,0.6541221277996907,0.8029584151464281,0.841799606513855,0.016497285124006375,14.868817914623635
cicids2017_v2,LeakyParallel,delta,42,21,0.6540843959343724,0.8028575133100498,0.8417759025292152,0.016516370368249787,14.91485678757648
cicids2017_v2,LeakyParallel,delta,42,22,0.6540109315741147,0.7994225957180388,0.8417759025292152,0.017186262441193593,15.050656007573938
cicids2017_v2,LeakyParallel,delta,42,23,0.654140988602385,0.7996079025085575,0.8418233104984948,0.01715572605040413,15.428370826209216
cicids2017_v2,LeakyParallel,delta,42,24,0.6267840555655976,0.774568985868522,0.7046720553725081,0.008059698643993397,15.568197233251848
cicids2017_v2,LeakyParallel,delta,42,25,0.6265222272816318,0.773857726187177,0.7046720553725081,0.008168484536180852,15.690810948296571
cicids2017_v2,LeakyParallel,delta,43,1,0.2844359976998122,0.19665868021092955,0.04340199587550667,0.00018703539358544942,1.1614902005115233
cicids2017_v2,LeakyParallel,delta,43,2,0.3207694165968581,0.2797496829902333,0.08557138454974281,0.00025383374843739563,2.3330642654269527
cicids2017_v2,LeakyParallel,delta,43,3,0.32172413176639914,0.2808222280095823,0.08692251167421243,0.00031108948116763527,3.501773375347963
cicids2017_v2,LeakyParallel,delta,43,4,0.3216215412724803,0.2794045905053641,0.08696991964349207,0.00038170488486826413,4.682064180644067
cicids2017_v2,LeakyParallel,delta,43,5,0.3205393615316862,0.26750737019454396,0.08711214355133098,0.0009924327006574866,5.778859740846981
cicids2017_v2,LeakyParallel,delta,43,6,0.38187960091118467,0.3917672597667597,0.18408514471282622,0.002005859169982728,6.856489070073055
cicids2017_v2,LeakyParallel,delta,43,7,0.3772246717456764,0.3609623655827219,0.32403347002631144,0.027410227782390044,7.898592604106318
cicids2017_v2,LeakyParallel,delta,43,8,0.3784537557780622,0.36367683104487414,0.330338729940503,0.028108747721698968,8.777724003447837
cicids2017_v2,LeakyParallel,delta,43,9,0.41335922984091794,0.3959102738422499,0.37063550382819355,0.02926722204727415,9.58912977433622
cicids2017_v2,LeakyParallel,delta,43,10,0.41272351617145686,0.3933529978165297,0.3657287790077512,0.02890841945549798,10.283416820924415
cicids2017_v2,LeakyParallel,delta,43,11,0.41309485553751274,0.3937440173533238,0.36615545073126793,0.02890651093107364,10.926295411832864
cicids2017_v2,LeakyParallel,delta,43,12,0.4354174636132364,0.449843563823942,0.36359542039016757,0.016670960846621435,11.54686727239328
cicids2017_v2,LeakyParallel,delta,43,13,0.6505104611654606,0.7969405560774229,0.8331713561049613,0.01666141822449973,12.094419873108281
cicids2017_v2,LeakyParallel,delta,43,14,0.635084504427634,0.7712820020329391,0.7924953184630337,0.01666141822449973,12.250771877516993
cicids2017_v2,LeakyParallel,delta,43,15,0.6350883619260661,0.7712919745883227,0.7924953184630337,0.016659509700075386,12.35681407113284
cicids2017_v2,LeakyParallel,delta,43,16,0.6508000312586492,0.7976552946550917,0.8331476521203214,0.01652018741709847,12.746474445025365
cicids2017_v2,LeakyParallel,delta,43,17,0.6509759264597527,0.7980801298240279,0.8331476521203214,0.016438120866851792,12.928416750272012
cicids2017_v2,LeakyParallel,delta,43,18,0.650938187519489,0.7980011458044883,0.8331002441510418,0.016447663488973502,12.975748562223572
cicids2017_v2,LeakyParallel,delta,43,19,0.6509418464041639,0.7980012725446436,0.8331002441510418,0.016447663488973502,13.126729217595274
cicids2017_v2,LeakyParallel,delta,43,20,0.6508363925077626,0.7977891060192092,0.8329343162585631,0.016468657257641253,13.196184063643686
cicids2017_v2,LeakyParallel,delta,43,21,0.6507677532446843,0.7969751945860479,0.8331476521203214,0.016651875602378022,13.256740239370346
cicids2017_v2,LeakyParallel,delta,43,22,0.6507346168705284,0.7969013179194252,0.8331239481356816,0.016663326748924068,13.492899433367718
cicids2017_v2,LeakyParallel,delta,43,23,0.6508146969207842,0.7970786482619557,0.833076540166402,0.0166232477360129,13.612022919639955
cicids2017_v2,LeakyParallel,delta,43,24,0.6505605420194871,0.7931994041931127,0.8330528361817622,0.017377114883627722,13.820883790925405
cicids2017_v2,LeakyParallel,delta,43,25,0.6351397707439981,0.7673480038234557,0.792447910493754,0.017417193896538893,14.097154121154743
cicids2017_v2,LeakyParallel,delta,44,1,0.5675175789181427,0.7326625080042871,0.5944485267973546,0.0037178055786168925,0.9520623436815555
cicids2017_v2,LeakyParallel,delta,44,2,0.5797476622736257,0.7304050787793547,0.6199540142697988,0.0063324840399645015,1.9528024276166118
cicids2017_v2,LeakyParallel,delta,44,3,0.6410999421642212,0.7829659531554666,0.801431720672245,0.015527754716440984,3.1570161370091423
cicids2017_v2,LeakyParallel,delta,44,4,0.6523159473773718,0.8015068875428086,0.8312276293644961,0.015558291107230445,4.297190507142958
cicids2017_v2,LeakyParallel,delta,44,5,0.6237817721826684,0.7787800258469394,0.694266006115628,0.006448904029849322,5.572858525625627
cicids2017_v2,LeakyParallel,delta,44,6,0.6073808163237664,0.7637080322209165,0.6621471069286747,0.0056148788564121645,6.877864954994418
cicids2017_v2,LeakyParallel,delta,44,7,0.6073634562920743,0.7637681518750297,0.6620522909901154,0.005597702136593093,8.204904336644576
cicids2017_v2,LeakyParallel,delta,44,8,0.6073720965354089,0.7637953399245562,0.6620522909901154,0.0055938850877444105,9.542481524396274
cicids2017_v2,LeakyParallel,delta,44,9,0.6403187714805171,0.7821076639081592,0.7992272501007419,0.015426602921950893,11.211181802766749
cicids2017_v2,LeakyParallel,delta,44,10,0.605910492349519,0.7592957913313474,0.6619574750515562,0.006221789623352705,12.75448819398324
cicids2017_v2,LeakyParallel,delta,44,11,0.6057923780891914,0.7591554926112327,0.6623841467750728,0.0062446919164448,13.915224180078848
cicids2017_v2,LeakyParallel,delta,44,12,0.6058218985779716,0.7592490635221097,0.6623841467750728,0.006231332245474412,14.98341788071048
cicids2017_v2,LeakyParallel,delta,44,13,0.605685790453926,0.758946495148844,0.6623841467750728,0.006275228307234262,15.6646501292939
cicids2017_v2,LeakyParallel,delta,44,14,0.6056815723879071,0.7589331399444241,0.6623841467750728,0.006277136831658603,15.874410052424084
cicids2017_v2,LeakyParallel,delta,44,15,0.6057406508985752,0.7591201713526254,0.6623841467750728,0.006250417489717825,15.922865237604036
cicids2017_v2,LeakyParallel,delta,44,16,0.6057292710495868,0.7590556156379421,0.6624078507597128,0.006261868636263873,15.987130664556515
cicids2017_v2,LeakyParallel,delta,44,17,0.6098476061905836,0.7719756075761272,0.6624078507597128,0.004458313055261324,16.10826774435134
cicids2017_v2,LeakyParallel,delta,44,18,0.6097621566973458,0.7717098785231874,0.6624078507597128,0.00449457501932381,16.132821221156156
cicids2017_v2,LeakyParallel,delta,44,19,0.6100730112972904,0.7726760964239693,0.6624078507597128,0.004362886834044259,16.21966539021323
cicids2017_v2,LeakyParallel,delta,44,20,0.5962950586395802,0.758097376318969,0.6398653613672458,0.004339984540952163,16.34692803346098
cicids2017_v2,LeakyParallel,delta,44,21,0.5921993343443591,0.7437727458558429,0.6398653613672458,0.006307673222448064,16.363116265596517
cicids2017_v2,LeakyParallel,delta,44,22,0.6327757509172349,0.7714203894105508,0.7770403204778723,0.014745259702461043,16.54527052805607
cicids2017_v2,LeakyParallel,delta,44,23,0.6328923039965387,0.7717059460043976,0.7770640244625121,0.014695638067428168,16.693015303310773
cicids2017_v2,LeakyParallel,delta,44,24,0.6512024426008316,0.7983089714875525,0.8330528361817622,0.01634460317005907,16.758946360694654
cicids2017_v2,LeakyParallel,delta,44,25,0.6234516509723167,0.7725846308219789,0.6954275013629792,0.007490958365539683,16.99899850216903
cicids2017_v2,LeakyParallel,delta,45,1,0.3163297919064619,0.24263559064327128,0.08443359328703155,0.002173809319324764,1.0240889372465345
cicids2017_v2,LeakyParallel,delta,45,2,0.3188483257937902,0.2480467553867872,0.08751511129020788,0.002185260465870812,2.05558048015374
cicids2017_v2,LeakyParallel,delta,45,3,0.319130316043967,0.2488233931726852,0.08841586270652096,0.0021986201368412012,3.1156986109737312
cicids2017_v2,LeakyParallel,delta,45,4,0.31913085980738587,0.24872061121375164,0.08843956669116078,0.0022081627589629078,4.215495132049344
cicids2017_v2,LeakyParallel,delta,45,5,0.31918493032759765,0.2488490776013068,0.08851067864508023,0.0022081627589629078,5.380556811598299
cicids2017_v2,LeakyParallel,delta,45,6,0.3194550806765229,0.24949059664336978,0.0888662384146775,0.0022081627589629078,6.5543581935593265
cicids2017_v2,LeakyParallel,delta,45,7,0.3193324866575046,0.2484780514885157,0.0888662384146775,0.002274961113814854,7.754518221255069
cicids2017_v2,LeakyParallel,delta,45,8,0.34800801724080893,0.31297951223184034,0.12989783582620237,0.0024314601166108424,8.940371137079795
cicids2017_v2,LeakyParallel,delta,45,9,0.3747271031690752,0.35731237785284464,0.18617109536113022,0.005215997251724829,10.05169989684749
cicids2017_v2,LeakyParallel,delta,45,10,0.3710858036048895,0.34292076734979465,0.18619479934577002,0.006725640071378813,10.851886065932824
cicids2017_v2,LeakyParallel,delta,45,11,0.3996798831320352,0.41643027226248525,0.32339346244103634,0.01584075272203296,11.554600178044058
cicids2017_v2,LeakyParallel,delta,45,12,0.4020137049839911,0.4188274800029689,0.32574015692037833,0.015819758953365206,12.170189277791124
cicids2017_v2,LeakyParallel,delta,45,13,0.40205840847015895,0.41883908396151237,0.32578756488965793,0.01582548452663823,12.867071033927285
cicids2017_v2,LeakyParallel,delta,45,14,0.42262031863852906,0.41514255672023914,0.3258112688742978,0.01632933497466434,13.470400175217963
cicids2017_v2,LeakyParallel,delta,45,15,0.6357897950221186,0.7731793081696844,0.7931353260483087,0.016338877596786046,13.952714112111234
cicids2017_v2,LeakyParallel,delta,45,16,0.6357897950221186,0.7731793081696844,0.7931353260483087,0.016338877596786046,14.155583659511933
cicids2017_v2,LeakyParallel,delta,45,17,0.635549010539832,0.7726672122193992,0.7928508782326309,0.016401858902789307,14.229141643940144
cicids2017_v2,LeakyParallel,delta,45,18,0.6355528898744777,0.7726772296482624,0.7928508782326309,0.016399950378364968,14.301145275473724
cicids2017_v2,LeakyParallel,delta,45,19,0.5994838585761992,0.7463850410950654,0.6556522151373646,0.007448970828204174,14.397236077943733
cicids2017_v2,LeakyParallel,delta,45,20,0.5995034006863473,0.7465097234532705,0.655604807168085,0.007426068535112078,14.55680453305826
cicids2017_v2,LeakyParallel,delta,45,21,0.5994796041716585,0.746431566528205,0.655604807168085,0.007437519681658126,14.653540038717518
cicids2017_v2,LeakyParallel,delta,45,22,0.5995066468508751,0.746484364357412,0.655604807168085,0.007429885583960761,14.774360949003094
cicids2017_v2,LeakyParallel,delta,45,23,0.5994931923766563,0.7463494647446155,0.6556759191220044,0.007456604925901539,14.81272520453871
cicids2017_v2,LeakyParallel,delta,45,24,0.6055579813243287,0.7570600616154389,0.6628345224832294,0.00659013483725058,14.960602453051477
cicids2017_v2,LeakyParallel,delta,45,25,0.6052901313765988,0.7518963486629966,0.6628582264678693,0.007355453131411449,15.165983693425087
cicids2017_v2,LeakyParallel,delta,46,1,0.29292056286922563,0.2043749185634975,0.05338137340887003,0.0008149399291937439,1.096696646836892
cicids2017_v2,LeakyParallel,delta,46,2,0.31882508368162504,0.2557186719880838,0.08623509611965771,0.0015707156012329069,2.259230736621967
cicids2017_v2,LeakyParallel,delta,46,3,0.3193987373736681,0.2571066027805492,0.08696991964349207,0.0015668985523842242,3.373634642286877
cicids2017_v2,LeakyParallel,delta,46,4,0.31937159442695917,0.25640996195849025,0.08708843956669116,0.0016184287118414398,4.551791744973081
cicids2017_v2,LeakyParallel,delta,46,5,0.3192103962074219,0.2549732213566415,0.08708843956669116,0.0017043123109367992,5.743084895929009
cicids2017_v2,LeakyParallel,delta,46,6,0.34828985758779774,0.3206129523928117,0.12774077322397895,0.0017176719819071884,6.940800350435925
cicids2017_v2,LeakyParallel,delta,46,7,0.3483050076587895,0.3197917584337505,0.1280726290089364,0.0018054641054268891,8.133328152157018
cicids2017_v2,LeakyParallel,delta,46,8,0.3546731811671332,0.28714408847160094,0.1857918316068931,0.01435019514662239,9.297799884130058
cicids2017_v2,LeakyParallel,delta,46,9,0.3979991333068458,0.4131977180252406,0.3219475193780074,0.016212914984779517,10.326408808941768
cicids2017_v2,LeakyParallel,delta,46,10,0.39788127632647774,0.41288386021096335,0.3219475193780074,0.016268262193085414,11.190033771849256
cicids2017_v2,LeakyParallel,delta,46,11,0.39914744808071434,0.41470987900396383,0.3229430867328798,0.016117488763562452,11.906019938108495
cicids2017_v2,LeakyParallel,delta,46,12,0.4014812440299228,0.4171177713141187,0.3252897812122218,0.016094586470470355,12.657832172278823
cicids2017_v2,LeakyParallel,delta,46,13,0.40149367558302035,0.4170498096919329,0.32512385331974303,0.016077409750651285,13.318154841809267
cicids2017_v2,LeakyParallel,delta,46,14,0.4376584811123298,0.4527458172756512,0.36582359494631045,0.016524004465947154,13.97592872585454
cicids2017_v2,LeakyParallel,delta,46,15,0.6507940823505168,0.7976506500957908,0.8329580202432029,0.0165030106972794,14.233825898345321
cicids2017_v2,LeakyParallel,delta,46,16,0.6506923162718634,0.7974534023346667,0.8327683883660844,0.01651827889267413,14.295221071373058
cicids2017_v2,LeakyParallel,delta,46,17,0.6220338432290741,0.7734853254341042,0.6955460212861783,0.007355453131411449,14.494017507665786
cicids2017_v2,LeakyParallel,delta,46,18,0.6221214246690583,0.7735928986601389,0.695711949178657,0.007355453131411449,14.698296570532296
cicids2017_v2,LeakyParallel,delta,46,19,0.6220630863830371,0.7734270646011062,0.695711949178657,0.0073802639489278865,14.938474120024305
cicids2017_v2,LeakyParallel,delta,46,20,0.6053859537025764,0.7572740089427901,0.6622656268518738,0.006540513202217706,15.163251211688733
cicids2017_v2,LeakyParallel,delta,46,21,0.605561144339569,0.7578182436043241,0.6622656268518738,0.0064622637008197115,15.344868515875595
cicids2017_v2,LeakyParallel,delta,46,22,0.6225953462329051,0.7741666014935566,0.695711949178657,0.007271478056740431,15.616767228588788
cicids2017_v2,LeakyParallel,delta,46,23,0.6226398325737468,0.7742566899468856,0.695711949178657,0.007258118385770042,16.020236614902004
cicids2017_v2,LeakyParallel,delta,46,24,0.6284319192767192,0.790558757973181,0.6956408372247375,0.004887731050738122,16.375886687673983
cicids2017_v2,LeakyParallel,delta,46,25,0.6225510188134429,0.7741084990891389,0.6953800933936994,0.007248575763648336,16.614080670915232
cicids2017_v2,LeakyParallel,latency,42,1,0.23396098413868516,0.3319336445477213,0.7663498234053144,0.09225425362381075,0.71757407904591
cicids2017_v2,LeakyParallel,latency,42,2,0.23701059880634218,0.34428701514620125,0.7872093298883542,0.09399673642323438,1.373982605378061
cicids2017_v2,LeakyParallel,latency,42,3,0.23898966792821477,0.3433139549266577,0.7796240548036125,0.09595679100703292,2.536128106939479
cicids2017_v2,LeakyParallel,latency,42,4,0.24663753109601022,0.3649367701018976,0.8131888970535948,0.09760384758523948,3.13223127358024
cicids2017_v2,LeakyParallel,latency,42,5,0.2512504848939737,0.371747248760806,0.8178822860122786,0.09902378975694942,4.135461854766918
cicids2017_v2,LeakyParallel,latency,42,6,0.28099448626622064,0.3797017289755308,0.7462488444307488,0.0945063124445335,4.676788212352866
cicids2017_v2,LeakyParallel,latency,42,7,0.29548146359180144,0.37136782202606,0.6430891032782611,0.08927122994856526,5.609156198335429
cicids2017_v2,LeakyParallel,latency,42,8,0.32835770422324906,0.318731423952627,0.4797686491099154,0.0941226990352409,6.702878378951236
cicids2017_v2,LeakyParallel,latency,42,9,0.4040986716087091,0.35695482241480636,0.49337473629317086,0.0811161050833548,7.537820232022495
cicids2017_v2,LeakyParallel,latency,42,10,0.43518464241393884,0.3664376014459989,0.49702514992770286,0.07900336854560897,8.314067600220435
cicids2017_v2,LeakyParallel,latency,42,11,0.4378952137042072,0.3689590064065905,0.49486808732547943,0.0784365367915796,9.207903531207167
cicids2017_v2,LeakyParallel,latency,42,12,0.4551306341263531,0.41370916759123216,0.4952947590489961,0.05892378307711393,10.102034435981857
cicids2017_v2,LeakyParallel,latency,42,13,0.49418362537440175,0.5160322462013228,0.4993244364377652,0.02841602015401792,11.040111136231966
cicids2017_v2,LeakyParallel,latency,42,14,0.5104368878267189,0.5612832580339059,0.4992059165145661,0.019010811790863894,11.975527773460131
cicids2017_v2,LeakyParallel,latency,42,15,0.5214481170402385,0.5810092273725437,0.5002251878540783,0.015632723559779755,13.027172914694287
cicids2017_v2,LeakyParallel,latency,42,16,0.5382932828986233,0.603998019268478,0.5016948349017469,0.012042789117593732,14.07143134705874
cicids2017_v2,LeakyParallel,latency,42,17,0.5764748145512755,0.6429227025474826,0.5089956621708109,0.007177960359947707,15.145596942163943
cicids2017_v2,LeakyParallel,latency,42,18,0.5873344970299003,0.6774430743790484,0.5081897266930571,0.002822707623600813,16.208484647232545
cicids2017_v2,LeakyParallel,latency,42,19,0.607042467525916,0.6980064705052941,0.5120534761893474,0.0009943412250818279,17.2992164648363
cicids2017_v2,LeakyParallel,latency,42,20,0.6144707219533799,0.7088629256824573,0.5222935975537488,0.0005935510959701507,18.36549901793158
cicids2017_v2,LeakyParallel,latency,42,21,0.6875502939628506,0.7980229917478262,0.6562685187379999,0.0005172101189964978,19.362847786460172
cicids2017_v2,LeakyParallel,latency,42,22,0.7624925869471847,0.9321985983404466,0.8806504373385166,0.0003072724323189526,20.322335697833797
cicids2017_v2,LeakyParallel,latency,42,23,0.7781993824620256,0.9693901816620792,0.9472586341764051,0.00020993768667754525,21.32178284277014
cicids2017_v2,LeakyParallel,latency,42,24,0.7846215817799269,0.9857682407457808,0.9780027022542489,0.0002328399797696411,22.37787202023485
cicids2017_v2,LeakyParallel,latency,42,25,0.7837218496026104,0.9840361472007909,0.9767226870836988,0.00037025373832221616,23.45163842925575
cicids2017_v2,LeakyParallel,latency,43,1,0.23253408234583944,0.2506714409660109,0.8090881077109062,0.18895918620518545,0.6773640294479221
cicids2017_v2,LeakyParallel,latency,43,2,0.24222840724298042,0.2870246769935987,0.839713655865551,0.16727262317139505,1.3358038124037361
cicids2017_v2,LeakyParallel,latency,43,3,0.24215453514448532,0.28870707915580185,0.8552871737739114,0.16878799156432203,2.073179994065198
cicids2017_v2,LeakyParallel,latency,43,4,0.2753658219665642,0.3553250174525435,0.973830800957641,0.18525092324869027,2.6604657406491543
cicids2017_v2,LeakyParallel,latency,43,5,0.19296489747232898,0.1577721499315094,0.9515016474269324,0.7062303779832623,3.774110132967825
cicids2017_v2,LeakyParallel,latency,43,6,0.2803919404185948,0.34071671926645836,0.9465475146372105,0.19272852194325957,5.286269411748082
cicids2017_v2,LeakyParallel,latency,43,7,0.28685304125558664,0.35613879113828145,0.9582809870339204,0.18473753017854247,6.53456668880442
cicids2017_v2,LeakyParallel,latency,43,8,0.2763491386743553,0.253524707715829,0.8759333443951929,0.3254663956561984,7.5579667651090165
cicids2017_v2,LeakyParallel,latency,43,9,0.38159805589480833,0.35306125149650985,0.8811482210159528,0.17888981134236065,8.7258722039311
cicids2017_v2,LeakyParallel,latency,43,10,0.3988171463812108,0.332981361899903,0.8225045630170431,0.18530817898142052,9.600805084147014
cicids2017_v2,LeakyParallel,latency,43,11,0.44000188729302286,0.3974326858446355,0.8270557280678882,0.13661790386762473,10.655189772357954
cicids2017_v2,LeakyParallel,latency,43,12,0.46898529799635086,0.46788849809294814,0.7973546353141964,0.08245207218039373,11.6540045782758
cicids2017_v2,LeakyParallel,latency,43,13,0.5315746716161611,0.5337454538220239,0.6565529665536777,0.050215186128844486,12.59192231061623
cicids2017_v2,LeakyParallel,latency,43,14,0.5599150560852175,0.5942799228194083,0.6325882380828217,0.0306089147175861,13.614815455919965
cicids2017_v2,LeakyParallel,latency,43,15,0.5752673986537601,0.6197010761138689,0.5978619005854884,0.020283797581899556,14.81448621571592
cicids2017_v2,LeakyParallel,latency,43,16,0.5946673512335071,0.6578504060159334,0.5815535591532937,0.011825217333218821,15.822180262544334
cicids2017_v2,LeakyParallel,latency,43,17,0.6156643067320688,0.6711256404015985,0.5637755706734302,0.008357428454190642,16.822558252907346
cicids2017_v2,LeakyParallel,latency,43,18,0.5980330087850998,0.6631258230061605,0.5249721478180482,0.0055938850877444105,17.901379841456006
cicids2017_v2,LeakyParallel,latency,43,19,0.5705184050125068,0.665670712474266,0.5043970891506863,0.003603294113156413,18.983885952888976
cicids2017_v2,LeakyParallel,latency,43,20,0.5813032617689595,0.7001208717789759,0.5221987816151895,0.0012042789117593733,20.030248060591504
cicids2017_v2,LeakyParallel,latency,43,21,0.657471495322949,0.7926663511681367,0.6543484959821746,0.0008569274665292529,21.105242055137136
cicids2017_v2,LeakyParallel,latency,43,22,0.7447895810869177,0.8985941294987747,0.827600919714604,0.0006622579752464383,22.04466291737908
cicids2017_v2,LeakyParallel,latency,43,23,0.7792884210035045,0.9767354826313931,0.9660795979804205,0.0005439294609372764,22.934335655442354
cicids2017_v2,LeakyParallel,latency,43,24,0.7809179446858869,0.9784417968187953,0.9712470666319009,0.0007595927208878455,23.81666407607851
cicids2017_v2,LeakyParallel,latency,43,25,0.779770363653216,0.9757518473112226,0.9699907554459904,0.001089767446298894,24.741189645183624
cicids2017_v2,LeakyParallel,latency,44,1,0.32798978655619526,0.37792968494191015,0.7996302178396189,0.07629898943631731,0.21553752349192443
cicids2017_v2,LeakyParallel,latency,44,2,0.33056701557863993,0.38299192734451815,0.8215564036314504,0.08193867911024591,0.4324704319687999
cicids2017_v2,LeakyParallel,latency,44,3,0.2792390318743064,0.32973723468386834,0.840116623604428,0.13732978347790406,1.2272057680622872
cicids2017_v2,LeakyParallel,latency,44,4,0.2836379042866569,0.35206040207431977,0.8966506269703938,0.14781330814081092,1.6490695078353517
cicids2017_v2,LeakyParallel,latency,44,5,0.2967604394750676,0.3711170129501606,0.9069381563040747,0.14432261696869067,3.1213631674885898
cicids2017_v2,LeakyParallel,latency,44,6,0.29760503323564635,0.3671487956362011,0.9117737691705976,0.1506436498621091,3.6546245531235426
cicids2017_v2,LeakyParallel,latency,44,7,0.29213560413492023,0.332794834948098,0.7862848744874014,0.14781330814081092,5.11720350718535
cicids2017_v2,LeakyParallel,latency,44,8,0.28882567045391294,0.29781653936028474,0.7267167610875388,0.17339135247583332,6.6683417174186435
cicids2017_v2,LeakyParallel,latency,44,9,0.30104206818421086,0.2998935124739324,0.6735013155711476,0.1597053238288817,7.979083355706595
cicids2017_v2,LeakyParallel,latency,44,10,0.29435967944328667,0.23032117238067093,0.5211795102756773,0.18714799652648556,9.240136924359536
cicids2017_v2,LeakyParallel,latency,44,11,0.3328712697315064,0.2855508691547549,0.46443217104795315,0.11718912522783011,10.293145656996707
cicids2017_v2,LeakyParallel,latency,44,12,0.4029605490764411,0.3734083389947548,0.4715670704245384,0.06869733665416583,11.382010484816798
cicids2017_v2,LeakyParallel,latency,44,13,0.4603746725288473,0.4822124882057972,0.49707255789698246,0.03714751939537946,12.597306023823991
cicids2017_v2,LeakyParallel,latency,44,14,0.5101723421564632,0.5724341237771087,0.5161779695166757,0.01988682450163656,13.95427199762608
cicids2017_v2,LeakyParallel,latency,44,15,0.5435857639674133,0.6302068384603005,0.506767487614668,0.009027320527134446,15.328975257528013
cicids2017_v2,LeakyParallel,latency,44,16,0.5473317970921372,0.6303598832861641,0.4725389337947709,0.005410666743007644,16.78214154502678
cicids2017_v2,LeakyParallel,latency,44,17,0.560239486150311,0.6543268307940058,0.4855761253466708,0.0037502504938306948,18.264308878181126
cicids2017_v2,LeakyParallel,latency,44,18,0.5672190476985779,0.6661205691205357,0.4922606490150994,0.0029734810531237776,19.617471986321693
cicids2017_v2,LeakyParallel,latency,44,19,0.5739189937503631,0.6821867830958086,0.5080475027852182,0.0024906243737654234,20.706923229097487
cicids2017_v2,LeakyParallel,latency,44,20,0.5966289510041048,0.6958610999556332,0.5161305615473961,0.001578349698930272,21.616527010414163
cicids2017_v2,LeakyParallel,latency,44,21,0.6638842940815339,0.7776986852016622,0.636191243748074,0.0014542956113480863,22.562234170328818
cicids2017_v2,LeakyParallel,latency,44,22,0.7447158190921891,0.8881860946279658,0.8060302936923697,0.0005229356922695219,23.610313131455865
cicids2017_v2,LeakyParallel,latency,44,23,0.7762868272365366,0.9633683174029608,0.9385829757982317,0.00040460717796035996,24.699257443230792
cicids2017_v2,LeakyParallel,latency,44,24,0.7840345612069439,0.983860752116192,0.9768412070068978,0.0004275094710524558,25.829763031835974
cicids2017_v2,LeakyParallel,latency,44,25,0.7839072081047407,0.982972078445686,0.9754426719131486,0.0004275094710524558,27.035274979157542
cicids2017_v2,LeakyParallel,latency,45,1,0.21502719740104065,0.26055228229260907,0.9975110816128191,0.33761606214155526,0.5905304582514943
cicids2017_v2,LeakyParallel,latency,45,2,0.21641850800616053,0.2632141707563385,0.9975347855974589,0.3320431708224786,1.0982863259336715
cicids2017_v2,LeakyParallel,latency,45,3,0.22437220452760012,0.25499978110021304,0.9983407210752128,0.332850476653975,1.5168347016348966
cicids2017_v2,LeakyParallel,latency,45,4,0.22642238243957472,0.2589082194324526,0.9980562732595349,0.3322607426068535,1.948974833613588
cicids2017_v2,LeakyParallel,latency,45,5,0.28441355946498575,0.2658858499801073,0.9976058975513784,0.32960598513259476,3.3063629555313767
cicids2017_v2,LeakyParallel,latency,45,6,0.29096560347360917,0.275302187576123,0.9969184819968236,0.32176004122412755,3.7428429114442765
cicids2017_v2,LeakyParallel,latency,45,7,0.2908738202417921,0.2851755251873199,0.9967999620736245,0.29888637599839685,4.585966312933629
cicids2017_v2,LeakyParallel,latency,45,8,0.28565966044999397,0.2793780378601735,0.9933391803162112,0.3014437987270142,5.666070242620356
cicids2017_v2,LeakyParallel,latency,45,9,0.2895045717773185,0.2517169870856073,0.9921539810842203,0.3638659070739458,6.930009961989007
cicids2017_v2,LeakyParallel,latency,45,10,0.2994350411844118,0.288462019759237,0.9913243416218266,0.3004551830752054,8.014414856787576
cicids2017_v2,LeakyParallel,latency,45,11,0.34145966067463507,0.3736229825627651,0.9800649489179131,0.19087534472722414,9.095790529751728
cicids2017_v2,LeakyParallel,latency,45,12,0.39366270196091513,0.4554850781253185,0.937113328750563,0.12441670722281069,10.126128672158714
cicids2017_v2,LeakyParallel,latency,45,13,0.47195229065139,0.4830808783215625,0.6944556379927466,0.08315822621740002,11.130037516426684
cicids2017_v2,LeakyParallel,latency,45,14,0.5086915119107587,0.5453081206079509,0.6731931637708298,0.056049545294055904,12.103761887267023
cicids2017_v2,LeakyParallel,latency,45,15,0.5012630352001902,0.5289954691600103,0.5919596084101737,0.04389224471100169,13.098563636620554
cicids2017_v2,LeakyParallel,latency,45,16,0.5009992520760598,0.5277673793690743,0.5407827055728068,0.03368736461404865,14.165271870451752
cicids2017_v2,LeakyParallel,latency,45,17,0.5132400823813663,0.5507599470538861,0.5171972408561879,0.0241657362610098,15.23177167969026
cicids2017_v2,LeakyParallel,latency,45,18,0.542772903807677,0.5987122764748617,0.5169839049944296,0.015021995743990534,16.30852138648278
cicids2017_v2,LeakyParallel,latency,45,19,0.5853072138931827,0.6466569340900717,0.5302818403773675,0.009300239519815255,17.42671402732835
cicids2017_v2,LeakyParallel,latency,45,20,0.6966577947246132,0.8048618268246658,0.7006660819683789,0.003303655778534826,18.543785061255633
cicids2017_v2,LeakyParallel,latency,45,21,0.7454752854198587,0.8941411605095506,0.8308246616256193,0.0017329401773019191,19.627863188684312
cicids2017_v2,LeakyParallel,latency,45,22,0.7811580154762453,0.9666130590356723,0.9453860193898594,0.000500033399177426,20.600388234961635
cicids2017_v2,LeakyParallel,latency,45,23,0.7887411842269332,0.9858065278277757,0.980728660487828,0.00047903963050967144,21.551222993118454
cicids2017_v2,LeakyParallel,latency,45,24,0.7887970877199565,0.9852641029601814,0.980207172825752,0.0005229356922695219,22.536825799431956
cicids2017_v2,LeakyParallel,latency,45,25,0.7876239592554525,0.9825771302233847,0.9790219735937611,0.0008378422222858397,23.56701910441012
cicids2017_v2,LeakyParallel,latency,46,1,0.2538495054946086,0.3987100104911516,0.9478986417616801,0.12930634679797315,0.32388828441831874
cicids2017_v2,LeakyParallel,latency,46,2,0.2589608409674088,0.4007932337116484,0.9494631047479081,0.1280715314954243,0.6650899405106756
cicids2017_v2,LeakyParallel,latency,46,3,0.1695209733483301,0.1589388337078174,0.9500320003792637,0.6834006088192913,1.4766069889358335
cicids2017_v2,LeakyParallel,latency,46,4,0.19227780509784184,0.16588559213373238,0.9499608884253443,0.6823032072752951,1.7084493210303946
cicids2017_v2,LeakyParallel,latency,46,5,0.2917213356179551,0.3789742541892092,0.9952354990873966,0.17251724828948498,2.502257344317427
cicids2017_v2,LeakyParallel,latency,46,6,0.23270465146867453,0.1803171010288596,0.9543935335529903,0.6659547870563873,3.904993711936017
cicids2017_v2,LeakyParallel,latency,46,7,0.30337855729624763,0.24383424693280212,0.9447460118045844,0.4147948813374939,4.745107321002133
cicids2017_v2,LeakyParallel,latency,46,8,0.3112381884164106,0.2501401694832645,0.8584160997463673,0.3418797057055338,5.4202917237773605
cicids2017_v2,LeakyParallel,latency,46,9,0.35452429183121137,0.2613674505949526,0.6267333538767866,0.22750565400360712,6.785485170060337
cicids2017_v2,LeakyParallel,latency,46,10,0.37256491077762627,0.32440453158859933,0.6039775286225615,0.15067800330174724,7.922466051519733
cicids2017_v2,LeakyParallel,latency,46,11,0.40193552459687726,0.3934575872076586,0.5936425913196008,0.09688242535283845,9.022283768316635
cicids2017_v2,LeakyParallel,latency,46,12,0.44394360824486795,0.46287871485724796,0.584374333325432,0.06081703930606052,10.089447710155577
cicids2017_v2,LeakyParallel,latency,46,13,0.48825162778169,0.5029806457780325,0.5638229786427098,0.04213067666733465,11.101887832242932
cicids2017_v2,LeakyParallel,latency,46,14,0.5517229028154309,0.6096063132119982,0.5656007774906961,0.017911501722443293,12.113561375743616
cicids2017_v2,LeakyParallel,latency,46,15,0.5522993865783798,0.6332624005333255,0.5363026524758812,0.010794614144074509,13.149051844734275
cicids2017_v2,LeakyParallel,latency,46,16,0.5509132073226904,0.6491598305820497,0.5143764666840496,0.00634584371093489,14.137305882519183
cicids2017_v2,LeakyParallel,latency,46,17,0.5466159411796997,0.6540561920021722,0.5019792827174248,0.004714055328123062,15.148249939945456
cicids2017_v2,LeakyParallel,latency,46,18,0.5547077578349476,0.6785857191457552,0.5047289449356437,0.0021108280133215005,16.17751416580706
cicids2017_v2,LeakyParallel,latency,46,19,0.575791656244637,0.6974646480754264,0.5064356318297105,0.0005401124120885938,17.207158148341787
cicids2017_v2,LeakyParallel,latency,46,20,0.6808720534763,0.8168780235273952,0.6856140517220944,0.00037597931159524014,18.21720845285365
cicids2017_v2,LeakyParallel,latency,46,21,0.7229232752163096,0.8896531152482132,0.8055325100149335,0.0002328399797696411,19.2542674052198
cicids2017_v2,LeakyParallel,latency,46,22,0.7624465236876425,0.9341209636327037,0.8853912342664801,0.000351168494078803,20.286898218146362
cicids2017_v2,LeakyParallel,latency,46,23,0.7825947626564888,0.9835774960860253,0.9757982316827458,0.0003435343963814377,21.261450988427136
cicids2017_v2,LeakyParallel,latency,46,24,0.7876323775749063,0.9839595961200154,0.9762960153601821,0.0003473514452301203,22.27757739970891
cicids2017_v2,LeakyParallel,latency,46,25,0.7861356391572694,0.9807845551319164,0.9712233626472611,0.00041224127565772526,23.38573210021337
cicids2017_v2,LeakyParallel,rate,42,1,0.19441489987920885,-0.027000345569439727,0.005854884206035035,0.029379824988310287,0.04934010654382569
cicids2017_v2,LeakyParallel,rate,42,2,0.2892893960320396,0.17728218692507164,0.13236305022874345,0.02221522429933297,0.6478030634882505
cicids2017_v2,LeakyParallel,rate,42,3,0.3638126024900059,0.37396603880967677,0.26178680636214946,0.013934136822115981,1.3259283725925193
cicids2017_v2,LeakyParallel,rate,42,4,0.46632737787173345,0.5683888841953318,0.4297769455045393,0.008704779899420763,2.043034379459933
cicids2017_v2,LeakyParallel,rate,42,5,0.5317889724208563,0.6715920287549658,0.5359470927062839,0.00599849226570477,2.80198603908491
cicids2017_v2,LeakyParallel,rate,42,6,0.5883005712674033,0.7735266299438711,0.6650626970393723,0.0042674606128271925,3.56712155039636
cicids2017_v2,LeakyParallel,rate,42,7,0.6130699732637291,0.8251633183342709,0.7384265294996089,0.003586117393337341,4.333482880922438
cicids2017_v2,LeakyParallel,rate,42,8,0.6385543768503383,0.8717439102248408,0.809111811695546,0.003025011212580993,5.11710282750922
cicids2017_v2,LeakyParallel,rate,42,9,0.659743062833353,0.896759782622067,0.8473226349349325,0.0026585745231074596,5.899707145784171
cicids2017_v2,LeakyParallel,rate,42,10,0.6738295133459516,0.9103637460606099,0.8707421717590726,0.002633763705591022,6.685056309966228
cicids2017_v2,LeakyParallel,rate,42,11,0.6861839117774111,0.9193464666824326,0.8852016023893616,0.002519252240130543,7.476954952027017
cicids2017_v2,LeakyParallel,rate,42,12,0.6947858768830144,0.925845008228781,0.8950624599995259,0.0023722958594562613,8.266794076502423
cicids2017_v2,LeakyParallel,rate,42,13,0.6991834986394017,0.9299245382705316,0.901438831867637,0.0023074060290286563,9.061605363930534
cicids2017_v2,LeakyParallel,rate,42,14,0.7041820119214794,0.9328420241194114,0.9064640766112784,0.0022883207847852432,9.856045726236063
cicids2017_v2,LeakyParallel,rate,42,15,0.708185405688612,0.9351547604724417,0.9111811695546022,0.0023379424198181177,10.650371278384604
cicids2017_v2,LeakyParallel,rate,42,16,0.7149847379869456,0.9375092758932028,0.9149026951430536,0.0022959548824826085,11.447616541140896
cicids2017_v2,LeakyParallel,rate,42,17,0.7188525491185085,0.9395835760735867,0.9181975490079882,0.002261601442844465,12.245312212974607
cicids2017_v2,LeakyParallel,rate,42,18,0.7218704386871836,0.9411924684793133,0.9201412757484533,0.0021890775147194947,13.042368480549394
cicids2017_v2,LeakyParallel,rate,42,19,0.724020710160634,0.9425753318526335,0.92317538578235,0.002221522429933297,13.839728553462674
cicids2017_v2,LeakyParallel,rate,42,20,0.72568714253061,0.9435360123810095,0.9248820726764169,0.002221522429933297,14.637053300173806
cicids2017_v2,LeakyParallel,rate,42,21,0.7267925892947295,0.9445168154370196,0.9264939436319245,0.002204345710114225,15.436578869278922
cicids2017_v2,LeakyParallel,rate,42,22,0.7283856443005607,0.9452857151983544,0.9281058145874321,0.0022253394787819796,16.233673995676074
cicids2017_v2,LeakyParallel,rate,42,23,0.7309667856833494,0.9464461056867625,0.9299310214046981,0.0022005286612655425,17.03243298619452
cicids2017_v2,LeakyParallel,rate,42,24,0.7329011993731023,0.9472624784805098,0.9310214046981298,0.002173809319324764,17.830791024318557
cicids2017_v2,LeakyParallel,rate,42,25,0.7346193079080144,0.9480274616457388,0.9321354919762012,0.002143272928535303,18.630609800901524
cicids2017_v2,LeakyParallel,rate,43,1,0.26253299617091747,0.006539943192989415,0.014032758906772228,0.01458303512639203,0.08241249699727282
cicids2017_v2,LeakyParallel,rate,43,2,0.3070625054633273,0.22279178464884578,0.14198686799250954,0.015025812792839216,0.7644342861987593
cicids2017_v2,LeakyParallel,rate,43,3,0.4037746763450996,0.4348863002617715,0.2975087112143551,0.010443445649995706,1.5227041501222287
cicids2017_v2,LeakyParallel,rate,43,4,0.4715756973389298,0.5462213340744497,0.386327541659753,0.0067714446575630055,2.3497841569048594
cicids2017_v2,LeakyParallel,rate,43,5,0.5358363559420021,0.6499882460519417,0.4974755256358594,0.0050747664443235715,3.1973233336630447
cicids2017_v2,LeakyParallel,rate,43,6,0.5893907214963725,0.735716303174122,0.6133643065399293,0.004719780901396085,4.050936850881035
cicids2017_v2,LeakyParallel,rate,43,7,0.6138731083066804,0.7873871721417132,0.6920378315594852,0.004763676963155936,4.92511021775071
cicids2017_v2,LeakyParallel,rate,43,8,0.6380745960921085,0.8302640464543058,0.754284495223647,0.004240741270886414,5.809409840466871
cicids2017_v2,LeakyParallel,rate,43,9,0.6601132498590322,0.8634433097047927,0.8050110223528575,0.0038838472035345874,6.694755118766691
cicids2017_v2,LeakyParallel,rate,43,10,0.6772372196985376,0.8829039879079422,0.8385047526489203,0.003948737033962192,7.587863329989119
cicids2017_v2,LeakyParallel,rate,43,11,0.6911065895336689,0.8975802127408542,0.8628250408893735,0.0038628534348668325,8.484966934674787
cicids2017_v2,LeakyParallel,rate,43,12,0.7001178180725954,0.9089586907846591,0.8802948775689193,0.0036700924680083593,9.384195410419817
cicids2017_v2,LeakyParallel,rate,43,13,0.7056570114207927,0.9154971618405419,0.8904875909640411,0.0035574895269722216,10.287553519196258
cicids2017_v2,LeakyParallel,rate,43,14,0.7099725283189368,0.919800409682062,0.8979780501102236,0.0035441298560018324,11.191379700151197
cicids2017_v2,LeakyParallel,rate,43,15,0.7153256465460196,0.9240642281464119,0.9048759096404105,0.0034906911721202753,12.097452627562916
cicids2017_v2,LeakyParallel,rate,43,16,0.7180212019396475,0.9267708303930587,0.9083840993671036,0.0033742711822354545,13.00427447046023
cicids2017_v2,LeakyParallel,rate,43,17,0.7214170872233968,0.928783898421784,0.9119159930784365,0.0033685456089624305,13.911841696222922
cicids2017_v2,LeakyParallel,rate,43,18,0.7256535955027333,0.9310166138100375,0.9152108469433712,0.00330938135180785,14.822007164153796
cicids2017_v2,LeakyParallel,rate,43,19,0.727141242197596,0.9326253036241882,0.9172019816531158,0.0032311318504098557,15.73240931763908
cicids2017_v2,LeakyParallel,rate,43,20,0.7290836748812131,0.9337455014010807,0.9186716287007846,0.0031891443130743465,16.642696660967374
cicids2017_v2,LeakyParallel,rate,43,21,0.7317844517846187,0.9349932434745424,0.92056794747197,0.0031643334955579095,17.55463020531589
cicids2017_v2,LeakyParallel,rate,43,22,0.7335643378164993,0.9357678247078105,0.9214449949036433,0.0031242544826467415,18.466931142166768
cicids2017_v2,LeakyParallel,rate,43,23,0.7335120545893934,0.9364365763084666,0.9224879702277953,0.003108986287252011,19.378741044807754
cicids2017_v2,LeakyParallel,rate,43,24,0.7350720960491304,0.9373187256681659,0.9233413136748287,0.0030421879324000647,20.29223424098122
cicids2017_v2,LeakyParallel,rate,43,25,0.7366889075565485,0.9381188110642537,0.924621328845379,0.0030269197370053342,21.204734770874254
cicids2017_v2,LeakyParallel,rate,44,1,0.19616997035107403,0.0051653070547215026,0.005262284590039586,0.004941169734619679,0.08973385239299693
cicids2017_v2,LeakyParallel,rate,44,2,0.27899050314445495,0.22295101156960037,0.09410481902007728,0.004893456624011146,0.6418046743630685
cicids2017_v2,LeakyParallel,rate,44,3,0.41283007619708484,0.48146502201980634,0.28669969421859814,0.003727348200738599,1.3882720541480027
cicids2017_v2,LeakyParallel,rate,44,4,0.3923253970366606,0.45433742766807156,0.2455495768838742,0.002460087982975962,2.0767938645452104
cicids2017_v2,LeakyParallel,rate,44,5,0.548365899101492,0.7082661163496485,0.5464005499324437,0.0023722958594562613,2.8143537424578557
cicids2017_v2,LeakyParallel,rate,44,6,0.592925721060831,0.7977450993745264,0.6805413990091734,0.0024085578235187467,3.5929873956110727
cicids2017_v2,LeakyParallel,rate,44,7,0.5781229801552551,0.748072801417744,0.6045701282385569,0.0023856555304266505,4.356579151888539
cicids2017_v2,LeakyParallel,rate,44,8,0.6485699489752844,0.8804281054276087,0.8161044871642923,0.0024142833967917706,5.150161087481807
cicids2017_v2,LeakyParallel,rate,44,9,0.6728940724996801,0.8968360653346009,0.8458055799179842,0.002542154533222639,5.918195113679719
cicids2017_v2,LeakyParallel,rate,44,10,0.6815689916766507,0.9070907335341902,0.8637732002749662,0.00254406305764698,6.72470467295002
cicids2017_v2,LeakyParallel,rate,44,11,0.684831376438451,0.9171400784244044,0.8799867257686017,0.0024257345433378185,7.524138393929546
cicids2017_v2,LeakyParallel,rate,44,12,0.6948796916349071,0.9225930177672563,0.8899423993173252,0.002452453885278597,8.31493132586302
cicids2017_v2,LeakyParallel,rate,44,13,0.7048840630985553,0.9266592814495208,0.8989262094958163,0.0025803250217094655,9.113229309443401
cicids2017_v2,LeakyParallel,rate,44,14,0.7113997114029726,0.930030699468616,0.9048759096404105,0.0025822335461338068,9.91553151803756
cicids2017_v2,LeakyParallel,rate,44,15,0.7133198740125988,0.9330355493641431,0.9091663308602176,0.0024848988004923995,10.719801396091508
cicids2017_v2,LeakyParallel,rate,44,16,0.7167178569928705,0.9349318668311573,0.9133145281721857,0.0025516971553443454,11.519704955559638
cicids2017_v2,LeakyParallel,rate,44,17,0.7213417227084629,0.9366035484954617,0.9163723421907223,0.002561239777466052,12.322305670561969
cicids2017_v2,LeakyParallel,rate,44,18,0.7259907673520153,0.939342885426952,0.920188683717733,0.0024639050318246447,13.127598242168181
cicids2017_v2,LeakyParallel,rate,44,19,0.7288536818306685,0.9406762028854401,0.9225827861663546,0.002465813556248986,13.934642993401065
cicids2017_v2,LeakyParallel,rate,44,20,0.7309080052011636,0.9418059329361528,0.9253324483845734,0.002524977813403567,14.73849425595953
cicids2017_v2,LeakyParallel,rate,44,21,0.7342727749821168,0.9439344325838643,0.9282243345106312,0.0024390942143082076,15.546796619988978
cicids2017_v2,LeakyParallel,rate,44,22,0.7354559464839279,0.9446471701450787,0.9295991656197407,0.002446728312005573,16.352532535432182
cicids2017_v2,LeakyParallel,rate,44,23,0.7381882810861965,0.9458497275751805,0.9319695640837224,0.0024677220806733273,17.159667368480548
cicids2017_v2,LeakyParallel,rate,44,24,0.7406044039586217,0.9469606284011833,0.9338658828549079,0.0024505453608542555,17.96656551597451
cicids2017_v2,LeakyParallel,rate,44,25,0.7410386019854639,0.9475533092907157,0.9349799701329794,0.002460087982975962,18.77355374528395
cicids2017_v2,LeakyParallel,rate,45,1,0.20647426107614292,0.0028503669047621983,0.024486216132931945,0.025852871852127528,0.14298633582500814
cicids2017_v2,LeakyParallel,rate,45,2,0.38665215543626924,0.4494036200647322,0.3330883921587219,0.013126830990619603,0.7422882900705111
cicids2017_v2,LeakyParallel,rate,45,3,0.42074284118112637,0.5260288126451519,0.3690473368573257,0.007282929203286479,1.5276180248413853
cicids2017_v2,LeakyParallel,rate,45,4,0.5085362997919722,0.6960373920861207,0.5533458174319104,0.0043972402736824024,2.2945569387726263
cicids2017_v2,LeakyParallel,rate,45,5,0.5870545223036215,0.8429258492475773,0.7631260814942992,0.0032311318504098557,3.0668424733993698
cicids2017_v2,LeakyParallel,rate,45,6,0.5970964645476093,0.8406246101112207,0.7554933984402779,0.0028952315517257834,3.8778101993810847
cicids2017_v2,LeakyParallel,rate,45,7,0.6156140442459959,0.8952076094398989,0.8457107639794249,0.002755909268748867,4.671461021068547
cicids2017_v2,LeakyParallel,rate,45,8,0.6202777371817018,0.9077392177225392,0.8634650484746486,0.0024200089700647945,5.483424945950911
cicids2017_v2,LeakyParallel,rate,45,9,0.6279648282034411,0.9140370421160079,0.8728992343612961,0.002280686687087878,6.308540815893965
cicids2017_v2,LeakyParallel,rate,45,10,0.6458407614157284,0.9197193524573682,0.8838741792495318,0.002339850944242459,7.123376761011177
cicids2017_v2,LeakyParallel,rate,45,11,0.6600709060829233,0.9229809356657289,0.8901083272098039,0.002381838481577968,7.944059192584324
cicids2017_v2,LeakyParallel,rate,45,12,0.668397570598929,0.9275082244060205,0.8961765472775973,0.0022234309543576383,8.775574404046969
cicids2017_v2,LeakyParallel,rate,45,13,0.6687168884988742,0.9293493764325349,0.9000640007585275,0.002267327016117489,9.601621119416693
cicids2017_v2,LeakyParallel,rate,45,14,0.6678522193166023,0.9303568863975947,0.9017232796833148,0.002261601442844465,10.429192160409219
cicids2017_v2,LeakyParallel,rate,45,15,0.6728093067213469,0.9327661780518355,0.9052788773792875,0.0021890775147194947,11.262284686797893
cicids2017_v2,LeakyParallel,rate,45,16,0.6755846313116128,0.9345025917274027,0.9083840993671036,0.002179534892597788,12.092252610606339
cicids2017_v2,LeakyParallel,rate,45,17,0.6821774415916229,0.9358680724323324,0.9112759854931614,0.0022177053810846143,12.925889160508133
cicids2017_v2,LeakyParallel,rate,45,18,0.6891576771906529,0.9376629248459221,0.9142863915424183,0.0022005286612655425,13.761288487897243
cicids2017_v2,LeakyParallel,rate,45,19,0.6913535632910304,0.9386593793489479,0.9163012302368028,0.0022119798078115904,14.59309690683774
cicids2017_v2,LeakyParallel,rate,45,20,0.693926535112496,0.9397869567268764,0.917581245407353,0.0021489985018083267,15.428029928358463
cicids2017_v2,LeakyParallel,rate,45,21,0.694459504988174,0.9405726440391161,0.9187664446393439,0.002131821781989255,16.264882928966074
cicids2017_v2,LeakyParallel,rate,45,22,0.6968275177728914,0.9410648963894075,0.9198331239481357,0.0021413644041109615,17.098485918975822
cicids2017_v2,LeakyParallel,rate,45,23,0.699318748951478,0.9424897430753273,0.9219427785810794,0.002107010964472818,17.934372747954612
cicids2017_v2,LeakyParallel,rate,45,24,0.6990531429599758,0.9425123708035473,0.9223220423353166,0.002137547355262279,18.771840424479645
cicids2017_v2,LeakyParallel,rate,45,25,0.7029821838118199,0.9439617647661521,0.9245265129068196,0.0020974683423511113,19.607462306942306
cicids2017_v2,LeakyParallel,rate,46,1,0.1996121568015888,-0.002119767132870986,0.004005973404129234,0.005887797849092974,0.1988476592858455
cicids2017_v2,LeakyParallel,rate,46,2,0.3661846068466859,0.3927128660138444,0.22333894327636475,0.005670226064718063,0.8316423857903884
cicids2017_v2,LeakyParallel,rate,46,3,0.39007221302733114,0.45339624155433905,0.26939578543153103,0.004656799595392822,1.6792151224406167
cicids2017_v2,LeakyParallel,rate,46,4,0.49847832230740324,0.6276530550692611,0.4569654158864105,0.003998358668995066,2.466288205287626
cicids2017_v2,LeakyParallel,rate,46,5,0.6001593024593557,0.7927412773617081,0.6853533078910565,0.00345442920805779,3.2965934943266118
cicids2017_v2,LeakyParallel,rate,46,6,0.6020695936020541,0.792118871812776,0.6773176570981582,0.0028437013922685676,4.135831013579392
cicids2017_v2,LeakyParallel,rate,46,7,0.6304044726683331,0.8702445078800217,0.803114703581672,0.002757817793173208,4.935808758072037
cicids2017_v2,LeakyParallel,rate,46,8,0.6451142189880801,0.887320404688652,0.8306350297485007,0.0026356722300153635,5.764504938603061
cicids2017_v2,LeakyParallel,rate,46,9,0.6670781076605401,0.8991005661049071,0.8484841301822836,0.002416191921216112,6.591593776936229
cicids2017_v2,LeakyParallel,rate,46,10,0.6837798513315954,0.9084346322301382,0.8677317657098158,0.002666208620804825,7.424073393717588
cicids2017_v2,LeakyParallel,rate,46,11,0.6907576247027277,0.9132884392716659,0.8755066726716761,0.002607044363650244,8.252497562492051
cicids2017_v2,LeakyParallel,rate,46,12,0.6899502517102251,0.9170303452610845,0.8800341337378813,0.0024371856898838663,9.078183950599838
cicids2017_v2,LeakyParallel,rate,46,13,0.6908918309183342,0.9200420495543586,0.8846564107426459,0.0023780214327292853,9.899747770916644
cicids2017_v2,LeakyParallel,rate,46,14,0.6966764630774973,0.9229203308401545,0.8900609192405243,0.0024085578235187467,10.731181732114344
cicids2017_v2,LeakyParallel,rate,46,15,0.703753803681199,0.9257187542592258,0.8946357882760092,0.0023665702861832374,11.567172773389478
cicids2017_v2,LeakyParallel,rate,46,16,0.707164475560744,0.9276961808416158,0.8987602816033375,0.0024123748723674293,12.395300202065876
cicids2017_v2,LeakyParallel,rate,46,17,0.7089733064791175,0.9292394249707111,0.9005854884206035,0.0023360338953937764,13.2236448868855
cicids2017_v2,LeakyParallel,rate,46,18,0.7096705102845763,0.9312787763852907,0.9035010785313011,0.002274961113814854,14.051537396317597
cicids2017_v2,LeakyParallel,rate,46,19,0.7101997242132934,0.9319726838468145,0.9053973973024866,0.002318857175574704,14.881925701931637
cicids2017_v2,LeakyParallel,rate,46,20,0.7153667896999542,0.93356419646855,0.9085974352288619,0.0023474850419398243,15.715687659851065
cicids2017_v2,LeakyParallel,rate,46,21,0.7178261896301918,0.9345173174707708,0.9097826344608528,0.002305497504604315,16.54794118893866
cicids2017_v2,LeakyParallel,rate,46,22,0.7186455916716341,0.9353397951947993,0.9113233934624411,0.0023074060290286563,17.37583723099097
cicids2017_v2,LeakyParallel,rate,46,23,0.7176191593164043,0.9358251813473419,0.912508592694432,0.002334125370969435,18.20533001738049
cicids2017_v2,LeakyParallel,rate,46,24,0.7194469994580508,0.9365950715388521,0.9134804560646644,0.002305497504604315,19.037200257174753
cicids2017_v2,LeakyParallel,rate,46,25,0.723152386821979,0.9377598985824159,0.9155901106976083,0.0023016804557556324,19.86930011728299
ctu13_v2_f0,LeakyParallel,delta,42,1,0.45591679987997513,0.2697217860562085,0.16480184288467867,0.002606692931572661,0.8457595616113419
ctu13_v2_f0,LeakyParallel,delta,42,2,0.45602717619488764,0.2699870776681281,0.16490056884960744,0.0025275022602337443,1.6230236408112166
ctu13_v2_f0,LeakyParallel,delta,42,3,0.4560092092697433,0.26985777076987333,0.16490056884960744,0.0025868952637379317,2.6969660364097594
ctu13_v2_f0,LeakyParallel,delta,42,4,0.45603516145981654,0.2700445585123373,0.16490056884960744,0.002501105369787439,3.001485272194661
ctu13_v2_f0,LeakyParallel,delta,42,5,0.45603516145981654,0.2700445585123373,0.16490056884960744,0.002501105369787439,3.77390093975725
ctu13_v2_f0,LeakyParallel,delta,42,6,0.45600219971049943,0.26960595331223813,0.16493817874100888,0.0027188797159694586,4.764165680603334
ctu13_v2_f0,LeakyParallel,delta,42,7,0.45597327509084307,0.2695992607514608,0.16490056884960744,0.002705681270746306,4.85777901016629
ctu13_v2_f0,LeakyParallel,delta,42,8,0.45597327509084307,0.2695992607514608,0.16490056884960744,0.002705681270746306,4.937327553309192
ctu13_v2_f0,LeakyParallel,delta,42,9,0.45603516145981654,0.2700445585123373,0.16490056884960744,0.002501105369787439,5.202213906650231
ctu13_v2_f0,LeakyParallel,delta,42,10,0.5959427886059456,0.3487023738959084,0.377960603638757,0.07144318399292564,5.902545827922568
ctu13_v2_f0,LeakyParallel,delta,42,11,0.45600219971049943,0.26960595331223813,0.16493817874100888,0.0027188797159694586,6.7954497409696275
ctu13_v2_f0,LeakyParallel,delta,42,12,0.45597327509084307,0.2695992607514608,0.16490056884960744,0.002705681270746306,6.838448508276069
ctu13_v2_f0,LeakyParallel,delta,42,13,0.45597327509084307,0.2695992607514608,0.16490056884960744,0.002705681270746306,7.1080816927161266
ctu13_v2_f0,LeakyParallel,delta,42,14,0.5960161408445503,0.3489658152119819,0.377960603638757,0.07124520731457834,7.292455860510703
ctu13_v2_f0,LeakyParallel,delta,42,15,0.5959610569205123,0.3487086389024837,0.37799821353015844,0.07146298166076036,8.509989210499585
ctu13_v2_f0,LeakyParallel,delta,42,16,0.45600020324565527,0.2695915980760122,0.16493817874100888,0.0027254789385810353,8.692672199603011
ctu13_v2_f0,LeakyParallel,delta,42,17,0.45600020324565527,0.2695915980760122,0.16493817874100888,0.0027254789385810353,8.838978374327029
ctu13_v2_f0,LeakyParallel,delta,42,18,0.4559712787347157,0.26958490313836014,0.16490056884960744,0.0027122804933578824,9.040549852708219
ctu13_v2_f0,LeakyParallel,delta,42,19,0.5959471411023536,0.3486512595521714,0.3780029147665836,0.0715091762190414,9.965443399049535
ctu13_v2_f0,LeakyParallel,delta,42,20,0.5959610569205123,0.3487086389024837,0.37799821353015844,0.07146298166076036,10.53903575360405
ctu13_v2_f0,LeakyParallel,delta,42,21,0.4559802385227543,0.2694480691608852,0.16493817874100888,0.0027914711646967985,11.032168085591213
ctu13_v2_f0,LeakyParallel,delta,42,22,0.5959282968213617,0.34867258682347047,0.3779464999294814,0.07145638243814878,11.801132760272676
ctu13_v2_f0,LeakyParallel,delta,42,23,0.5959375400189748,0.34863903202627955,0.3779888110573081,0.0715091762190414,11.964828424980027
ctu13_v2_f0,LeakyParallel,delta,42,24,0.5959610569205123,0.3487086389024837,0.37799821353015844,0.07146298166076036,12.543016612536137
ctu13_v2_f0,LeakyParallel,delta,42,25,0.5959586117588684,0.34869985934275516,0.37799821353015844,0.07146958088337194,12.745587423780279
ctu13_v2_f0,LeakyParallel,delta,43,1,0.4562835638193521,0.27165875845583093,0.1649334775045837,0.0017751908825140398,1.3954255812740395
ctu13_v2_f0,LeakyParallel,delta,43,2,0.4466368069658331,0.2631069156921406,0.15368341873912839,0.0008447004942817736,3.0969133243466587
ctu13_v2_f0,LeakyParallel,delta,43,3,0.45636940168905304,0.2722790845210314,0.1649334775045837,0.0014914243102162564,4.994204418478873
ctu13_v2_f0,LeakyParallel,delta,43,4,0.4560536903074544,0.2696491312945272,0.16499929481453623,0.0027254789385810353,5.918408864411945
ctu13_v2_f0,LeakyParallel,delta,43,5,0.44630643558572763,0.26021525039162263,0.15374923604908092,0.0021513465713738924,7.744670453515922
ctu13_v2_f0,LeakyParallel,delta,43,6,0.4560536903074544,0.2696491312945272,0.16499929481453623,0.0027254789385810353,9.14060668290125
ctu13_v2_f0,LeakyParallel,delta,43,7,0.4560536903074544,0.2696491312945272,0.16499929481453623,0.0027254789385810353,9.977213014388745
ctu13_v2_f0,LeakyParallel,delta,43,8,0.5885567037105833,0.3399039994740263,0.36679516712895494,0.07076346406393327,10.270228940569893
ctu13_v2_f0,LeakyParallel,delta,43,9,0.45603172721025925,0.2694912790400463,0.16499929481453623,0.002798070387308375,10.456151525218054
ctu13_v2_f0,LeakyParallel,delta,43,10,0.45604406933776853,0.2695045611204831,0.16501339852381175,0.002798070387308375,11.140263505407104
ctu13_v2_f0,LeakyParallel,delta,43,11,0.45604382793063525,0.26955310054125914,0.16500399605096142,0.00277167349686207,11.845449329156635
ctu13_v2_f0,LeakyParallel,delta,43,12,0.5960101769180162,0.34881085093297226,0.37804522589441025,0.07141678710247933,12.260985111587594
ctu13_v2_f0,LeakyParallel,delta,43,13,0.45604866493528556,0.26941193989586415,0.16503690470593765,0.002850864168200986,12.429828438707126
ctu13_v2_f0,LeakyParallel,delta,43,14,0.45741264128256887,0.2709763358060693,0.16657891025339663,0.002798070387308375,13.069393234736152
ctu13_v2_f0,LeakyParallel,delta,43,15,0.4560218645834957,0.2693952831717212,0.16500399605096142,0.0028442649455894097,13.298924069920355
ctu13_v2_f0,LeakyParallel,delta,43,16,0.5959962606213527,0.34875346967470217,0.3780499271308354,0.07146298166076036,14.195839041518987
ctu13_v2_f0,LeakyParallel,delta,43,17,0.5959917639544026,0.34868543412848485,0.37808283578581164,0.0715355731094877,14.276384172104885
ctu13_v2_f0,LeakyParallel,delta,43,18,0.45741264128256887,0.2709763358060693,0.16657891025339663,0.002798070387308375,15.068896313724629
ctu13_v2_f0,LeakyParallel,delta,43,19,0.45603220964162977,0.2693942251964656,0.16501809976023693,0.002850864168200986,15.22943200006589
ctu13_v2_f0,LeakyParallel,delta,43,20,0.5959913701430819,0.34873591142565863,0.3780499271308354,0.07147618010598351,16.0624500676746
ctu13_v2_f0,LeakyParallel,delta,43,21,0.5959868733413538,0.3486678781994836,0.37808283578581164,0.07154877155471086,16.202650428422785
ctu13_v2_f0,LeakyParallel,delta,43,22,0.5970638623966809,0.35004550741894136,0.37966245122467207,0.07154217233209928,16.889716480481436
ctu13_v2_f0,LeakyParallel,delta,43,23,0.457398736921644,0.2708522068090137,0.16658361148982181,0.002857463390812562,17.227636495416522
ctu13_v2_f0,LeakyParallel,delta,43,24,0.5959740728720719,0.34865157470531427,0.378064030840111,0.07154877155471086,17.517637950489096
ctu13_v2_f0,LeakyParallel,delta,43,25,0.5959729561802857,0.3486105111478047,0.37808753702223685,0.07159496611299189,18.07094714242964
ctu13_v2_f0,LeakyParallel,delta,44,1,0.446598935800549,0.26309204870793834,0.1536364063748766,0.0008315020490586209,1.1593826099609326
ctu13_v2_f0,LeakyParallel,delta,44,2,0.5964382392783087,0.3503715602851128,0.3780311221851347,0.07023552625500716,2.7770417001836685
ctu13_v2_f0,LeakyParallel,delta,44,3,0.5959414955799819,0.3486384047405353,0.37799821353015844,0.07151577544165297,4.618246610092712
ctu13_v2_f0,LeakyParallel,delta,44,4,0.5959414955799819,0.3486384047405353,0.37799821353015844,0.07151577544165297,6.59145131134984
ctu13_v2_f0,LeakyParallel,delta,44,5,0.5959390504047997,0.34862962584245655,0.37799821353015844,0.07152237466426455,8.565526310732121
ctu13_v2_f0,LeakyParallel,delta,44,6,0.5959390504047997,0.34862962584245655,0.37799821353015844,0.07152237466426455,10.565194114917789
ctu13_v2_f0,LeakyParallel,delta,44,7,0.5959390504047997,0.34862962584245655,0.37799821353015844,0.07152237466426455,12.564870155363316
ctu13_v2_f0,LeakyParallel,delta,44,8,0.5959390504047997,0.34862962584245655,0.37799821353015844,0.07152237466426455,14.564551686648748
ctu13_v2_f0,LeakyParallel,delta,44,9,0.5959390504047997,0.34862962584245655,0.37799821353015844,0.07152237466426455,16.56409320151657
ctu13_v2_f0,LeakyParallel,delta,44,10,0.5959390504047997,0.34862962584245655,0.37799821353015844,0.07152237466426455,18.563637461804344
ctu13_v2_f0,LeakyParallel,delta,44,11,0.5959390504047997,0.34862962584245655,0.37799821353015844,0.07152237466426455,20.563178976672166
ctu13_v2_f0,LeakyParallel,delta,44,12,0.5959390504047997,0.34862962584245655,0.37799821353015844,0.07152237466426455,22.562687546500552
ctu13_v2_f0,LeakyParallel,delta,44,13,0.5959390504047997,0.34862962584245655,0.37799821353015844,0.07152237466426455,24.56132307278383
ctu13_v2_f0,LeakyParallel,delta,44,14,0.5962609261876455,0.34998695843620453,0.3778712801466786,0.0704203044881313,25.851327273276357
ctu13_v2_f0,LeakyParallel,delta,44,15,0.4603056124185062,0.27597231113527426,0.16953598796483474,0.001761992437290887,26.132433567700684
ctu13_v2_f0,LeakyParallel,delta,44,16,0.4603056124185062,0.27597231113527426,0.16953598796483474,0.001761992437290887,26.1325790749582
ctu13_v2_f0,LeakyParallel,delta,44,17,0.4603056124185062,0.27597231113527426,0.16953598796483474,0.001761992437290887,26.1325790749582
ctu13_v2_f0,LeakyParallel,delta,44,18,0.4603056124185062,0.27597231113527426,0.16953598796483474,0.001761992437290887,26.132653201296936
ctu13_v2_f0,LeakyParallel,delta,44,19,0.4603056124185062,0.27597231113527426,0.16953598796483474,0.001761992437290887,26.132861853213377
ctu13_v2_f0,LeakyParallel,delta,44,20,0.4603056124185062,0.27597231113527426,0.16953598796483474,0.001761992437290887,26.13287283489319
ctu13_v2_f0,LeakyParallel,delta,44,21,0.4603056124185062,0.27597231113527426,0.16953598796483474,0.001761992437290887,26.132878325733095
ctu13_v2_f0,LeakyParallel,delta,44,22,0.4603056124185062,0.27597231113527426,0.16953598796483474,0.001761992437290887,26.132878325733095
ctu13_v2_f0,LeakyParallel,delta,44,23,0.4603056124185062,0.27597231113527426,0.16953598796483474,0.001761992437290887,26.132878325733095
ctu13_v2_f0,LeakyParallel,delta,44,24,0.44611921302853086,0.25993593747777105,0.15355178411922335,0.0021909419070433502,26.941871223331677
ctu13_v2_f0,LeakyParallel,delta,44,25,0.5852662841581797,0.335946827335348,0.3618870763010672,0.07051929282730494,27.64226079842303
ctu13_v2_f0,LeakyParallel,delta,45,1,0.4563162476266136,0.27174281430065605,0.1649616849231348,0.0017487939920677344,1.1536913543980254
ctu13_v2_f0,LeakyParallel,delta,45,2,0.4563162476266136,0.27174281430065605,0.1649616849231348,0.0017487939920677344,2.931422154989938
ctu13_v2_f0,LeakyParallel,delta,45,3,0.4563162476266136,0.27174281430065605,0.1649616849231348,0.0017487939920677344,4.841191182809278
ctu13_v2_f0,LeakyParallel,delta,45,4,0.45640009241144175,0.2723487287984873,0.1649616849231348,0.0014716266423815275,6.814741806980504
ctu13_v2_f0,LeakyParallel,delta,45,5,0.45640009241144175,0.2723487287984873,0.1649616849231348,0.0014716266423815275,8.788555991467234
ctu13_v2_f0,LeakyParallel,delta,45,6,0.45640009241144175,0.2723487287984873,0.1649616849231348,0.0014716266423815275,10.788237522752668
ctu13_v2_f0,LeakyParallel,delta,45,7,0.45640009241144175,0.2723487287984873,0.1649616849231348,0.0014716266423815275,12.787905326938334
ctu13_v2_f0,LeakyParallel,delta,45,8,0.4563960998561205,0.2723198584696208,0.1649616849231348,0.0014848250876046802,14.786897757815524
ctu13_v2_f0,LeakyParallel,delta,45,9,0.4564040849614204,0.27237760085484053,0.1649616849231348,0.0014584281971583748,16.759632992260663
ctu13_v2_f0,LeakyParallel,delta,45,10,0.5959356320611013,0.34869892742902553,0.3779464999294814,0.07143658477031406,18.30965591651727
ctu13_v2_f0,LeakyParallel,delta,45,11,0.5959356320611013,0.34869892742902553,0.3779464999294814,0.07143658477031406,18.336456706100048
ctu13_v2_f0,LeakyParallel,delta,45,12,0.5959356320611013,0.34869892742902553,0.3779464999294814,0.07143658477031406,18.33649239655944
ctu13_v2_f0,LeakyParallel,delta,45,13,0.5959356320611013,0.34869892742902553,0.3779464999294814,0.07143658477031406,18.33649239655944
ctu13_v2_f0,LeakyParallel,delta,45,14,0.5959356320611013,0.34869892742902553,0.3779464999294814,0.07143658477031406,18.33649239655944
ctu13_v2_f0,LeakyParallel,delta,45,15,0.5959356320611013,0.34869892742902553,0.3779464999294814,0.07143658477031406,18.33649239655944
ctu13_v2_f0,LeakyParallel,delta,45,16,0.5959356320611013,0.34869892742902553,0.3779464999294814,0.07143658477031406,18.33649239655944
ctu13_v2_f0,LeakyParallel,delta,45,17,0.5959356320611013,0.34869892742902553,0.3779464999294814,0.07143658477031406,18.33649239655944
ctu13_v2_f0,LeakyParallel,delta,45,18,0.5959356320611013,0.34869892742902553,0.3779464999294814,0.07143658477031406,18.33649239655944
ctu13_v2_f0,LeakyParallel,delta,45,19,0.5959356320611013,0.34869892742902553,0.3779464999294814,0.07143658477031406,18.33649239655944
ctu13_v2_f0,LeakyParallel,delta,45,20,0.5959356320611013,0.34869892742902553,0.3779464999294814,0.07143658477031406,18.33649239655944
ctu13_v2_f0,LeakyParallel,delta,45,21,0.5959356320611013,0.34869892742902553,0.3779464999294814,0.07143658477031406,18.33649239655944
ctu13_v2_f0,LeakyParallel,delta,45,22,0.5959356320611013,0.34869892742902553,0.3779464999294814,0.07143658477031406,18.33649239655944
ctu13_v2_f0,LeakyParallel,delta,45,23,0.5959356320611013,0.34869892742902553,0.3779464999294814,0.07143658477031406,18.33649239655944
ctu13_v2_f0,LeakyParallel,delta,45,24,0.5959356320611013,0.34869892742902553,0.3779464999294814,0.07143658477031406,18.426190757269186
ctu13_v2_f0,LeakyParallel,delta,45,25,0.5959270041705295,0.34860861914569896,0.3779841098208829,0.07152897388687612,18.43477843088268
ctu13_v2_f0,LeakyParallel,delta,46,1,0.5958429324101453,0.3482920116966862,0.37799351229373324,0.07177314512350445,1.5448725164244748
ctu13_v2_f0,LeakyParallel,delta,46,2,0.5958429324101453,0.3482920116966862,0.37799351229373324,0.07177314512350445,2.7713174995813237
ctu13_v2_f0,LeakyParallel,delta,46,3,0.595827325267314,0.34822118845226036,0.3780029147665836,0.07183253812700864,4.549635820043213
ctu13_v2_f0,LeakyParallel,delta,46,4,0.595827325267314,0.34822118845226036,0.3780029147665836,0.07183253812700864,6.459440538321944
ctu13_v2_f0,LeakyParallel,delta,46,5,0.5959300248035987,0.34858980867384454,0.3780029147665836,0.07155537077732244,8.43347710182488
ctu13_v2_f0,LeakyParallel,delta,46,6,0.5959300248035987,0.34858980867384454,0.3780029147665836,0.07155537077732244,10.407406593949643
ctu13_v2_f0,LeakyParallel,delta,46,7,0.5959300248035987,0.34858980867384454,0.3780029147665836,0.07155537077732244,12.407077143555265
ctu13_v2_f0,LeakyParallel,delta,46,8,0.5959300248035987,0.34858980867384454,0.3780029147665836,0.07155537077732244,14.406758674840697
ctu13_v2_f0,LeakyParallel,delta,46,9,0.5959300248035987,0.34858980867384454,0.3780029147665836,0.07155537077732244,16.406302935128473
ctu13_v2_f0,LeakyParallel,delta,46,10,0.5959300248035987,0.34858980867384454,0.3780029147665836,0.07155537077732244,18.405847195416246
ctu13_v2_f0,LeakyParallel,delta,46,11,0.5959300248035987,0.34858980867384454,0.3780029147665836,0.07155537077732244,20.40539145570402
ctu13_v2_f0,LeakyParallel,delta,46,12,0.5959300248035987,0.34858980867384454,0.3780029147665836,0.07155537077732244,22.404935715991797
ctu13_v2_f0,LeakyParallel,delta,46,13,0.5959300248035987,0.34858980867384454,0.3780029147665836,0.07155537077732244,24.40447997627957
ctu13_v2_f0,LeakyParallel,delta,46,14,0.5959300248035987,0.34858980867384454,0.3780029147665836,0.07155537077732244,26.404021491147393
ctu13_v2_f0,LeakyParallel,delta,46,15,0.5959300248035987,0.34858980867384454,0.3780029147665836,0.07155537077732244,28.40306333958374
ctu13_v2_f0,LeakyParallel,delta,46,16,0.5960058249258178,0.3488619790469939,0.3780029147665836,0.07135079487636356,30.32967826423569
ctu13_v2_f0,LeakyParallel,delta,46,17,0.5959556267636863,0.3486224169253288,0.37804052465798504,0.07155537077732244,30.433221777769237
ctu13_v2_f0,LeakyParallel,delta,46,18,0.5959300248035987,0.34858980867384454,0.3780029147665836,0.07155537077732244,30.434729013323523
ctu13_v2_f0,LeakyParallel,delta,46,19,0.5959495862811188,0.3486600385798489,0.3780029147665836,0.07150257699642983,30.98023023091727
ctu13_v2_f0,LeakyParallel,delta,46,20,0.5959495862811188,0.3486600385798489,0.3780029147665836,0.07150257699642983,31.52460033549032
ctu13_v2_f0,LeakyParallel,delta,46,21,0.45596475131652436,0.26923623464074337,0.1649569836867096,0.0028970587264820205,31.70507326153145
ctu13_v2_f0,LeakyParallel,delta,46,22,0.5959300248035987,0.34858980867384454,0.3780029147665836,0.07155537077732244,32.017060039588955
ctu13_v2_f0,LeakyParallel,delta,46,23,0.5959495862811188,0.3486600385798489,0.3780029147665836,0.07150257699642983,32.15144834629629
ctu13_v2_f0,LeakyParallel,delta,46,24,0.595939805555902,0.34862492296531955,0.3780029147665836,0.07152897388687612,32.15173661539137
ctu13_v2_f0,LeakyParallel,delta,46,25,0.5959300248035987,0.34858980867384454,0.3780029147665836,0.07155537077732244,32.36004535433763
ctu13_v2_f0,LeakyParallel,latency,42,1,0.29379066719403146,-0.003926242468368371,0.0,2.6396890446305425e-05,4.941755915693644e-05
ctu13_v2_f0,LeakyParallel,latency,42,2,0.20788786338211956,-0.518577596825976,0.023454468525222132,0.4425570667775336,0.208511900022787
ctu13_v2_f0,LeakyParallel,latency,42,3,0.28879119753943683,-0.40969685291171337,0.2656386629683607,0.6779447381098507,0.665841210400749
ctu13_v2_f0,LeakyParallel,latency,42,4,0.3655837013584967,-0.26847335794457533,0.4953175685205209,0.761464499481961,1.2264559648366613
ctu13_v2_f0,LeakyParallel,latency,42,5,0.438606584292346,-0.11260275094311653,0.6441117013774623,0.7499422568021487,1.996381536501731
ctu13_v2_f0,LeakyParallel,latency,42,6,0.47146091793139144,-0.026869838145260557,0.7408020309341357,0.7643879550988893,2.795650156626208
ctu13_v2_f0,LeakyParallel,latency,42,7,0.5420071190477055,0.11191157142097304,0.7743406515913686,0.6738400216454502,3.5925769335306375
ctu13_v2_f0,LeakyParallel,latency,42,8,0.7333396675213586,0.4673901274997866,0.7981571153213295,0.33467297552348335,4.530835184203951
ctu13_v2_f0,LeakyParallel,latency,42,9,0.8240375299580783,0.6481382957626598,0.8590616332095341,0.2123233883048577,5.467534036343869
ctu13_v2_f0,LeakyParallel,latency,42,10,0.9016287808652295,0.8032619063226676,0.9194866249823703,0.11664785888222368,6.457194784800257
ctu13_v2_f0,LeakyParallel,latency,42,11,0.9533225156777096,0.9066567272243624,0.9590663344459592,0.051665313826031296,7.455330644652059
ctu13_v2_f0,LeakyParallel,latency,42,12,0.9823484753683907,0.9652244602302096,0.971529312209111,0.0014848250876046802,8.451481565877724
ctu13_v2_f0,LeakyParallel,latency,42,13,0.9874802600922461,0.9752153469566087,0.9800573550843872,0.0013594398579847293,9.447585814964185
ctu13_v2_f0,LeakyParallel,latency,42,14,0.9934968648743796,0.9870511291245445,0.9900991960885713,0.0013198445223152713,10.448554948207653
ctu13_v2_f0,LeakyParallel,latency,42,15,0.9968578611293425,0.9937245882890886,0.9956278501245828,0.0012076577379184733,11.451841215891589
ctu13_v2_f0,LeakyParallel,latency,42,16,0.9973349119369285,0.9946781567942931,0.9960791688214,0.0007259144872733992,12.446380575604747
ctu13_v2_f0,LeakyParallel,latency,42,17,0.9975098701371814,0.9950273107652732,0.9963048281698087,0.0006335253707113302,13.456170743157728
ctu13_v2_f0,LeakyParallel,latency,42,18,0.9993757330738827,0.9987517832107776,0.9991490762070424,0.00026396890446305426,14.505610265674289
ctu13_v2_f0,LeakyParallel,latency,42,19,0.9994943500092532,0.9989888439796706,0.9993559306097504,0.00027716734968620695,15.663702528257234
ctu13_v2_f0,LeakyParallel,latency,42,20,0.9995734355872717,0.9991469471289598,0.9994828639932303,0.0002705681270746306,17.084237720422905
ctu13_v2_f0,LeakyParallel,latency,42,21,0.9995903820602962,0.999180823485346,0.9995157726482065,0.00027716734968620695,18.604837979041463
ctu13_v2_f0,LeakyParallel,latency,42,22,0.9996129809369686,0.9992260174112375,0.9995392788303323,0.0002573696818514779,20.159055904986506
ctu13_v2_f0,LeakyParallel,latency,42,23,0.9996694769365608,0.9993389921826115,0.9996097973767101,0.00022437356879359611,21.767984559758183
ctu13_v2_f0,LeakyParallel,latency,42,24,0.9997090239456072,0.9994180721611888,0.9996662122138122,0.0002111751235704434,23.395189475158066
ctu13_v2_f0,LeakyParallel,latency,42,25,0.9997372740479755,0.9994745723666305,0.9996897183959381,0.00017817901051256162,25.029540718696037
ctu13_v2_f0,LeakyParallel,latency,43,1,0.2923720416988837,-0.06333781987467128,0.0,0.006849993070816258,0.01198650351551025
ctu13_v2_f0,LeakyParallel,latency,43,2,0.3445765701931186,-0.052360425921938285,0.07355084387193832,0.10332402842945101,0.3885455588714128
ctu13_v2_f0,LeakyParallel,latency,43,3,0.5252027558620112,0.22990812825118406,0.29284941939730147,0.10176001267050741,0.9646417364232119
ctu13_v2_f0,LeakyParallel,latency,43,4,0.6469424308949078,0.3766400825918526,0.49050350242113677,0.12854625725089586,1.6084427154399672
ctu13_v2_f0,LeakyParallel,latency,43,5,0.7129170646465777,0.46244171370672243,0.618772037045743,0.15486395702586236,2.3830382464453677
ctu13_v2_f0,LeakyParallel,latency,43,6,0.704814848241893,0.4131685453597161,0.708443420619623,0.2903196003510786,3.3179772843953077
ctu13_v2_f0,LeakyParallel,latency,43,7,0.7833260121812299,0.5756167310038908,0.7519956748624889,0.16818118825602343,4.210452911929673
ctu13_v2_f0,LeakyParallel,latency,43,8,0.7788748759104389,0.5594434233942335,0.7863805180762541,0.221898860314255,5.090436878677147
ctu13_v2_f0,LeakyParallel,latency,43,9,0.8530317464345601,0.7080752073911911,0.8475342014949931,0.13288854572931308,6.105745340335985
ctu13_v2_f0,LeakyParallel,latency,43,10,0.9000898559710195,0.8001822245759477,0.9158525692257063,0.11535441125035471,7.143129723838207
ctu13_v2_f0,LeakyParallel,latency,43,11,0.9263376991350161,0.8526891902216924,0.9410370927553947,0.08914229903717343,8.2040094112996
ctu13_v2_f0,LeakyParallel,latency,43,12,0.936778383866625,0.8736766904936364,0.9541864510366226,0.08296542667273796,9.318303989369735
ctu13_v2_f0,LeakyParallel,latency,43,13,0.9735568961050123,0.9475859912921096,0.9648629589582061,0.012756297308177096,10.366672798104561
ctu13_v2_f0,LeakyParallel,latency,43,14,0.9840004995586893,0.9684875196664989,0.9734709228527103,0.00032336190796724147,11.439615860840153
ctu13_v2_f0,LeakyParallel,latency,43,15,0.9857749614062179,0.9719353647553903,0.9764232993277232,0.0002837665722977833,12.518338032577153
ctu13_v2_f0,LeakyParallel,latency,43,16,0.9864247899850729,0.9732014413272988,0.9774951812326642,0.0002573696818514779,13.599385575014482
ctu13_v2_f0,LeakyParallel,latency,43,17,0.9885354142724461,0.9773215438829909,0.981021108551549,0.00023757201401674883,14.65401119582257
ctu13_v2_f0,LeakyParallel,latency,43,18,0.9955566876086057,0.9911489799706389,0.9927741996144986,0.0002507704592399015,15.81099705416439
ctu13_v2_f0,LeakyParallel,latency,43,19,0.9980094911099939,0.996025438332556,0.9968454703587043,0.00022437356879359611,17.066749395321256
ctu13_v2_f0,LeakyParallel,latency,43,20,0.9995677947386268,0.9991357215815738,0.9994264491561281,0.00020457590095886705,18.467888195517826
ctu13_v2_f0,LeakyParallel,latency,43,21,0.9997231466336248,0.9994463076286351,0.9996991208687885,0.00022437356879359611,19.94039144197692
ctu13_v2_f0,LeakyParallel,latency,43,22,0.9997485702733173,0.9994971489882704,0.99973673076019,0.00021777434618201977,21.427629357324644
ctu13_v2_f0,LeakyParallel,latency,43,23,0.9997287884683537,0.9994575770005399,0.9997790418880166,0.00032336190796724147,22.948528866718096
ctu13_v2_f0,LeakyParallel,latency,43,24,0.9997033621057425,0.9994067243551049,0.9997602369423159,0.00035635802102512324,24.49614954851569
ctu13_v2_f0,LeakyParallel,latency,43,25,0.9996694568673508,0.9993389173251562,0.9997602369423159,0.00043554869236403954,26.09752280757626
ctu13_v2_f0,LeakyParallel,latency,44,1,0.28969773790951636,-0.10753322238102736,0.0,0.019639286492051235,0.008697490411620814
ctu13_v2_f0,LeakyParallel,latency,44,2,0.2437505012141334,-0.44621222868191024,0.07324056226787645,0.45553113843189275,0.2987511084633061
ctu13_v2_f0,LeakyParallel,latency,44,3,0.2838607253552859,-0.406631428176324,0.2097597668186733,0.6093656167303492,1.0419857073437238
ctu13_v2_f0,LeakyParallel,latency,44,4,0.2992075303023285,-0.39990131644163573,0.3624418221992384,0.7673312083836524,1.6849410970149048
ctu13_v2_f0,LeakyParallel,latency,44,5,0.3713054325882744,-0.24788771498878212,0.598772977293028,0.830300990543314,2.6594937994690357
ctu13_v2_f0,LeakyParallel,latency,44,6,0.43564359011191567,-0.08559680662307577,0.759291993794368,0.830175605313694,3.8149394772171323
ctu13_v2_f0,LeakyParallel,latency,44,7,0.49030020524186324,0.06296128333019305,0.8532979173522637,0.8057122870925805,4.955062966206626
ctu13_v2_f0,LeakyParallel,latency,44,8,0.619904724029907,0.32212550676809276,0.9119223355742561,0.652484937274389,5.845874869249375
ctu13_v2_f0,LeakyParallel,latency,44,9,0.7850571927443631,0.6117323063839585,0.9595129519063513,0.40876904700626265,6.800968035075486
ctu13_v2_f0,LeakyParallel,latency,44,10,0.8548295111298851,0.7340659164391982,0.9795543227868929,0.29327605208106483,7.732672968320599
ctu13_v2_f0,LeakyParallel,latency,44,11,0.9205842159198467,0.8500945597612216,0.9920596116778713,0.16931625454521457,8.719632223543075
ctu13_v2_f0,LeakyParallel,latency,44,12,0.9741584162043323,0.949180070429099,0.9960462601664237,0.05436439587416602,9.714882647024101
ctu13_v2_f0,LeakyParallel,latency,44,13,0.9810288950858554,0.9625760138348759,0.9977528089887641,0.040908580969161834,10.716584807395064
ctu13_v2_f0,LeakyParallel,latency,44,14,0.9946163996716894,0.9892654870261643,0.9988952094400827,0.011007503316109363,11.723176560702608
ctu13_v2_f0,LeakyParallel,latency,44,15,0.9982224666942658,0.9964465354839876,0.9992666071176719,0.0031214322952756164,12.728884288785235
ctu13_v2_f0,LeakyParallel,latency,44,16,0.9992061058212791,0.9984122499409104,0.9994546565746791,0.0010888717309100989,13.754100971055037
ctu13_v2_f0,LeakyParallel,latency,44,17,0.9993162949680051,0.9986326180763915,0.999529876357482,0.0009370896108438426,14.76706209865392
ctu13_v2_f0,LeakyParallel,latency,44,18,0.9993727947506259,0.9987456293856692,0.9995956936674345,0.0008974942751743845,15.777135044462076
ctu13_v2_f0,LeakyParallel,latency,44,19,0.999364311153961,0.9987286856294347,0.9996191998495604,0.0009502880560669953,16.826157263145756
ctu13_v2_f0,LeakyParallel,latency,44,20,0.9991156071439091,0.9982316075081906,0.999633303558836,0.0015508173137204436,17.99420990931878
ctu13_v2_f0,LeakyParallel,latency,44,21,0.9990251565783426,0.9980509073676821,0.9996427060316864,0.0017751908825140398,19.29856441990649
ctu13_v2_f0,LeakyParallel,latency,44,22,0.9989940410803724,0.9979889114591776,0.9996991208687885,0.001926973002580296,20.778897604072007
ctu13_v2_f0,LeakyParallel,latency,44,23,0.9989939893006112,0.997989247374815,0.9998260542522683,0.002105152013092858,22.322971203290113
ctu13_v2_f0,LeakyParallel,latency,44,24,0.9989741896019825,0.9979498247296926,0.9998542616708195,0.0021909419070433502,23.90905521863152
ctu13_v2_f0,LeakyParallel,latency,44,25,0.9989798375571024,0.997961159334481,0.9998683653800949,0.0021975411296549265,25.53491487825435
ctu13_v2_f0,LeakyParallel,latency,45,1,0.29460850121275217,0.00934879619642171,0.0007851064830050303,0.00032336190796724147,0.0006424282690401737
ctu13_v2_f0,LeakyParallel,latency,45,2,0.33877060715119406,-0.1447196096580848,0.09561374641530723,0.19678881827720696,0.6477461474894507
ctu13_v2_f0,LeakyParallel,latency,45,3,0.3315085230875614,-0.33205411242431543,0.3579427389403413,0.694779354991982,1.2763484816454949
ctu13_v2_f0,LeakyParallel,latency,45,4,0.4785125980921639,-0.037222439294937015,0.6442480372337925,0.6800432909003319,2.1343086895286936
ctu13_v2_f0,LeakyParallel,latency,45,5,0.5364119918106268,0.10739591469017613,0.7878943162051619,0.6933671213531046,2.971411942027712
ctu13_v2_f0,LeakyParallel,latency,45,6,0.5837272761804744,0.22394847335547322,0.8570824126745334,0.6684418575491807,3.8778452846039593
ctu13_v2_f0,LeakyParallel,latency,45,7,0.7255676354529388,0.4807184128031073,0.8979126510272202,0.45751090521536564,4.7206095930464
ctu13_v2_f0,LeakyParallel,latency,45,8,0.810516323818709,0.6390334798728996,0.9332565464717221,0.32953218110906535,5.603855118698232
ctu13_v2_f0,LeakyParallel,latency,45,9,0.8806017851026884,0.7705596739284041,0.9624606271449391,0.2182098948743838,6.565191369497835
ctu13_v2_f0,LeakyParallel,latency,45,10,0.9445022637933795,0.8909940957321238,0.9810681209158009,0.10153563910171381,7.560400611679565
ctu13_v2_f0,LeakyParallel,latency,45,11,0.9764190426537238,0.9530771873629782,0.9896290724460534,0.04031465093411996,8.567920316931279
ctu13_v2_f0,LeakyParallel,latency,45,12,0.9899411810293031,0.9798990568764677,0.9940529359221475,0.015125418225733009,9.619136126157537
ctu13_v2_f0,LeakyParallel,latency,45,13,0.996891248723087,0.9937878258356321,0.996050961402849,0.001722397101621429,10.693440917189898
ctu13_v2_f0,LeakyParallel,latency,45,14,0.998319883873173,0.9966440889084243,0.9973767100747497,0.0002441712366283252,11.772684718717999
ctu13_v2_f0,LeakyParallel,latency,45,15,0.9988788039515639,0.9977595933632545,0.9982370363405576,0.00014518289745467985,12.895127703209122
ctu13_v2_f0,LeakyParallel,latency,45,16,0.9989155130651877,0.9978329558345395,0.9982793474683842,0.00011878600700837441,14.099098678629376
ctu13_v2_f0,LeakyParallel,latency,45,17,0.9990115092318892,0.9980246503804121,0.9984250857975647,9.898833917364534e-05,15.496017768357937
ctu13_v2_f0,LeakyParallel,latency,45,18,0.9990595029980668,0.9981204308784533,0.9985144092896432,0.00011218678439679806,17.007094165158975
ctu13_v2_f0,LeakyParallel,latency,45,19,0.9990764436582267,0.9981542556259366,0.9985426167081942,0.00011218678439679806,18.576022051213062
ctu13_v2_f0,LeakyParallel,latency,45,20,0.9991103305937423,0.9982219740913832,0.9985849278360208,9.238911656206898e-05,20.163561139129648
ctu13_v2_f0,LeakyParallel,latency,45,21,0.9991046835899384,0.9982106984330968,0.9985755253631705,9.238911656206898e-05,21.74294358436538
ctu13_v2_f0,LeakyParallel,latency,45,22,0.9990651569238912,0.9981317964816684,0.9985050068167928,8.578989395049263e-05,23.30595783584036
ctu13_v2_f0,LeakyParallel,latency,45,23,0.9989889285143405,0.9979796347734919,0.9983733721968878,7.919067133891628e-05,24.828705012862294
ctu13_v2_f0,LeakyParallel,latency,45,24,0.9987150988999434,0.9974331842080106,0.9979126510272202,7.259144872733992e-05,26.177315693094993
ctu13_v2_f0,LeakyParallel,latency,45,25,0.9967630174542033,0.9935461280161914,0.9946593954209957,7.259144872733992e-05,27.29878954434265
ctu13_v2_f0,LeakyParallel,latency,46,1,0.29237707386754747,-0.06401890559893215,8.46222556532368e-05,0.007278942540568721,0.0030885974473085277
ctu13_v2_f0,LeakyParallel,latency,46,2,0.34020987697364874,-0.15216686805596802,0.102378825631141,0.21200002639689045,0.21514483462962913
ctu13_v2_f0,LeakyParallel,latency,46,3,0.3826256470315406,-0.2238323585815484,0.37120962813219877,0.5977245880435285,0.775685462726806
ctu13_v2_f0,LeakyParallel,latency,46,4,0.5509288947730978,0.10195018271222857,0.6174980019745193,0.5152475038440472,1.460983464335622
ctu13_v2_f0,LeakyParallel,latency,46,5,0.638373301412077,0.27687055916620856,0.6898500305580367,0.4121082536477203,2.254802425853071
ctu13_v2_f0,LeakyParallel,latency,46,6,0.7681122378104206,0.5428840829007162,0.747816275680504,0.19750153431925718,3.0494203045768895
ctu13_v2_f0,LeakyParallel,latency,46,7,0.7869608946194155,0.5847226306411771,0.7487142118377134,0.15557007384530103,3.8774252353511254
ctu13_v2_f0,LeakyParallel,latency,46,8,0.877579365896375,0.7710217094142725,0.815137981289079,0.03316769284578277,4.732958491995728
ctu13_v2_f0,LeakyParallel,latency,46,9,0.9174922924755642,0.8442129248889019,0.8700249165530535,0.013977153491318723,5.731327712543549
ctu13_v2_f0,LeakyParallel,latency,46,10,0.9409239053741614,0.8870178532165002,0.9058765455314748,0.007958662469561086,6.798571283456374
ctu13_v2_f0,LeakyParallel,latency,46,11,0.9563989996595756,0.9155106585923278,0.9316299186686099,0.007034771303940396,7.799087422407569
ctu13_v2_f0,LeakyParallel,latency,46,12,0.9641540812847664,0.9302430876590531,0.9432748812937802,0.004923020068235962,8.858174350639546
ctu13_v2_f0,LeakyParallel,latency,46,13,0.9646416059728419,0.9315604069365472,0.9413943867237083,0.0011944592926953204,9.860038490787744
ctu13_v2_f0,LeakyParallel,latency,46,14,0.9659988849981993,0.9341385957583397,0.9434488270415119,0.0008512997168933499,10.913121185582153
ctu13_v2_f0,LeakyParallel,latency,46,15,0.9727505729547903,0.9468936012173729,0.954694184570542,0.0005873308124302957,11.982352440541067
ctu13_v2_f0,LeakyParallel,latency,46,16,0.9738059730358819,0.9489177493790816,0.9563114099008039,0.00035635802102512324,13.060657308445187
ctu13_v2_f0,LeakyParallel,latency,46,17,0.979058744353103,0.9589460568850262,0.9652343566357953,0.00043554869236403954,14.10779891446095
ctu13_v2_f0,LeakyParallel,latency,46,18,0.9836091267762623,0.9676964745308307,0.973254665977152,0.0009370896108438426,15.185917093808253
ctu13_v2_f0,LeakyParallel,latency,46,19,0.9876410356608328,0.9755408573481111,0.9801184711579145,0.0010690740630753697,16.34225503304113
ctu13_v2_f0,LeakyParallel,latency,46,20,0.9925831090806159,0.9852507529862651,0.9883738423205303,0.0010426771726290644,17.658085399033062
ctu13_v2_f0,LeakyParallel,latency,46,21,0.9958995221266207,0.991819838845807,0.9938930938836914,0.001016280282182759,19.111672702014864
ctu13_v2_f0,LeakyParallel,latency,46,22,0.9975406329967662,0.995086307487597,0.996629213483146,0.001016280282182759,20.66204978544543
ctu13_v2_f0,LeakyParallel,latency,46,23,0.9977211942409814,0.9954462554798443,0.9969441963236331,0.001036077950017488,22.346115093495275
ctu13_v2_f0,LeakyParallel,latency,46,24,0.9977070817183015,0.9954180775616521,0.9969253913779323,0.0010426771726290644,24.017872683895092
ctu13_v2_f0,LeakyParallel,latency,46,25,0.9975518906341159,0.9951085404812301,0.9966762258473979,0.001055875617852217,25.674560664171995
ctu13_v2_f0,LeakyParallel,rate,42,1,0.2937961440625388,0.0,0.0,0.0,0.0
ctu13_v2_f0,LeakyParallel,rate,42,2,0.30322197763456554,0.059092032081178573,0.00847632927459922,4.619455828103449e-05,0.005010391414522723
ctu13_v2_f0,LeakyParallel,rate,42,3,0.524000449997277,0.3374155567478492,0.24776926331625218,0.005404763318881036,0.16013485502809938
ctu13_v2_f0,LeakyParallel,rate,42,4,0.7828407009678602,0.6094287412010931,0.6729114757181138,0.06284439693004164,0.5658639973863602
ctu13_v2_f0,LeakyParallel,rate,42,5,0.8740243368593574,0.7483211413957586,0.9060034789149546,0.1610474286129094,1.1059265380528933
ctu13_v2_f0,LeakyParallel,rate,42,6,0.9207710838720815,0.8425497056843781,0.9539513892153636,0.11889159457015963,1.726611081064015
ctu13_v2_f0,LeakyParallel,rate,42,7,0.9347327924957949,0.8694877367483419,0.9427624465234357,0.07228788448720741,2.4012952891339023
ctu13_v2_f0,LeakyParallel,rate,42,8,0.9441285977161324,0.8882733755941745,0.9510272201589018,0.061894108873974646,3.1171745236010024
ctu13_v2_f0,LeakyParallel,rate,42,9,0.9559544621231939,0.9120207968030314,0.9568755582718255,0.042611180402948534,3.8706715022663443
ctu13_v2_f0,LeakyParallel,rate,42,10,0.9612377777977228,0.9227194177898869,0.9582201118894269,0.032230603234938926,4.652679667145285
ctu13_v2_f0,LeakyParallel,rate,42,11,0.9662935436183222,0.9328577990765162,0.9619575948474449,0.025637979845974143,5.452365591102643
ctu13_v2_f0,LeakyParallel,rate,42,12,0.9700728769245828,0.9404897562816382,0.9638615955996427,0.019480905149373402,6.267590591994905
ctu13_v2_f0,LeakyParallel,rate,42,13,0.9735128469028224,0.9473517535103895,0.9670537351323398,0.01588432882606429,7.095620231548719
ctu13_v2_f0,LeakyParallel,rate,42,14,0.975928060013137,0.9522120757994857,0.9685957406797988,0.012393340064540397,7.936204676548348
ctu13_v2_f0,LeakyParallel,rate,42,15,0.9784681364354384,0.9572511048453207,0.9714117812984815,0.010373977945398032,8.789442762112106
ctu13_v2_f0,LeakyParallel,rate,42,16,0.9803666258368302,0.9610435727563906,0.9730854214658455,0.008268825932305175,9.647515532213385
ctu13_v2_f0,LeakyParallel,rate,42,17,0.9820286548837867,0.9643371237995512,0.9750176296365944,0.007074366639609854,10.510455931891622
ctu13_v2_f0,LeakyParallel,rate,42,18,0.9835753711320716,0.9673967009984112,0.9769451365709182,0.0061438762513775875,11.379625689443586
ctu13_v2_f0,LeakyParallel,rate,42,19,0.984856581034555,0.9699381790490018,0.978430727281275,0.005219985085756898,12.25319635518047
ctu13_v2_f0,LeakyParallel,rate,42,20,0.9860448052133557,0.9722904108358572,0.9799257204644821,0.00452706671154138,13.132304532962884
ctu13_v2_f0,LeakyParallel,rate,42,21,0.9872030508309249,0.9745892173994254,0.981279676554934,0.0037087631077059122,14.014240493297057
ctu13_v2_f0,LeakyParallel,rate,42,22,0.9882035390711179,0.9765698292300887,0.9825819190447087,0.00318742452139138,14.897186768173993
ctu13_v2_f0,LeakyParallel,rate,42,23,0.9889707734212492,0.978087258800655,0.983634996003949,0.0028640626134241384,15.782354087793038
ctu13_v2_f0,LeakyParallel,rate,42,24,0.989623273781038,0.9793814946368964,0.9844530111419303,0.00248130770195271,16.669528309397847
ctu13_v2_f0,LeakyParallel,rate,42,25,0.9904048664836765,0.980927714361231,0.9855578017018476,0.0021975411296549265,17.559382060876942
ctu13_v2_f0,LeakyParallel,rate,43,1,0.2937961440625388,0.0,0.0,0.0,0.0
ctu13_v2_f0,LeakyParallel,rate,43,2,0.3366759302135498,0.1289740812157939,0.039556203281463025,0.00018477823312413797,0.023187816924415842
ctu13_v2_f0,LeakyParallel,rate,43,3,0.5758526217396073,0.39348532272833553,0.31541535423816464,0.00469204727683079,0.20223037916994974
ctu13_v2_f0,LeakyParallel,rate,43,4,0.8063000828729425,0.6614128794024806,0.6874006863805181,0.026792843803000007,0.5865864271928356
ctu13_v2_f0,LeakyParallel,rate,43,5,0.8975373849215799,0.7983413565301156,0.8777208405810728,0.07073706717348696,1.0638447410108087
ctu13_v2_f0,LeakyParallel,rate,43,6,0.9246282474779366,0.8493778520341317,0.9441916223966903,0.09723294595896603,1.6224498480410057
ctu13_v2_f0,LeakyParallel,rate,43,7,0.9382698670350007,0.8765404318259041,0.9491561280616803,0.07279602462829879,2.240825492871517
ctu13_v2_f0,LeakyParallel,rate,43,8,0.9483612932676052,0.8970729891505995,0.9454797611771896,0.04462394329947932,2.9131047130624337
ctu13_v2_f0,LeakyParallel,rate,43,9,0.9562181529389316,0.9128732950387164,0.9507498472098161,0.03363623765120469,3.6230867854701394
ctu13_v2_f0,LeakyParallel,rate,43,10,0.9609310421636544,0.9223772943141268,0.9536223026656011,0.026641061682933752,4.368223960378099
ctu13_v2_f0,LeakyParallel,rate,43,11,0.9653729376572705,0.9313434633581117,0.9563020074279536,0.020002243735687937,5.14093613329563
ctu13_v2_f0,LeakyParallel,rate,43,12,0.9687369308826252,0.9380829538846628,0.9590005171360068,0.015890928048675868,5.929494870182817
ctu13_v2_f0,LeakyParallel,rate,43,13,0.9718555880750597,0.9443037302546516,0.9618400639368154,0.012545122184606653,6.7306660663348366
ctu13_v2_f0,LeakyParallel,rate,43,14,0.9746226249905101,0.949813188088745,0.9644868600441916,0.009753651019909855,7.537133177576508
ctu13_v2_f0,LeakyParallel,rate,43,15,0.9766757639478031,0.953887620399886,0.9666306238540736,0.00793226557911478,8.347169334757291
ctu13_v2_f0,LeakyParallel,rate,43,16,0.9785566254111692,0.9576044479225506,0.9688166987917822,0.006572825721130051,9.165913964029508
ctu13_v2_f0,LeakyParallel,rate,43,17,0.9803069273575329,0.961069454114835,0.9707865168539326,0.005219985085756898,9.990769898117465
ctu13_v2_f0,LeakyParallel,rate,43,18,0.98149016308742,0.9634042456183909,0.9722391989093131,0.0044742729306487695,10.818612849114464
ctu13_v2_f0,LeakyParallel,rate,43,19,0.9828891879941186,0.966159896168195,0.9740538761694325,0.0037285607755406414,11.652970681660321
ctu13_v2_f0,LeakyParallel,rate,43,20,0.984035984318905,0.9684163611803304,0.9756052841897419,0.003207222189226109,12.491188574660322
ctu13_v2_f0,LeakyParallel,rate,43,21,0.9849673924474418,0.9702520400360356,0.976837008133139,0.002745276606415764,13.330155967307538
ctu13_v2_f0,LeakyParallel,rate,43,22,0.985993894266552,0.972269420912057,0.9783178976070707,0.00240871625322537,14.170270945495178
ctu13_v2_f0,LeakyParallel,rate,43,23,0.9868412209294668,0.9739359689908484,0.9795449203140426,0.0021381481261507395,15.013312541352889
ctu13_v2_f0,LeakyParallel,rate,43,24,0.9875400449498577,0.9753110979337295,0.9805650886183066,0.001926973002580296,15.85705971013856
ctu13_v2_f0,LeakyParallel,rate,43,25,0.9882699488056845,0.9767481642103795,0.9816369705232476,0.0017157978790098526,16.700123269355895
ctu13_v2_f0,LeakyParallel,rate,44,1,0.2937961440625388,0.0,0.0,0.0,0.0
ctu13_v2_f0,LeakyParallel,rate,44,2,0.30660200529749504,0.06900517900715535,0.011546236660241644,6.599222611576357e-05,0.006781187284312945
ctu13_v2_f0,LeakyParallel,rate,44,3,0.5427241172043022,0.35744192295679633,0.2716985567204175,0.0052661796440379325,0.16652344725911
ctu13_v2_f0,LeakyParallel,rate,44,4,0.7875506527683254,0.628474617423247,0.6631517088994405,0.03774095411560518,0.5460914828836793
ctu13_v2_f0,LeakyParallel,rate,44,5,0.8799035415801506,0.7624523122100799,0.8662592261764844,0.09607808200194017,1.045741441839651
ctu13_v2_f0,LeakyParallel,rate,44,6,0.917185446976708,0.8343720069355731,0.9317615532885148,0.09760910164782588,1.6227134083565093
ctu13_v2_f0,LeakyParallel,rate,44,7,0.935275437138255,0.8713059161771287,0.928969018851958,0.05245062131680888,2.25411607086478
ctu13_v2_f0,LeakyParallel,rate,44,8,0.9401565634533364,0.8819260514817086,0.9251610173475624,0.0360053585687606,2.9273644242991628
ctu13_v2_f0,LeakyParallel,rate,44,9,0.9502602516166296,0.901645258594144,0.9378966668233746,0.02990107765305247,3.6336923427492085
ctu13_v2_f0,LeakyParallel,rate,44,10,0.9573232981480772,0.9158273503105082,0.9433877109679846,0.020998726350035964,4.367125792396834
ctu13_v2_f0,LeakyParallel,rate,44,11,0.960521390493337,0.9222954681138141,0.9454703587043393,0.0164122666349904,5.122324931433137
ctu13_v2_f0,LeakyParallel,rate,44,12,0.9651837728587767,0.9315069522388545,0.9504395656057543,0.012380141619317244,5.899166215960224
ctu13_v2_f0,LeakyParallel,rate,44,13,0.9683186697150872,0.9376999230789077,0.9538103521226082,0.009714055684240396,6.690429191501278
ctu13_v2_f0,LeakyParallel,rate,44,14,0.9707294279820998,0.9424548220803614,0.9564900568849607,0.007787082681660101,7.49651468936946
ctu13_v2_f0,LeakyParallel,rate,44,15,0.9731271045529911,0.9471544203109691,0.9594706407785247,0.006308856816666997,8.31026265432692
ctu13_v2_f0,LeakyParallel,rate,44,16,0.9752487960987899,0.9513101475821965,0.9621785529594283,0.005101199078748523,9.129284571014406
ctu13_v2_f0,LeakyParallel,rate,44,17,0.9768257833306422,0.9543966279931176,0.9642470969865075,0.004282895474913055,9.948257070142734
ctu13_v2_f0,LeakyParallel,rate,44,18,0.9784972430669134,0.9576546744443123,0.9666306238540736,0.003682366217259607,10.77271217291753
ctu13_v2_f0,LeakyParallel,rate,44,19,0.9800017167967551,0.9605888869222308,0.9688072963189319,0.00318742452139138,11.601724672814576
ctu13_v2_f0,LeakyParallel,rate,44,20,0.981205146676385,0.9629424036564603,0.9705044426684218,0.0027320781611926115,12.435138080896545
ctu13_v2_f0,LeakyParallel,rate,44,21,0.982394900719255,0.9652687905408422,0.9722203939636125,0.00233612480449803,13.273833676968398
ctu13_v2_f0,LeakyParallel,rate,44,22,0.9835566527550608,0.9675363603398583,0.9739927600959052,0.0020853543452581287,14.114107889513319
ctu13_v2_f0,LeakyParallel,rate,44,23,0.984330211585605,0.9690545925737221,0.9750740444736966,0.0017817901051256162,14.957047904832763
ctu13_v2_f0,LeakyParallel,rate,44,24,0.9851930870085541,0.9707417258042289,0.9763997931455973,0.0016102103172246308,15.7988979884308
ctu13_v2_f0,LeakyParallel,rate,44,25,0.9861854143787446,0.9726858255686285,0.9778994875652297,0.0013792375258194585,16.641041831963825
ctu13_v2_f0,LeakyParallel,rate,45,1,0.2937961440625388,0.0,0.0,0.0,0.0
ctu13_v2_f0,LeakyParallel,rate,45,2,0.3043419458103277,0.06254073471293622,0.00949179634243806,5.279378089261085e-05,0.0055759479248743285
ctu13_v2_f0,LeakyParallel,rate,45,3,0.5295257287434649,0.34673063584918146,0.25373983357623053,0.002963050952597784,0.15288969177170186
ctu13_v2_f0,LeakyParallel,rate,45,4,0.7549530590141922,0.5925878337788486,0.5964505664989892,0.020490586208944585,0.4538096819980068
ctu13_v2_f0,LeakyParallel,rate,45,5,0.8600021890241679,0.7325690936579502,0.808523341638851,0.06539829608072169,0.8846594169277103
ctu13_v2_f0,LeakyParallel,rate,45,6,0.9089716830203061,0.8183400029811103,0.9115368341873913,0.08947226016775224,1.424208564063002
ctu13_v2_f0,LeakyParallel,rate,45,7,0.9346286686298271,0.8697059806371604,0.9323727140237883,0.05853510456468228,2.022773258511488
ctu13_v2_f0,LeakyParallel,rate,45,8,0.9444688839800774,0.8894566398825331,0.9396784354285177,0.04573261269822415,2.665407434048149
ctu13_v2_f0,LeakyParallel,rate,45,9,0.9540075306186069,0.9085962917890786,0.9469089370504443,0.03351085242158474,3.3473505324742
ctu13_v2_f0,LeakyParallel,rate,45,10,0.9596667873534279,0.9200907881693429,0.9495933430492219,0.02405416641919582,4.057091007926028
ctu13_v2_f0,LeakyParallel,rate,45,11,0.9641851242872275,0.929160906016702,0.9530487518217291,0.01829304507928966,4.790527202993606
ctu13_v2_f0,LeakyParallel,rate,45,12,0.9679974257904369,0.9368149611703004,0.9559588171689154,0.013422818791946308,5.542709125501382
ctu13_v2_f0,LeakyParallel,rate,45,13,0.9707116268569009,0.9422463840604259,0.9582248131258521,0.010222195825331777,6.309373138262094
ctu13_v2_f0,LeakyParallel,rate,45,14,0.9731968641145359,0.9471759603845868,0.9607681820318744,0.007938864801726356,7.08576142849691
ctu13_v2_f0,LeakyParallel,rate,45,15,0.9753244616745267,0.9514007055864409,0.962902543368906,0.005926101905195568,7.874149949347002
ctu13_v2_f0,LeakyParallel,rate,45,16,0.9771521067786633,0.9549951317750219,0.9651356306708664,0.004751440280334977,8.671123398390634
ctu13_v2_f0,LeakyParallel,rate,45,17,0.9787114773865158,0.9580607817960414,0.9670772413144657,0.0038011522242679813,9.472193014004388
ctu13_v2_f0,LeakyParallel,rate,45,18,0.9800283409573969,0.9606572096207048,0.9686427530440506,0.0028970587264820205,10.279387661533647
ctu13_v2_f0,LeakyParallel,rate,45,19,0.9812685373514349,0.9630870818741692,0.9703257956842649,0.00233612480449803,11.091521319558646
ctu13_v2_f0,LeakyParallel,rate,45,20,0.9823684544215561,0.9652349537851577,0.9719383197781016,0.002006163673919212,11.906326271198074
ctu13_v2_f0,LeakyParallel,rate,45,21,0.9832846422324573,0.9670328686106167,0.9731841474307743,0.0015970118720014781,12.724562997778955
ctu13_v2_f0,LeakyParallel,rate,45,22,0.9842899188707219,0.9689959723617996,0.9747120492689577,0.001372638303207882,13.54435637747328
ctu13_v2_f0,LeakyParallel,rate,45,23,0.9849430705110369,0.970278067791203,0.9756240891354426,0.0011152686213564043,14.366708488563953
ctu13_v2_f0,LeakyParallel,rate,45,24,0.985828127174197,0.9720040719984385,0.9770579662451224,0.0010426771726290644,15.19139969745472
ctu13_v2_f0,LeakyParallel,rate,45,25,0.9864170297999699,0.9731598426067235,0.9779135912745052,0.0008578989395049263,16.016818442633078
ctu13_v2_f0,LeakyParallel,rate,46,1,0.2937961440625388,0.0,0.0,0.0,0.0
ctu13_v2_f0,LeakyParallel,rate,46,2,0.30559513678683603,0.06641131371660662,0.010624794320906399,3.299611305788178e-05,0.006262302913165112
ctu13_v2_f0,LeakyParallel,rate,46,3,0.4957713059632643,0.3115505913347769,0.2117859997179258,0.0028442649455894097,0.12903748321862055
ctu13_v2_f0,LeakyParallel,rate,46,4,0.6954960072561062,0.5217161837733164,0.49541629448544966,0.012868484092573894,0.43379557053944756
ctu13_v2_f0,LeakyParallel,rate,46,5,0.8144844184500653,0.6706619788256812,0.7059329603685769,0.033095101397055425,0.9183182655534904
ctu13_v2_f0,LeakyParallel,rate,46,6,0.8879477885346763,0.7868605465857546,0.8382868694466644,0.040149670368830555,1.5066068531172871
ctu13_v2_f0,LeakyParallel,rate,46,7,0.9118441151524115,0.8309587738686348,0.8719853321423534,0.029841684649548283,2.1667073903959717
ctu13_v2_f0,LeakyParallel,rate,46,8,0.922922845186175,0.8514701587436798,0.8882516101734756,0.026020734757445572,2.8830808004546413
ctu13_v2_f0,LeakyParallel,rate,46,9,0.937725629533052,0.8791860035505686,0.9099008039114287,0.02091293645608547,3.643930013754554
ctu13_v2_f0,LeakyParallel,rate,46,10,0.9445269374906211,0.8923061796182685,0.9183348220582013,0.0165508503098335,4.444409364078377
ctu13_v2_f0,LeakyParallel,rate,46,11,0.9515601381767704,0.9057170544521712,0.9281745098961027,0.013594398579847294,5.275088333886993
ctu13_v2_f0,LeakyParallel,rate,46,12,0.9573885594865261,0.9169031023756563,0.9361807155281839,0.010967907980439904,6.128537816787145
ctu13_v2_f0,LeakyParallel,rate,46,13,0.961416016456969,0.9246470361561218,0.9417892905834234,0.009271907769264781,6.998015061373863
ctu13_v2_f0,LeakyParallel,rate,46,14,0.9657096569409793,0.9329203744217107,0.9478256781533543,0.007556109890254928,7.88154336528087
ctu13_v2_f0,LeakyParallel,rate,46,15,0.9686814838451321,0.9386428317889566,0.9521743218466456,0.006612421056799509,8.775979222661794
ctu13_v2_f0,LeakyParallel,rate,46,16,0.9719529922853882,0.9449706133953596,0.9568755582718255,0.005464156322385223,9.680358991113076
ctu13_v2_f0,LeakyParallel,rate,46,17,0.9742760020617235,0.9494671492059981,0.9602933571529312,0.004764638725558129,10.59148700180923
ctu13_v2_f0,LeakyParallel,rate,46,18,0.9765759510153665,0.9539281906943682,0.9636923510883363,0.004098117241788917,11.50705984740956
ctu13_v2_f0,LeakyParallel,rate,46,19,0.9786157452979176,0.9578978009367037,0.9666588312726248,0.003444794203242858,12.42868634400661
ctu13_v2_f0,LeakyParallel,rate,46,20,0.9802563617534483,0.9610868322961317,0.9691645902872456,0.003088436182217735,13.353664998366476
ctu13_v2_f0,LeakyParallel,rate,46,21,0.9818569684833736,0.9642124164604071,0.97150110479056,0.002593494486349508,14.281172184503202
ctu13_v2_f0,LeakyParallel,rate,46,22,0.983346041854511,0.967118119606249,0.9737718019839218,0.0022701325783822664,15.212495504374827
ctu13_v2_f0,LeakyParallel,rate,46,23,0.9844325483929611,0.9692397387434787,0.9754595458605613,0.002078755122646552,16.14636108312308
ctu13_v2_f0,LeakyParallel,rate,46,24,0.9855846995370566,0.9714997453028849,0.9771378872643505,0.001722397101621429,17.081648789407073
ctu13_v2_f0,LeakyParallel,rate,46,25,0.9866467808508719,0.9735753851892062,0.9788632410323915,0.0016432064302825127,18.0187045461409
ctu13_v2_f1,LeakyParallel,delta,42,1,0.9321204517819522,0.869879401026579,0.8871492494352229,0.014185280953716108,1.424122041868932
ctu13_v2_f1,LeakyParallel,delta,42,2,0.8735291318315604,0.748097776853803,0.9072631643217878,0.163213807283716,2.8599438713592233
ctu13_v2_f1,LeakyParallel,delta,42,3,0.8750428628471738,0.7509917879293587,0.9071148830758764,0.1598596010259925,4.37523702973301
ctu13_v2_f1,LeakyParallel,delta,42,4,0.8750379334467164,0.7509823078687887,0.9071148830758764,0.1598699855654901,5.905188106796117
ctu13_v2_f1,LeakyParallel,delta,42,5,0.8751020144015544,0.7511055522275077,0.9071148830758764,0.15973498655202134,7.519616580703883
ctu13_v2_f1,LeakyParallel,delta,42,6,0.8751020144015544,0.7511055522275077,0.9071148830758764,0.15973498655202134,9.517141990291263
ctu13_v2_f1,LeakyParallel,delta,42,7,0.8751020144015544,0.7511055522275077,0.9071148830758764,0.15973498655202134,11.516283942657767
ctu13_v2_f1,LeakyParallel,delta,42,8,0.8751020144015544,0.7511055522275077,0.9071148830758764,0.15973498655202134,13.515416413834952
ctu13_v2_f1,LeakyParallel,delta,42,9,0.8751069435935159,0.7511150328833628,0.9071148830758764,0.15972460201252375,15.087497155643204
ctu13_v2_f1,LeakyParallel,delta,42,10,0.8751116104974093,0.7511247544406139,0.9071236055021065,0.15972460201252375,16.114874089805824
ctu13_v2_f1,LeakyParallel,delta,42,11,0.8751116104974093,0.7511247544406139,0.9071236055021065,0.15972460201252375,16.174842612257283
ctu13_v2_f1,LeakyParallel,delta,42,12,0.8751116104974093,0.7511247544406139,0.9071236055021065,0.15972460201252375,16.174989570691746
ctu13_v2_f1,LeakyParallel,delta,42,13,0.8872509050364459,0.7767361074967355,0.9299850846511466,0.15995306188147088,16.187827101031555
ctu13_v2_f1,LeakyParallel,delta,42,14,0.8872558495353436,0.7767453976509221,0.9299850846511466,0.15994267734197326,16.271830438410195
ctu13_v2_f1,LeakyParallel,delta,42,15,0.8876627526490405,0.7776150302011982,0.9307526581593936,0.15995306188147088,16.274011111953882
ctu13_v2_f1,LeakyParallel,delta,42,16,0.8876627526490405,0.7776150302011982,0.9307526581593936,0.15995306188147088,16.279439092839805
ctu13_v2_f1,LeakyParallel,delta,42,17,0.8876627526490405,0.7776150302011982,0.9307526581593936,0.15995306188147088,16.359929649575243
ctu13_v2_f1,LeakyParallel,delta,42,18,0.887658072306741,0.7776050379164904,0.9307439357331635,0.15995306188147088,16.36040370904126
ctu13_v2_f1,LeakyParallel,delta,42,19,0.8876531273172479,0.7775957542910872,0.9307439357331635,0.15996344642096846,16.65479937803398
ctu13_v2_f1,LeakyParallel,delta,42,20,0.8876531273172479,0.7775957542910872,0.9307439357331635,0.15996344642096846,17.081462378640776
ctu13_v2_f1,LeakyParallel,delta,42,21,0.8872462252107489,0.7767261243647353,0.9299763622249165,0.15995306188147088,17.082130802487864
ctu13_v2_f1,LeakyParallel,delta,42,22,0.8751069435935159,0.7511150328833628,0.9071148830758764,0.15972460201252375,17.225671268203882
ctu13_v2_f1,LeakyParallel,delta,42,23,0.8751069435935159,0.7511150328833628,0.9071148830758764,0.15972460201252375,17.38724969660194
ctu13_v2_f1,LeakyParallel,delta,42,24,0.8751116104974093,0.7511247544406139,0.9071236055021065,0.15972460201252375,17.765212568264563
ctu13_v2_f1,LeakyParallel,delta,42,25,0.8751116104974093,0.7511247544406139,0.9071236055021065,0.15972460201252375,17.863987598604368
ctu13_v2_f1,LeakyParallel,delta,43,1,0.8739066027120924,0.749040810638806,0.9095658848465289,0.16501033261680012,1.3432806811286409
ctu13_v2_f1,LeakyParallel,delta,43,2,0.8739362372742325,0.7490974388467453,0.9095658848465289,0.16494802537981454,2.8502635770631066
ctu13_v2_f1,LeakyParallel,delta,43,3,0.8854176402209177,0.7734464359255505,0.931014330946296,0.16495840991931213,4.346390511225728
ctu13_v2_f1,LeakyParallel,delta,43,4,0.8869816498787894,0.776353054334906,0.9308660497003847,0.16151074280611027,5.803194212682039
ctu13_v2_f1,LeakyParallel,delta,43,5,0.8869865974526557,0.7763623302290652,0.9308660497003847,0.16150035826661266,7.334657539441747
ctu13_v2_f1,LeakyParallel,delta,43,6,0.8869865974526557,0.7763623302290652,0.9308660497003847,0.16150035826661266,8.949289858919903
ctu13_v2_f1,LeakyParallel,delta,43,7,0.886992616569982,0.7763686934639525,0.9308311599954643,0.1614484355691247,10.90797557645631
ctu13_v2_f1,LeakyParallel,delta,43,8,0.8871561406292718,0.7766741168150841,0.9308224375692342,0.16109536122620643,12.881556242415048
ctu13_v2_f1,LeakyParallel,delta,43,9,0.8871561406292718,0.7766741168150841,0.9308224375692342,0.16109536122620643,14.879366087682039
ctu13_v2_f1,LeakyParallel,delta,43,10,0.8872204486450616,0.7767947350607358,0.9308224375692342,0.16096036221273768,16.87743666565534
ctu13_v2_f1,LeakyParallel,delta,43,11,0.8872204486450616,0.7767947350607358,0.9308224375692342,0.16096036221273768,18.877289707220875
ctu13_v2_f1,LeakyParallel,delta,43,12,0.8872204486450616,0.7767947350607358,0.9308224375692342,0.16096036221273768,20.87719015473301
ctu13_v2_f1,LeakyParallel,delta,43,13,0.8872204486450616,0.7767947350607358,0.9308224375692342,0.16096036221273768,22.87715697057039
ctu13_v2_f1,LeakyParallel,delta,43,14,0.8872204486450616,0.7767947350607358,0.9308224375692342,0.16096036221273768,24.87712378640777
ctu13_v2_f1,LeakyParallel,delta,43,15,0.8872204486450616,0.7767947350607358,0.9308224375692342,0.16096036221273768,26.87712378640777
ctu13_v2_f1,LeakyParallel,delta,43,16,0.8872204486450616,0.7767947350607358,0.9308224375692342,0.16096036221273768,28.87712378640777
ctu13_v2_f1,LeakyParallel,delta,43,17,0.8872204486450616,0.7767947350607358,0.9308224375692342,0.16096036221273768,30.87712378640777
ctu13_v2_f1,LeakyParallel,delta,43,18,0.8872204486450616,0.7767947350607358,0.9308224375692342,0.16096036221273768,32.877123786407765
ctu13_v2_f1,LeakyParallel,delta,43,19,0.8872204486450616,0.7767947350607358,0.9308224375692342,0.16096036221273768,34.877123786407765
ctu13_v2_f1,LeakyParallel,delta,43,20,0.8872204486450616,0.7767947350607358,0.9308224375692342,0.16096036221273768,36.877123786407765
ctu13_v2_f1,LeakyParallel,delta,43,21,0.8872204486450616,0.7767947350607358,0.9308224375692342,0.16096036221273768,38.877123786407765
ctu13_v2_f1,LeakyParallel,delta,43,22,0.8872204486450616,0.7767947350607358,0.9308224375692342,0.16096036221273768,40.877123786407765
ctu13_v2_f1,LeakyParallel,delta,43,23,0.8872204486450616,0.7767947350607358,0.9308224375692342,0.16096036221273768,42.877123786407765
ctu13_v2_f1,LeakyParallel,delta,43,24,0.8872204486450616,0.7767947350607358,0.9308224375692342,0.16096036221273768,44.877123786407765
ctu13_v2_f1,LeakyParallel,delta,43,25,0.8872204486450616,0.7767947350607358,0.9308224375692342,0.16096036221273768,46.877123786407765
ctu13_v2_f1,LeakyParallel,delta,44,1,0.3580025400003719,0.052208478478930655,0.9998778860327788,0.9946208085402453,0.9999099287014563
ctu13_v2_f1,LeakyParallel,delta,44,2,0.3579269113479221,0.053522014349981335,0.9999912775737699,0.9947142693957236,2.0001042930825244
ctu13_v2_f1,LeakyParallel,delta,44,3,0.35257815746493787,0.015026663324332494,1.0,0.9995846184200962,3.0018914972694173
ctu13_v2_f1,LeakyParallel,delta,44,4,0.35257815746493787,0.015026663324332494,1.0,0.9995846184200962,4.004271275788835
ctu13_v2_f1,LeakyParallel,delta,44,5,0.35257815746493787,0.015026663324332494,1.0,0.9995846184200962,5.093574597997573
ctu13_v2_f1,LeakyParallel,delta,44,6,0.35257815746493787,0.015026663324332494,1.0,0.9995846184200962,6.182972732099515
ctu13_v2_f1,LeakyParallel,delta,44,7,0.35257815746493787,0.015026663324332494,1.0,0.9995846184200962,7.616860398968447
ctu13_v2_f1,LeakyParallel,delta,44,8,0.35257815746493787,0.015026663324332494,1.0,0.9995846184200962,9.135272868628642
ctu13_v2_f1,LeakyParallel,delta,44,9,0.3526125295118552,0.015580086947782687,1.0,0.9995534648016033,10.674420699332524
ctu13_v2_f1,LeakyParallel,delta,44,10,0.3526125295118552,0.015580086947782687,1.0,0.9995534648016033,12.63503583889563
ctu13_v2_f1,LeakyParallel,delta,44,11,0.35310298979726656,0.021694880974944594,0.9999912775737699,0.9991069296032068,14.634609185376213
ctu13_v2_f1,LeakyParallel,delta,44,12,0.35310298979726656,0.021694880974944594,0.9999912775737699,0.9991069296032068,16.63237636529126
ctu13_v2_f1,LeakyParallel,delta,44,13,0.35310298979726656,0.021694880974944594,0.9999912775737699,0.9991069296032068,18.629498824332526
ctu13_v2_f1,LeakyParallel,delta,44,14,0.3567552515047977,0.04532966359142712,0.9998429963278586,0.9957527233454833,20.542086999393202
ctu13_v2_f1,LeakyParallel,delta,44,15,0.3620807814448298,0.06867116839821255,0.9998429963278586,0.9908719897816132,22.120951532160195
ctu13_v2_f1,LeakyParallel,delta,44,16,0.3626120339545249,0.06863394761202175,0.9996598253770269,0.9903423782672357,22.95631067961165
ctu13_v2_f1,LeakyParallel,delta,44,17,0.36253903158190215,0.07014257915356142,0.9998255514753984,0.9904462236622117,24.563590336771846
ctu13_v2_f1,LeakyParallel,delta,44,18,0.5359337537395743,0.3388617035760433,0.9994853768524252,0.8058714186319408,25.62281458586165
ctu13_v2_f1,LeakyParallel,delta,44,19,0.5362172394065082,0.3391187639767551,0.999450487147505,0.8055079597495249,26.45554744387136
ctu13_v2_f1,LeakyParallel,delta,44,20,0.5372497888362391,0.3400864555918162,0.999337095606514,0.8041891232333302,26.957363091626213
ctu13_v2_f1,LeakyParallel,delta,44,21,0.5374016508513689,0.339652206094752,0.9990579779671513,0.8038672025089048,28.665162317961165
ctu13_v2_f1,LeakyParallel,delta,44,22,0.5373739389001907,0.33946638044533295,0.9989881985573107,0.8038672025089048,29.660099362864077
ctu13_v2_f1,LeakyParallel,delta,44,23,0.9192485336551903,0.848801295735807,0.9946008181635804,0.16594494117158376,30.63669978762136
ctu13_v2_f1,LeakyParallel,delta,44,24,0.9195591496586962,0.8493269299698838,0.99455720603243,0.1652491770252448,31.30158715109223
ctu13_v2_f1,LeakyParallel,delta,44,25,0.8753087652745113,0.7515040154499669,0.9071236055021065,0.1593092204326199,32.25241296268204
ctu13_v2_f1,LeakyParallel,delta,45,1,0.9150310220426375,0.8410541195789908,0.8507592872033285,0.008432246072047934,1.113404505461165
ctu13_v2_f1,LeakyParallel,delta,45,2,0.9150310220426375,0.8410541195789908,0.8507592872033285,0.008432246072047934,2.6528130688713594
ctu13_v2_f1,LeakyParallel,delta,45,3,0.9150310220426375,0.8410541195789908,0.8507592872033285,0.008432246072047934,4.536801236347087
ctu13_v2_f1,LeakyParallel,delta,45,4,0.9150310220426375,0.8410541195789908,0.8507592872033285,0.008432246072047934,6.088886149878641
ctu13_v2_f1,LeakyParallel,delta,45,5,0.9146731343900156,0.8399647942699532,0.8516315298263365,0.010249540484127231,8.075394417475728
ctu13_v2_f1,LeakyParallel,delta,45,6,0.9146731343900156,0.8399647942699532,0.8516315298263365,0.010249540484127231,10.074778140169903
ctu13_v2_f1,LeakyParallel,delta,45,7,0.9146731343900156,0.8399647942699532,0.8516315298263365,0.010249540484127231,12.074166603458737
ctu13_v2_f1,LeakyParallel,delta,45,8,0.9146731343900156,0.8399647942699532,0.8516315298263365,0.010249540484127231,14.073588250910195
ctu13_v2_f1,LeakyParallel,delta,45,9,0.9146731343900156,0.8399647942699532,0.8516315298263365,0.010249540484127231,16.072877161711165
ctu13_v2_f1,LeakyParallel,delta,45,10,0.9146731343900156,0.8399647942699532,0.8516315298263365,0.010249540484127231,18.072156591322816
ctu13_v2_f1,LeakyParallel,delta,45,11,0.9146731343900156,0.8399647942699532,0.8516315298263365,0.010249540484127231,20.071436020934467
ctu13_v2_f1,LeakyParallel,delta,45,12,0.9146731343900156,0.8399647942699532,0.8516315298263365,0.010249540484127231,22.059015662924757
ctu13_v2_f1,LeakyParallel,delta,45,13,0.9147725109328381,0.8401367667885963,0.8518147007771681,0.010249540484127231,23.62129759557039
ctu13_v2_f1,LeakyParallel,delta,45,14,0.9463917565076826,0.8963937753873051,0.9107085226826694,0.010903766472475778,25.083159511529125
ctu13_v2_f1,LeakyParallel,delta,45,15,0.8873979854928773,0.7771302299472695,0.9308398824216945,0.16060728786981943,25.955225083434467
ctu13_v2_f1,LeakyParallel,delta,45,16,0.8873979854928773,0.7771302299472695,0.9308398824216945,0.16060728786981943,25.96189510012136
ctu13_v2_f1,LeakyParallel,delta,45,17,0.8873979854928773,0.7771302299472695,0.9308398824216945,0.16060728786981943,25.96194250606796
ctu13_v2_f1,LeakyParallel,delta,45,18,0.8873979854928773,0.7771302299472695,0.9308398824216945,0.16060728786981943,25.96194250606796
ctu13_v2_f1,LeakyParallel,delta,45,19,0.8873979854928773,0.7771302299472695,0.9308398824216945,0.16060728786981943,25.962089464502426
ctu13_v2_f1,LeakyParallel,delta,45,20,0.8873979854928773,0.7771302299472695,0.9308398824216945,0.16060728786981943,25.962236422936893
ctu13_v2_f1,LeakyParallel,delta,45,21,0.8873979854928773,0.7771302299472695,0.9308398824216945,0.16060728786981943,25.962236422936893
ctu13_v2_f1,LeakyParallel,delta,45,22,0.8873979854928773,0.7771302299472695,0.9308398824216945,0.16060728786981943,25.962245904126213
ctu13_v2_f1,LeakyParallel,delta,45,23,0.8873605451918508,0.7770502486497306,0.9307701030118538,0.16060728786981943,25.97406894720874
ctu13_v2_f1,LeakyParallel,delta,45,24,0.8873555991276885,0.7770409680811523,0.9307701030118538,0.160617672409317,25.980089502427184
ctu13_v2_f1,LeakyParallel,delta,45,25,0.887350653046703,0.7770316875574755,0.9307701030118538,0.1606280569488146,26.222082638046118
ctu13_v2_f1,LeakyParallel,delta,46,1,0.946277684304388,0.8963342214672515,0.9096705539612898,0.009927619759701757,1.3736015245752426
ctu13_v2_f1,LeakyParallel,delta,46,2,0.8870935609467019,0.776414295840244,0.9297931912740848,0.16006729181594442,2.7058413607402914
ctu13_v2_f1,LeakyParallel,delta,46,3,0.887088616366861,0.7764050045890905,0.9297931912740848,0.160077676355442,3.946070995145631
ctu13_v2_f1,LeakyParallel,delta,46,4,0.887088616366861,0.7764050045890905,0.9297931912740848,0.160077676355442,5.480743704490291
ctu13_v2_f1,LeakyParallel,delta,46,5,0.887152894598225,0.776525794367196,0.9297931912740848,0.15994267734197326,7.448758912317961
ctu13_v2_f1,LeakyParallel,delta,46,6,0.887152894598225,0.776525794367196,0.9297931912740848,0.15994267734197326,9.448085747876213
ctu13_v2_f1,LeakyParallel,delta,46,7,0.887152894598225,0.776525794367196,0.9297931912740848,0.15994267734197326,11.447227700242719
ctu13_v2_f1,LeakyParallel,delta,46,8,0.887152894598225,0.776525794367196,0.9297931912740848,0.15994267734197326,13.446369652609222
ctu13_v2_f1,LeakyParallel,delta,46,9,0.887152894598225,0.776525794367196,0.9297931912740848,0.15994267734197326,15.44578655946602
ctu13_v2_f1,LeakyParallel,delta,46,10,0.887152894598225,0.776525794367196,0.9297931912740848,0.15994267734197326,17.100671268203882
ctu13_v2_f1,LeakyParallel,delta,46,11,0.8875548416049082,0.7773859388028752,0.9305607647823319,0.15996344642096846,18.92455343598301
ctu13_v2_f1,LeakyParallel,delta,46,12,0.8876481823109792,0.7775864707107178,0.9307439357331635,0.15997383096046605,19.62816197663835
ctu13_v2_f1,LeakyParallel,delta,46,13,0.8876481823109792,0.7775864707107178,0.9307439357331635,0.15997383096046605,19.62821412317961
ctu13_v2_f1,LeakyParallel,delta,46,14,0.8876481823109792,0.7775864707107178,0.9307439357331635,0.15997383096046605,19.62821412317961
ctu13_v2_f1,LeakyParallel,delta,46,15,0.8876856251276125,0.7776664130990835,0.9308137151430042,0.15997383096046605,19.628289972694176
ctu13_v2_f1,LeakyParallel,delta,46,16,0.8876856251276125,0.7776664130990835,0.9308137151430042,0.15997383096046605,19.628465374696603
ctu13_v2_f1,LeakyParallel,delta,46,17,0.887690570177381,0.7776756960825894,0.9308137151430042,0.15996344642096846,19.62847011529126
ctu13_v2_f1,LeakyParallel,delta,46,18,0.887690570177381,0.7776756960825894,0.9308137151430042,0.15996344642096846,19.62870240442961
ctu13_v2_f1,LeakyParallel,delta,46,19,0.887690570177381,0.7776756960825894,0.9308137151430042,0.15996344642096846,19.628707145024272
ctu13_v2_f1,LeakyParallel,delta,46,20,0.8876531273172479,0.7775957542910872,0.9307439357331635,0.15996344642096846,19.62890625
ctu13_v2_f1,LeakyParallel,delta,46,21,0.8876531273172479,0.7775957542910872,0.9307439357331635,0.15996344642096846,19.62890625
ctu13_v2_f1,LeakyParallel,delta,46,22,0.8876531273172479,0.7775957542910872,0.9307439357331635,0.15996344642096846,19.629005802487864
ctu13_v2_f1,LeakyParallel,delta,46,23,0.8876777669937268,0.7776649623322774,0.930909661831535,0.16009844543443721,19.629252313410195
ctu13_v2_f1,LeakyParallel,delta,46,24,0.8876777669937268,0.7776649623322774,0.930909661831535,0.16009844543443721,19.62960785800971
ctu13_v2_f1,LeakyParallel,delta,46,25,0.8876777669937268,0.7776649623322774,0.930909661831535,0.16009844543443721,19.629996586771846
ctu13_v2_f1,LeakyParallel,latency,42,1,0.25743265194393233,-0.4031157546297722,0.02250385967360681,0.3168219155321557,0.39401926577669905
ctu13_v2_f1,LeakyParallel,latency,42,2,0.23770275553689324,-0.4642052290354598,0.024291957050773243,0.3912063719534357,0.693212416565534
ctu13_v2_f1,LeakyParallel,latency,42,3,0.25329798037465906,-0.41910824526001184,0.02630683750992176,0.3430221086845904,0.9985161938713593
ctu13_v2_f1,LeakyParallel,latency,42,4,0.24524107987911992,-0.4457706764868924,0.029865587411794466,0.3810918304827772,1.3333064699635921
ctu13_v2_f1,LeakyParallel,latency,42,5,0.24604755334244272,-0.44690036570228053,0.035343271084284804,0.39341827886642367,1.5951342536407767
ctu13_v2_f1,LeakyParallel,latency,42,6,0.2557825114924282,-0.4260250547806843,0.046691147609619094,0.3913725245853973,2.1605639411407767
ctu13_v2_f1,LeakyParallel,latency,42,7,0.259636217832372,-0.42094847299980315,0.05598053154465446,0.4027435953352649,2.7557456007281553
ctu13_v2_f1,LeakyParallel,latency,42,8,0.2781682088190481,-0.38405787584911116,0.08049927167740979,0.40409358546995233,3.2687869766383497
ctu13_v2_f1,LeakyParallel,latency,42,9,0.29408380856083327,-0.356639424917469,0.10743412387589732,0.41693926082847854,3.7863129550970873
ctu13_v2_f1,LeakyParallel,latency,42,10,0.31122957744933194,-0.32844315431172466,0.13859063036974364,0.43222530296893985,4.334766573118932
ctu13_v2_f1,LeakyParallel,latency,42,11,0.39464872713270155,-0.17738766324761618,0.2657897720830026,0.43484220692233405,4.905557873179611
ctu13_v2_f1,LeakyParallel,latency,42,12,0.43390220139523633,-0.10899087636036636,0.3339031985136986,0.4402421674610839,5.512401395631068
ctu13_v2_f1,LeakyParallel,latency,42,13,0.4869564538847857,-0.01565820733959076,0.43345224907760344,0.44905864149454294,6.341346518507281
ctu13_v2_f1,LeakyParallel,latency,42,14,0.6974899042871403,0.4171103689553605,0.8446710336947325,0.44917287142901646,7.116163531553398
ctu13_v2_f1,LeakyParallel,latency,42,15,0.766134987980787,0.6055299807025775,0.9844304691793069,0.4521636188043241,7.915204983313107
ctu13_v2_f1,LeakyParallel,latency,42,16,0.768133965429765,0.6126271303654216,0.9895243660976737,0.4532539954515717,8.80736593598301
ctu13_v2_f1,LeakyParallel,latency,42,17,0.7681604575241848,0.6164044830208588,0.9938070773766431,0.45709627506568223,9.755010808555825
ctu13_v2_f1,LeakyParallel,latency,42,18,0.769311174181424,0.6199872574892463,0.9960574633440038,0.4571066596051798,10.710842688106796
ctu13_v2_f1,LeakyParallel,latency,42,19,0.7696214229021355,0.6212116211900797,0.9969471508194719,0.45736627309261974,11.648285800970873
ctu13_v2_f1,LeakyParallel,latency,42,20,0.7687387377965849,0.6206630020769809,0.9976623897703385,0.45956779546611004,12.600533790958737
ctu13_v2_f1,LeakyParallel,latency,42,21,0.7689152805668604,0.6212368165630895,0.9980287316720019,0.45958856454510527,13.521536521541263
ctu13_v2_f1,LeakyParallel,latency,42,22,0.7689407701590042,0.6213271727550937,0.9980897886556125,0.45959894908460286,14.3271484375
ctu13_v2_f1,LeakyParallel,latency,42,23,0.7689440593590049,0.6213795091463766,0.9981421232129929,0.4596404872425932,14.913213933555825
ctu13_v2_f1,LeakyParallel,latency,42,24,0.7688560060480789,0.6211246469021382,0.9979938419670815,0.45966125632158844,15.474803739381068
ctu13_v2_f1,LeakyParallel,latency,42,25,0.7687977061041307,0.6209420332541236,0.9978804504260905,0.45966125632158844,15.785952669902912
ctu13_v2_f1,LeakyParallel,latency,43,1,0.23951483775176893,-0.4445679966624025,0.0022067738362102803,0.3174761415205043,0.15035744083737865
ctu13_v2_f1,LeakyParallel,latency,43,2,0.21956359044726326,-0.5051752952083872,0.004675220459322965,0.3977590163764188,0.4130527533373786
ctu13_v2_f1,LeakyParallel,latency,43,3,0.22817308358468005,-0.48189049767048614,0.007283225902116933,0.37500649033718597,0.6700072057038835
ctu13_v2_f1,LeakyParallel,latency,43,4,0.25192180322906976,-0.43037678680812275,0.03628529311713346,0.3762526350768975,0.9005138804611651
ctu13_v2_f1,LeakyParallel,latency,43,5,0.27013761888917,-0.38596749588904006,0.050328399347562516,0.3535416471956551,1.2033904733009708
ctu13_v2_f1,LeakyParallel,latency,43,6,0.48889510883441223,0.013962216150849647,0.36173646061388437,0.3483182238283643,1.8081481341019416
ctu13_v2_f1,LeakyParallel,latency,43,7,0.4975564453163295,0.0296777050804047,0.3742269749753592,0.34560785901949176,2.376754020024272
ctu13_v2_f1,LeakyParallel,latency,43,8,0.4939082021671616,0.012771387737359054,0.39261384946836814,0.3801260683095008,3.0153879702669903
ctu13_v2_f1,LeakyParallel,latency,43,9,0.3296644136761588,-0.28795508572948625,0.15442183397733913,0.41162237660570944,3.8342593294902914
ctu13_v2_f1,LeakyParallel,latency,43,10,0.3525171420330366,-0.24686384220746532,0.188901584864846,0.41418735786161565,4.338516383495145
ctu13_v2_f1,LeakyParallel,latency,43,11,0.4177199559627235,-0.13183884600376075,0.2924716739208178,0.41872540162206506,4.849329679915049
ctu13_v2_f1,LeakyParallel,latency,43,12,0.4291035666484744,-0.10598026276545996,0.2981499733966,0.399244005524575,5.330106568567961
ctu13_v2_f1,LeakyParallel,latency,43,13,0.46457850946727325,-0.04432470950287673,0.35769797726935726,0.4008328400677072,5.763212037317961
ctu13_v2_f1,LeakyParallel,latency,43,14,0.6163948056504794,0.23313435446429423,0.633509817090722,0.39982553973644036,6.546173391990291
ctu13_v2_f1,LeakyParallel,latency,43,15,0.7453086151308088,0.5145449434804703,0.8872103064188335,0.39948284993301975,7.329632509101942
ctu13_v2_f1,LeakyParallel,latency,43,16,0.7887507375181866,0.6253048568507539,0.9666541645224036,0.3943840410397001,8.144166224211165
ctu13_v2_f1,LeakyParallel,latency,43,17,0.8004288501730977,0.6523697350150249,0.9810985023594163,0.3866371745744935,8.934916375910195
ctu13_v2_f1,LeakyParallel,latency,43,18,0.799472716906783,0.6522422375073152,0.9829476567201932,0.3902094561616665,9.571383874393204
ctu13_v2_f1,LeakyParallel,latency,43,19,0.788920301646156,0.6408129209276183,0.9882072797369317,0.41466504667850507,10.111275978458737
ctu13_v2_f1,LeakyParallel,latency,43,20,0.7889414661968353,0.6422733567464706,0.9900477116714785,0.4163681111561108,11.034231834041263
ctu13_v2_f1,LeakyParallel,latency,43,21,0.7774158621674575,0.6281594560464275,0.9926295498355823,0.4395775569332378,11.615547254247574
ctu13_v2_f1,LeakyParallel,latency,43,22,0.7775588648516794,0.629556562541676,0.9940425828848553,0.440626395422495,11.806360929915048
ctu13_v2_f1,LeakyParallel,latency,43,23,0.7775453486136016,0.6295155227310006,0.994016415606165,0.440626395422495,11.918997459041263
ctu13_v2_f1,LeakyParallel,latency,43,24,0.7774011841428844,0.6290779100044477,0.9937372979668024,0.440626395422495,12.09253166717233
ctu13_v2_f1,LeakyParallel,latency,43,25,0.7772390181833853,0.6285859128051324,0.9934232906225196,0.440626395422495,12.225130840412621
ctu13_v2_f1,LeakyParallel,latency,44,1,0.21209298689180137,-0.5239168698551225,0.0001482812459113627,0.41077084436690653,0.31929327214805825
ctu13_v2_f1,LeakyParallel,latency,44,2,0.19774406993121146,-0.5635406552318231,0.002555670885413487,0.467023894825384,0.7383144341626213
ctu13_v2_f1,LeakyParallel,latency,44,3,0.19719388169770807,-0.5650613266296228,0.0027737315411654907,0.469464261607319,0.9522195464199029
ctu13_v2_f1,LeakyParallel,latency,44,4,0.20107903171037197,-0.5558696949492856,0.005460238820030179,0.4636281504096701,1.3152068795509708
ctu13_v2_f1,LeakyParallel,latency,44,5,0.2125750556836924,-0.5264523246828657,0.00872242623008016,0.43359606218262253,1.5589872193567962
ctu13_v2_f1,LeakyParallel,latency,44,6,0.21883111649634954,-0.5120109213382924,0.014470505115702983,0.42818571710437503,1.9648247876213591
ctu13_v2_f1,LeakyParallel,latency,44,7,0.22462731800064067,-0.49890417188074593,0.02029708583739653,0.42451997466172364,2.4733768203883497
ctu13_v2_f1,LeakyParallel,latency,44,8,0.23229168044606352,-0.4827763733613537,0.03012726019869687,0.42524689242655533,2.9884234678398056
ctu13_v2_f1,LeakyParallel,latency,44,9,0.24202837672488353,-0.4646470426930058,0.04645564210140693,0.4353718184367114,3.506911787014563
ctu13_v2_f1,LeakyParallel,latency,44,10,0.2779594565196813,-0.39461876528251105,0.09704571423587185,0.44217369180763677,4.072071260618932
ctu13_v2_f1,LeakyParallel,latency,44,11,0.5049869558906357,0.017773335467125877,0.4640679651451848,0.4462963539881824,4.83863015776699
ctu13_v2_f1,LeakyParallel,latency,44,12,0.7404485222429067,0.5274751047854084,0.9282231545526703,0.44699211813452133,5.827129475121359
ctu13_v2_f1,LeakyParallel,latency,44,13,0.7579481910622652,0.5797978042505773,0.9667152215060141,0.4506163224191823,6.802122838288835
ctu13_v2_f1,LeakyParallel,latency,44,14,0.7636672501633239,0.6030421174079004,0.9855731070154474,0.45757396388257165,7.765781439623787
ctu13_v2_f1,LeakyParallel,latency,44,15,0.7643422283397658,0.6051648039200578,0.9869599727860302,0.4576362711195572,8.760339236953884
ctu13_v2_f1,LeakyParallel,latency,44,16,0.765556674472005,0.6089010862628341,0.989341195146842,0.4576466556590548,9.77175932949029
ctu13_v2_f1,LeakyParallel,latency,44,17,0.7658622231944302,0.6098311883434878,0.9899255977042574,0.4576362711195572,10.868216209041263
ctu13_v2_f1,LeakyParallel,latency,44,18,0.764931294198594,0.6094729363797843,0.9909810112780971,0.4602324059939562,12.044902912621358
ctu13_v2_f1,LeakyParallel,latency,44,19,0.7651877960670714,0.6102873329857927,0.991504356851902,0.4602531750729514,13.483801388046116
ctu13_v2_f1,LeakyParallel,latency,44,20,0.7658648724486197,0.6124075447979285,0.9928476104913343,0.46027394415194656,14.656866277305825
ctu13_v2_f1,LeakyParallel,latency,44,21,0.7662824820429317,0.6136949919149726,0.9936500737045016,0.46026355961244897,15.993107175364077
ctu13_v2_f1,LeakyParallel,latency,44,22,0.7665062939717018,0.6143912746174415,0.9940861950160057,0.46026355961244897,17.422804156553397
ctu13_v2_f1,LeakyParallel,latency,44,23,0.7667108116104828,0.6150383553207633,0.9944961490488194,0.46027394415194656,19.179298771237864
ctu13_v2_f1,LeakyParallel,latency,44,24,0.7669332752399719,0.6157418947316169,0.9949409927865535,0.4602843286914442,20.681967726031555
ctu13_v2_f1,LeakyParallel,latency,44,25,0.7669511879920199,0.6157977361851498,0.9949758824914738,0.4602843286914442,22.30786843901699
ctu13_v2_f1,LeakyParallel,latency,45,1,0.23762617178827125,-0.4513562822309098,0.0035936396067930256,0.329075672139319,0.16180597694174756
ctu13_v2_f1,LeakyParallel,latency,45,2,0.22976614483778207,-0.47554233646344557,0.004352490688809999,0.36030198240859007,0.5925127047936893
ctu13_v2_f1,LeakyParallel,latency,45,3,0.2305265205846246,-0.47424224364775325,0.005974861967604909,0.3625761965585636,1.1071611422936893
ctu13_v2_f1,LeakyParallel,latency,45,4,0.2265645452198881,-0.5004219033206244,0.034165743543223985,0.4543339875593217,1.5619785345873787
ctu13_v2_f1,LeakyParallel,latency,45,5,0.3546782427303379,-0.2577117993723034,0.22195085785061971,0.46584005732265804,2.1054545282160193
ctu13_v2_f1,LeakyParallel,latency,45,6,0.5778930705158756,0.155791669114684,0.616762758728968,0.46103201553527107,2.786251327366505
ctu13_v2_f1,LeakyParallel,latency,45,7,0.6077475412386484,0.21623039386570192,0.6660444669289209,0.4510005503805934,3.3180512363470873
ctu13_v2_f1,LeakyParallel,latency,45,8,0.6246499835948032,0.2508674073123378,0.69205474194702,0.4433575293103627,3.9234678398058254
ctu13_v2_f1,LeakyParallel,latency,45,9,0.46814489252017866,-0.04918817100148467,0.39773391366542515,0.4464728911596415,4.751488546723301
ctu13_v2_f1,LeakyParallel,latency,45,10,0.4633157317583466,-0.0587038273840735,0.3922126178617844,0.4503567089317424,5.44164802032767
ctu13_v2_f1,LeakyParallel,latency,45,11,0.6354936484980978,0.27377927456306944,0.7131368461451237,0.44277599509849735,6.296467308859223
ctu13_v2_f1,LeakyParallel,latency,45,12,0.7153212175952222,0.4612096447545124,0.8788716669428769,0.4476774977413627,7.151665844963592
ctu13_v2_f1,LeakyParallel,latency,45,13,0.7661159511792032,0.6020843190727239,0.9802611494413286,0.4483940309666968,7.992021579186893
ctu13_v2_f1,LeakyParallel,latency,45,14,0.7713602299554296,0.619339510276361,0.9921323715404677,0.4499101737333458,8.83740234375
ctu13_v2_f1,LeakyParallel,latency,45,15,0.7710640439661283,0.6202817749523396,0.9936849634094219,0.45185208261939624,9.693231378944175
ctu13_v2_f1,LeakyParallel,latency,45,16,0.7713747946233223,0.6211984661367423,0.9942431986881471,0.45181054446140584,10.531889980279127
ctu13_v2_f1,LeakyParallel,latency,45,17,0.7703632479905622,0.6221893633751332,0.9969122611145517,0.4560266674974298,11.428748862257281
ctu13_v2_f1,LeakyParallel,latency,45,18,0.770104625139034,0.6227296345600245,0.9978978952785507,0.4573766576321173,12.401296078580097
ctu13_v2_f1,LeakyParallel,latency,45,19,0.7701539939933327,0.6228838208013378,0.9979938419670815,0.4573766576321173,13.360498520934467
ctu13_v2_f1,LeakyParallel,latency,45,20,0.7703508872546017,0.6236034452779146,0.9984910202621962,0.45748050302709325,14.312082827669903
ctu13_v2_f1,LeakyParallel,latency,45,21,0.7703763359534996,0.6238608241522425,0.9987352481966384,0.4576570401985524,15.212516118021844
ctu13_v2_f1,LeakyParallel,latency,45,22,0.7698220645317102,0.6233425594635911,0.9989881985573107,0.4588616467802735,16.018156477548544
ctu13_v2_f1,LeakyParallel,latency,45,23,0.7683553355989159,0.6214019750496896,0.9990318106884611,0.4614785507336677,16.49316880309466
ctu13_v2_f1,LeakyParallel,latency,45,24,0.7682151523735905,0.621269335146938,0.9990928676720716,0.461779702379098,16.841408146237864
ctu13_v2_f1,LeakyParallel,latency,45,25,0.7682286030606451,0.6213116761160834,0.9991190349507619,0.461779702379098,16.92062348300971
ctu13_v2_f1,LeakyParallel,latency,46,1,0.30692419628742257,-0.21147856990349498,0.02459724196882605,0.13706553682876932,0.1658497041868932
ctu13_v2_f1,LeakyParallel,latency,46,2,0.30051898742913236,-0.2471349646939791,0.02682146065749649,0.17051413855052597,0.37431261377427183
ctu13_v2_f1,LeakyParallel,latency,46,3,0.30467891734311603,-0.22933115471636423,0.027580311739513464,0.15715962075661755,0.6253365822208737
ctu13_v2_f1,LeakyParallel,latency,46,4,0.30166876566774015,-0.2517136948611669,0.03202874911685434,0.18482403397821323,0.8336999393203883
ctu13_v2_f1,LeakyParallel,latency,46,5,0.4597669707746733,0.06856628852701827,0.2105332019154448,0.15696231450616321,1.2819895327669903
ctu13_v2_f1,LeakyParallel,latency,46,6,0.44927287850616776,0.05404707556263992,0.19553935122593702,0.1541584888418123,1.8342071829490292
ctu13_v2_f1,LeakyParallel,latency,46,7,0.32828607848240765,-0.17833486302670898,0.055143178626566765,0.16504148623529288,2.558475235133495
ctu13_v2_f1,LeakyParallel,latency,46,8,0.2729727195246,-0.37771314508406584,0.05089535705251773,0.34560785901949176,3.3308461013349513
ctu13_v2_f1,LeakyParallel,latency,46,9,0.28182578174535416,-0.37517132111298723,0.08280199220215095,0.3982055515748154,4.209951456310679
ctu13_v2_f1,LeakyParallel,latency,46,10,0.3487806799238443,-0.2514041699681663,0.17957731122489032,0.407032410147772,4.884988432949029
ctu13_v2_f1,LeakyParallel,latency,46,11,0.4017742176163479,-0.16213630019838668,0.2714244594276344,0.42582842663842074,5.800800212378641
ctu13_v2_f1,LeakyParallel,latency,46,12,0.45569048469394313,-0.06679677183947492,0.3609863319580975,0.4264203453897837,6.722343370752427
ctu13_v2_f1,LeakyParallel,latency,46,13,0.6816212415430338,0.3723910257427637,0.7887428367074586,0.42649303716626685,7.534212871662621
ctu13_v2_f1,LeakyParallel,latency,46,14,0.7257803361007944,0.4784329832405126,0.8787233856969655,0.4281441789463846,8.246126934162621
ctu13_v2_f1,LeakyParallel,latency,46,15,0.7748282868335803,0.610314264206666,0.9747398536376879,0.4276249519715048,9.05880707675971
ctu13_v2_f1,LeakyParallel,latency,46,16,0.780855075692775,0.6290446234169641,0.9878322154090382,0.42894378848769954,9.93357952821602
ctu13_v2_f1,LeakyParallel,latency,46,17,0.7826534350742982,0.635995762530294,0.9932662869503781,0.4307714674392764,10.831026243932039
ctu13_v2_f1,LeakyParallel,latency,46,18,0.7957349969858007,0.6559753239616837,0.995211387999686,0.4088808581783441,11.756982895934467
ctu13_v2_f1,LeakyParallel,latency,46,19,0.796224403417034,0.6578780090281064,0.99673781258995,0.40944162331121425,12.698332258798544
ctu13_v2_f1,LeakyParallel,latency,46,20,0.781596849650953,0.6382775325311998,0.997706001901489,0.4367945003478821,13.64380593901699
ctu13_v2_f1,LeakyParallel,latency,46,21,0.7779475491617074,0.6336411749764659,0.9981421232129929,0.443710603653281,14.545585558252426
ctu13_v2_f1,LeakyParallel,latency,46,22,0.7763948187278384,0.6317477673142944,0.9984037959998954,0.44671173556808624,15.346063410194175
ctu13_v2_f1,LeakyParallel,latency,46,23,0.7701957979915969,0.623536707696982,0.9986480239343376,0.4578958846069971,15.98317562955097
ctu13_v2_f1,LeakyParallel,latency,46,24,0.769893511688437,0.6231355029170472,0.9986567463605677,0.4584358806608721,16.634433783373787
ctu13_v2_f1,LeakyParallel,latency,46,25,0.7698817100860729,0.6231195316256235,0.9986567463605677,0.4584566497398673,17.112873558859224
ctu13_v2_f1,LeakyParallel,rate,42,1,0.3136684844452873,0.00997785489478759,0.00021806065575200398,0.0,0.00011851486650485437
ctu13_v2_f1,LeakyParallel,rate,42,2,0.5720745818738007,0.38153135605566796,0.2880581262483973,0.007321100345805165,0.16053549757281554
ctu13_v2_f1,LeakyParallel,rate,42,3,0.7172931986027675,0.5206277724424915,0.5307247463954574,0.04730157741154969,0.4052070691747573
ctu13_v2_f1,LeakyParallel,rate,42,4,0.7409470463757367,0.4853050903309418,0.7180126824077385,0.2308794666500514,0.8595504020024272
ctu13_v2_f1,LeakyParallel,rate,42,5,0.7029087435351031,0.43136761282514446,0.8576500039250918,0.45108362669657415,1.4656923164441749
ctu13_v2_f1,LeakyParallel,rate,42,6,0.7895240145870064,0.6019244221744735,0.920242134552147,0.34725900079960953,2.159274499393204
ctu13_v2_f1,LeakyParallel,rate,42,7,0.8072769039350948,0.64492333334626,0.9507357366525072,0.34362441197545096,2.8966455552184467
ctu13_v2_f1,LeakyParallel,rate,42,8,0.7776641916301597,0.611540212908474,0.9707100927193908,0.4186838634640747,3.6455694402305827
ctu13_v2_f1,LeakyParallel,rate,42,9,0.807263570311525,0.6622083266700466,0.9806187689167619,0.373386502175561,4.430336961468447
ctu13_v2_f1,LeakyParallel,rate,42,10,0.7924414288026522,0.6429811096035367,0.9843519673432362,0.4045505052078466,5.221793461771845
ctu13_v2_f1,LeakyParallel,rate,42,11,0.7869023331784425,0.6368171412055437,0.9867680794089684,0.41698079898646895,6.027353231189321
ctu13_v2_f1,LeakyParallel,rate,42,12,0.7922813914533255,0.6456488106702416,0.9882334470156219,0.408548552914421,6.850671268203883
ctu13_v2_f1,LeakyParallel,rate,42,13,0.7813879685756169,0.630848247946315,0.9891405793435502,0.4292034019751394,7.676004057949029
ctu13_v2_f1,LeakyParallel,rate,42,14,0.784533265761119,0.6357072798795469,0.9896552024911249,0.4240007476868438,8.506167513652912
ctu13_v2_f1,LeakyParallel,rate,42,15,0.7803314358188069,0.6301520030407196,0.9901174910813192,0.43201761217898793,9.342465298847088
ctu13_v2_f1,LeakyParallel,rate,42,16,0.7775876247185483,0.62664777653695,0.990536167540363,0.4373344964017571,10.181270858616505
ctu13_v2_f1,LeakyParallel,rate,42,17,0.7780529280090458,0.6277113776801073,0.9910333458354776,0.4369606529798436,11.02369823270631
ctu13_v2_f1,LeakyParallel,rate,42,18,0.7744619159574788,0.6230413849822936,0.9914345774420613,0.4437521418112714,11.870491694478156
ctu13_v2_f1,LeakyParallel,rate,42,19,0.7743847038109068,0.6232672806581242,0.9918270866224149,0.44425059970715597,12.71799150485437
ctu13_v2_f1,LeakyParallel,rate,42,20,0.7727779057392627,0.6212180118821777,0.9920364248519368,0.4473036543194492,13.566738091626213
ctu13_v2_f1,LeakyParallel,rate,42,21,0.7717204647640279,0.619980482457601,0.9922980976388392,0.4494221003769588,14.419523665048544
ctu13_v2_f1,LeakyParallel,rate,42,22,0.7710412727163511,0.6192390054793503,0.9925248807208213,0.4508343977486318,15.271574446298544
ctu13_v2_f1,LeakyParallel,rate,42,23,0.7697087503997384,0.6176078407991112,0.9927603862290335,0.4534097635440356,16.125293916868934
ctu13_v2_f1,LeakyParallel,rate,42,24,0.769368906994542,0.6173313610974198,0.9929784468847854,0.45420937308535053,16.981582789745147
ctu13_v2_f1,LeakyParallel,rate,42,25,0.7682928231792392,0.6160837330176793,0.9932401196716879,0.4563485882218553,17.836349931735437
ctu13_v2_f1,LeakyParallel,rate,43,1,0.3139313822089186,0.014391188123223857,0.0004535661639641683,0.0,0.0002465109223300971
ctu13_v2_f1,LeakyParallel,rate,43,2,0.48584688653181884,0.28445252673931004,0.17979537188064232,0.007580713833245065,0.1021313713592233
ctu13_v2_f1,LeakyParallel,rate,43,3,0.770145115036198,0.5994588227889385,0.6155503414829869,0.040406243185145956,0.4753204641990291
ctu13_v2_f1,LeakyParallel,rate,43,4,0.7974518772957475,0.6047149526982574,0.7417464041797867,0.13619323551097126,1.0072957751820388
ctu13_v2_f1,LeakyParallel,rate,43,5,0.770872087252956,0.5420709970646855,0.8046525421511248,0.2641826848188417,1.640478041565534
ctu13_v2_f1,LeakyParallel,rate,43,6,0.7780287473753159,0.5618074814743099,0.8549634966462271,0.30312470793482665,2.370998938106796
ctu13_v2_f1,LeakyParallel,rate,43,7,0.8099017449312963,0.6280036467312868,0.8932636702225091,0.2791571907743751,3.1608341550364076
ctu13_v2_f1,LeakyParallel,rate,43,8,0.8009784474690576,0.6216338688426657,0.9217162245850306,0.3264483836464272,3.9445634860436893
ctu13_v2_f1,LeakyParallel,rate,43,9,0.7954230477668869,0.6223559202763123,0.9435659022913814,0.3592012212218449,4.747918878944175
ctu13_v2_f1,LeakyParallel,rate,43,10,0.8019203951616213,0.6403679601189226,0.9581061868169249,0.3612469755028713,5.577124734526699
ctu13_v2_f1,LeakyParallel,rate,43,11,0.7965376463813327,0.6383761872789112,0.9686952122602424,0.38182913278710656,6.420177867111651
ctu13_v2_f1,LeakyParallel,rate,43,12,0.7963128208828499,0.6426669018359954,0.9758039896377576,0.38916061767240934,7.271844660194175
ctu13_v2_f1,LeakyParallel,rate,43,13,0.7937352372405744,0.6420093140738673,0.9803832634085498,0.39836131966727933,8.13400238925971
ctu13_v2_f1,LeakyParallel,rate,43,14,0.7906038520860961,0.6396672788786135,0.9834710022939981,0.40708433284525997,8.999051881067961
ctu13_v2_f1,LeakyParallel,rate,43,15,0.7895371933509564,0.6399799863991693,0.985956893769571,0.41140430127625993,9.86741978913835
ctu13_v2_f1,LeakyParallel,rate,43,16,0.7863496226586839,0.6366413164266018,0.9875618201959057,0.41873578616156265,10.740793765169903
ctu13_v2_f1,LeakyParallel,rate,43,17,0.7843884460838394,0.6348227054330144,0.9888004047205771,0.4234607516329688,11.616637591019417
ctu13_v2_f1,LeakyParallel,rate,43,18,0.7826582350143303,0.6331052392352033,0.9897162594747355,0.4274484148000457,12.496728989684467
ctu13_v2_f1,LeakyParallel,rate,43,19,0.7802414903525583,0.6301752140354566,0.9903006620321508,0.432349917442911,13.380679232402912
ctu13_v2_f1,LeakyParallel,rate,43,20,0.7794217359262009,0.6295119477621798,0.9908937870157963,0.4343749026449422,14.262292361953884
ctu13_v2_f1,LeakyParallel,rate,43,21,0.7775686220945268,0.6272816366914301,0.9913299083273003,0.4381029523245792,15.147660042475728
ctu13_v2_f1,LeakyParallel,rate,43,22,0.7761486110012794,0.6256163673161447,0.9917049726551938,0.44098985430491083,16.033511263652912
ctu13_v2_f1,LeakyParallel,rate,43,23,0.7753075222155689,0.6247933823531905,0.9921149266880075,0.4428694559539757,16.919542627427184
ctu13_v2_f1,LeakyParallel,rate,43,24,0.7739111735291064,0.6231389650244578,0.9924463788847506,0.44566289707882906,17.804834458434467
ctu13_v2_f1,LeakyParallel,rate,43,25,0.7733534294187465,0.6227115965380895,0.9928476104913343,0.4470232717530141,18.692980127427184
ctu13_v2_f1,LeakyParallel,rate,44,1,0.3134580313353746,-0.0019205029265278388,4.36121311504008e-05,7.269177648317185e-05,5.68871359223301e-05
ctu13_v2_f1,LeakyParallel,rate,44,2,0.45037286480513056,0.22871403928136902,0.1415562552879709,0.014496817138643987,0.0835766838592233
ctu13_v2_f1,LeakyParallel,rate,44,3,0.65065281523497,0.40595322085188856,0.44443378370127434,0.07938980445912126,0.3216161635315534
ctu13_v2_f1,LeakyParallel,rate,44,4,0.752048322055368,0.5041013331590888,0.775301577886905,0.2713584016116805,0.7926132054004854
ctu13_v2_f1,LeakyParallel,rate,44,5,0.7401063566849837,0.5189031938606403,0.9141887707484714,0.43468643882987007,1.3723452669902914
ctu13_v2_f1,LeakyParallel,rate,44,6,0.7453616516315207,0.5538389080859691,0.9565361500955105,0.463835841199622,2.0524973452669903
ctu13_v2_f1,LeakyParallel,rate,44,7,0.7908806984147625,0.6329756385424457,0.9734227672769458,0.3969490222956063,2.8163019569174756
ctu13_v2_f1,LeakyParallel,rate,44,8,0.7957134636470987,0.6454190048938068,0.9810985023594163,0.39539134137096693,3.590867718446602
ctu13_v2_f1,LeakyParallel,rate,44,9,0.7879349394600629,0.6371202683039722,0.9852242099662442,0.41363697726824306,4.379361347087379
ctu13_v2_f1,LeakyParallel,rate,44,10,0.7927900078085327,0.6458921345142296,0.987587987474596,0.4070012565292792,5.194947474211165
ctu13_v2_f1,LeakyParallel,rate,44,11,0.7938789672597961,0.6484790071287577,0.9889399635402584,0.4062951078434427,6.026623179611651
ctu13_v2_f1,LeakyParallel,rate,44,12,0.7914098027602868,0.6453466868501416,0.9894720315402933,0.4113212249602791,6.869150106189321
ctu13_v2_f1,LeakyParallel,rate,44,13,0.7919990312419691,0.64673331534798,0.9901785480649298,0.41091622791987287,7.722186931128641
ctu13_v2_f1,LeakyParallel,rate,44,14,0.7909988204226253,0.6454684020700394,0.9903878862944516,0.4129412131219041,8.582363091626213
ctu13_v2_f1,LeakyParallel,rate,44,15,0.790368044268601,0.6448625108251212,0.9907629506223451,0.4144469713490555,9.446981189320388
ctu13_v2_f1,LeakyParallel,rate,44,16,0.7895828884156093,0.6441370646896791,0.9912601289174596,0.4163473420771156,10.317415996662621
ctu13_v2_f1,LeakyParallel,rate,44,17,0.7880723905406433,0.6420093076005119,0.9912775737699199,0.41910962958347614,11.192714654126213
ctu13_v2_f1,LeakyParallel,rate,44,18,0.7872277875155712,0.641134155740367,0.9916788053765035,0.42102038485103377,12.07350766080097
ctu13_v2_f1,LeakyParallel,rate,44,19,0.7865077092272462,0.6403062688958897,0.9919143108847157,0.4225469121571804,12.954751023968447
ctu13_v2_f1,LeakyParallel,rate,44,20,0.7860918966591155,0.6400364927615515,0.9923068200650693,0.42366844242292073,13.839535611347088
ctu13_v2_f1,LeakyParallel,rate,44,21,0.7850039066180248,0.6387534677452734,0.9926121049831221,0.4259218874938991,14.724054725424757
ctu13_v2_f1,LeakyParallel,rate,44,22,0.783996347459428,0.6376101081766763,0.9929435571798652,0.4280507180909063,15.61278348756068
ctu13_v2_f1,LeakyParallel,rate,44,23,0.783315569938045,0.636828489669317,0.9931528954093871,0.4294734000020769,16.50020384557039
ctu13_v2_f1,LeakyParallel,rate,44,24,0.7823242352993571,0.6354705114620145,0.9931877851143074,0.4312906944141562,17.38933081765777
ctu13_v2_f1,LeakyParallel,rate,44,25,0.7814249047468961,0.6343375034258953,0.9933360663602188,0.43304568158924994,18.282017976334952
ctu13_v2_f1,LeakyParallel,rate,45,1,0.3134249660689817,0.0,0.0,0.0,0.0
ctu13_v2_f1,LeakyParallel,rate,45,2,0.44802540014179737,0.2440930873116536,0.13586923338595863,0.005669958565687405,0.07651319781553398
ctu13_v2_f1,LeakyParallel,rate,45,3,0.6654732997970008,0.45550268941244076,0.4437098223241777,0.0423481520711964,0.3037915276092233
ctu13_v2_f1,LeakyParallel,rate,45,4,0.783686278270449,0.5683353370522738,0.7790522211658395,0.20895770377062628,0.8052137060072816
ctu13_v2_f1,LeakyParallel,rate,45,5,0.776392770610512,0.5809146001621331,0.9215243312079688,0.37376034559747445,1.4346603837985437
ctu13_v2_f1,LeakyParallel,rate,45,6,0.7860201220790926,0.6139373509292171,0.955053337636397,0.3882675472756161,2.1609194857402914
ctu13_v2_f1,LeakyParallel,rate,45,7,0.8220260508776842,0.6807741184680806,0.9742688426212636,0.33900329189902073,2.9485882509101944
ctu13_v2_f1,LeakyParallel,rate,45,8,0.8043262080703264,0.6580022958232351,0.9808804417036643,0.3791499215967268,3.7514079566140777
ctu13_v2_f1,LeakyParallel,rate,45,9,0.7980301243643815,0.6513951100132388,0.9847357540973597,0.3946125009086472,4.583363357099515
ctu13_v2_f1,LeakyParallel,rate,45,10,0.8056036826775654,0.6635666035019229,0.9862534562613937,0.3820160544980633,5.432920585558253
ctu13_v2_f1,LeakyParallel,rate,45,11,0.7959597261011906,0.649974897622047,0.9869250830811098,0.4005420729617745,6.292693795509709
ctu13_v2_f1,LeakyParallel,rate,45,12,0.7955470152828475,0.6501148522556432,0.987919439671339,0.4022555219788779,7.166636642900485
ctu13_v2_f1,LeakyParallel,rate,45,13,0.7951874322659047,0.6500852013214993,0.988573621638595,0.40354320487657974,8.051900030339805
ctu13_v2_f1,LeakyParallel,rate,45,14,0.7902127248486994,0.6433197163975252,0.9890620775074794,0.41311775029336323,8.942183707524272
ctu13_v2_f1,LeakyParallel,rate,45,15,0.790636214963629,0.6443087285192972,0.9895592558025941,0.41281659864793296,9.838753413228156
ctu13_v2_f1,LeakyParallel,rate,45,16,0.7882504396807145,0.6413592538422613,0.9901349359337793,0.41770771675130064,10.738480354975728
ctu13_v2_f1,LeakyParallel,rate,45,17,0.786321354952764,0.6390307445731631,0.9906495590813541,0.4216953799183775,11.644407994538835
ctu13_v2_f1,LeakyParallel,rate,45,18,0.7858843654519206,0.6387192987034305,0.9910333458354776,0.4228480638026107,12.551577669902912
ctu13_v2_f1,LeakyParallel,rate,45,19,0.7837174567526518,0.6357748860916294,0.9911729046551588,0.4268980342066731,13.46267255764563
ctu13_v2_f1,LeakyParallel,rate,45,20,0.7831609864887585,0.6352467998033103,0.9914869119994417,0.4281961016438726,14.375056887135923
ctu13_v2_f1,LeakyParallel,rate,45,21,0.7819501004743122,0.633881783440211,0.9918968660322556,0.4307610828997788,15.291205248786408
ctu13_v2_f1,LeakyParallel,rate,45,22,0.7809695438070297,0.6327022560066349,0.9921323715404677,0.4327445299438196,16.207709155036408
ctu13_v2_f1,LeakyParallel,rate,45,23,0.780068338555683,0.6317028341668117,0.9924463788847506,0.4346552852113773,17.12448327518204
ctu13_v2_f1,LeakyParallel,rate,45,24,0.7789111230072915,0.6301828775612229,0.9925597704257416,0.43683603850587244,18.04377465109223
ctu13_v2_f1,LeakyParallel,rate,45,25,0.7781334886168337,0.6292681986444683,0.9927603862290335,0.43841448850950704,18.963184541868934
ctu13_v2_f1,LeakyParallel,rate,46,1,0.3134249660689817,0.0,0.0,0.0,0.0
ctu13_v2_f1,LeakyParallel,rate,46,2,0.4509870237755991,0.23808463623663004,0.14074506964857345,0.010218386865634444,0.08119690533980582
ctu13_v2_f1,LeakyParallel,rate,46,3,0.5962227593631935,0.33249513610949866,0.3608031610072658,0.07897442287921742,0.3369472466626214
ctu13_v2_f1,LeakyParallel,rate,46,4,0.6387833434427069,0.2966655794648871,0.5565256831840345,0.2623550058672648,0.7536787014563107
ctu13_v2_f1,LeakyParallel,rate,46,5,0.6448697080072154,0.2912644170502457,0.709351313161269,0.4205115424156516,1.3175582145024272
ctu13_v2_f1,LeakyParallel,rate,46,6,0.6938303930059142,0.39092540766855044,0.7673816148699922,0.38155913476016906,2.0054327214805827
ctu13_v2_f1,LeakyParallel,rate,46,7,0.7325683672005283,0.47704617834292173,0.8419845264158679,0.3798560702825633,2.7110465336771843
ctu13_v2_f1,LeakyParallel,rate,46,8,0.7394907927472757,0.5109755102530564,0.9006341203869268,0.42316998452703614,3.4240367111650487
ctu13_v2_f1,LeakyParallel,rate,46,9,0.7573306612460438,0.5523877939261187,0.9256151491098764,0.4135746700312575,4.195658563410194
ctu13_v2_f1,LeakyParallel,rate,46,10,0.7668941625011738,0.5830238856003594,0.9523232182263819,0.4211034611670145,4.969110285194175
ctu13_v2_f1,LeakyParallel,rate,46,11,0.7730628612140951,0.602403270502459,0.9673781258995002,0.4239488249893558,5.753161976638349
ctu13_v2_f1,LeakyParallel,rate,46,12,0.7768131581878035,0.6139542337886315,0.9757603775066073,0.42497689439961783,6.558451532160194
ctu13_v2_f1,LeakyParallel,rate,46,13,0.7787947434192157,0.6215206031376981,0.9819881898348845,0.42720957039160096,7.364893052184466
ctu13_v2_f1,LeakyParallel,rate,46,14,0.7798445414816505,0.625486197197216,0.9851544305564036,0.4282687934203558,8.180275333737864
ctu13_v2_f1,LeakyParallel,rate,46,15,0.7801128894404115,0.6276381001539145,0.9873873716713041,0.42986801250298556,9.003531743021844
ctu13_v2_f1,LeakyParallel,rate,46,16,0.7797700320110468,0.6280085518531356,0.9884515076713739,0.43147761612511293,9.828001744538835
ctu13_v2_f1,LeakyParallel,rate,46,17,0.7794034979286731,0.6281568487414189,0.9892714157370014,0.4329002980362836,10.657894986347088
ctu13_v2_f1,LeakyParallel,rate,46,18,0.7786490002418758,0.6276026806997238,0.9898907079993371,0.4348318223828364,11.49046666413835
ctu13_v2_f1,LeakyParallel,rate,46,19,0.778335778523737,0.6275583304089242,0.9903704414419915,0.43583912271410324,12.324394152002426
ctu13_v2_f1,LeakyParallel,rate,46,20,0.7775141132809924,0.6268275313657269,0.9908763421633362,0.4377810316001537,13.163616884101941
ctu13_v2_f1,LeakyParallel,rate,46,21,0.7771795298018616,0.626643731409697,0.9912165167863093,0.4386948710759421,14.00291546571602
ctu13_v2_f1,LeakyParallel,rate,46,22,0.7761401058882086,0.6253915867337564,0.9914520222945215,0.4407717789754613,14.844835596177184
ctu13_v2_f1,LeakyParallel,rate,46,23,0.7755023297362257,0.6248202495539127,0.9918270866224149,0.4422567681236176,15.686229520631068
ctu13_v2_f1,LeakyParallel,rate,46,24,0.7746812163528418,0.6236494491352382,0.9917921969174945,0.4436898345742858,16.529102510618934
ctu13_v2_f1,LeakyParallel,rate,46,25,0.7740380791321755,0.6229645199767408,0.9920364248519368,0.4450605937879685,17.374872003944176
kddcup99_v2,LeakyParallel,delta,42,1,0.5532563743616239,0.8128014271003076,0.9057763260873037,0.0060403016850131205,1.0008970224641431
kddcup99_v2,LeakyParallel,delta,42,2,0.5772691305198945,0.8166866806376772,0.9094059959430753,0.0071955506411631705,2.0051538602509735
kddcup99_v2,LeakyParallel,delta,42,3,0.5908076229014954,0.8166178459612002,0.9098851602804708,0.0071955506411631705,3.0103752383218283
kddcup99_v2,LeakyParallel,delta,42,4,0.6118152791701226,0.8194533126770855,0.9111110223769746,0.007377089762843893,4.014706024197101
kddcup99_v2,LeakyParallel,delta,42,5,0.6141959394931081,0.8203820150045489,0.9117019917264291,0.0074266004323931805,5.013021293834337
kddcup99_v2,LeakyParallel,delta,42,6,0.6142446811114205,0.8198049060652975,0.9123169192927535,0.008020728466984635,6.582772024473602
kddcup99_v2,LeakyParallel,delta,42,7,0.6145716336959325,0.8207491433400496,0.9121412257023751,0.007954714240918918,7.5670982448581965
kddcup99_v2,LeakyParallel,delta,42,8,0.6168436720773356,0.8203994366744134,0.9126683064735102,0.008053735580017493,8.577438116702945
kddcup99_v2,LeakyParallel,delta,42,9,0.6136815092394968,0.8206745051932619,0.9120014694373013,0.007542125328008186,10.035334325738114
kddcup99_v2,LeakyParallel,delta,42,10,0.614950904015172,0.820090183322321,0.9125005989554218,0.007987721353951777,10.324390973188995
kddcup99_v2,LeakyParallel,delta,42,11,0.6146966985038818,0.8203523449063878,0.912688271654235,0.008086742693050352,10.491767648675847
kddcup99_v2,LeakyParallel,delta,42,12,0.6147957922012715,0.8210215173600095,0.9123688287626379,0.008053735580017493,11.39486350147414
kddcup99_v2,LeakyParallel,delta,42,13,0.6168176682609982,0.8200317937347191,0.912468654666262,0.007971217797435348,12.221950364756983
kddcup99_v2,LeakyParallel,delta,42,14,0.6166988669751158,0.8203437359783218,0.9126643134373652,0.008037232023501064,12.384321076169746
kddcup99_v2,LeakyParallel,delta,42,15,0.6200459356224197,0.8214783618833467,0.9125924387867559,0.008037232023501064,12.635403772638565
kddcup99_v2,LeakyParallel,delta,42,16,0.6165082206276715,0.8198255117789311,0.9123448705457682,0.008037232023501064,13.252162981586926
kddcup99_v2,LeakyParallel,delta,42,17,0.6169497538211971,0.8203212137252278,0.9126163970036256,0.007938210684402489,13.90837831842047
kddcup99_v2,LeakyParallel,delta,42,18,0.6109273508300614,0.8194493549770365,0.9120174415818812,0.0074926146584588975,14.018020827639866
kddcup99_v2,LeakyParallel,delta,42,19,0.6115168694158479,0.8196406442804439,0.9121012953409254,0.007476111101942469,14.132457102070868
kddcup99_v2,LeakyParallel,delta,42,20,0.6192743374536283,0.8209846304465312,0.9123009471481736,0.008037232023501064,14.23413893881278
kddcup99_v2,LeakyParallel,delta,42,21,0.6158768681328903,0.8193757256720667,0.9121012953409254,0.008037232023501064,14.50348038285819
kddcup99_v2,LeakyParallel,delta,42,22,0.6194148137816313,0.8198432128218663,0.9123488635819131,0.008037232023501064,14.884615260956373
kddcup99_v2,LeakyParallel,delta,42,23,0.6194788870984232,0.8198760185254163,0.9123448705457682,0.007938210684402489,16.11356175790682
kddcup99_v2,LeakyParallel,delta,42,24,0.6158542437733076,0.8193473646918765,0.9119375808589819,0.0074926146584588975,16.814952946509813
kddcup99_v2,LeakyParallel,delta,42,25,0.6079053895294769,0.819354708692831,0.9119375808589819,0.0074596075454260394,16.972658498082172
kddcup99_v2,LeakyParallel,delta,43,1,0.5857104182843067,0.8168486002079414,0.9072856937500998,0.007014011519482448,0.995829970838732
kddcup99_v2,LeakyParallel,delta,43,2,0.5932432209828772,0.8183837756609087,0.9088389848104905,0.007311075536778176,1.9960903967154189
kddcup99_v2,LeakyParallel,delta,43,3,0.6013175249520297,0.8184229612082887,0.9092742257502915,0.0073605862063274635,3.002086622147774
kddcup99_v2,LeakyParallel,delta,43,4,0.604690676656827,0.8197997008089414,0.9110191825456404,0.007377089762843893,4.050590137897109
kddcup99_v2,LeakyParallel,delta,43,5,0.6146931378042411,0.8219368304649929,0.9124327173409573,0.0075256217714917565,5.080613061804526
kddcup99_v2,LeakyParallel,delta,43,6,0.6189166027684513,0.8234211504523158,0.9136106630037215,0.00813625336259964,6.119699449247498
kddcup99_v2,LeakyParallel,delta,43,7,0.6149612204101793,0.8218187855045431,0.9128160488108739,0.008086742693050352,7.082837934726344
kddcup99_v2,LeakyParallel,delta,43,8,0.619330127327735,0.821830932244525,0.9128440000638885,0.008103246249566782,8.058965562696725
kddcup99_v2,LeakyParallel,delta,43,9,0.6205280450906997,0.8218100560695641,0.9129278538229328,0.008185764032148928,9.008044265968769
kddcup99_v2,LeakyParallel,delta,43,10,0.6182882741001235,0.8218164498294003,0.9129717772205274,0.00815275691911607,9.842043667953792
kddcup99_v2,LeakyParallel,delta,43,11,0.6188814797271169,0.8218120164238613,0.9129478190036576,0.008119749806083211,10.07221191593067
kddcup99_v2,LeakyParallel,delta,43,12,0.6209229295657175,0.821888467508448,0.9126163970036256,0.008086742693050352,10.31915030431246
kddcup99_v2,LeakyParallel,delta,43,13,0.6196924915236325,0.821853907371503,0.9124966059192767,0.00815275691911607,10.596445990566796
kddcup99_v2,LeakyParallel,delta,43,14,0.6173149677451869,0.8218159834069908,0.9126004248590458,0.008037232023501064,11.740644763028527
kddcup99_v2,LeakyParallel,delta,43,15,0.6171919106920215,0.8213563056505309,0.9123408775096232,0.008070239136533923,11.900565542119868
kddcup99_v2,LeakyParallel,delta,43,16,0.6195854990411577,0.8214360066523266,0.9122729958951589,0.008020728466984635,12.144044446016288
kddcup99_v2,LeakyParallel,delta,43,17,0.6176987988988808,0.8210192733445227,0.9118537270999377,0.007558628884524615,12.262637889071437
kddcup99_v2,LeakyParallel,delta,43,18,0.6150695979434204,0.8209241863633715,0.9117938315577633,0.0075256217714917565,13.054943429712342
kddcup99_v2,LeakyParallel,delta,43,19,0.6123922845179747,0.8203925198544452,0.9115861936782251,0.007476111101942469,13.231280684437786
kddcup99_v2,LeakyParallel,delta,43,20,0.6148247364904982,0.8204691095127915,0.9115662284975004,0.0074596075454260394,14.00582260818123
kddcup99_v2,LeakyParallel,delta,43,21,0.6161865859200166,0.8204986676948378,0.9114664025938762,0.007542125328008186,14.335039497924631
kddcup99_v2,LeakyParallel,delta,43,22,0.613739419215406,0.8204471814751014,0.9114224791962817,0.0075256217714917565,15.033353803021583
kddcup99_v2,LeakyParallel,delta,43,23,0.6268104744007351,0.820493362120646,0.911386541870977,0.0074926146584588975,16.020744046375096
kddcup99_v2,LeakyParallel,delta,43,24,0.6311832498159363,0.8204792109711548,0.9115063329553259,0.00744310398890961,16.303254680431728
kddcup99_v2,LeakyParallel,delta,43,25,0.6304227649857568,0.8204790317914623,0.9115103259914709,0.00744310398890961,16.39335881863106
kddcup99_v2,LeakyParallel,delta,44,1,0.5786544307550553,0.8188464385352975,0.9092862048587264,0.007789678675754625,0.9952448163997569
kddcup99_v2,LeakyParallel,delta,44,2,0.5868113508404657,0.8198449869375959,0.9110750850516699,0.00790520357136963,1.9928302505554145
kddcup99_v2,LeakyParallel,delta,44,3,0.6029822570129298,0.8198437662114607,0.9128400070277436,0.007971217797435348,2.9962254323551822
kddcup99_v2,LeakyParallel,delta,44,4,0.6198218411170254,0.8224947437545613,0.9143413886182498,0.00813625336259964,3.9974278925759332
kddcup99_v2,LeakyParallel,delta,44,5,0.613191817353982,0.8211655610209116,0.9136306281844463,0.008037232023501064,4.995919994598575
kddcup99_v2,LeakyParallel,delta,44,6,0.6134753257087476,0.8212198420020328,0.913662572473606,0.008070239136533923,6.0331223133534175
kddcup99_v2,LeakyParallel,delta,44,7,0.617740441082575,0.8210904877181276,0.9138262869555496,0.008185764032148928,7.037681373762576
kddcup99_v2,LeakyParallel,delta,44,8,0.6195797494802406,0.8226094691277155,0.914644859365267,0.008301288927763934,8.009111690549755
kddcup99_v2,LeakyParallel,delta,44,9,0.6153198673426139,0.821108542679368,0.9137903496302449,0.008103246249566782,8.289317073327567
kddcup99_v2,LeakyParallel,delta,44,10,0.6122018636836482,0.821049146314491,0.9137903496302449,0.00813625336259964,8.562095495918387
kddcup99_v2,LeakyParallel,delta,44,11,0.6149783232587327,0.8210734475698694,0.9137623983772301,0.008119749806083211,9.216182413858515
kddcup99_v2,LeakyParallel,delta,44,12,0.6220670084660753,0.8211556485621981,0.9137544123049401,0.008086742693050352,9.789968138019285
kddcup99_v2,LeakyParallel,delta,44,13,0.6226662198426658,0.8211223129692291,0.9135787187145618,0.008086742693050352,9.96365290696366
kddcup99_v2,LeakyParallel,delta,44,14,0.6235328653719073,0.8210687318931579,0.9135268092446773,0.008086742693050352,10.049149757739633
kddcup99_v2,LeakyParallel,delta,44,15,0.6182019263596342,0.8209571472643957,0.9134629206663579,0.00813625336259964,10.150252870311128
kddcup99_v2,LeakyParallel,delta,44,16,0.6170575175006902,0.8195815416823712,0.9127401811241196,0.008086742693050352,10.207778052850378
kddcup99_v2,LeakyParallel,delta,44,17,0.6224789457964339,0.8197399354971634,0.9128200418470188,0.008020728466984635,10.918014075857878
kddcup99_v2,LeakyParallel,delta,44,18,0.6223836777428479,0.8196494263443561,0.9127122298711048,0.008037232023501064,11.038723077269323
kddcup99_v2,LeakyParallel,delta,44,19,0.6256582370639776,0.8191814244061703,0.9123328914373333,0.007938210684402489,11.228506023554074
kddcup99_v2,LeakyParallel,delta,44,20,0.6175168208569045,0.8193085260129146,0.9120174415818812,0.008070239136533923,11.411701159698934
kddcup99_v2,LeakyParallel,delta,44,21,0.6154371944484958,0.8180054417446068,0.9111349805938443,0.0074926146584588975,12.004215041041189
kddcup99_v2,LeakyParallel,delta,44,22,0.6240561074214817,0.8187845277666185,0.9116540752926896,0.007987721353951777,12.735523054120355
kddcup99_v2,LeakyParallel,delta,44,23,0.6239351193622237,0.818585193001242,0.9113785557986871,0.007855692901820342,12.881268306170806
kddcup99_v2,LeakyParallel,delta,44,24,0.6261617948640144,0.8182506524291825,0.9111190084492645,0.007855692901820342,13.244803539219815
kddcup99_v2,LeakyParallel,delta,44,25,0.6314261506677697,0.817905801354279,0.9107676212685077,0.007377089762843893,13.36246459333374
kddcup99_v2,LeakyParallel,delta,45,1,0.5237859899757199,0.8182765573970473,0.9083997508345446,0.005908273232881686,0.9978040632867031
kddcup99_v2,LeakyParallel,delta,45,2,0.5326590259975202,0.8192318149191934,0.9096575572202079,0.0063703728153417065,2.000421182590691
kddcup99_v2,LeakyParallel,delta,45,3,0.5518218686577324,0.8192196073959364,0.9102325544250827,0.0072120541976796,3.0078127763006024
kddcup99_v2,LeakyParallel,delta,45,4,0.557908055180309,0.8213014147054807,0.9116620613649795,0.0072615648672288875,4.045773866745544
kddcup99_v2,LeakyParallel,delta,45,5,0.5594003445998379,0.8224981262092214,0.9126044178951908,0.0073605862063274635,5.094569959714367
kddcup99_v2,LeakyParallel,delta,45,6,0.5654843325160175,0.824170885658382,0.9137304540880704,0.00792170712788606,6.138552996665906
kddcup99_v2,LeakyParallel,delta,45,7,0.566446542013395,0.82552967614297,0.9145450334616428,0.008169260475632498,7.1844908352597345
kddcup99_v2,LeakyParallel,delta,45,8,0.5610461467175416,0.8240535800057599,0.9137264610519255,0.008020728466984635,8.684540669841075
kddcup99_v2,LeakyParallel,delta,45,9,0.5637297907225431,0.8236395311947928,0.9135028510278075,0.008004224910468205,9.759768381726463
kddcup99_v2,LeakyParallel,delta,45,10,0.5634369296834307,0.8235811001150993,0.9135308022808223,0.008020728466984635,10.073909506830553
kddcup99_v2,LeakyParallel,delta,45,11,0.5680021560155236,0.8234086829809141,0.913450941557923,0.008053735580017493,10.353346472515424
kddcup99_v2,LeakyParallel,delta,45,12,0.5656140282705171,0.8239884392097798,0.9137304540880704,0.008037232023501064,10.549331412826456
kddcup99_v2,LeakyParallel,delta,45,13,0.5653603048873375,0.8239431369003426,0.913670558545896,0.008037232023501064,11.286934658826025
kddcup99_v2,LeakyParallel,delta,45,14,0.5592046373095041,0.8234137381436729,0.9134589276302129,0.008020728466984635,11.464139999807092
kddcup99_v2,LeakyParallel,delta,45,15,0.5665706827201511,0.8235518488975041,0.9139420850037534,0.008037232023501064,12.064363773152985
kddcup99_v2,LeakyParallel,delta,45,16,0.5667744928562991,0.8233876779898401,0.9138063217748247,0.007987721353951777,12.112301425269026
kddcup99_v2,LeakyParallel,delta,45,17,0.5710186203703003,0.8233974241614908,0.9137663914133751,0.008004224910468205,12.27666551993544
kddcup99_v2,LeakyParallel,delta,45,18,0.5657530051788824,0.8232190892152761,0.9136785446181859,0.008037232023501064,12.844352134366892
kddcup99_v2,LeakyParallel,delta,45,19,0.5598966194376306,0.8225114889116888,0.9127202159433947,0.0074926146584588975,13.178983310237951
kddcup99_v2,LeakyParallel,delta,45,20,0.5504131664967229,0.8223219254728962,0.9126283761120606,0.0074926146584588975,13.29056454542824
kddcup99_v2,LeakyParallel,delta,45,21,0.5498470594917709,0.8225047247761516,0.913127505630181,0.007476111101942469,13.335705030720607
kddcup99_v2,LeakyParallel,delta,45,22,0.5487399404373917,0.8215703660439708,0.91269226469038,0.007938210684402489,14.0394046857367
kddcup99_v2,LeakyParallel,delta,45,23,0.5656681132711914,0.8226950233327934,0.913331150473574,0.008004224910468205,14.863694382195872
kddcup99_v2,LeakyParallel,delta,45,24,0.5550138682469135,0.8222106091295526,0.9125485153891613,0.0074596075454260394,15.169804101868314
kddcup99_v2,LeakyParallel,delta,45,25,0.5452637486072429,0.8221370047766673,0.9124606685939721,0.007476111101942469,16.01006658543094
kddcup99_v2,LeakyParallel,delta,46,1,0.5549807121552328,0.820377277613164,0.909549745244294,0.007476111101942469,0.9957978194959313
kddcup99_v2,LeakyParallel,delta,46,2,0.5817348428659758,0.8224855789588059,0.9111309875576994,0.007740168006205337,1.9946242954837008
kddcup99_v2,LeakyParallel,delta,46,3,0.6091227459259607,0.8223634133918748,0.9122450446421441,0.007855692901820342,2.99536056123384
kddcup99_v2,LeakyParallel,delta,46,4,0.6215202773303805,0.8234132466872627,0.9130955613410212,0.008317792484280363,3.9942642004443316
kddcup99_v2,LeakyParallel,delta,46,5,0.6311158153809674,0.8237325765820919,0.9132552827868198,0.008317792484280363,4.989624761678171
kddcup99_v2,LeakyParallel,delta,46,6,0.6298290254060146,0.8235020997575649,0.9140858343049721,0.008466324492928227,6.01662867449659
kddcup99_v2,LeakyParallel,delta,46,7,0.6332953616066187,0.8250394661552538,0.9149842674375889,0.00863136005809252,7.007584501766717
kddcup99_v2,LeakyParallel,delta,46,8,0.626497344494178,0.8236874491721462,0.9141656950278714,0.008433317379895368,7.931964543499159
kddcup99_v2,LeakyParallel,delta,46,9,0.6245384665523452,0.8235229313221729,0.9143373955821048,0.008433317379895368,8.849467413006504
kddcup99_v2,LeakyParallel,delta,46,10,0.6273368875708188,0.8235642217911475,0.9141417368110016,0.008466324492928227,9.584183468422559
kddcup99_v2,LeakyParallel,delta,46,11,0.6270309307188888,0.8237756268209806,0.9141936462808862,0.008565345832026802,9.825440714531442
kddcup99_v2,LeakyParallel,delta,46,12,0.6288613198853865,0.8235278616353884,0.9140698621603923,0.008433317379895368,10.448077188943797
kddcup99_v2,LeakyParallel,delta,46,13,0.6274126746581635,0.8236231699033747,0.9143254164736699,0.008317792484280363,10.721058164994261
kddcup99_v2,LeakyParallel,delta,46,14,0.6239387793869102,0.8235804149176026,0.9140299317989427,0.008251778258214645,11.433210408032691
kddcup99_v2,LeakyParallel,delta,46,15,0.6289522147889139,0.8235687163240796,0.9131834081362105,0.008416813823378938,11.69512810702539
kddcup99_v2,LeakyParallel,delta,46,16,0.6232148787263048,0.8236106502996017,0.9139660432206232,0.008268281814731075,12.374839645177781
kddcup99_v2,LeakyParallel,delta,46,17,0.631785667919375,0.8237245590518684,0.9140498969796674,0.008202267588665357,12.579753013384604
kddcup99_v2,LeakyParallel,delta,46,18,0.628505967247585,0.8236893952034154,0.9128559791723234,0.008202267588665357,12.804606644396504
kddcup99_v2,LeakyParallel,delta,46,19,0.6256123337763289,0.8236584882043204,0.9131075404494562,0.008185764032148928,14.033768555343714
kddcup99_v2,LeakyParallel,delta,46,20,0.6260987069765944,0.8236460385137028,0.9130955613410212,0.008251778258214645,14.314752000617306
kddcup99_v2,LeakyParallel,delta,46,21,0.6226321350185096,0.82365838298659,0.9135986838952866,0.008086742693050352,14.70599526089207
kddcup99_v2,LeakyParallel,delta,46,22,0.6324799686943996,0.823811598493398,0.9128120557747289,0.008037232023501064,16.130061827032208
kddcup99_v2,LeakyParallel,delta,46,23,0.6255097426452076,0.8236995903827552,0.9127681323771343,0.00815275691911607,17.123663709814842
kddcup99_v2,LeakyParallel,delta,46,24,0.6255667669237652,0.8236707029211192,0.9130396588349918,0.008169260475632498,17.50434846911381
kddcup99_v2,LeakyParallel,delta,46,25,0.6264372736241391,0.8237138529485007,0.9127401811241196,0.008070239136533923,17.95049657748956
kddcup99_v2,LeakyParallel,latency,42,1,0.4960315648790844,0.794006848662662,0.9021586353399671,0.01632201739474857,1.0565831481951844
kddcup99_v2,LeakyParallel,latency,42,2,0.527955199247222,0.660132913221522,0.9108315098468271,0.2729853283382569,2.070054560828733
kddcup99_v2,LeakyParallel,latency,42,3,0.5548316544765042,0.6623566768632693,0.9119695251481417,0.27777135972802136,3.2045018310189723
kddcup99_v2,LeakyParallel,latency,42,4,0.556288373054816,0.6649379223580116,0.9128320209554537,0.2753618404766227,4.281530018101206
kddcup99_v2,LeakyParallel,latency,42,5,0.6022213897225258,0.8029059189433037,0.9114624095577313,0.030614097337976334,5.3645190641387135
kddcup99_v2,LeakyParallel,latency,42,6,0.6376130068324675,0.814643339249981,0.9116381031481097,0.021768191045170235,6.484700783528224
kddcup99_v2,LeakyParallel,latency,42,7,0.6348884779786538,0.8143991172719274,0.9122290724975642,0.023864142722756755,7.548334721199631
kddcup99_v2,LeakyParallel,latency,42,8,0.6319100194952063,0.8144409838945467,0.9124926128831318,0.0242272209661182,8.684055184564784
kddcup99_v2,LeakyParallel,latency,42,9,0.6364363595343041,0.8139091916133975,0.9120853231963456,0.0239466605053389,9.907542383507646
kddcup99_v2,LeakyParallel,latency,42,10,0.6374034437013967,0.814035466775507,0.9119775112204316,0.023402043140296733,11.267605271534165
kddcup99_v2,LeakyParallel,latency,42,11,0.6399126120123534,0.8157139013040579,0.9119655321119967,0.022032247949433103,12.728118599873323
kddcup99_v2,LeakyParallel,latency,42,12,0.6374201719871249,0.8166224108082133,0.9123967800156527,0.021240077236644495,14.728272926318768
kddcup99_v2,LeakyParallel,latency,42,13,0.6329893287374664,0.8175202805306284,0.912360842690348,0.02046441008037232,16.859443974677603
kddcup99_v2,LeakyParallel,latency,42,14,0.6311980060950522,0.8182375541173104,0.9125604944975962,0.01952370735893585,18.692948245983494
kddcup99_v2,LeakyParallel,latency,42,15,0.6363004874245679,0.8185001216623204,0.9124327173409573,0.01902860066344297,20.78936369277463
kddcup99_v2,LeakyParallel,latency,42,16,0.6426844810329204,0.8189555016516751,0.9121132744493603,0.018450976185367948,22.932009555379082
kddcup99_v2,LeakyParallel,latency,42,17,0.6452675930408059,0.8193859913377468,0.9120334137264611,0.017972373046391498,25.07773551662385
kddcup99_v2,LeakyParallel,latency,42,18,0.6432780948597997,0.820361263813592,0.9121931351722595,0.01765880547257934,27.14571631584193
kddcup99_v2,LeakyParallel,latency,42,19,0.6448817426635199,0.820864084254047,0.911713970834864,0.017328734342250754,28.7651376559742
kddcup99_v2,LeakyParallel,latency,42,20,0.6490855283998902,0.8262035066257405,0.9141617019917264,0.01698215965540574,30.60659295435474
kddcup99_v2,LeakyParallel,latency,42,21,0.647190067235001,0.8265171115632466,0.9139141337507387,0.01632201739474857,32.89769442720775
kddcup99_v2,LeakyParallel,latency,42,22,0.6481886642045733,0.826281902211984,0.9132952131482694,0.015942435594870696,35.183735278703914
kddcup99_v2,LeakyParallel,latency,42,23,0.6443054494289882,0.8256418744482543,0.9126243830759156,0.015661875134091396,37.862311874455436
kddcup99_v2,LeakyParallel,latency,42,24,0.6411498628892881,0.8249227315977072,0.9120174415818812,0.015513343125443533,39.98652858736645
kddcup99_v2,LeakyParallel,latency,42,25,0.6382430103128522,0.8244180005111164,0.9115861936782251,0.015414321786344958,42.4489484903337
kddcup99_v2,LeakyParallel,latency,43,1,0.4622035064543626,0.791768886117468,0.9030650545448737,0.017609294803030053,0.8578364075375609
kddcup99_v2,LeakyParallel,latency,43,2,0.5077788953431874,0.7972041531722386,0.9059160823523774,0.018715033089630816,1.7162354635741361
kddcup99_v2,LeakyParallel,latency,43,3,0.5150526396441549,0.7959255005427613,0.9079165934610041,0.027742478504117637,2.642933617122519
kddcup99_v2,LeakyParallel,latency,43,4,0.5477802552230022,0.8050718533519867,0.9099131115334856,0.02676876866964831,3.563841313832472
kddcup99_v2,LeakyParallel,latency,43,5,0.5523795239498697,0.8060831519509408,0.9094579054129598,0.026372683313254007,4.370901105684679
kddcup99_v2,LeakyParallel,latency,43,6,0.5589881553338417,0.8083659319913012,0.9096096407864684,0.02556400904394897,5.3109677875696475
kddcup99_v2,LeakyParallel,latency,43,7,0.562219565506832,0.8097159666087093,0.9095936686418885,0.024837852557226082,6.278501361609368
kddcup99_v2,LeakyParallel,latency,43,8,0.5707239359394192,0.8123076493988657,0.9106518232203038,0.02467281699206179,7.366390272289722
kddcup99_v2,LeakyParallel,latency,43,9,0.5737794295409782,0.8128127423254702,0.9104002619431711,0.024243724522634628,8.465905108526858
kddcup99_v2,LeakyParallel,latency,43,10,0.5942897350690564,0.8135292852768411,0.9089108594610998,0.02374861782714175,9.565908645174567
kddcup99_v2,LeakyParallel,latency,43,11,0.5925675889095414,0.8144248281409494,0.9090146784008689,0.02345155380984602,10.708969260101147
kddcup99_v2,LeakyParallel,latency,43,12,0.5964313044624434,0.8148015939029012,0.9090785669791883,0.023121482679517438,12.097576110266246
kddcup99_v2,LeakyParallel,latency,43,13,0.6015707482396212,0.8155636635296168,0.9092822118225814,0.022428333305827407,14.108295367956043
kddcup99_v2,LeakyParallel,latency,43,14,0.615957619806945,0.8166776215223635,0.9090905460876232,0.02092650966283234,15.821968369508953
kddcup99_v2,LeakyParallel,latency,43,15,0.621700137742233,0.8170168528976123,0.9090625948346085,0.020117835393527305,17.503580052020872
kddcup99_v2,LeakyParallel,latency,43,16,0.6260853336865847,0.817421994539031,0.9090546087623185,0.019738253593649432,19.63262589662057
kddcup99_v2,LeakyParallel,latency,43,17,0.62775920470625,0.8175562504997017,0.9089348176779696,0.01906160777647583,21.98571515839359
kddcup99_v2,LeakyParallel,latency,43,18,0.6294585741849679,0.8181876307228525,0.9090945391237681,0.018434472628851516,24.25084477653209
kddcup99_v2,LeakyParallel,latency,43,19,0.6379986018131567,0.8239281651994133,0.9124207382325225,0.017823841037743635,26.552401866063935
kddcup99_v2,LeakyParallel,latency,43,20,0.6352260520721684,0.8246246590369016,0.912696257726525,0.017394748568316472,28.672075594237192
kddcup99_v2,LeakyParallel,latency,43,21,0.6350270655967936,0.8250431435063894,0.9127401811241196,0.016685095638110013,30.842580595378568
kddcup99_v2,LeakyParallel,latency,43,22,0.6432258032696568,0.8251879271062754,0.9124207382325225,0.01630551383823214,33.17561384951242
kddcup99_v2,LeakyParallel,latency,43,23,0.6364496304348206,0.8245088657371832,0.9115262981360507,0.01604145693396927,35.540759864835756
kddcup99_v2,LeakyParallel,latency,43,24,0.6385464752622958,0.8242726073895101,0.9110870641601048,0.015958939151387123,37.87139462879667
kddcup99_v2,LeakyParallel,latency,43,25,0.6377369766722987,0.8241957407382439,0.9107516491239279,0.015694882247124255,40.29036842223716
kddcup99_v2,LeakyParallel,latency,44,1,0.4960097901281797,0.7996991183318316,0.9103563385455765,0.020777977654184477,1.0567342595063483
kddcup99_v2,LeakyParallel,latency,44,2,0.49752740416651775,0.7848772720244224,0.9108514750275519,0.05165613189642368,2.1110635985711945
kddcup99_v2,LeakyParallel,latency,44,3,0.5244874346987899,0.7901782015309726,0.9111908830998738,0.04860297394088426,3.1758067575692297
kddcup99_v2,LeakyParallel,latency,44,4,0.5275400224544867,0.7909033929752219,0.9124566755578272,0.04916409486244286,4.254619344176909
kddcup99_v2,LeakyParallel,latency,44,5,0.5695318620131828,0.8016887213728755,0.9125884457506109,0.04601191556780486,5.391992386562025
kddcup99_v2,LeakyParallel,latency,44,6,0.5768435201721762,0.8030620529037918,0.9125964318229008,0.045269255524565545,6.381678235791518
kddcup99_v2,LeakyParallel,latency,44,7,0.5780353121478854,0.8048865303732755,0.913331150473574,0.04408099945538264,7.36864086628578
kddcup99_v2,LeakyParallel,latency,44,8,0.5755005657224241,0.8070944829992798,0.9135707326422718,0.04073077748254749,8.395982368203608
kddcup99_v2,LeakyParallel,latency,44,9,0.5760393071954052,0.812519764206163,0.9134908719193726,0.03069661512055848,9.389262737558234
kddcup99_v2,LeakyParallel,latency,44,10,0.5784937087278047,0.8152710222553854,0.9131115334856011,0.02624065486112257,10.598117860392438
kddcup99_v2,LeakyParallel,latency,44,11,0.5796495054890755,0.8166875837118808,0.913123512594036,0.024309738748700346,11.848335685739915
kddcup99_v2,LeakyParallel,latency,44,12,0.58238594146891,0.8176264408514672,0.9127282020156846,0.023071972009968147,13.263116944079169
kddcup99_v2,LeakyParallel,latency,44,13,0.5835083727988979,0.818752536993983,0.9126403552204955,0.02112455234102949,14.883878995206235
kddcup99_v2,LeakyParallel,latency,44,14,0.5833655456011094,0.8202521683548103,0.9126084109313357,0.020051821167461587,17.486346932279627
kddcup99_v2,LeakyParallel,latency,44,15,0.5790944959624762,0.821641518033079,0.9124606685939721,0.018764543759180102,19.735310855257868
kddcup99_v2,LeakyParallel,latency,44,16,0.5795254970676139,0.821871600800891,0.912364835726493,0.018368458402785802,21.942153304032743
kddcup99_v2,LeakyParallel,latency,44,17,0.5796860694622387,0.8224688615889696,0.9123129262566084,0.01770831614212863,24.288410405460585
kddcup99_v2,LeakyParallel,latency,44,18,0.5815706028744339,0.8232727382816544,0.9123288984011884,0.017114188107537173,26.547006870741956
kddcup99_v2,LeakyParallel,latency,44,19,0.5867022345478521,0.8238560550310943,0.9121851490999696,0.016619081412044295,28.831366207009637
kddcup99_v2,LeakyParallel,latency,44,20,0.6027573237979318,0.8310799208548666,0.9153835710520851,0.013912498143349892,31.153673773185137
kddcup99_v2,LeakyParallel,latency,44,21,0.6141920956151263,0.8334965888513434,0.9152597869315913,0.008994438301453963,33.45788334849805
kddcup99_v2,LeakyParallel,latency,44,22,0.6304298634032597,0.8348778806552,0.9147207270520212,0.005083095407060222,36.24903787106668
kddcup99_v2,LeakyParallel,latency,44,23,0.6333048567701284,0.8345943569495868,0.914209618425466,0.004835542059313782,38.77900774525848
kddcup99_v2,LeakyParallel,latency,44,24,0.6404135981372809,0.8338477773867946,0.9133950390518935,0.004587988711567343,41.81572779387131
kddcup99_v2,LeakyParallel,latency,44,25,0.6422472423127366,0.832151494120539,0.9122410516059991,0.004488967372468767,44.800336946072555
kddcup99_v2,LeakyParallel,latency,45,1,0.5726158090558318,0.8030672436157427,0.9020827676532128,0.011139900648589772,1.129518469338872
kddcup99_v2,LeakyParallel,latency,45,2,0.5878064907408829,0.8057407897739243,0.9064231979427878,0.019853778489264437,2.1992322259339163
kddcup99_v2,LeakyParallel,latency,45,3,0.6206055866896707,0.8120303331189724,0.9079525307863087,0.02421071740960177,3.271801021769674
kddcup99_v2,LeakyParallel,latency,45,4,0.6189631191659046,0.8139802055794766,0.9090266575093038,0.02345155380984602,4.34889994180607
kddcup99_v2,LeakyParallel,latency,45,5,0.6270099246912565,0.8154191361536695,0.9093820377262055,0.0219167230538181,5.412549955148877
kddcup99_v2,LeakyParallel,latency,45,6,0.6290364081440445,0.8161154809382704,0.9096256129310483,0.022180779958080966,6.432959627558845
kddcup99_v2,LeakyParallel,latency,45,7,0.6326826186640286,0.8180416387948697,0.9102125892443579,0.020299374515208028,7.436911027589067
kddcup99_v2,LeakyParallel,latency,45,8,0.6215309396081706,0.8181259932986337,0.9105879346419844,0.021834205271235953,8.347941831790605
kddcup99_v2,LeakyParallel,latency,45,9,0.62340631801508,0.8185613275705153,0.9106398441118689,0.021009027445414486,9.239710766520163
kddcup99_v2,LeakyParallel,latency,45,10,0.605381282468772,0.8187312122932159,0.910631858039579,0.02003531761094516,10.176752007047574
kddcup99_v2,LeakyParallel,latency,45,11,0.6089303555839001,0.8186933559262921,0.910631858039579,0.019490700245902992,10.973610177829077
kddcup99_v2,LeakyParallel,latency,45,12,0.6061355919489166,0.8183250999974999,0.9108035585938123,0.020612942089020182,11.395548325075797
kddcup99_v2,LeakyParallel,latency,45,13,0.6095706046200877,0.8201624905276063,0.9109992173649156,0.017328734342250754,11.890801179311254
kddcup99_v2,LeakyParallel,latency,45,14,0.6041018915678052,0.8193541144913393,0.9111988691721638,0.018962586437377256,12.26627099080793
kddcup99_v2,LeakyParallel,latency,45,15,0.6049688779545102,0.8196828054644026,0.9111709179191491,0.018533493967950093,12.663745181317498
kddcup99_v2,LeakyParallel,latency,45,16,0.6039466102295263,0.8196270666394547,0.9112028622083087,0.01883055798524582,13.21449768349575
kddcup99_v2,LeakyParallel,latency,45,17,0.6061145898852223,0.819796980598576,0.9112268204251784,0.018979089993893684,13.861308752560051
kddcup99_v2,LeakyParallel,latency,45,18,0.6105162619399268,0.8199497973494831,0.9115143190276158,0.019292657567705842,15.112118162615062
kddcup99_v2,LeakyParallel,latency,45,19,0.6129809100548073,0.8254999472668573,0.9146009359676723,0.0193256646807387,15.974394670593417
kddcup99_v2,LeakyParallel,latency,45,20,0.6157923203099296,0.8267799207279514,0.9146608315098468,0.017790833924710776,17.42697626266361
kddcup99_v2,LeakyParallel,latency,45,21,0.618814092599515,0.8278056309412316,0.9147846156303406,0.016800620533725018,18.422095688826445
kddcup99_v2,LeakyParallel,latency,45,22,0.6177380290651104,0.8276245844122581,0.9141976393170311,0.016355024507781427,19.767603663967027
kddcup99_v2,LeakyParallel,latency,45,23,0.6144638343912198,0.8271652392322966,0.9136266351483013,0.015925932038354264,20.729446450330997
kddcup99_v2,LeakyParallel,latency,45,24,0.6209947356623126,0.8277388900723794,0.9132912201121245,0.013829980360767746,21.00737873317279
kddcup99_v2,LeakyParallel,latency,45,25,0.615191912756064,0.8275411481638258,0.9130676100880065,0.013615434126054165,21.300785457304624
kddcup99_v2,LeakyParallel,latency,46,1,0.5606168982533687,0.8034791530026278,0.907161909629606,0.017790833924710776,0.8601802404277414
kddcup99_v2,LeakyParallel,latency,46,2,0.5365384573851352,0.8057809758480263,0.9103243942564168,0.02229630485369597,1.728514061389774
kddcup99_v2,LeakyParallel,latency,46,3,0.5453087442632862,0.80727675433548,0.9120094555095912,0.023814632053207465,2.6154377887592477
kddcup99_v2,LeakyParallel,latency,46,4,0.5502921186040493,0.8053284067026469,0.9127521602325545,0.030548083111910616,3.5647158303566546
kddcup99_v2,LeakyParallel,latency,46,5,0.5592670287562754,0.8030352843133548,0.9130196936542669,0.03954252141336458,4.4902115236842866
kddcup99_v2,LeakyParallel,latency,46,6,0.5618328424020819,0.8024960288904708,0.9139780223290581,0.04375092832505405,5.403566869970324
kddcup99_v2,LeakyParallel,latency,46,7,0.5966257117174988,0.8105439464218853,0.9141177785941318,0.042595679368904,6.522526838333403
kddcup99_v2,LeakyParallel,latency,46,8,0.5981857076982104,0.8109134077632187,0.9138183008832595,0.0416384730909511,7.691041671355404
kddcup99_v2,LeakyParallel,latency,46,9,0.609044929003389,0.8126017451657555,0.9137663914133751,0.039625039195946725,8.958929874706216
kddcup99_v2,LeakyParallel,latency,46,10,0.6000109300106736,0.8136408065367473,0.9134748997747928,0.037380555509712345,10.239868308099888
kddcup99_v2,LeakyParallel,latency,46,11,0.5968041484901662,0.8148013106753785,0.9136545864013161,0.035433135840773684,11.506306485890383
kddcup99_v2,LeakyParallel,latency,46,12,0.5902578187074912,0.8146005246873896,0.9125405293168714,0.03171983562457709,12.871089191040063
kddcup99_v2,LeakyParallel,latency,46,13,0.5885194064256506,0.8162567365820762,0.9127042437988149,0.02836961365174195,14.8941513492311
kddcup99_v2,LeakyParallel,latency,46,14,0.5939937425327201,0.8184830033062197,0.9130835822325863,0.025200930800587527,17.150474714576454
kddcup99_v2,LeakyParallel,latency,46,15,0.5919986269006531,0.8196957056277767,0.9131714290277756,0.02328651824468173,19.419411051702575
kddcup99_v2,LeakyParallel,latency,46,16,0.5904380541541917,0.8203206294907861,0.913347122618154,0.022015744392916675,21.496223824788043
kddcup99_v2,LeakyParallel,latency,46,17,0.5943319634961545,0.821138974269735,0.9134110111964734,0.02069545987160233,23.301132691806874
kddcup99_v2,LeakyParallel,latency,46,18,0.5988344531289906,0.8274280780913448,0.9167931128112572,0.019210139785123693,24.81485327734713
kddcup99_v2,LeakyParallel,latency,46,19,0.605420315435904,0.8280543441150676,0.9166853008353432,0.018236429950654366,26.675560799796802
kddcup99_v2,LeakyParallel,latency,46,20,0.6083140916881156,0.8283016447294709,0.9164696768835151,0.017328734342250754,28.75773320172717
kddcup99_v2,LeakyParallel,latency,46,21,0.6079871551862722,0.8283424333096087,0.916373844016036,0.016916145429340022,30.818123068909973
kddcup99_v2,LeakyParallel,latency,46,22,0.6057919571450114,0.8280080291370524,0.9155872158954783,0.016553067185978577,32.689109375653075
kddcup99_v2,LeakyParallel,latency,46,23,0.621086171353707,0.8278418359924313,0.914756664377326,0.01628901028171571,34.83547514861958
kddcup99_v2,LeakyParallel,latency,46,24,0.6264155460074206,0.827819082994532,0.9143453816543947,0.016173485386100705,36.78012339685367
kddcup99_v2,LeakyParallel,latency,46,25,0.6212687146485109,0.8261515501161318,0.9131394847386158,0.01600844982093641,39.65175594558707
kddcup99_v2,LeakyParallel,rate,42,1,0.06522195113377115,0.0008992981885843608,3.993036144963184e-06,0.0,3.2151342800832076e-06
kddcup99_v2,LeakyParallel,rate,42,2,0.11608901651396683,0.076324022851273,0.0438395438355508,0.0004786031389764494,0.04255230219690125
kddcup99_v2,LeakyParallel,rate,42,3,0.2915296830663472,0.38143006605218105,0.5020084971809164,0.0028551152773422673,0.5108398252253006
kddcup99_v2,LeakyParallel,rate,42,4,0.46633930756989106,0.6830347477260688,0.8399910555990353,0.0075256217714917565,1.1805008536181514
kddcup99_v2,LeakyParallel,rate,42,5,0.540882389675165,0.7655947903653549,0.88232123177179,0.00998465169243972,1.83926257680152
kddcup99_v2,LeakyParallel,rate,42,6,0.5720177581623676,0.8002520187810906,0.8994353846891022,0.00929150231874969,2.625314681267663
kddcup99_v2,LeakyParallel,rate,42,7,0.5943767528769817,0.8150772198229393,0.9063193790030187,0.009407027214364696,3.428484160640969
kddcup99_v2,LeakyParallel,rate,42,8,0.6084034012404239,0.8217204004305684,0.909222316280407,0.009341012988298978,4.2746239096675875
kddcup99_v2,LeakyParallel,rate,42,9,0.6132554615182382,0.824852611751157,0.9106518232203038,0.00882940273628967,5.104134984197615
kddcup99_v2,LeakyParallel,rate,42,10,0.6179679894418185,0.8263492007197442,0.9113625836541073,0.008235274701698216,5.96407408955435
kddcup99_v2,LeakyParallel,rate,42,11,0.6217671201315015,0.8274578909071292,0.9119815042565765,0.007938210684402489,6.825051683283553
kddcup99_v2,LeakyParallel,rate,42,12,0.6257875118991769,0.8286149633418587,0.9125005989554218,0.007311075536778176,7.6872542431734665
kddcup99_v2,LeakyParallel,rate,42,13,0.6330217105909675,0.8291357349729087,0.9127521602325545,0.0070965293020645945,8.56142996312241
kddcup99_v2,LeakyParallel,rate,42,14,0.6361804071342576,0.8294845318226886,0.9129318468590778,0.0068654795108345846,9.437502612296603
kddcup99_v2,LeakyParallel,rate,42,15,0.6373503747323517,0.8297581263227096,0.9130676100880065,0.006716947502186721,10.316571766619832
kddcup99_v2,LeakyParallel,rate,42,16,0.637990235583683,0.8301565374608655,0.9132113593892252,0.0063703728153417065,11.198016905176045
kddcup99_v2,LeakyParallel,rate,42,17,0.6402443491954775,0.8304519289338899,0.913347122618154,0.006155826580628125,12.080995662783856
kddcup99_v2,LeakyParallel,rate,42,18,0.6432598706594548,0.8306863605977434,0.9135068440639524,0.0060403016850131205,12.96718312440319
kddcup99_v2,LeakyParallel,rate,42,19,0.6434092629068426,0.8308335305197087,0.9136026769314316,0.005908273232881686,13.854601982451797
kddcup99_v2,LeakyParallel,rate,42,20,0.6443146375423644,0.8309772473787226,0.9136466003290262,0.005792748337266681,14.741573936835472
kddcup99_v2,LeakyParallel,rate,42,21,0.6443998529392604,0.8310574271796831,0.9136985097989107,0.005710230554684535,15.630690385783963
kddcup99_v2,LeakyParallel,rate,42,22,0.6442897667812623,0.8311999244069413,0.9137983357025348,0.005627712772102388,16.521340453784052
kddcup99_v2,LeakyParallel,rate,42,23,0.6454101591653392,0.8313847331453458,0.9138941685700139,0.0055782021025531005,17.411604705670534
kddcup99_v2,LeakyParallel,rate,42,24,0.6454241988502117,0.8314727597079284,0.9139141337507387,0.005462677206938095,18.303036051300683
kddcup99_v2,LeakyParallel,rate,42,25,0.6484849530830616,0.8315892286453276,0.9139700362567682,0.005330648754806661,19.194168389442787
kddcup99_v2,LeakyParallel,rate,43,1,0.06522003541232758,0.0,0.0,0.0,0.0
kddcup99_v2,LeakyParallel,rate,43,2,0.14791359162958917,0.09446255052037922,0.0821686977910524,0.001023220504018616,0.06775573981847352
kddcup99_v2,LeakyParallel,rate,43,3,0.43290326674447,0.6297518039455391,0.8199220559344503,0.014226065717162048,0.7550196283947799
kddcup99_v2,LeakyParallel,rate,43,4,0.5149625879164372,0.7612843368685761,0.8958576243032151,0.018483983298400807,1.3938025071617115
kddcup99_v2,LeakyParallel,rate,43,5,0.5601346169773678,0.7957739583845573,0.9047261575811785,0.013730959021669169,2.2238215729079926
kddcup99_v2,LeakyParallel,rate,43,6,0.5885643553895707,0.8094123548890844,0.9077089555814659,0.013103823874044856,3.0762115429750923
kddcup99_v2,LeakyParallel,rate,43,7,0.6010420354648295,0.8189978415467515,0.910416234087751,0.013384384334824155,3.8872195197232413
kddcup99_v2,LeakyParallel,rate,43,8,0.612832552057659,0.8221325132126973,0.9112907090034978,0.013466902117406301,4.680168087220163
kddcup99_v2,LeakyParallel,rate,43,9,0.6181274870337752,0.8240972161608875,0.911713970834864,0.01351641278695559,5.48997360374756
kddcup99_v2,LeakyParallel,rate,43,10,0.6156348927630338,0.8253844411225926,0.9121771630276797,0.013450398560889872,6.291902041288754
kddcup99_v2,LeakyParallel,rate,43,11,0.6072564735055597,0.825765468771583,0.9123927869795078,0.013730959021669169,7.134887743586611
kddcup99_v2,LeakyParallel,rate,43,12,0.6037540020124529,0.8261939150003768,0.912584452714466,0.013565923456504876,7.957389825386057
kddcup99_v2,LeakyParallel,rate,43,13,0.6110283241532773,0.8263618436570062,0.9127042437988149,0.013796973247734887,8.74771162817615
kddcup99_v2,LeakyParallel,rate,43,14,0.6171420101451619,0.8265516360732172,0.9128320209554537,0.013697951908636312,9.616884599185285
kddcup99_v2,LeakyParallel,rate,43,15,0.6098029519848489,0.8265452276085452,0.9128919164976281,0.013929001699866321,10.501351963964774
kddcup99_v2,LeakyParallel,rate,43,16,0.6111150365290554,0.8266853255461912,0.9129518120398026,0.014028023038964896,11.474376987354876
kddcup99_v2,LeakyParallel,rate,43,17,0.618615014613203,0.8268210555858704,0.9130196936542669,0.014044526595481326,12.395480807255915
kddcup99_v2,LeakyParallel,rate,43,18,0.6196516038616385,0.8269818818974988,0.9131115334856011,0.014077533708514185,13.243179896408373
kddcup99_v2,LeakyParallel,rate,43,19,0.6199734314997396,0.8268972330408023,0.9130795891964414,0.014193058604129189,14.09041922135878
kddcup99_v2,LeakyParallel,rate,43,20,0.6299266862738777,0.8271083022561678,0.9131634429554857,0.014143547934579902,14.915830999681702
kddcup99_v2,LeakyParallel,rate,43,21,0.6273037011412981,0.8271485641857266,0.913235317606095,0.014391101282326341,15.785595555398372
kddcup99_v2,LeakyParallel,rate,43,22,0.6283869107249502,0.8271362317797692,0.9131993802807903,0.014341590612777053,16.622321391252907
kddcup99_v2,LeakyParallel,rate,43,23,0.6266400830405396,0.8272487207774218,0.9132952131482694,0.014325087056260625,17.426436120104555
kddcup99_v2,LeakyParallel,rate,43,24,0.6275104189507894,0.8273186160241199,0.913331150473574,0.014341590612777053,18.30536059338518
kddcup99_v2,LeakyParallel,rate,43,25,0.6272914728258014,0.8272415274653383,0.9132672618952546,0.014391101282326341,19.197351372380066
kddcup99_v2,LeakyParallel,rate,44,1,0.06521913454837051,-0.0030467233297831737,0.0,1.650355651642929e-05,3.2151342800832076e-06
kddcup99_v2,LeakyParallel,rate,44,2,0.10806182606512844,0.09634128637742823,0.09941861393729336,0.0017163698777086461,0.08368029990772564
kddcup99_v2,LeakyParallel,rate,44,3,0.24610186105862802,0.3001543520325535,0.356290629142775,0.0035977753205815853,0.4302492693607349
kddcup99_v2,LeakyParallel,rate,44,4,0.42239756833637554,0.5800379346143419,0.7247160951300932,0.007987721353951777,1.1020065653042
kddcup99_v2,LeakyParallel,rate,44,5,0.5180875275689029,0.7601038348059529,0.8786156942292641,0.010842836631294045,1.683884782447939
kddcup99_v2,LeakyParallel,rate,44,6,0.5543836723141935,0.7962549052257827,0.8977503234359278,0.01231165316125625,2.3275803863948377
kddcup99_v2,LeakyParallel,rate,44,7,0.5683061763506295,0.8104269230549517,0.904770080978773,0.013087320317528427,3.027466892154751
kddcup99_v2,LeakyParallel,rate,44,8,0.571884452324181,0.8171768534416617,0.907704962545321,0.01229514960473982,3.7817373942622714
kddcup99_v2,LeakyParallel,rate,44,9,0.5797610816163026,0.8207076030420322,0.9093141561117412,0.012080603370026241,4.533117490651997
kddcup99_v2,LeakyParallel,rate,44,10,0.5793959887475046,0.8217626138879124,0.9100049513648197,0.013301866552242008,5.338187114384832
kddcup99_v2,LeakyParallel,rate,44,11,0.5761779720575154,0.8221806466931441,0.9103882828347363,0.013995015925932039,6.147436412681776
kddcup99_v2,LeakyParallel,rate,44,12,0.5811883971717131,0.8230087642708483,0.9108355028829721,0.014044526595481326,6.9412755723742805
kddcup99_v2,LeakyParallel,rate,44,13,0.5815354058679341,0.823368128034963,0.9110830711239598,0.01371445546515274,7.736146790170691
kddcup99_v2,LeakyParallel,rate,44,14,0.592863114575151,0.8235983219558605,0.9112827229312079,0.014044526595481326,8.53212079902517
kddcup99_v2,LeakyParallel,rate,44,15,0.5881843095400485,0.8235239543847341,0.911390534907122,0.014589143960523493,9.320757871452502
kddcup99_v2,LeakyParallel,rate,44,16,0.5922071366466188,0.823724248638969,0.911494353846891,0.014638654630072781,10.120011317272667
kddcup99_v2,LeakyParallel,rate,44,17,0.5960913161895129,0.8239780365390111,0.9116301170758198,0.014523129734457775,10.940982995154792
kddcup99_v2,LeakyParallel,rate,44,18,0.5924977696027396,0.8239346392243863,0.9116820265457043,0.014754179525687786,11.77436509135804
kddcup99_v2,LeakyParallel,rate,44,19,0.5924435528625767,0.8239796318713297,0.911713970834864,0.01490271153433565,12.593770998845766
kddcup99_v2,LeakyParallel,rate,44,20,0.5989753848534349,0.8241011614550803,0.9118018176300532,0.01488620797781922,13.418038189364978
kddcup99_v2,LeakyParallel,rate,44,21,0.591665428667428,0.8240025937253943,0.9117658803047485,0.014952222203884938,14.227740821595415
kddcup99_v2,LeakyParallel,rate,44,22,0.587510768238524,0.8240244367854779,0.9118098037023431,0.015034739986467083,15.03902208475737
kddcup99_v2,LeakyParallel,rate,44,23,0.5876896376492148,0.8241229508751396,0.9118856713890974,0.015034739986467083,15.838944278507793
kddcup99_v2,LeakyParallel,rate,44,24,0.5877262749805858,0.8241689512401611,0.911933587822837,0.015166768438598517,16.654385925428176
kddcup99_v2,LeakyParallel,rate,44,25,0.5876542740191051,0.824186350589793,0.9119615390758518,0.015216279108147806,17.472782280751957
kddcup99_v2,LeakyParallel,rate,45,1,0.06522003541232758,0.0,0.0,0.0,0.0
kddcup99_v2,LeakyParallel,rate,45,2,0.13774018896769147,0.16554577708865306,0.12183152581897172,0.0006601422606571716,0.09966594754829936
kddcup99_v2,LeakyParallel,rate,45,3,0.39830710911132844,0.42639396982324623,0.5105775527480074,0.00511610252009308,0.5861704214076501
kddcup99_v2,LeakyParallel,rate,45,4,0.5257120032721732,0.7691940379863569,0.8744349853854877,0.01323585232617629,1.199232225933916
kddcup99_v2,LeakyParallel,rate,45,5,0.5535860690003372,0.8094379882836219,0.902390231436375,0.01582691069925569,1.990454266322433
kddcup99_v2,LeakyParallel,rate,45,6,0.5523824720453429,0.8170313482277336,0.9073056589308246,0.015942435594870696,2.6566976069755555
kddcup99_v2,LeakyParallel,rate,45,7,0.5571426958955566,0.8186464550963748,0.9083278761839352,0.015661875134091396,3.318208269968395
kddcup99_v2,LeakyParallel,rate,45,8,0.5569011090651531,0.81971342214887,0.9092462744972768,0.016140478273067846,4.1527542447810335
kddcup99_v2,LeakyParallel,rate,45,9,0.5579028366103783,0.8205822544097676,0.9098651950997461,0.016338520951264996,4.876461680422083
kddcup99_v2,LeakyParallel,rate,45,10,0.5488467898060806,0.8212991841686468,0.9103164081841268,0.01630551383823214,5.616971407810847
kddcup99_v2,LeakyParallel,rate,45,11,0.5485293534224679,0.8216368254936361,0.9106398441118689,0.016388031620814286,6.389153422992711
kddcup99_v2,LeakyParallel,rate,45,12,0.54850324643277,0.8218434707708329,0.9108355028829721,0.016388031620814286,7.187654527391336
kddcup99_v2,LeakyParallel,rate,45,13,0.5435352879965263,0.8220364534178695,0.9109992173649156,0.01632201739474857,7.952991521690904
kddcup99_v2,LeakyParallel,rate,45,14,0.5435216735089984,0.8221123269188769,0.9110830711239598,0.016371528064297855,8.714730780731058
kddcup99_v2,LeakyParallel,rate,45,15,0.5490793805753491,0.8224573804540172,0.9113026881119328,0.016421038733847145,9.500471017172032
kddcup99_v2,LeakyParallel,rate,45,16,0.5493012824210195,0.8226202017801862,0.9114424443770065,0.016437542290363573,10.304733642200567
kddcup99_v2,LeakyParallel,rate,45,17,0.5540770041998544,0.8226458953660745,0.911498346883036,0.016454045846880004,11.068971060576345
kddcup99_v2,LeakyParallel,rate,45,18,0.5588914068488128,0.8227080088559503,0.9115702215336453,0.016470549403396432,11.848625047825122
kddcup99_v2,LeakyParallel,rate,45,19,0.5543779645374474,0.822801838094804,0.91160615885895,0.016454045846880004,12.638991862495137
kddcup99_v2,LeakyParallel,rate,45,20,0.554223184909624,0.8227941800465107,0.9116261240396748,0.016454045846880004,13.433692678174705
kddcup99_v2,LeakyParallel,rate,45,21,0.5539561890298759,0.8228279709608827,0.9116221310035298,0.016404535177330714,14.207617296136373
kddcup99_v2,LeakyParallel,rate,45,22,0.5589766827187759,0.8229277941776794,0.911709977798719,0.016470549403396432,14.989377196338605
kddcup99_v2,LeakyParallel,rate,45,23,0.5491070577077332,0.8229201243540072,0.9117419220878787,0.01648705295991286,15.789489083011553
kddcup99_v2,LeakyParallel,rate,45,24,0.5493062998792926,0.8229646573416451,0.9117858454854734,0.01653656362946215,16.57729665079462
kddcup99_v2,LeakyParallel,rate,45,25,0.5493977092631922,0.8230047580021023,0.911817789774633,0.01650355651642929,17.353433281140987
kddcup99_v2,LeakyParallel,rate,46,1,0.06521913454837051,-0.0030467233297831737,0.0,1.650355651642929e-05,3.2151342800832076e-06
kddcup99_v2,LeakyParallel,rate,46,2,0.16234795134975596,0.10468655290945278,0.05587455477646984,0.008037232023501064,0.04878644756598259
kddcup99_v2,LeakyParallel,rate,46,3,0.373573663303252,0.2597061994661129,0.3293695794534332,0.07037116498605449,0.4176780943256095
kddcup99_v2,LeakyParallel,rate,46,4,0.5708177150987732,0.7297966136051519,0.8509080164193646,0.02257686531447527,1.191538409601677
kddcup99_v2,LeakyParallel,rate,46,5,0.5969848217821838,0.7871252522926208,0.8890335255314731,0.017757826811677917,1.762128290288044
kddcup99_v2,LeakyParallel,rate,46,6,0.608621961647827,0.8066332282130566,0.9021226980146624,0.018005380159424357,2.5870545833346728
kddcup99_v2,LeakyParallel,rate,46,7,0.6090768788612723,0.8145648282780152,0.906075803798176,0.01488620797781922,3.328168755968093
kddcup99_v2,LeakyParallel,rate,46,8,0.6100271385696951,0.8188381287098587,0.9088150265936207,0.01511725776904923,4.167405611695372
kddcup99_v2,LeakyParallel,rate,46,9,0.6211624228638566,0.8211932061260159,0.9105799485696945,0.015546350238476392,5.001986952985091
kddcup99_v2,LeakyParallel,rate,46,10,0.6218082419662538,0.8221845557546493,0.9109992173649156,0.014473619064908488,5.856514987348446
kddcup99_v2,LeakyParallel,rate,46,11,0.6258043841008502,0.8230082359983537,0.9113545975818174,0.013912498143349892,6.713878770146835
kddcup99_v2,LeakyParallel,rate,46,12,0.6248864093917066,0.82383547971749,0.9120134485457362,0.014028023038964896,7.568918010860724
kddcup99_v2,LeakyParallel,rate,46,13,0.6236348352259886,0.8240260035284092,0.9121811560638247,0.014028023038964896,8.44359207662308
kddcup99_v2,LeakyParallel,rate,46,14,0.6247772244667221,0.8244308321257043,0.9122849750035937,0.013268859439209149,9.316407794771548
kddcup99_v2,LeakyParallel,rate,46,15,0.6260576307647372,0.825088974858477,0.9125724736060311,0.012625220735068407,10.193155622144559
kddcup99_v2,LeakyParallel,rate,46,16,0.6291570792774375,0.8253661000246252,0.9128120557747289,0.01275724918719984,11.07728861295892
kddcup99_v2,LeakyParallel,rate,46,17,0.6293967719553681,0.8254454928802054,0.912796083630149,0.012377667387321968,11.959791530693279
kddcup99_v2,LeakyParallel,rate,46,18,0.6303148574701041,0.8258099081130909,0.9129797632928174,0.0118330500222798,12.848441785171158
kddcup99_v2,LeakyParallel,rate,46,19,0.6309396078780724,0.826036447714076,0.9131714290277756,0.011767035796214085,13.741879374592079
kddcup99_v2,LeakyParallel,rate,46,20,0.6310416277975633,0.8261056756220705,0.91323132456995,0.011668014457115508,14.630121307016388
kddcup99_v2,LeakyParallel,rate,46,21,0.632588511200114,0.8263234662835371,0.9132992061844144,0.011469971778918358,15.52545582566256
kddcup99_v2,LeakyParallel,rate,46,22,0.6333902800341915,0.8266282286266949,0.9134389624494881,0.011090389979040483,16.423638953280882
kddcup99_v2,LeakyParallel,rate,46,23,0.6331038278402441,0.8264958585851799,0.913446948521778,0.011222418431171917,17.31685469843648
kddcup99_v2,LeakyParallel,rate,46,24,0.630809554018584,0.8267155814231513,0.9134988579916625,0.010991368639941908,18.215873760967625
kddcup99_v2,LeakyParallel,rate,46,25,0.6315667170062543,0.8269728102061288,0.9136346212205912,0.010809829518261186,19.11665471708426
nslkdd_v2,LeakyParallel,delta,42,1,0.5237705617863924,0.6192846756954471,0.6138081508610613,0.02914220986510143,1.0864531582682753
nslkdd_v2,LeakyParallel,delta,42,2,0.5446660725084884,0.6344949701871231,0.6339904932595651,0.02955411389146329,2.1942867281760114
nslkdd_v2,LeakyParallel,delta,42,3,0.5966647452062755,0.6653422928325128,0.6801215615990026,0.02976006590464422,3.333081973030518
nslkdd_v2,LeakyParallel,delta,42,4,0.6140850879083778,0.6728898052469853,0.6948492168627757,0.032231490062815366,4.400017743080198
nslkdd_v2,LeakyParallel,delta,42,5,0.6170576659530582,0.6740087970025346,0.6964856230031949,0.031819586036453504,5.465400993612491
nslkdd_v2,LeakyParallel,delta,42,6,0.6210545072578519,0.6769281551993137,0.6991350424686356,0.03151065801668211,6.4098651525904895
nslkdd_v2,LeakyParallel,delta,42,7,0.6288769056989668,0.675684129094956,0.6972648640224421,0.03151065801668211,7.22138928317956
nslkdd_v2,LeakyParallel,delta,42,8,0.6275048005880178,0.6750388317017215,0.6957063819839476,0.03130470600350119,7.921309439318666
nslkdd_v2,LeakyParallel,delta,42,9,0.6294910678012025,0.6704530998253906,0.6907971635626899,0.03171661002986304,8.480083392476933
nslkdd_v2,LeakyParallel,delta,42,10,0.6357403450269389,0.6744094292380561,0.6949271409647004,0.03099577798372979,8.812943577004969
nslkdd_v2,LeakyParallel,delta,42,11,0.6303546564190976,0.6754517027422099,0.6956284578820229,0.031098753990320256,9.185015968772179
nslkdd_v2,LeakyParallel,delta,42,12,0.6240766977799141,0.6685804007478858,0.6845632354087119,0.030892801977139325,9.589779985805535
nslkdd_v2,LeakyParallel,delta,42,13,0.6137891506485926,0.6620306736501236,0.6789527000701316,0.030686849963958398,9.8555713271824
nslkdd_v2,LeakyParallel,delta,42,14,0.612831459697098,0.6622261271116234,0.6776279903374114,0.030686849963958398,10.16097409510291
nslkdd_v2,LeakyParallel,delta,42,15,0.5966901725085869,0.636248968268042,0.6422504480635861,0.030377921944187005,10.529675301632363
nslkdd_v2,LeakyParallel,delta,42,16,0.5927220911056585,0.6359752953633576,0.6427179926751344,0.03027494593759654,11.019517388218595
nslkdd_v2,LeakyParallel,delta,42,17,0.586562571997941,0.6532292763883526,0.6622769422582405,0.028833281845330037,11.474183818310859
nslkdd_v2,LeakyParallel,delta,42,18,0.5736212227521703,0.6281649975983897,0.6310293773864256,0.028936257851920503,11.888484740951029
nslkdd_v2,LeakyParallel,delta,42,19,0.5663074554955143,0.6242472437178246,0.6245616769266734,0.028730305838739572,12.271957061745919
nslkdd_v2,LeakyParallel,delta,42,20,0.5507242344303271,0.6236980176278247,0.6241720564170498,0.02862732983214911,12.829799503193755
nslkdd_v2,LeakyParallel,delta,42,21,0.5457246434638783,0.6230637740015894,0.6230811189901037,0.02862732983214911,13.259048970901349
nslkdd_v2,LeakyParallel,delta,42,22,0.5496340994971323,0.626935921310524,0.6276007169017377,0.028730305838739572,13.67707594038325
nslkdd_v2,LeakyParallel,delta,42,23,0.5324878871792282,0.6202036454805147,0.6166134185303515,0.028730305838739572,14.20333569907736
nslkdd_v2,LeakyParallel,delta,42,24,0.5327194575625079,0.619927739171781,0.6153666328995558,0.028524353825558645,15.014283179559971
nslkdd_v2,LeakyParallel,delta,42,25,0.5270397133566488,0.619163161955458,0.6148990882880074,0.02842137781896818,15.832106103619589
nslkdd_v2,LeakyParallel,delta,43,1,0.5064853231210222,0.6261529638200639,0.6240941323151251,0.02955411389146329,1.0547817601135556
nslkdd_v2,LeakyParallel,delta,43,2,0.5490963320833362,0.6612905843237847,0.6960180783916465,0.029966017917825147,2.1834634492547904
nslkdd_v2,LeakyParallel,delta,43,3,0.5606526248759632,0.6699143009407232,0.7151094833632042,0.030171969931006074,3.3622249822569197
nslkdd_v2,LeakyParallel,delta,43,4,0.5604498402131941,0.6696227179694973,0.7198628535806125,0.030377921944187005,4.56028211497516
nslkdd_v2,LeakyParallel,delta,43,5,0.5762880317050462,0.6820730894383692,0.7327982545001169,0.029966017917825147,5.761222498225692
nslkdd_v2,LeakyParallel,delta,43,6,0.5971198433605446,0.6901598297101574,0.7438634769734279,0.03140768201009165,6.872294180269694
nslkdd_v2,LeakyParallel,delta,43,7,0.5890669867735461,0.6856720029214788,0.7451881867061482,0.0321285140562249,7.961852377572747
nslkdd_v2,LeakyParallel,delta,43,8,0.5944036417679985,0.6900045401247235,0.7420712226291591,0.03151065801668211,8.942157558552164
nslkdd_v2,LeakyParallel,delta,43,9,0.5974108102172913,0.6924449375821787,0.7218888802306553,0.030686849963958398,9.867991483321505
nslkdd_v2,LeakyParallel,delta,43,10,0.5814090181654115,0.6846149001846927,0.712615912101613,0.03140768201009165,10.536373314407381
nslkdd_v2,LeakyParallel,delta,43,11,0.5665382164539217,0.6777510474732226,0.6979661809397647,0.029966017917825147,11.110539389638042
nslkdd_v2,LeakyParallel,delta,43,12,0.5595467716113517,0.6742586890606822,0.6937582794358295,0.02934816187828236,11.624245919091555
nslkdd_v2,LeakyParallel,delta,43,13,0.5578247569725783,0.6732483075813778,0.6912647081742382,0.029245185871691896,11.935503903477644
nslkdd_v2,LeakyParallel,delta,43,14,0.5563422997141397,0.6728692958829882,0.689082833320346,0.02914220986510143,12.214646912704046
nslkdd_v2,LeakyParallel,delta,43,15,0.5549390347273133,0.6720100540993412,0.6883035923010987,0.029245185871691896,12.489132363378282
nslkdd_v2,LeakyParallel,delta,43,16,0.5509569442019814,0.6713455604519986,0.6854983246318086,0.02955411389146329,12.92485805535841
nslkdd_v2,LeakyParallel,delta,43,17,0.5372529524379475,0.6719813550658449,0.6852645523260344,0.02914220986510143,13.299237047551454
nslkdd_v2,LeakyParallel,delta,43,18,0.5299637490202278,0.6676338078579889,0.6816800436374971,0.02914220986510143,13.733720723917672
nslkdd_v2,LeakyParallel,delta,43,19,0.5252694510718712,0.670434035928251,0.6850307800202603,0.02903923385851097,14.222853087295954
nslkdd_v2,LeakyParallel,delta,43,20,0.515097760720086,0.6658650557814167,0.6785630795605081,0.028833281845330037,14.581352022711142
nslkdd_v2,LeakyParallel,delta,43,21,0.5100807571788898,0.6656496644414246,0.6762253565027663,0.02903923385851097,15.016279276082328
nslkdd_v2,LeakyParallel,delta,43,22,0.5105241181077949,0.6657047124577034,0.6741214057507987,0.02914220986510143,15.455509226401704
nslkdd_v2,LeakyParallel,delta,43,23,0.5084082862504025,0.6615189230333002,0.6679654016987454,0.028936257851920503,16.088582327892123
nslkdd_v2,LeakyParallel,delta,43,24,0.5025332663315928,0.6587411531225911,0.6664069196602509,0.028936257851920503,16.525195173882185
nslkdd_v2,LeakyParallel,delta,43,25,0.5013035323111636,0.6581066670850239,0.6679654016987454,0.02862732983214911,17.053229240596167
nslkdd_v2,LeakyParallel,delta,44,1,0.5295902498513388,0.6350544291309491,0.6674978570871971,0.02955411389146329,1.098207948899929
nslkdd_v2,LeakyParallel,delta,44,2,0.547813549955772,0.6384801679911413,0.6967193953089691,0.031201729996910718,2.2544801277501776
nslkdd_v2,LeakyParallel,delta,44,3,0.5906453299624417,0.6640965147882563,0.7409023611002883,0.030068993924415612,3.424902413058907
nslkdd_v2,LeakyParallel,delta,44,4,0.6478969193807749,0.6814008850923052,0.7575781189121795,0.03254041808258676,4.555624556422995
nslkdd_v2,LeakyParallel,delta,44,5,0.6738285993642011,0.701800115163364,0.7628769578430609,0.03470291422098651,5.5294091554293825
nslkdd_v2,LeakyParallel,delta,44,6,0.6793124225571457,0.7048060655561855,0.7575001948102548,0.03583565029348162,6.452714691270405
nslkdd_v2,LeakyParallel,delta,44,7,0.6744418383774501,0.6996961770924145,0.7433180082599548,0.03470291422098651,7.238511355571327
nslkdd_v2,LeakyParallel,delta,44,8,0.6506882232845032,0.6808501992119117,0.7201745499883114,0.03480589022757698,8.078291341376863
nslkdd_v2,LeakyParallel,delta,44,9,0.64812447663972,0.6809097987196756,0.719707005376763,0.034599938214396046,8.479595457771469
nslkdd_v2,LeakyParallel,delta,44,10,0.6466664666261852,0.6805653786476312,0.7215771838229564,0.034393986201215115,8.90791341376863
nslkdd_v2,LeakyParallel,delta,44,11,0.6508136098782896,0.682370078245812,0.7169796618093977,0.0335701781484914,9.161506387508872
nslkdd_v2,LeakyParallel,delta,44,12,0.6527076328561999,0.6822221998691537,0.7164341930959246,0.033364226135310475,9.552342086586231
nslkdd_v2,LeakyParallel,delta,44,13,0.6429337862377108,0.6726529868082188,0.7060702875399361,0.033158274122129544,9.845102909865153
nslkdd_v2,LeakyParallel,delta,44,14,0.6304515307326929,0.6658826733492822,0.6958622301877971,0.030892801977139325,10.104506742370475
nslkdd_v2,LeakyParallel,delta,44,15,0.6272672730864021,0.6641779633451608,0.6933686589262059,0.030789825970548863,10.37806068133428
nslkdd_v2,LeakyParallel,delta,44,16,0.6212989008677304,0.6640441711297748,0.6905633912569158,0.030686849963958398,10.821548970901349
nslkdd_v2,LeakyParallel,delta,44,17,0.6207055274344291,0.6668570560815064,0.6871347307722279,0.03048089795077747,11.28362313697658
nslkdd_v2,LeakyParallel,delta,44,18,0.6228014419158134,0.6683386531390801,0.6880698199953246,0.03048089795077747,11.770227111426543
nslkdd_v2,LeakyParallel,delta,44,19,0.6082610499999985,0.6607197960237147,0.6727966960180783,0.030377921944187005,12.273287792760824
nslkdd_v2,LeakyParallel,delta,44,20,0.5960254647686319,0.6552916187303781,0.6682770981064443,0.030377921944187005,12.818222143364087
nslkdd_v2,LeakyParallel,delta,44,21,0.5731233075341826,0.647170382548585,0.6564326346138861,0.028833281845330037,13.195218239886444
nslkdd_v2,LeakyParallel,delta,44,22,0.5613341369470307,0.6464771950022001,0.6551079248811658,0.028833281845330037,13.751463804116394
nslkdd_v2,LeakyParallel,delta,44,23,0.5650480770489412,0.6498938942715818,0.6553416971869399,0.028833281845330037,14.538812987934705
nslkdd_v2,LeakyParallel,delta,44,24,0.5487959722722716,0.6495443040730535,0.6545624561676927,0.028833281845330037,15.214380766501064
nslkdd_v2,LeakyParallel,delta,44,25,0.540416853637883,0.650092449605015,0.6506662510714564,0.028833281845330037,15.737801632363379
nslkdd_v2,LeakyParallel,delta,45,1,0.4932031403714553,0.6550911223419369,0.6766929011143147,0.028833281845330037,1.0532735982966643
nslkdd_v2,LeakyParallel,delta,45,2,0.5268959119258587,0.6679576774624993,0.7084859346996026,0.02955411389146329,2.2274662881476224
nslkdd_v2,LeakyParallel,delta,45,3,0.5467776392739796,0.6687764303531323,0.7184602197459674,0.029245185871691896,3.4457948899929027
nslkdd_v2,LeakyParallel,delta,45,4,0.5553213043386813,0.6722865942314923,0.7326424062962674,0.029451137884872823,4.702093683463449
nslkdd_v2,LeakyParallel,delta,45,5,0.5314014842602135,0.6765948317438798,0.7617860204161147,0.03048089795077747,5.81653655074521
nslkdd_v2,LeakyParallel,delta,45,6,0.5804522542081585,0.6668721673585478,0.7299929868308268,0.03027494593759654,6.779231724627396
nslkdd_v2,LeakyParallel,delta,45,7,0.599633215073631,0.6786620303957998,0.728824125301956,0.03161363402327258,7.697169978708303
nslkdd_v2,LeakyParallel,delta,45,8,0.6082089229705844,0.678828392239759,0.7269539468557625,0.03140768201009165,8.463848474095103
nslkdd_v2,LeakyParallel,delta,45,9,0.6062132210328531,0.6793249554621973,0.7260188576326658,0.03130470600350119,9.026614620298083
nslkdd_v2,LeakyParallel,delta,45,10,0.597853148076005,0.6761013345522169,0.7256292371230422,0.031201729996910718,9.555269694819021
nslkdd_v2,LeakyParallel,delta,45,11,0.5943223401518234,0.6808560302945652,0.7241486791864724,0.031201729996910718,10.026836408800568
nslkdd_v2,LeakyParallel,delta,45,12,0.5952660041489922,0.6810709219864886,0.7229798176576014,0.030892801977139325,10.310592618878637
nslkdd_v2,LeakyParallel,delta,45,13,0.5919152865075088,0.6775747830189375,0.7224343489441284,0.030892801977139325,10.650949254790632
nslkdd_v2,LeakyParallel,delta,45,14,0.557743321760165,0.6580108645219913,0.7005376763032806,0.028936257851920503,11.071061036195884
nslkdd_v2,LeakyParallel,delta,45,15,0.5612092421579583,0.6617865650970687,0.6934465830281306,0.028833281845330037,11.694331085876508
nslkdd_v2,LeakyParallel,delta,45,16,0.5693202929758637,0.6663295278895159,0.6981220291436141,0.028833281845330037,12.11555180979418
nslkdd_v2,LeakyParallel,delta,45,17,0.5753775690004109,0.6653638479790185,0.6967193953089691,0.029245185871691896,12.520670688431512
nslkdd_v2,LeakyParallel,delta,45,18,0.533107384940364,0.644404303087989,0.6800436374970779,0.02821542580578725,13.163635557132718
nslkdd_v2,LeakyParallel,delta,45,19,0.5391942030733973,0.6514297432835611,0.6778617626431855,0.028730305838739572,13.967751951738823
nslkdd_v2,LeakyParallel,delta,45,20,0.5335418732181714,0.6574809984498012,0.6821475882490454,0.028833281845330037,14.35805535841022
nslkdd_v2,LeakyParallel,delta,45,21,0.5351035677443846,0.656744816917038,0.6754461154835191,0.028730305838739572,14.94069375443577
nslkdd_v2,LeakyParallel,delta,45,22,0.5149893859847351,0.6409532966843453,0.6568222551235097,0.028009473792606324,15.747205464868701
nslkdd_v2,LeakyParallel,delta,45,23,0.5074623397970797,0.6391009542249095,0.6537052910465206,0.028009473792606324,16.37460078069553
nslkdd_v2,LeakyParallel,delta,45,24,0.5087833915876494,0.6421206158088841,0.6583028130600794,0.027803521779425393,17.00820617459191
nslkdd_v2,LeakyParallel,delta,45,25,0.5061427169027221,0.6444495261601279,0.6625107145640147,0.028318401812377717,17.559350603264726
nslkdd_v2,LeakyParallel,delta,46,1,0.5345933355008838,0.6296363725800653,0.6227694225824048,0.02903923385851097,0.9751596877217885
nslkdd_v2,LeakyParallel,delta,46,2,0.5876924291120299,0.6693401587881668,0.6808228785163251,0.029966017917825147,2.0127306600425836
nslkdd_v2,LeakyParallel,delta,46,3,0.6112228327872034,0.6705746512973331,0.6851087041221849,0.030583873957367932,3.0714602555003547
nslkdd_v2,LeakyParallel,delta,46,4,0.62137551685631,0.6694077842262923,0.690485467154991,0.03254041808258676,4.089779985805536
nslkdd_v2,LeakyParallel,delta,46,5,0.6224509383502751,0.6662452084641983,0.6921218732954103,0.032231490062815366,5.034066713981547
nslkdd_v2,LeakyParallel,delta,46,6,0.5981101420034729,0.6607421581311603,0.6878360476895504,0.0321285140562249,5.906848828956707
nslkdd_v2,LeakyParallel,delta,46,7,0.6084040951255594,0.6601652222384716,0.6875243512818515,0.032025538049634435,6.7210344215755855
nslkdd_v2,LeakyParallel,delta,46,8,0.5918410707303833,0.6509075051898198,0.6738876334450246,0.029966017917825147,7.446061036195884
nslkdd_v2,LeakyParallel,delta,46,9,0.613736557055632,0.6641507404123135,0.6914984804800125,0.0321285140562249,8.139238821859475
nslkdd_v2,LeakyParallel,delta,46,10,0.608193859969944,0.6604018326751626,0.6858879451414323,0.0321285140562249,8.462562100780696
nslkdd_v2,LeakyParallel,delta,46,11,0.5882751142968884,0.6446583009284387,0.6645367412140575,0.029657089898053754,9.00070972320795
nslkdd_v2,LeakyParallel,delta,46,12,0.5916938349473234,0.6466378887024701,0.6673420088833476,0.02955411389146329,9.367237402413059
nslkdd_v2,LeakyParallel,delta,46,13,0.5894922827856413,0.6523905474057545,0.6715499103872827,0.030377921944187005,9.848651525904897
nslkdd_v2,LeakyParallel,delta,46,14,0.5749468796166322,0.6467514738573924,0.6637575001948103,0.03027494593759654,10.429648687012065
nslkdd_v2,LeakyParallel,delta,46,15,0.5892507859435685,0.64452808313596,0.6622769422582405,0.028936257851920503,11.001996096522356
nslkdd_v2,LeakyParallel,delta,46,16,0.5828301608432368,0.6449275143533219,0.662978259175563,0.029451137884872823,11.653122782114975
nslkdd_v2,LeakyParallel,delta,46,17,0.5768313914795726,0.6494034023872637,0.6663289955583261,0.030068993924415612,12.204134137686303
nslkdd_v2,LeakyParallel,delta,46,18,0.562220919354725,0.6384962964195336,0.6533156705368971,0.02955411389146329,12.980793115684882
nslkdd_v2,LeakyParallel,delta,46,19,0.562380627949396,0.6385882657708288,0.6531598223330476,0.02914220986510143,13.527989709013484
nslkdd_v2,LeakyParallel,delta,46,20,0.5623647753882075,0.6389813569318729,0.6527702018234239,0.02903923385851097,13.726268630234209
nslkdd_v2,LeakyParallel,delta,46,21,0.5593647492868133,0.6394684767723616,0.6526922777214993,0.028730305838739572,13.926854151880766
nslkdd_v2,LeakyParallel,delta,46,22,0.559057908010485,0.6391993322597193,0.6523026572118756,0.02862732983214911,14.155074520936834
nslkdd_v2,LeakyParallel,delta,46,23,0.5491207824503455,0.6390425677434417,0.6500428582560586,0.028936257851920503,14.27971965933286
nslkdd_v2,LeakyParallel,delta,46,24,0.5345409108994765,0.6432811042581913,0.6559650900023377,0.029657089898053754,14.765214691270405
nslkdd_v2,LeakyParallel,delta,46,25,0.5235989645452973,0.6367378684112343,0.6481726798098651,0.029245185871691896,15.15223562810504
nslkdd_v2,LeakyParallel,latency,42,1,0.5311944272255587,0.5311555948918578,0.5283254110496377,0.06755226032334466,0.6370209368346345
nslkdd_v2,LeakyParallel,latency,42,2,0.5684945117547315,0.5630462955329284,0.6238603600093509,0.08928019771393265,1.4568399574166075
nslkdd_v2,LeakyParallel,latency,42,3,0.5769918820082378,0.5623378453533059,0.6307176809787267,0.10688909484090207,2.128592973740241
nslkdd_v2,LeakyParallel,latency,42,4,0.6027501349449158,0.5845751456297582,0.6717057585911322,0.10637421480794974,2.881165720369056
nslkdd_v2,LeakyParallel,latency,42,5,0.5890950084858171,0.5805988342639082,0.6573677238369828,0.0966944701884461,3.5623225691980127
nslkdd_v2,LeakyParallel,latency,42,6,0.5916664167481501,0.5764223960920865,0.676303280604691,0.11193491916383483,4.260379701916253
nslkdd_v2,LeakyParallel,latency,42,7,0.6022977449636775,0.5855285383655398,0.6644588171121328,0.10029863041911234,5.162304826117814
nslkdd_v2,LeakyParallel,latency,42,8,0.5965298002864852,0.5883200260456327,0.6671082365775735,0.09998970239934095,5.936612845990064
nslkdd_v2,LeakyParallel,latency,42,9,0.6048937725491246,0.5884231918045303,0.656744331021585,0.09865101431366492,6.72680092264017
nslkdd_v2,LeakyParallel,latency,42,10,0.6049134062138478,0.5902201201684433,0.6553416971869399,0.09690042220162702,7.673172462739531
nslkdd_v2,LeakyParallel,latency,42,11,0.5981344610543218,0.5953066365919157,0.6543286838619184,0.09082483781278962,8.62154009936125
nslkdd_v2,LeakyParallel,latency,42,12,0.592312486223194,0.5973186046202492,0.6534715187407465,0.09082483781278962,9.673172462739531
nslkdd_v2,LeakyParallel,latency,42,13,0.5832027895847444,0.5961023401864802,0.6505883269695317,0.09010400576665636,10.73500709723208
nslkdd_v2,LeakyParallel,latency,42,14,0.5813867589872606,0.5929065020283912,0.6472375905867684,0.09164864586551333,11.861204755145494
nslkdd_v2,LeakyParallel,latency,42,15,0.5673400784459257,0.5878372775542884,0.6416270552481883,0.0914426938523324,13.213981547196592
nslkdd_v2,LeakyParallel,latency,42,16,0.5670275628779881,0.588374222487351,0.6399127250058443,0.09092781381938009,14.53096167494677
nslkdd_v2,LeakyParallel,latency,42,17,0.5594360262680583,0.5872037312493172,0.6344580378711135,0.09041293378642776,15.911195883605394
nslkdd_v2,LeakyParallel,latency,42,18,0.56344951503519,0.5897078807056706,0.6330554040364684,0.08835341365461848,17.1805801987225
nslkdd_v2,LeakyParallel,latency,42,19,0.5697092106559822,0.59491632378977,0.6293929712460063,0.08382246936463804,18.62695173882186
nslkdd_v2,LeakyParallel,latency,42,20,0.5861304639032103,0.6125243415978083,0.6447440193251773,0.08145402121305735,20.141634137686303
nslkdd_v2,LeakyParallel,latency,42,21,0.6024325650126788,0.6232800448783605,0.6516013402945531,0.07898259705488621,21.691403477643718
nslkdd_v2,LeakyParallel,latency,42,22,0.5907366654531578,0.6202049657235105,0.640847814228941,0.07723200494284832,23.00567778566359
nslkdd_v2,LeakyParallel,latency,42,23,0.5837857293722617,0.6225339681903156,0.6371074573365542,0.07506950880444857,24.244544002838893
nslkdd_v2,LeakyParallel,latency,42,24,0.5780109153112231,0.6225524068630446,0.6307176809787267,0.0720832046133251,25.257008516678496
nslkdd_v2,LeakyParallel,latency,42,25,0.5630699991707409,0.6208092575460629,0.6234707394997273,0.07125939656060137,26.33596522356281
nslkdd_v2,LeakyParallel,latency,43,1,0.476980977114693,0.5726054442991206,0.5672874620120003,0.05025229121614664,1.1795599716110716
nslkdd_v2,LeakyParallel,latency,43,2,0.5175749323116241,0.5996826099614079,0.6704589729603366,0.07826176500875295,2.3702980837473384
nslkdd_v2,LeakyParallel,latency,43,3,0.5249664282458643,0.6055098769193592,0.6940699758435284,0.10040160642570281,3.5115773598296665
nslkdd_v2,LeakyParallel,latency,43,4,0.5316066220751878,0.6061479886584548,0.7024857788513987,0.10791885490680671,4.791075230660042
nslkdd_v2,LeakyParallel,latency,43,5,0.5445801234052114,0.6102383843572879,0.7019403101379257,0.10328493461023582,5.891722853087296
nslkdd_v2,LeakyParallel,latency,43,6,0.5542775867669729,0.6261291271217646,0.7201745499883114,0.09720935022139841,7.0736337828246985
nslkdd_v2,LeakyParallel,latency,43,7,0.5604240132032601,0.6231777544913748,0.7206420945998597,0.10307898259705489,7.95431156848829
nslkdd_v2,LeakyParallel,latency,43,8,0.5601615480981001,0.6236468967428195,0.7154211797709031,0.09865101431366492,9.04764017033357
nslkdd_v2,LeakyParallel,latency,43,9,0.5905587606152551,0.6256999207214126,0.7095768721265487,0.09133971784574194,10.321149751596877
nslkdd_v2,LeakyParallel,latency,43,10,0.5772709905431628,0.625365731507403,0.7051351983168394,0.09278138193800844,11.59111071682044
nslkdd_v2,LeakyParallel,latency,43,11,0.589623501372403,0.617526253270904,0.6919660250915608,0.09154566985892287,13.175479063165366
nslkdd_v2,LeakyParallel,latency,43,12,0.5810107442829254,0.6219683286036336,0.6942258240473779,0.08814746164143754,14.997693399574166
nslkdd_v2,LeakyParallel,latency,43,13,0.5897642028169781,0.6260352252882483,0.6897841502376685,0.08794150962825661,16.9513839602555
nslkdd_v2,LeakyParallel,latency,43,14,0.5987481205937656,0.6308197067916802,0.6900958466453674,0.08608794150962826,19.239531582682755
nslkdd_v2,LeakyParallel,latency,43,15,0.594450467011735,0.6330999481329423,0.6877581235876257,0.08474925342395222,21.6889194464159
nslkdd_v2,LeakyParallel,latency,43,16,0.5891377346841512,0.6354499065113047,0.6893166056261202,0.08413139738440943,24.4138573456352
nslkdd_v2,LeakyParallel,latency,43,17,0.5813257807516781,0.6368008809510367,0.6888490610145718,0.08320461332509525,27.150771823988645
nslkdd_v2,LeakyParallel,latency,43,18,0.5734991955311942,0.6400174969424229,0.6888490610145718,0.08186592523941921,29.691891412349182
nslkdd_v2,LeakyParallel,latency,43,19,0.5934504694107611,0.6494695860791806,0.6945375204550768,0.08042426114715272,32.32846877217885
nslkdd_v2,LeakyParallel,latency,43,20,0.6079705275326919,0.664057994464588,0.7042001090937426,0.07754093296261971,34.914788857345634
nslkdd_v2,LeakyParallel,latency,43,21,0.6072318779942146,0.6732346159750667,0.7083300864957531,0.0752754608176295,37.53224804826118
nslkdd_v2,LeakyParallel,latency,43,22,0.5990179263035655,0.6792281458537501,0.7123821397958389,0.07403974873854392,39.82097232079489
nslkdd_v2,LeakyParallel,latency,43,23,0.5958336039873081,0.6774903987776166,0.7065378321514845,0.0732159406858202,42.184528034066716
nslkdd_v2,LeakyParallel,latency,43,24,0.5838925110942313,0.6780174058167171,0.7038884126860437,0.07280403665945835,44.52124733853797
nslkdd_v2,LeakyParallel,latency,43,25,0.5713460918148636,0.6732404766967766,0.6958622301877971,0.07198022860673463,46.99001951738822
nslkdd_v2,LeakyParallel,latency,44,1,0.5558686668788896,0.6026603879336678,0.5901971479778696,0.029451137884872823,0.8013218594748048
nslkdd_v2,LeakyParallel,latency,44,2,0.5797823424875798,0.6116045492361527,0.62978259175563,0.04767789105138503,1.6323633782824698
nslkdd_v2,LeakyParallel,latency,44,3,0.6120261628622135,0.6356013756827573,0.7049014260110652,0.06333024405313561,2.6707327892122072
nslkdd_v2,LeakyParallel,latency,44,4,0.5858328842274816,0.6339007216450719,0.723135665861451,0.07702605292966738,3.351446061036196
nslkdd_v2,LeakyParallel,latency,44,5,0.573299074879525,0.62381615029459,0.7327203303981922,0.10184327051796932,4.265170333569908
nslkdd_v2,LeakyParallel,latency,44,6,0.579767191599038,0.6243170767218932,0.7327982545001169,0.09926887035320771,5.068931866572037
nslkdd_v2,LeakyParallel,latency,44,7,0.5553340457430914,0.6107378522924231,0.7304605314423751,0.1114200391308825,5.8309971611071685
nslkdd_v2,LeakyParallel,latency,44,8,0.5589812974183669,0.6114680233257319,0.7305384555442999,0.109978375038616,6.598651525904897
nslkdd_v2,LeakyParallel,latency,44,9,0.555839269957935,0.615173404304702,0.7309280760539235,0.1111111111111111,7.342574520936835
nslkdd_v2,LeakyParallel,latency,44,10,0.5618504265662219,0.6241107556054071,0.7310839242577729,0.10400576665636907,8.176188786373315
nslkdd_v2,LeakyParallel,latency,44,11,0.56254743006398,0.6289591916837384,0.7319410893789449,0.0995777983729791,8.962074166075231
nslkdd_v2,LeakyParallel,latency,44,12,0.5719622323167262,0.637977968493495,0.7356035221694069,0.09597363814231284,9.884403832505322
nslkdd_v2,LeakyParallel,latency,44,13,0.5691856206180776,0.6339857891274163,0.7229018935556768,0.09257542992482752,10.798571682044003
nslkdd_v2,LeakyParallel,latency,44,14,0.5818442890592129,0.6386300297132632,0.7241486791864724,0.0906188857996087,11.74126153300213
nslkdd_v2,LeakyParallel,latency,44,15,0.5736956087341133,0.6351318930413615,0.7123821397958389,0.08866234167438987,12.833303761533003
nslkdd_v2,LeakyParallel,latency,44,16,0.5760068988224061,0.63484098200501,0.7077066936803553,0.0871177015755329,13.903300212916962
nslkdd_v2,LeakyParallel,latency,44,17,0.5734436414198901,0.6349831573987396,0.6932907348242812,0.0842343733909999,15.315294535131299
nslkdd_v2,LeakyParallel,latency,44,18,0.5743715558885667,0.6426102253723059,0.6985116496532378,0.08227782926578107,16.894073811213627
nslkdd_v2,LeakyParallel,latency,44,19,0.5895779546036761,0.6496189286434736,0.698979194264786,0.08052723715374317,18.77000532292406
nslkdd_v2,LeakyParallel,latency,44,20,0.6017492267927372,0.6557854564367224,0.6982778773474636,0.07558438883740089,20.74276969481902
nslkdd_v2,LeakyParallel,latency,44,21,0.6261897218559423,0.6694660159778711,0.7087976311073015,0.07342189269900114,22.7221877217885
nslkdd_v2,LeakyParallel,latency,44,22,0.6400682274603225,0.6770778957532672,0.7068495285591834,0.06508083616517352,24.39540454222853
nslkdd_v2,LeakyParallel,latency,44,23,0.6213420054877099,0.6806959703037283,0.7068495285591834,0.06343322005972608,26.02426366217175
nslkdd_v2,LeakyParallel,latency,44,24,0.6213864042452102,0.6962655860581936,0.7017844619340762,0.040160642570281124,27.503504258339248
nslkdd_v2,LeakyParallel,latency,44,25,0.6108810808586742,0.6937215294143076,0.6954726096781735,0.03943981052414788,29.0750088715401
nslkdd_v2,LeakyParallel,latency,45,1,0.5163722533715536,0.5749658994232195,0.5695472609678174,0.054371331479765216,0.6530784244144784
nslkdd_v2,LeakyParallel,latency,45,2,0.5783350884634854,0.5724149623171062,0.6315748460998987,0.09566471012254145,1.4914389638041163
nslkdd_v2,LeakyParallel,latency,45,3,0.5438464654746207,0.5764217683196936,0.6515234161926284,0.09906291834002677,2.2675656493967353
nslkdd_v2,LeakyParallel,latency,45,4,0.5662161355409364,0.5859908736865574,0.6734980129354009,0.11049325507156832,3.118789921930447
nslkdd_v2,LeakyParallel,latency,45,5,0.609897176641627,0.5852170749945573,0.657601496142757,0.1056533827618165,4.091509936124911
nslkdd_v2,LeakyParallel,latency,45,6,0.6179259350968358,0.5975298197836927,0.6784851554585833,0.11069920708474926,4.952537260468417
nslkdd_v2,LeakyParallel,latency,45,7,0.6113037679997501,0.5990797647566026,0.6775500662354866,0.10462362269591186,5.975070972320795
nslkdd_v2,LeakyParallel,latency,45,8,0.6171310122403298,0.6004602438747914,0.6731083924257772,0.10112243847183607,6.924813697657913
nslkdd_v2,LeakyParallel,latency,45,9,0.6182127496536195,0.6005984837719924,0.670926517571885,0.10019565441252189,7.971344925479063
nslkdd_v2,LeakyParallel,latency,45,10,0.6208620318966123,0.6091431286265221,0.6719395308969064,0.09267840593141798,9.103042938254081
nslkdd_v2,LeakyParallel,latency,45,11,0.6228094566064251,0.6129210716760577,0.6730304683238526,0.08989805375347544,10.25
nslkdd_v2,LeakyParallel,latency,45,12,0.6282777522064029,0.6210188187793657,0.6744331021584976,0.08680877355576151,11.433019872249822
nslkdd_v2,LeakyParallel,latency,45,13,0.6185045918539113,0.6214589216967089,0.6711602898776592,0.08639686952939965,12.78486515259049
nslkdd_v2,LeakyParallel,latency,45,14,0.6219070915791203,0.6242525591761049,0.6752123431777449,0.08845638966120895,14.240019517388218
nslkdd_v2,LeakyParallel,latency,45,15,0.62563664916625,0.6294177370197394,0.6741993298527235,0.08577901348985686,15.88875088715401
nslkdd_v2,LeakyParallel,latency,45,16,0.6236361953932734,0.6311698820139814,0.6738097093430998,0.08577901348985686,17.709412704045423
nslkdd_v2,LeakyParallel,latency,45,17,0.6144700022042817,0.6336022425004812,0.6731083924257772,0.08577901348985686,19.584811923349893
nslkdd_v2,LeakyParallel,latency,45,18,0.6082250385017229,0.6350389777598806,0.6728746201200031,0.08474925342395222,21.583791696238467
nslkdd_v2,LeakyParallel,latency,45,19,0.6172643953030219,0.6417809886442363,0.6756019636873685,0.082483781278962,23.58543293115685
nslkdd_v2,LeakyParallel,latency,45,20,0.6155847338204334,0.6516820532434742,0.6805891062105509,0.07826176500875295,25.523420865862313
nslkdd_v2,LeakyParallel,latency,45,21,0.6062927184468974,0.6622523538214131,0.6897062261357438,0.07455462877149624,27.481147977288856
nslkdd_v2,LeakyParallel,latency,45,22,0.5941717985326346,0.6590699633818019,0.6823034364528949,0.0729070126660488,28.987579843860892
nslkdd_v2,LeakyParallel,latency,45,23,0.5801658409641768,0.659820711481593,0.6804332580067015,0.07115642055401092,30.379790631653655
nslkdd_v2,LeakyParallel,latency,45,24,0.5744655736418234,0.6604515356253899,0.6763812047066158,0.06775821233652558,31.678317955997162
nslkdd_v2,LeakyParallel,latency,45,25,0.5594057829276176,0.651927521383973,0.6611080807293696,0.06662547626403048,33.034066713981545
nslkdd_v2,LeakyParallel,latency,46,1,0.49880573546245144,0.5810954828028709,0.618717369282319,0.06806714035629698,0.46052164655784245
nslkdd_v2,LeakyParallel,latency,46,2,0.529991236355366,0.5670208509274383,0.7033429439725707,0.10750695088044486,1.0859208658623136
nslkdd_v2,LeakyParallel,latency,46,3,0.5730872832807703,0.5781734543539209,0.7432400841580301,0.14323962516733602,1.7481369765791341
nslkdd_v2,LeakyParallel,latency,46,4,0.572161315713313,0.5906505730010498,0.7601496142756955,0.14550509731232622,2.4252572746628815
nslkdd_v2,LeakyParallel,latency,46,5,0.572123363790534,0.5967806216207812,0.756876801994857,0.14828544949026876,3.0735450674237046
nslkdd_v2,LeakyParallel,latency,46,6,0.5773095157071662,0.6001388621800278,0.7656043014104262,0.14859437751004015,3.8127661462029807
nslkdd_v2,LeakyParallel,latency,46,7,0.5672054719928914,0.6114210581150314,0.7671627834489207,0.14159200906188857,4.627661462029808
nslkdd_v2,LeakyParallel,latency,46,8,0.5821635692983583,0.619814861353306,0.7632665783526845,0.1334569045412419,5.634669978708303
nslkdd_v2,LeakyParallel,latency,46,9,0.5748357997786729,0.6266244265428088,0.7615522481103405,0.12182061579651941,6.65471965933286
nslkdd_v2,LeakyParallel,latency,46,10,0.5793132730901012,0.6355174440778467,0.7653705291046521,0.11811347955926269,7.617459190915543
nslkdd_v2,LeakyParallel,latency,46,11,0.576607929695965,0.6431087745942959,0.7616301722122653,0.1102873030583874,8.782869056068133
nslkdd_v2,LeakyParallel,latency,46,12,0.5756056902386129,0.640378568928867,0.7510324943505026,0.10802183091339718,9.807177075940384
nslkdd_v2,LeakyParallel,latency,46,13,0.5755125052843606,0.6441159580763046,0.7477596820696641,0.10688909484090207,11.080597941802697
nslkdd_v2,LeakyParallel,latency,46,14,0.5745703361048065,0.6481355198676386,0.7476038338658147,0.10575635876840696,12.449920156139106
nslkdd_v2,LeakyParallel,latency,46,15,0.5707517684655796,0.6460229252862011,0.7413699057118367,0.1056533827618165,13.874245919091555
nslkdd_v2,LeakyParallel,latency,46,16,0.5619728870510238,0.6434415848796976,0.7737863321125225,0.11831943157244362,15.332815826827538
nslkdd_v2,LeakyParallel,latency,46,17,0.562257805185918,0.6457718474379914,0.7344346606405361,0.10194624652455977,16.851756564939674
nslkdd_v2,LeakyParallel,latency,46,18,0.5722980465599549,0.6514764701692244,0.73334372321359,0.09700339820821749,18.526836408800566
nslkdd_v2,LeakyParallel,latency,46,19,0.5757206980950441,0.6577565039856329,0.7366165354944284,0.0917516218721038,20.304870475514548
nslkdd_v2,LeakyParallel,latency,46,20,0.5809093305792393,0.6639897109196776,0.7269539468557625,0.0871177015755329,22.022400638750888
nslkdd_v2,LeakyParallel,latency,46,21,0.5926996866763855,0.6666112059504036,0.7168238136055481,0.08341056533827618,23.79094215755855
nslkdd_v2,LeakyParallel,latency,46,22,0.5960209006461816,0.6655486669067501,0.7044338813995169,0.07970342910101946,25.21704222853087
nslkdd_v2,LeakyParallel,latency,46,23,0.6239531306024616,0.6614335615743875,0.6879139717914751,0.07795283698898156,26.536639460610363
nslkdd_v2,LeakyParallel,latency,46,24,0.6236020112816616,0.6610507833583164,0.6830826774721421,0.07548141283081042,27.71930447125621
nslkdd_v2,LeakyParallel,latency,46,25,0.6183432800281145,0.6528764738522636,0.6718616067949816,0.07486355679126763,28.99001951738822
nslkdd_v2,LeakyParallel,rate,42,1,0.12042784064486127,0.0,0.0,0.0,0.0
nslkdd_v2,LeakyParallel,rate,42,2,0.12042784064486127,0.0,0.0,0.0,0.0
nslkdd_v2,LeakyParallel,rate,42,3,0.14862231194923184,0.13180944803611488,0.03506584586612639,0.0013386880856760374,0.02102555003548616
nslkdd_v2,LeakyParallel,rate,42,4,0.3230047807828962,0.4003720864418914,0.31216395231044963,0.024096385542168676,0.4867370475514549
nslkdd_v2,LeakyParallel,rate,42,5,0.42248784651796323,0.5124714338080691,0.4761162627600717,0.049531459170013385,1.1901171043293115
nslkdd_v2,LeakyParallel,rate,42,6,0.4679484028495039,0.604504576641673,0.550923400607808,0.01606425702811245,1.8491838183108589
nslkdd_v2,LeakyParallel,rate,42,7,0.4826030554261302,0.6141252989477645,0.5815475726642251,0.02986304191123468,2.5898243435060326
nslkdd_v2,LeakyParallel,rate,42,8,0.4786902246394815,0.601289633685427,0.5951842905010519,0.054165379466584285,3.357168204400284
nslkdd_v2,LeakyParallel,rate,42,9,0.5070329541968225,0.6191693331592308,0.6128730616379646,0.04685408299866131,4.159953867991483
nslkdd_v2,LeakyParallel,rate,42,10,0.5113510062954032,0.6372251449135401,0.625808462557469,0.03696838636597673,4.980305180979418
nslkdd_v2,LeakyParallel,rate,42,11,0.5000176139280673,0.626175595122813,0.6268214758824905,0.05241478735454639,5.813520227111426
nslkdd_v2,LeakyParallel,rate,42,12,0.5156235929294428,0.6397117898968673,0.6356268993999844,0.04314694676140459,6.671974804826117
nslkdd_v2,LeakyParallel,rate,42,13,0.5104208330368736,0.642691901591901,0.6369516091327048,0.03943981052414788,7.510379701916253
nslkdd_v2,LeakyParallel,rate,42,14,0.5301836626930462,0.645292360949688,0.6422504480635861,0.04222016270209041,8.37526614620298
nslkdd_v2,LeakyParallel,rate,42,15,0.5318872022308571,0.6487854838213689,0.642562144471285,0.037998146431881374,9.230172107877928
nslkdd_v2,LeakyParallel,rate,42,16,0.5226507503660416,0.6516190636388148,0.6460687290578976,0.03738029039233858,10.106192334989354
nslkdd_v2,LeakyParallel,rate,42,17,0.540502987322548,0.6542438650371107,0.6477051351983169,0.03583565029348162,10.963271823988645
nslkdd_v2,LeakyParallel,rate,42,18,0.5459736658561252,0.6564584083517367,0.648796072625263,0.03387910616826279,11.841864797728885
nslkdd_v2,LeakyParallel,rate,42,19,0.5376276465498564,0.6580943753914131,0.6500428582560586,0.03346720214190094,12.716864797728885
nslkdd_v2,LeakyParallel,rate,42,20,0.5378763923983971,0.6602627280365282,0.6501207823579833,0.030377921944187005,13.593727821149752
nslkdd_v2,LeakyParallel,rate,42,21,0.5436839983835804,0.6608612184205425,0.6509779474791553,0.030789825970548863,14.477111426543647
nslkdd_v2,LeakyParallel,rate,42,22,0.540198532482587,0.6630240989391616,0.651913036702252,0.029451137884872823,15.35903122782115
nslkdd_v2,LeakyParallel,rate,42,23,0.5449277903755515,0.6631172646711584,0.6527702018234239,0.02955411389146329,16.238866217175303
nslkdd_v2,LeakyParallel,rate,42,24,0.5402807022477255,0.6647899657046263,0.6526922777214993,0.027597569766244466,17.12513307310149
nslkdd_v2,LeakyParallel,rate,42,25,0.5405143063813094,0.6644339150506334,0.6533935946388217,0.028112449799196786,18.010335344215754
nslkdd_v2,LeakyParallel,rate,43,1,0.12042784064486127,0.0,0.0,0.0,0.0
nslkdd_v2,LeakyParallel,rate,43,2,0.12041917281577479,-0.003872828036091237,0.0,0.00010297600659046442,4.435770049680625e-05
nslkdd_v2,LeakyParallel,rate,43,3,0.1838810827112137,0.18159717307334355,0.062027585132081356,0.0025744001647616107,0.036550745209368345
nslkdd_v2,LeakyParallel,rate,43,4,0.3679011386025145,0.4398369073433745,0.3368658926205875,0.017299969107198023,0.22924059616749468
nslkdd_v2,LeakyParallel,rate,43,5,0.4362813566617123,0.5584849831204807,0.5355723525286371,0.059211203789517046,0.5871185237757275
nslkdd_v2,LeakyParallel,rate,43,6,0.4661715490082569,0.6057129746675824,0.6009506740434817,0.06992070847492535,1.2256476224272534
nslkdd_v2,LeakyParallel,rate,43,7,0.47646067762445715,0.6246575426755174,0.622146029767007,0.06775821233652558,1.7828690560681335
nslkdd_v2,LeakyParallel,rate,43,8,0.4991671940825733,0.6302721355379907,0.6318086184056729,0.07239213263309649,2.48403122782115
nslkdd_v2,LeakyParallel,rate,43,9,0.5142790881749295,0.6398113047794902,0.6454453362424998,0.07424570075172485,3.2022711142654363
nslkdd_v2,LeakyParallel,rate,43,10,0.523529492338967,0.6443110024309683,0.6523026572118756,0.07465760477808671,3.947391767210788
nslkdd_v2,LeakyParallel,rate,43,11,0.5235775322306943,0.65091923232983,0.659549598690875,0.07465760477808671,4.73305535841022
nslkdd_v2,LeakyParallel,rate,43,12,0.5254685459321642,0.6522756755812535,0.6618093976466921,0.07548141283081042,5.527812278211497
nslkdd_v2,LeakyParallel,rate,43,13,0.5280807769504745,0.6558564885511772,0.6667965401698746,0.0752754608176295,6.3382274662881475
nslkdd_v2,LeakyParallel,rate,43,14,0.5268266060337577,0.6582138478426145,0.669212187329541,0.0752754608176295,7.157824698367636
nslkdd_v2,LeakyParallel,rate,43,15,0.5269447568526731,0.6594316606216977,0.6714719862853581,0.07537843682421996,7.998181334279631
nslkdd_v2,LeakyParallel,rate,43,16,0.5301473996080128,0.6619268860803095,0.6741993298527235,0.07517248481103903,8.833436834634492
nslkdd_v2,LeakyParallel,rate,43,17,0.5305232614716033,0.6622770306287885,0.6753681913815943,0.0752754608176295,9.683685237757274
nslkdd_v2,LeakyParallel,rate,43,18,0.5365699141563138,0.6634536086715828,0.6770825216239383,0.07558438883740089,10.541918026969482
nslkdd_v2,LeakyParallel,rate,43,19,0.5330264223861522,0.6648903292332391,0.6791864723759059,0.07568736484399136,11.402723562810504
nslkdd_v2,LeakyParallel,rate,43,20,0.5390766917854742,0.6658072372393258,0.6796540169874542,0.07548141283081042,12.262996806245564
nslkdd_v2,LeakyParallel,rate,43,21,0.5406058844771846,0.6662834419082945,0.6809787267201746,0.07579034085058181,13.13817423704755
nslkdd_v2,LeakyParallel,rate,43,22,0.5463667427545043,0.6672266913405991,0.6823813605548196,0.07579034085058181,14.007452093683463
nslkdd_v2,LeakyParallel,rate,43,23,0.5472622523747217,0.667456696442246,0.6826151328605938,0.07579034085058181,14.873136976579135
nslkdd_v2,LeakyParallel,rate,43,24,0.5518061725797707,0.6675303715340353,0.6826930569625185,0.07579034085058181,15.752262242725337
nslkdd_v2,LeakyParallel,rate,43,25,0.5522552069194555,0.6677283518350652,0.6833164497779163,0.0760992688703532,16.62122959545777
nslkdd_v2,LeakyParallel,rate,44,1,0.12042784064486127,0.0,0.0,0.0,0.0
nslkdd_v2,LeakyParallel,rate,44,2,0.12042784064486127,0.0,0.0,0.0,0.0
nslkdd_v2,LeakyParallel,rate,44,3,0.17022075211854856,0.17170613124405432,0.06280682615132861,0.00442796828338997,0.039389638041163945
nslkdd_v2,LeakyParallel,rate,44,4,0.3810656761202821,0.45292641994776695,0.3668666718616068,0.028936257851920503,0.3563697657913414
nslkdd_v2,LeakyParallel,rate,44,5,0.4488660937016621,0.554117204064145,0.5071300553261123,0.03861600247142416,1.012375798438609
nslkdd_v2,LeakyParallel,rate,44,6,0.4895780095736958,0.6035496931951786,0.5638588015273124,0.035732674286891156,1.5841909155429383
nslkdd_v2,LeakyParallel,rate,44,7,0.5119193224016781,0.6116915401490822,0.5851320813527624,0.04458861085367109,2.296753016323634
nslkdd_v2,LeakyParallel,rate,44,8,0.524275927899174,0.6211577731195755,0.5978337099664927,0.04397075481412831,2.962429027679205
nslkdd_v2,LeakyParallel,rate,44,9,0.5362454484397028,0.6228128693884524,0.6050806514454921,0.04644217897229946,3.6981902058197305
nslkdd_v2,LeakyParallel,rate,44,10,0.5440149889877772,0.6260496189806346,0.6103794903763734,0.04788384306456596,4.443266501064585
nslkdd_v2,LeakyParallel,rate,44,11,0.5511819324867668,0.628517614299503,0.6184835969765449,0.0503552672227371,5.1936213626685594
nslkdd_v2,LeakyParallel,rate,44,12,0.5569095238665244,0.6285436754990912,0.6207433959323618,0.051076099268870356,5.950629879347055
nslkdd_v2,LeakyParallel,rate,44,13,0.5577998277929762,0.6294238970416234,0.623548663601652,0.05159097930182267,6.728220369056068
nslkdd_v2,LeakyParallel,rate,44,14,0.5587543755044407,0.630345989390974,0.6276786410036624,0.05282669138090825,7.497515968772179
nslkdd_v2,LeakyParallel,rate,44,15,0.5640408817242214,0.6319818446738168,0.6307956050806515,0.05251776336113686,8.289389638041165
nslkdd_v2,LeakyParallel,rate,44,16,0.5596754665004231,0.6307145031597146,0.6316527702018234,0.054371331479765216,9.082150461320085
nslkdd_v2,LeakyParallel,rate,44,17,0.5607869153435019,0.6328818343604503,0.6339125691576405,0.05282669138090825,9.875221788502484
nslkdd_v2,LeakyParallel,rate,44,18,0.5653023470546059,0.6332268163739672,0.6367957609288553,0.05478323550612707,10.673216820440029
nslkdd_v2,LeakyParallel,rate,44,19,0.5658765626217638,0.633713503846784,0.6378087742538767,0.053032643394089175,11.472143364088005
nslkdd_v2,LeakyParallel,rate,44,20,0.5652400005467342,0.6323292194329287,0.6375750019481026,0.05447430748635568,12.267964868701206
nslkdd_v2,LeakyParallel,rate,44,21,0.5711441491977777,0.6354627306122892,0.6402244214135432,0.05220883534136546,13.070306955287437
nslkdd_v2,LeakyParallel,rate,44,22,0.5702275026527668,0.6347075666429581,0.6414712070443388,0.05344454742045104,13.874778211497516
nslkdd_v2,LeakyParallel,rate,44,23,0.5712973942420898,0.6364489024021915,0.6420166757578118,0.05169395530841314,14.67667672107878
nslkdd_v2,LeakyParallel,rate,44,24,0.5751242583361138,0.6359223860700395,0.6424062962674355,0.05334157141386057,15.481591554293825
nslkdd_v2,LeakyParallel,rate,44,25,0.576381277068891,0.6372389727674217,0.6427179926751344,0.051076099268870356,16.29182931156849
nslkdd_v2,LeakyParallel,rate,45,1,0.12042784064486127,0.0,0.0,0.0,0.0
nslkdd_v2,LeakyParallel,rate,45,2,0.12042784064486127,0.0,0.0,0.0,0.0
nslkdd_v2,LeakyParallel,rate,45,3,0.12869934168456337,0.061397757558130504,0.008571651211719785,0.0009267840593141798,0.00532292405961675
nslkdd_v2,LeakyParallel,rate,45,4,0.32687924512407057,0.4130027309365787,0.31341073794124524,0.016476161054474307,0.20120652945351314
nslkdd_v2,LeakyParallel,rate,45,5,0.4283408806450016,0.5403492154609829,0.5194420634302189,0.06168262794768819,0.7032469836763662
nslkdd_v2,LeakyParallel,rate,45,6,0.4499471632100101,0.568918693037696,0.5620665471830437,0.06827309236947791,1.3036728176011356
nslkdd_v2,LeakyParallel,rate,45,7,0.4710596321991428,0.5994098225724751,0.5855217018623861,0.05725465966429822,1.8794801277501774
nslkdd_v2,LeakyParallel,rate,45,8,0.47747820271742125,0.603748366476445,0.5953401387049014,0.06157965194109773,2.5933286018452804
nslkdd_v2,LeakyParallel,rate,45,9,0.47704407331643706,0.609642437119797,0.6136523026572118,0.07043558850787766,3.2537704045422284
nslkdd_v2,LeakyParallel,rate,45,10,0.48207431935347983,0.6183265941507862,0.6140419231668355,0.05869632375656472,3.984918381831086
nslkdd_v2,LeakyParallel,rate,45,11,0.48539400897545165,0.6214533710643558,0.621834333359308,0.06157965194109773,4.702670333569908
nslkdd_v2,LeakyParallel,rate,45,12,0.4842194822057445,0.6182290263589241,0.6230031948881789,0.06508083616517352,5.4646912704045425
nslkdd_v2,LeakyParallel,rate,45,13,0.48915553740038675,0.6283859871439587,0.6259643107613184,0.05447430748635568,6.226446061036196
nslkdd_v2,LeakyParallel,rate,45,14,0.4889297578302827,0.624581915509794,0.6273669445959635,0.05941715580269797,6.989930801987225
nslkdd_v2,LeakyParallel,rate,45,15,0.4910635147413084,0.6293834760660846,0.6284578820229096,0.054371331479765216,7.77013839602555
nslkdd_v2,LeakyParallel,rate,45,16,0.4927730084406172,0.6301258406963892,0.6293150471440817,0.05251776336113686,8.557088360539389
nslkdd_v2,LeakyParallel,rate,45,17,0.49300768764034525,0.6318672493925839,0.6303280604691031,0.05128205128205128,9.343506032647268
nslkdd_v2,LeakyParallel,rate,45,18,0.4953109440702722,0.6342256858439869,0.6298605158575548,0.047265987025023166,10.141722853087296
nslkdd_v2,LeakyParallel,rate,45,19,0.4950829315587756,0.6333515707261262,0.6297046676537053,0.0489136031304706,10.934483676366217
nslkdd_v2,LeakyParallel,rate,45,20,0.4963764380525665,0.6364714711410628,0.6305618327748773,0.04407373082071877,11.73429737402413
nslkdd_v2,LeakyParallel,rate,45,21,0.49643175046167765,0.6363788949623138,0.6303280604691031,0.043455874781175984,12.537260468417317
nslkdd_v2,LeakyParallel,rate,45,22,0.4977092800135988,0.6380246446812265,0.6304839086729526,0.04098445062300484,13.341598651525905
nslkdd_v2,LeakyParallel,rate,45,23,0.499181371182395,0.6399697114531973,0.6307956050806515,0.03892493049119555,14.144073811213627
nslkdd_v2,LeakyParallel,rate,45,24,0.4995495131776074,0.6404816967774573,0.630639756876802,0.037895170425290906,14.961453158268275
nslkdd_v2,LeakyParallel,rate,45,25,0.5006149399814059,0.6421419789054357,0.6304839086729526,0.03521779425393883,15.7625088715401
nslkdd_v2,LeakyParallel,rate,46,1,0.12042784064486127,0.0,0.0,0.0,0.0
nslkdd_v2,LeakyParallel,rate,46,2,0.12041917281577479,-0.005152176434797396,0.0,0.00010297600659046442,4.435770049680625e-05
nslkdd_v2,LeakyParallel,rate,46,3,0.21149103485450937,0.22910727677383497,0.11111976934465831,0.005045824322932757,0.06556068133427963
nslkdd_v2,LeakyParallel,rate,46,4,0.4093780040543088,0.5330222252418549,0.4575703265019871,0.021521985377407064,0.3670599716110717
nslkdd_v2,LeakyParallel,rate,46,5,0.4205792926576084,0.5408487182426812,0.5270786254188421,0.06971475646174441,1.1183463449254791
nslkdd_v2,LeakyParallel,rate,46,6,0.45597564251489764,0.5621059672303295,0.5508454765058832,0.06981773246833488,1.6908268275372604
nslkdd_v2,LeakyParallel,rate,46,7,0.47498013549435514,0.5853434409783375,0.5893399828566975,0.06806714035629698,2.4204222853087294
nslkdd_v2,LeakyParallel,rate,46,8,0.5003313911458214,0.5933119634098273,0.6011844463492558,0.07331891669241067,3.155030163236338
nslkdd_v2,LeakyParallel,rate,46,9,0.5266670215615481,0.5983676878179498,0.6013402945531052,0.07300998867263928,3.9243257629524484
nslkdd_v2,LeakyParallel,rate,46,10,0.5253094768849371,0.6055797531920348,0.6140419231668355,0.07331891669241067,4.700496806245564
nslkdd_v2,LeakyParallel,rate,46,11,0.5266143928245816,0.6132141607324437,0.6294708953479311,0.07342189269900114,5.5056777856635915
nslkdd_v2,LeakyParallel,rate,46,12,0.5367142629288603,0.6156505122899537,0.6353152029922855,0.07424570075172485,6.320661816891413
nslkdd_v2,LeakyParallel,rate,46,13,0.5408444148815306,0.6187560790541151,0.6350035065845866,0.07311296467922974,7.137952448545067
nslkdd_v2,LeakyParallel,rate,46,14,0.5426554699692473,0.6225743567896656,0.6392893321904465,0.07393677273195345,7.977688076650106
nslkdd_v2,LeakyParallel,rate,46,15,0.5433262993833801,0.6261236580612503,0.6445102470194031,0.07403974873854392,8.801632363378282
nslkdd_v2,LeakyParallel,rate,46,16,0.5520379312847397,0.6276291009684879,0.6471596664848438,0.07342189269900114,9.637863733144075
nslkdd_v2,LeakyParallel,rate,46,17,0.5530473406071394,0.6295447544017235,0.6497311618483597,0.07352486870559159,10.472010290986516
nslkdd_v2,LeakyParallel,rate,46,18,0.5564613561135313,0.6305916108384331,0.6505883269695317,0.0732159406858202,11.32057310149042
nslkdd_v2,LeakyParallel,rate,46,19,0.5591358847099552,0.6321589485262262,0.6520688849061015,0.07331891669241067,12.172418381831086
nslkdd_v2,LeakyParallel,rate,46,20,0.5640496767754046,0.63345271634289,0.6530039741291982,0.07300998867263928,13.012287083037615
nslkdd_v2,LeakyParallel,rate,46,21,0.5594574338421509,0.6332645610960574,0.6538611392503701,0.07342189269900114,13.859696593328602
nslkdd_v2,LeakyParallel,rate,46,22,0.557043841663011,0.6339441560312716,0.6546403802696174,0.0729070126660488,14.71473562810504
nslkdd_v2,LeakyParallel,rate,46,23,0.55849376466909,0.6353714291267378,0.6562767864100366,0.0732159406858202,15.57319020581973
nslkdd_v2,LeakyParallel,rate,46,24,0.5625356848079285,0.635905406034873,0.657601496142757,0.07300998867263928,16.414256564939674
nslkdd_v2,LeakyParallel,rate,46,25,0.5656602451241926,0.6355494657061905,0.6579911166523806,0.0732159406858202,17.269118168914122
