protocol,neuron,encoding,seed,pct_excluded,n_excluded,macro_f1_full,macro_f1_dupfree,delta_macro_f1_pp,DR_dupfree,FAR_dupfree,delta_FAR_pp
cicids2017_v2,Alpha,delta,42,10.861570744252427,61493,0.4800712319050042,0.596607451711598,-0.3481588169657268,0.5249152368231789,0.00743911159719009,0.05168935101041204
cicids2017_v2,Alpha,delta,43,10.861570744252427,61493,0.47894098667309437,0.5954183486319269,-0.32578847094411056,0.5245385115928628,0.007943885921002819,0.03479587121243627
cicids2017_v2,Alpha,delta,44,10.861570744252427,61493,0.49236245270322365,0.6134947800327718,-0.195828584625779,0.7266002260351382,0.030376898161780172,0.17337636012656338
cicids2017_v2,Alpha,delta,45,10.861570744252427,61493,0.4801114529540794,0.5969689120213503,-0.31704041712490305,0.5227918764341245,0.006974298574012535,0.0365078492518542
cicids2017_v2,Alpha,delta,46,10.861570744252427,61493,0.4867532831939224,0.6040151316347009,-0.4426472357702105,0.5475872461385664,0.008131073066083372,0.05809504433891086
cicids2017_v2,Alpha,latency,42,10.861570744252427,61493,0.7719589949764927,0.7686672840030387,-0.3291710973453932,0.8902359669851707,0.00037016783746266776,-0.005734163358978804
cicids2017_v2,Alpha,latency,43,10.861570744252427,61493,0.7656041457516544,0.7675615154335877,0.19573696819333852,0.8865372101784308,0.0011693938501661548,-0.028299323675759012
cicids2017_v2,Alpha,latency,44,10.861570744252427,61493,0.7706474604914584,0.7678648363961733,-0.2782624095285069,0.8847563272714819,0.0004963614184158499,-0.008001295773522887
cicids2017_v2,Alpha,latency,45,10.861570744252427,61493,0.7750274281202942,0.7709754137475169,-0.4052014372777357,0.9180108907839309,0.0009569679888949649,-0.031792632656503714
cicids2017_v2,Alpha,latency,46,10.861570744252427,61493,0.7686828095789657,0.7755671767311121,0.6884367152146353,0.9210589403746704,0.0005468388507971228,-0.03578017263406631
cicids2017_v2,Alpha,rate,42,10.861570744252427,61493,0.6976491895558045,0.7220594587122042,2.4410269156399766,0.8439672591527108,0.0027384007066840535,0.006264946375752209
cicids2017_v2,Alpha,rate,43,10.861570744252427,61493,0.7066579988458518,0.7291070849209788,2.2449086075126967,0.8650638720504127,0.0028204265343036218,-0.0023274857964945828
cicids2017_v2,Alpha,rate,44,10.861570744252427,61493,0.6976990615041977,0.720211924162365,2.251286265816732,0.8765368677009486,0.0027720523282715685,0.006958174340425871
cicids2017_v2,Alpha,rate,45,10.861570744252427,61493,0.706800404467937,0.7267956015601438,1.9995197092206762,0.8725983766567348,0.0027068523114457577,0.0006290251002789241
cicids2017_v2,Alpha,rate,46,10.861570744252427,61493,0.6947180548656195,0.722819421519934,2.8101366654314397,0.8412616870440769,0.0026542716527152652,0.0068221057732775845
cicids2017_v2,Lapicque,delta,42,10.861570744252427,61493,0.48121697594370794,0.4785185413155335,-0.26984346281744287,0.5256686872838111,0.007630505194969083,0.0570873349330538
cicids2017_v2,Lapicque,delta,43,10.861570744252427,61493,0.47985293279983043,0.5966263560577431,-0.31898099420449855,0.5251207233124422,0.0082194085727506,0.04937017030169347
cicids2017_v2,Lapicque,delta,44,10.861570744252427,61493,0.5081476767557225,0.6317518653604045,-0.34327305842486444,0.7237576629336621,0.017961553022336263,0.1433731507540427
cicids2017_v2,Lapicque,delta,45,10.861570744252427,61493,0.4872191059074128,0.6055604458798308,-0.3463436504435147,0.5350183225452927,0.005226517477810962,0.03216097072537682
cicids2017_v2,Lapicque,delta,46,10.861570744252427,61493,0.48229642491165114,0.599519647882936,-0.33508832566279123,0.5246412548374945,0.00580490472384638,0.03675186388979578
cicids2017_v2,Lapicque,latency,42,10.861570744252427,61493,0.7781599478228038,0.7801899062624736,0.2029958439669799,0.9562998732833317,0.000502671097463509,-0.014813573123688124
cicids2017_v2,Lapicque,latency,43,10.861570744252427,61493,0.7770497515155249,0.7814380868592383,0.4388335343713412,0.9539710264050139,0.00045640011778067555,-0.01829555643736668
cicids2017_v2,Lapicque,latency,44,10.861570744252427,61493,0.7792892510889192,0.7805533126032028,0.12640615142835987,0.950340765094695,0.000559458208892441,-0.02402135249065723
cicids2017_v2,Lapicque,latency,45,10.861570744252427,61493,0.779137131379126,0.7816171804716452,0.24800490925191987,0.9482516524538511,0.0006288646784166912,-0.029867819181319057
cicids2017_v2,Lapicque,latency,46,10.861570744252427,61493,0.778753319160676,0.7786710032457602,-0.008231591491580925,0.9457173190862701,0.0005279098136541455,-0.002747079382917875
cicids2017_v2,Lapicque,rate,42,10.861570744252427,61493,0.7405342819400167,0.7542233821157067,1.3689100175690028,0.9031473680605501,0.00247970386573003,-0.0140700168890603
cicids2017_v2,Lapicque,rate,43,10.861570744252427,61493,0.7218901287477411,0.7465129467283094,2.4622817980568312,0.8522552142196651,0.002887729777478652,-0.008765980006946675
cicids2017_v2,Lapicque,rate,44,10.861570744252427,61493,0.7306067676769749,0.7581476881979512,2.754092052097634,0.9141066474879277,0.002889833003827872,0.006521685580271764
cicids2017_v2,Lapicque,rate,45,10.861570744252427,61493,0.7193456446139177,0.749548117000345,3.020247238642726,0.9039350662693928,0.002279897362554158,0.00755516524399329
cicids2017_v2,Lapicque,rate,46,10.861570744252427,61493,0.729358820628992,0.7489553991133933,1.9596578484401217,0.8582143224083016,0.0021642199133470744,-0.0009589405977689786
cicids2017_v2,Leaky,delta,42,10.861570744252427,61493,0.47948079956118467,0.596201197835948,-0.3149801615532799,0.52683311072297,0.008816724855928996,0.06768681861132643
cicids2017_v2,Leaky,delta,43,10.861570744252427,61493,0.49716046876379993,0.49467763781215723,-0.24828309516427005,0.5841980889756498,0.008162621461321667,0.05018044220156063
cicids2017_v2,Leaky,delta,44,10.861570744252427,61493,0.4825310560090548,0.5999514951796514,-0.32123248316671127,0.5371759306825576,0.009001808774660329,0.07016360531999256
cicids2017_v2,Leaky,delta,45,10.861570744252427,61493,0.4975197300506074,0.6187745152626842,-0.3125147300575004,0.5859104763861777,0.008223615025449039,0.06200537188732176
cicids2017_v2,Leaky,delta,46,10.861570744252427,61493,0.4812761299730678,0.5984140217085547,-0.31811407577799766,0.527141340456865,0.006841795314011694,0.049404307865246175
cicids2017_v2,Leaky,latency,42,10.861570744252427,61493,0.7843883510280355,0.7864212983420122,0.20329473139767407,0.970204459056817,0.00044378075968535733,-0.012305099434401487
cicids2017_v2,Leaky,latency,43,10.861570744252427,61493,0.7825033422419742,0.7840060083976172,0.15026661556430954,0.965889242782287,0.000523703360955706,-0.02645172262972594
cicids2017_v2,Leaky,latency,44,10.861570744252427,61493,0.7846523021091201,0.7863768630080344,0.17245608989143735,0.9698277338265009,0.00039120010095486477,-0.009356510282783066
cicids2017_v2,Leaky,latency,45,10.861570744252427,61493,0.7838774612367969,0.7854307029205745,0.1553241683777573,0.9713688824959759,0.0004185420434947209,-0.019409429671884297
cicids2017_v2,Leaky,latency,46,10.861570744252427,61493,0.7836619439789778,0.7848272914314322,0.1165347452454335,0.9665741977464982,0.0003975097800025239,-0.005862755741505173
cicids2017_v2,Leaky,rate,42,10.861570744252427,61493,0.7351510768287607,0.7456933781771496,1.054230134838896,0.8594814890920922,0.0021074328019181424,-0.007210209067964575
cicids2017_v2,Leaky,rate,43,10.861570744252427,61493,0.743157262775224,0.7595856957091589,1.6428432933934922,0.8906469399636974,0.00276153619652547,-0.016804879483845684
cicids2017_v2,Leaky,rate,44,10.861570744252427,61493,0.7317353317907493,0.7485398578751392,1.680452608438987,0.8648241378129388,0.0023261683422369913,-0.0023225224127174267
cicids2017_v2,Leaky,rate,45,10.861570744252427,61493,0.7157450964007592,0.7262722341982691,1.0527137797509911,0.8857152642213775,0.002565936146048038,0.010203111422339315
cicids2017_v2,Leaky,rate,46,10.861570744252427,61493,0.7262472952632946,0.7488387924953974,2.2591497232102853,0.8567416692352477,0.002069574727632188,0.001791097146526836
cicids2017_v2,LeakyParallel,delta,42,10.861570744252427,61493,0.6265222272816318,0.623451653959015,-0.3070573322616732,0.5978971882598719,0.00884827325116729,0.06797887149864387
cicids2017_v2,LeakyParallel,delta,43,10.861570744252427,61493,0.6351397707439981,0.6319809934954994,-0.31587772484986676,0.7247165998835576,0.019040508139485973,0.16233142429470798
cicids2017_v2,LeakyParallel,delta,44,10.861570744252427,61493,0.6234516509723167,0.6202835768634305,-0.31680741088861986,0.5845405664577554,0.00815210532957557,0.06611469640358864
cicids2017_v2,LeakyParallel,delta,45,10.861570744252427,61493,0.6052901313765988,0.6021459416097418,-0.3144189766857042,0.5374841604164526,0.007958608505447357,0.06031553740359075
cicids2017_v2,LeakyParallel,delta,46,10.861570744252427,61493,0.6225510188134429,0.6194928381757893,-0.3058180637653618,0.5844720709613342,0.007834518150843394,0.0585942387195058
cicids2017_v2,LeakyParallel,latency,42,10.861570744252427,61493,0.7837218496026104,0.7845585709165329,0.08367213139225393,0.9689030446248159,0.0002755226517477811,-0.009473108657443503
cicids2017_v2,LeakyParallel,latency,43,10.861570744252427,61493,0.779770363653216,0.7810188731810687,0.12485095278527147,0.9591766841330183,0.0007739872965128507,-0.03157801497860434
cicids2017_v2,LeakyParallel,latency,44,10.861570744252427,61493,0.7839072081047407,0.7853774824392203,0.14702743344796598,0.967053666221446,0.0002734194253985614,-0.01540900456538944
cicids2017_v2,LeakyParallel,latency,45,10.861570744252427,61493,0.7876239592554525,0.7852720768747454,-0.23518823807070488,0.9699989725675536,0.0006183485466705927,-0.0219493675615247
cicids2017_v2,LeakyParallel,latency,46,10.861570744252427,61493,0.7861356391572694,0.7829944639653824,-0.3141175191886947,0.9587657111544916,0.00030076136793841756,-0.01114799077193077
cicids2017_v2,LeakyParallel,rate,42,10.861570744252427,61493,0.7346193079080144,0.7525970921809325,1.7977784272918074,0.9141408952361382,0.002136877970807218,-0.0006394957728084617
cicids2017_v2,LeakyParallel,rate,43,10.861570744252427,61493,0.7366889075565485,0.755920319942268,1.923141238571957,0.9027363950820233,0.002980271736844319,-0.004664800016101513
cicids2017_v2,LeakyParallel,rate,44,10.861570744252427,61493,0.7410386019854639,0.7603536620323441,1.9315060046880217,0.9170519538340354,0.002486013544777689,0.0025925561801727094
cicids2017_v2,LeakyParallel,rate,45,10.861570744252427,61493,0.7029821838118199,0.7056058157300227,0.2623631918202807,0.9046542689818144,0.002172632818743953,0.00751644763928418
cicids2017_v2,LeakyParallel,rate,46,10.861570744252427,61493,0.723152386821979,0.7516417636394622,2.8489376817483203,0.8935579985615946,0.0023703360955706055,0.006865563981497307
cicids2017_v2,RLeaky,delta,42,10.861570744252427,61493,0.479545210019392,0.5956495439017038,-0.37819686225362137,0.5254289530463372,0.007769318134017583,0.05818151519481705
cicids2017_v2,RLeaky,delta,43,10.861570744252427,61493,0.48273103335545187,0.47318904027812164,-0.9541993077330224,0.5422445974177198,0.005211794893366424,0.04118559661480028
cicids2017_v2,RLeaky,delta,44,10.861570744252427,61493,0.4793932028210152,0.5957716482716345,-0.3469855254634502,0.5245385115928628,0.008707357085769571,0.06667436860195874
cicids2017_v2,RLeaky,delta,45,10.861570744252427,61493,0.4862173313445705,0.60421000301707,-0.3561661163643204,0.5248809890749683,0.0037500525806587305,0.028417222605489234
cicids2017_v2,RLeaky,delta,46,10.861570744252427,61493,0.47851674150918344,0.5939178481984485,-0.42280786880307675,0.521593205246755,0.00822571825179826,0.062215694522243806
cicids2017_v2,RLeaky,latency,42,10.861570744252427,61493,0.7694292651784957,0.771610741890296,0.21814767118002454,0.8887975615603274,0.0004374710806376982,-0.03030363960067341
cicids2017_v2,RLeaky,latency,43,10.861570744252427,61493,0.7737630081961886,0.7756099411578832,0.18469329616945807,0.9076338230761327,0.0003281033104782737,-0.01948323817912482
cicids2017_v2,RLeaky,latency,44,10.861570744252427,61493,0.7820740061301164,0.7826918266021775,0.06178204720611591,0.9576012877153327,0.00031758717873217514,-0.006220918171174762
cicids2017_v2,RLeaky,latency,45,10.861570744252427,61493,0.7783525834722016,0.7711022072863951,-0.7250376185806484,0.9427377649919518,0.00030917427333529635,-0.012787781983886606
cicids2017_v2,RLeaky,latency,46,10.861570744252427,61493,0.7842143590755095,0.7815226692084782,-0.2691689867031277,0.9542792561389088,0.000559458208892441,-0.025548172030130288
cicids2017_v2,RLeaky,rate,42,10.861570744252427,61493,0.7278711543871459,0.7444386694660898,1.656751507894394,0.8508853042912429,0.002111639254616582,0.0017987961114153232
cicids2017_v2,RLeaky,rate,43,10.861570744252427,61493,0.7299784774792389,0.7497076471621609,1.9729169682921932,0.866879002705572,0.002528078071762083,-0.0015984985884897294
cicids2017_v2,RLeaky,rate,44,10.861570744252427,61493,0.7307730768808598,0.7502943859872468,1.9521309106387053,0.8701667865337854,0.002555420014301939,-0.0003911238739771547
cicids2017_v2,RLeaky,rate,45,10.861570744252427,61493,0.7234572802084516,0.7466087744777885,2.3151494269336936,0.8717764306996815,0.0023240651158877718,0.007582334401369604
cicids2017_v2,RLeaky,rate,46,10.861570744252427,61493,0.7195374544186554,0.726531396844207,0.6993942425551625,0.8367067365320731,0.0022841038152525976,-0.004620450686815486
cicids2017_v2,RSynaptic,delta,42,10.861570744252427,61493,0.48553046951321754,0.6032028254402352,-0.37102614512867227,0.5244015206000205,0.004839523829554536,0.03964789696879424
cicids2017_v2,RSynaptic,delta,43,10.861570744252427,61493,0.4786385335863634,0.5950260328465229,-0.32721341364313483,0.5255659440391794,0.009001808774660329,0.05775819656177409
cicids2017_v2,RSynaptic,delta,44,10.861570744252427,61493,0.4951940148343109,0.6139994317818274,-0.49930867610612495,0.5785472105209083,0.008619021579102343,0.06318468632339168
cicids2017_v2,RSynaptic,delta,45,10.861570744252427,61493,0.4828042198977228,0.5997266247965776,-0.37786500755759844,0.5349498270488715,0.007765111681319143,0.058333427252275395
cicids2017_v2,RSynaptic,delta,46,10.861570744252427,61493,0.4797616086563128,0.5965433294395752,-0.31586813808157643,0.5266618719819172,0.00785765364068481,0.05880841083687202
cicids2017_v2,RSynaptic,latency,42,10.861570744252427,61493,0.7733317130879845,0.781052554853139,0.7720841765154418,0.9399294496386863,0.00029655491523997813,-0.01595824221775975
cicids2017_v2,RSynaptic,latency,43,10.861570744252427,61493,0.7765376409202063,0.7738743721021726,-0.2663268818033693,0.9096544402205555,0.000538425945400244,-0.03280441432507156
cicids2017_v2,RSynaptic,latency,44,10.861570744252427,61493,0.7730646366559836,0.7743358953290584,0.1271258673074871,0.9100311654508716,0.0002797291044462205,-0.010388430484638495
cicids2017_v2,RSynaptic,latency,45,10.861570744252427,61493,0.777052664007436,0.7738689048315426,-0.3183759175893419,0.9080105483064489,0.000502671097463509,-0.01576783533585878
cicids2017_v2,RSynaptic,latency,46,10.861570744252427,61493,0.7827495243227501,0.7791233940261162,-0.3626130296633945,0.9542792561389088,0.000538425945400244,-0.016391104275736198
cicids2017_v2,RSynaptic,rate,42,10.861570744252427,61493,0.7325866875621028,0.7432783361326993,1.0691648570596568,0.8583855611493544,0.002010684389854036,-0.002189412206947015
cicids2017_v2,RSynaptic,rate,43,10.861570744252427,61493,0.7120216700881766,0.7531950539017173,4.117338381354063,0.8970512688790712,0.0026374458419215078,-0.002303720561029317
cicids2017_v2,RSynaptic,rate,44,10.861570744252427,61493,0.7392104250053578,0.7542463123673586,1.5035887362000788,0.8766053631973698,0.002593278088587894,-0.001567479948669107
cicids2017_v2,RSynaptic,rate,45,10.861570744252427,61493,0.7229040785273221,0.7412803604058457,1.8376281878523582,0.8976334805986507,0.0019959618054094983,-3.547424515231573e-05
cicids2017_v2,RSynaptic,rate,46,10.861570744252427,61493,0.7114547300669132,0.7448845111954869,3.3429781128573755,0.8572553854584061,0.0018256004711227022,0.005258128090961534
cicids2017_v2,SConv2dLSTM,delta,42,10.861570744252427,61493,0.47895011162728196,0.5946394214052984,-0.4048218128804071,0.5245042638446522,0.008934505531485299,0.06858629694821115
cicids2017_v2,SConv2dLSTM,delta,43,10.861570744252427,61493,0.4799383002392264,0.5967613288053215,-0.31615464937114757,0.5270728449604438,0.007830311698144955,0.05874615077696432
cicids2017_v2,SConv2dLSTM,delta,44,10.861570744252427,61493,0.4792193193690492,0.5958808729722544,-0.314327623905708,0.5260796602623378,0.008128969839734152,0.06132006566780318
cicids2017_v2,SConv2dLSTM,delta,45,10.861570744252427,61493,0.4794742107628808,0.5962007518841022,-0.31420115694988926,0.5269701017158122,0.008110040802591175,0.061144833935412604
cicids2017_v2,SConv2dLSTM,delta,46,10.861570744252427,61493,0.47928703098473413,0.5956638918871501,-0.34448968437675864,0.5252919620534949,0.008078492407352878,0.0606619286056609
cicids2017_v2,SConv2dLSTM,latency,42,10.861570744252427,61493,0.7773346700476289,0.7744789194317013,-0.2855750615927577,0.9114695708757149,0.00037647751651032687,-0.02533355435223089
cicids2017_v2,SConv2dLSTM,latency,43,10.861570744252427,61493,0.773066017531993,0.7698647726207983,-0.3201244911194667,0.8908181787047501,0.00045009043873301644,-0.01911737678456673
cicids2017_v2,SConv2dLSTM,latency,44,10.861570744252427,61493,0.7701830354549559,0.7674836674396672,-0.26993680152886945,0.8805781019897941,0.0005699743406385395,-0.026786788164730017
cicids2017_v2,SConv2dLSTM,latency,45,10.861570744252427,61493,0.7757588710387917,0.7778552911101289,0.20964200713371461,0.9256823863830953,0.0004374710806376982,-0.026295738309556636
cicids2017_v2,SConv2dLSTM,latency,46,10.861570744252427,61493,0.779144489649954,0.7767278900096733,-0.24165996402806256,0.9147916024521388,0.00032389685777983425,-0.01379660529107653
cicids2017_v2,SConv2dLSTM,rate,42,10.861570744252427,61493,0.7176978444576598,0.72961339831419,1.1915553856530203,0.8621185657043049,0.003556555756530518,-0.015361572438900946
cicids2017_v2,SConv2dLSTM,rate,43,10.861570744252427,61493,0.6970080685482042,0.7194620891844699,2.245402063626567,0.8452344258365012,0.0031253943549404786,-0.004466471389045481
cicids2017_v2,SConv2dLSTM,rate,44,10.861570744252427,61493,0.6906952624479633,0.7209105197579431,3.021525730997976,0.8248227679030103,0.00290245236192319,0.007783621389803553
cicids2017_v2,SConv2dLSTM,rate,45,10.861570744252427,61493,0.6930243410191501,0.7231374229728348,3.0113081953684673,0.8286585157025925,0.003123291128591259,0.0023847463460954527
cicids2017_v2,SConv2dLSTM,rate,46,10.861570744252427,61493,0.6791601658926864,0.7046661900276806,2.5506024134994254,0.8463988492756601,0.003689059016531359,0.004377736603943666
cicids2017_v2,SLSTM,delta,42,10.861570744252427,61493,0.480000081405338,0.5968607448269831,-0.3139356929689363,0.5259426692694955,0.007777731039414462,0.058259395964768354
cicids2017_v2,SLSTM,delta,43,10.861570744252427,61493,0.47943575196875887,0.5961441407695793,-0.3150549191369256,0.5267988629747594,0.00886089260926261,0.06809569265357092
cicids2017_v2,SLSTM,delta,44,10.861570744252427,61493,0.4840314672772781,0.6014265407304124,-0.3612793366185252,0.5344703585739238,0.007102595381314937,0.05239116906104049
cicids2017_v2,SLSTM,delta,45,10.861570744252427,61493,0.4983750942812087,0.619482470030128,-0.3486397821382825,0.5832391520257543,0.0075653051781432714,0.06049166025704758
cicids2017_v2,SLSTM,delta,46,10.861570744252427,61493,0.4794635288823786,0.596174376338419,-0.3155034764554254,0.5255659440391794,0.007992260127034872,0.06005450315609371
cicids2017_v2,SLSTM,latency,42,10.861570744252427,61493,0.7798026091434547,0.7817958836105142,0.1993274467059547,0.9569848282475427,0.0006604130736549867,-0.027858094312094295
cicids2017_v2,SLSTM,latency,43,10.861570744252427,61493,0.7785065959743896,0.7802286913174263,0.17220953430366892,0.9561286345422788,0.0008118453707988053,-0.03237266616842804
cicids2017_v2,SLSTM,latency,44,10.861570744252427,61493,0.7814187183295616,0.7828518909540152,0.1433172624453638,0.9470187335182711,0.00023766457746182644,-0.0008535073278203897
cicids2017_v2,SLSTM,latency,45,10.861570744252427,61493,0.7800224777129586,0.7820185157091213,0.19960379961626584,0.9528408507140655,0.0005931098304799563,-0.02752687825953446
cicids2017_v2,SLSTM,latency,46,10.861570744252427,61493,0.7708480554566418,0.779565003878726,0.8716948422084148,0.947189972259324,0.0006204517730198124,-0.03261763414534826
cicids2017_v2,SLSTM,rate,42,10.861570744252427,61493,0.7262094908948844,0.7420869944157398,1.5877503520855374,0.8584540566457756,0.0026963361796996594,-0.02065294697234893
cicids2017_v2,SLSTM,rate,43,10.861570744252427,61493,0.7140369841668331,0.7335640489381419,1.9527064771308722,0.8528716736874551,0.0033041685946241534,-0.014644356458495388
cicids2017_v2,SLSTM,rate,44,10.861570744252427,61493,0.7240791401654203,0.7456202717719348,2.1541131606514496,0.8793451830542142,0.0027068523114457577,-0.005859957942481574
cicids2017_v2,SLSTM,rate,45,10.861570744252427,61493,0.7135454863431728,0.7417805954709497,2.8235109127776825,0.9105106339258193,0.002883523324780213,-0.005560428870542058
cicids2017_v2,SLSTM,rate,46,10.861570744252427,61493,0.710821692534582,0.7393494708710395,2.8527778336457477,0.8632829891434638,0.0023640264165229463,0.0027992521129169886
cicids2017_v2,Synaptic,delta,42,10.861570744252427,61493,0.46353975856749613,0.5773730301051888,-0.20516681041813367,0.5292304530977088,0.02095654734362512,0.08330658133702366
cicids2017_v2,Synaptic,delta,43,10.861570744252427,61493,0.5011547036766432,0.6228860060609144,-0.35573735348896074,0.5840953457310182,0.005853278929878434,0.04273439914760594
cicids2017_v2,Synaptic,delta,44,10.861570744252427,61493,0.48399589168566715,0.6018378558478463,-0.3157008759237634,0.5353265522791877,0.007106801834013377,0.05243010944601624
cicids2017_v2,Synaptic,delta,45,10.861570744252427,61493,0.48452672418141446,0.6022291520407097,-0.34292531860583564,0.5255316962909689,0.005405291717494637,0.03763298593552579
cicids2017_v2,Synaptic,delta,46,10.861570744252427,61493,0.4851308369517732,0.6031822750862788,-0.3231271103437794,0.5264221377444434,0.004561897951457536,0.03440589736632173
cicids2017_v2,Synaptic,latency,42,10.861570744252427,61493,0.7842364201809829,0.7859517491826316,0.17153290016486133,0.9681838419123943,0.00030707104698607667,-0.016242596140188817
cicids2017_v2,Synaptic,latency,43,10.861570744252427,61493,0.7795013234877478,0.7816890332677285,0.21877097799807288,0.9464707695469023,0.0005405291717494637,-0.032403239247715446
cicids2017_v2,Synaptic,latency,44,10.861570744252427,61493,0.7747694368023577,0.77142928375489,-0.3340153047467709,0.9070516113565533,0.0007087872796870399,-0.00813418319902668
cicids2017_v2,Synaptic,latency,45,10.861570744252427,61493,0.7742457545061024,0.7707488840880599,-0.3496870418042586,0.8975649851022295,0.00043957430698691796,-0.020550694844044842
cicids2017_v2,Synaptic,latency,46,10.861570744252427,61493,0.7831606991281258,0.7795248166553812,-0.36358824727446004,0.9506147470803795,0.0004143355907962815,-0.005134436874300069
cicids2017_v2,Synaptic,rate,42,10.861570744252427,61493,0.6796880764454013,0.8506508576269415,0.10407620701898823,0.8182129524983732,0.004435704370504353,-0.020391850506939688
cicids2017_v2,Synaptic,rate,43,10.861570744252427,61493,0.6333605549757704,0.6795894489450248,4.622889396925444,0.7408815370389397,0.0023282715685862113,0.013919405386671668
cicids2017_v2,Synaptic,rate,44,10.861570744252427,61493,0.5475178515032069,0.6826370346872669,-0.17602796917417507,0.7322853522380903,0.0022146973457283473,0.01954785047752301
cicids2017_v2,Synaptic,rate,45,10.861570744252427,61493,0.5948989429159518,0.6839727990422586,-5.965087960268112,0.7358471180519881,0.0043536785428847855,-0.027067613729423422
cicids2017_v2,Synaptic,rate,46,10.861570744252427,61493,0.5625002061550323,0.7015123428146677,-0.1612914879122629,0.8047535874516251,0.002507045808269886,0.02072738769385951
ctu13_v2_f0,Alpha,delta,42,0.000549083990632627,2,0.5928092303238337,0.59281251506138,0.0003284737546294103,0.37336630498147694,0.07143658477031406,0.0
ctu13_v2_f0,Alpha,delta,43,0.000549083990632627,2,0.4599971806778522,0.4599996578179557,0.0002477140103485098,0.1696033999661508,0.002963050952597784,0.0
ctu13_v2_f0,Alpha,delta,44,0.000549083990632627,2,0.5927764110487961,0.5927796955637388,0.0003284514942691885,0.3734039152265077,0.07159496611299189,0.0
ctu13_v2_f0,Alpha,delta,45,0.000549083990632627,2,0.5927341267827433,0.5927374111317291,0.0003284348985777008,0.3732064614400963,0.07134419565375198,0.0
ctu13_v2_f0,Alpha,delta,46,0.000549083990632627,2,0.5957963372446997,0.5957996381966385,0.00033009519387894315,0.37813340353912406,0.0721493008123643,0.0
ctu13_v2_f0,Alpha,latency,42,0.000549083990632627,2,0.9962665448907427,0.9962721672035373,0.0005622312794550943,0.9941045940914305,0.0004421479149756159,0.0
ctu13_v2_f0,Alpha,latency,43,0.000549083990632627,2,0.9967343824082442,0.996734369562678,-1.28455661663196e-06,0.9949555258852512,0.0005543346993724139,0.0
ctu13_v2_f0,Alpha,latency,44,0.000549083990632627,2,0.9949245433238549,0.9949245233065666,-2.0017288382412346e-06,0.992351016416872,0.0011350662891911332,0.0
ctu13_v2_f0,Alpha,latency,45,0.000549083990632627,2,0.9897665325599148,0.9897664917322356,-4.0827679126387295e-06,0.9832352332775448,0.00044874713758719223,0.0
ctu13_v2_f0,Alpha,latency,46,0.000549083990632627,2,0.9906451816873179,0.9906451444346399,-3.725267794241205e-06,0.9847490456400323,0.0005081401410913795,0.0
ctu13_v2_f0,Alpha,rate,42,0.000549083990632627,2,0.9799043826263389,0.9799098867217333,0.0005504095394348596,0.9689856516915207,0.0036493701042017252,0.0
ctu13_v2_f0,Alpha,rate,43,0.000549083990632627,2,0.9732108123071005,0.9732162652546099,0.0005452947509421158,0.9565554657088591,0.002072155900034976,0.0
ctu13_v2_f0,Alpha,rate,44,0.000549083990632627,2,0.9774746600723494,0.9774801453416927,0.0005485269343297183,0.9644066043590274,0.0029762493978209366,0.0
ctu13_v2_f0,Alpha,rate,45,0.000549083990632627,2,0.9811362988537251,0.9811418120957438,0.0005513242018695408,0.9710730202907272,0.003669167772036454,0.0
ctu13_v2_f0,Alpha,rate,46,0.000549083990632627,2,0.9760386867219136,0.9760385888879287,-9.78339849133647e-06,0.9620324576414615,0.003055440069159853,0.0
ctu13_v2_f0,Lapicque,delta,42,0.000549083990632627,2,0.6700747532900377,0.6700784502646653,0.0003696974627542815,0.4934558173646501,0.07455801706558968,0.0
ctu13_v2_f0,Lapicque,delta,43,0.000549083990632627,2,0.4560483038566191,0.45605075347610563,0.00024496194865331056,0.16502435263365742,0.0028112688325315277,0.0
ctu13_v2_f0,Lapicque,delta,44,0.000549083990632627,2,0.6695003932201856,0.6695040867331444,0.0003693512958813372,0.49351223273219624,0.07610883437931011,0.0
ctu13_v2_f0,Lapicque,delta,45,0.000549083990632627,2,0.6696580978326081,0.6696617923079387,0.0003694475330551228,0.49346992120653665,0.0756402895738882,0.0
ctu13_v2_f0,Lapicque,delta,46,0.000549083990632627,2,0.669466307024084,0.6694700003353762,0.00036933112921300193,0.4935075314515674,0.07618802505064903,0.0
ctu13_v2_f0,Lapicque,latency,42,0.000549083990632627,2,0.9888664154990428,0.9888719814280198,0.0005565928977047108,0.981580382496192,0.00023097279140517246,0.0
ctu13_v2_f0,Lapicque,latency,43,0.000549083990632627,2,0.9704525807720373,0.9704580119371871,0.0005431165149727413,0.9508387084641856,0.0006203269254881775,0.0
ctu13_v2_f0,Lapicque,latency,44,0.000549083990632627,2,0.9687968990436109,0.9688023180889476,0.0005419045336685357,0.9478957067905297,0.00042894946975246314,0.0
ctu13_v2_f0,Lapicque,latency,45,0.000549083990632627,2,0.9924215610820697,0.9924271539152754,0.0005592833205669834,0.987579216578596,0.00029696501752093604,0.0
ctu13_v2_f0,Lapicque,latency,46,0.000549083990632627,2,0.986830238677276,0.9868357897132267,0.0005551035950679406,0.9783412001429189,0.00047514402803349766,0.0
ctu13_v2_f0,Lapicque,rate,42,0.000549083990632627,2,0.9757668401889583,0.9757723115531173,0.0005471364158959879,0.9607725144329315,0.0019335722251918725,0.0
ctu13_v2_f0,Lapicque,rate,43,0.000549083990632627,2,0.9840876178267367,0.9840931519250826,0.0005534098345916227,0.9754875228012111,0.002910257171705173,0.0
ctu13_v2_f0,Lapicque,rate,44,0.000549083990632627,2,0.9816928452887411,0.9816983609022458,0.0005515613504702976,0.9711153318163868,0.002428513921060099,0.0
ctu13_v2_f0,Lapicque,rate,45,0.000549083990632627,2,0.9903500196194351,0.9903556053691405,0.0005585749705327991,0.9881339676927995,0.005906304237360839,0.0
ctu13_v2_f0,Lapicque,rate,46,0.000549083990632627,2,0.9797866868735664,0.9797921879604841,0.0005501086917658604,0.9676786956767023,0.002111751235704434,0.0
ctu13_v2_f0,Leaky,delta,42,0.000549083990632627,2,0.6695819314427469,0.6695856255311988,0.0003694088451910993,0.4933194802264137,0.07559409501560717,0.0
ctu13_v2_f0,Leaky,delta,43,0.000549083990632627,2,0.5959285145428118,0.5959318163835707,0.000330184075891804,0.3779970664008876,0.07154217233209928,0.0
ctu13_v2_f0,Leaky,delta,44,0.000549083990632627,2,0.5960741482304515,0.5960774509341653,0.00033027037138477766,0.37808168945220677,0.07130460031808253,0.0
ctu13_v2_f0,Leaky,delta,45,0.000549083990632627,2,0.5959229027361916,0.5959262045140467,0.0003301777855013732,0.37805348176843373,0.07166095833910766,0.0
ctu13_v2_f0,Leaky,delta,46,0.000549083990632627,2,0.5928824910046292,0.5928857762048281,0.0003285200198877014,0.37335220113959044,0.07121221120152046,0.0
ctu13_v2_f0,Leaky,latency,42,0.000549083990632627,2,0.9892897709782436,0.9892897281988655,-4.2779378039981e-06,0.9823513925193222,0.0003299611305788178,0.0
ctu13_v2_f0,Leaky,latency,43,0.000549083990632627,2,0.9995536733437709,0.9995536715969215,-1.746849331851763e-07,0.9993982360795081,0.00019797667834729068,0.0
ctu13_v2_f0,Leaky,latency,44,0.000549083990632627,2,0.9950160200661518,0.9950160003807869,-1.968536489371786e-06,0.9918150704251838,0.00017157978790098525,0.0
ctu13_v2_f0,Leaky,latency,45,0.000549083990632627,2,0.9986557919738639,0.9986557867029779,-5.270885949926196e-07,0.997870319875134,0.0001517821200662562,0.0
ctu13_v2_f0,Leaky,latency,46,0.000549083990632627,2,0.9991554435303811,0.9991554402231884,-3.307192741885956e-07,0.9988481862459334,0.00035635802102512324,0.0
ctu13_v2_f0,Leaky,rate,42,0.000549083990632627,2,0.9868266556848884,0.9868294055490336,0.0002749864145279446,0.9790651973597608,0.0014980235328278329,0.0
ctu13_v2_f0,Leaky,rate,43,0.000549083990632627,2,0.9802875659308437,0.9802902773397772,0.0002711408933597781,0.9675564623803524,0.00077870826816601,0.0
ctu13_v2_f0,Leaky,rate,44,0.000549083990632627,2,0.9845871534154049,0.984589890084711,0.00027366693060582037,0.9751114203509036,0.0012274554057532022,0.0
ctu13_v2_f0,Leaky,rate,45,0.000549083990632627,2,0.9893873067241923,0.9893872644307391,-4.2293453184072405e-06,0.9833856742576678,0.0015442180911088674,0.0
ctu13_v2_f0,Leaky,rate,46,0.000549083990632627,2,0.9931551110318053,0.9931550841154011,-2.691640421659258e-06,0.9921065498241721,0.004923020068235962,0.0
ctu13_v2_f0,LeakyParallel,delta,42,0.000549083990632627,2,0.5959586117588684,0.595961913784323,0.00033020254545101935,0.37800176768151644,0.07146958088337194,0.0
ctu13_v2_f0,LeakyParallel,delta,43,0.000549083990632627,2,0.5959729561802857,0.5959762582504694,0.0003302070183730521,0.37809109201346447,0.07159496611299189,0.0
ctu13_v2_f0,LeakyParallel,delta,44,0.000549083990632627,2,0.5852662841581797,0.5852695274845805,0.0003243326400781399,0.3618904789664705,0.07051929282730494,0.0
ctu13_v2_f0,LeakyParallel,delta,45,0.000549083990632627,2,0.5959270041705295,0.5959303060065766,0.00033018360471315233,0.3779876638396299,0.07152897388687612,0.0
ctu13_v2_f0,LeakyParallel,delta,46,0.000549083990632627,2,0.5959300248035987,0.595933326649069,0.0003301845470260467,0.3780064689621453,0.07155537077732244,0.0
ctu13_v2_f0,LeakyParallel,latency,42,0.000549083990632627,2,0.9997372740479755,0.9997372730200518,-1.0279237461219282e-07,0.9996897154784964,0.00017817901051256162,0.0
ctu13_v2_f0,LeakyParallel,latency,43,0.000549083990632627,2,0.9996694568673508,0.9996694555744848,-1.2928659254285435e-07,0.999760234687929,0.00043554869236403954,0.0
ctu13_v2_f0,LeakyParallel,latency,44,0.000549083990632627,2,0.9989798375571024,0.9989798335734359,-3.983666507778594e-07,0.9998683641423924,0.0021975411296549265,0.0
ctu13_v2_f0,LeakyParallel,latency,45,0.000549083990632627,2,0.9967630174542033,0.9967686429788488,0.0005625524645558322,0.9946687477668917,7.259144872733992e-05,0.0
ctu13_v2_f0,LeakyParallel,latency,46,0.000549083990632627,2,0.9975518906341159,0.9975518810282855,-9.605830353365263e-07,0.9966761945954078,0.001055875617852217,0.0
ctu13_v2_f0,LeakyParallel,rate,42,0.000549083990632627,2,0.9904048664836765,0.9904048283660571,-3.811761939420677e-06,0.9855576659081934,0.0021975411296549265,0.0
ctu13_v2_f0,LeakyParallel,rate,43,0.000549083990632627,2,0.9882699488056845,0.9882755124597316,0.0005563654047024968,0.9816462004249957,0.0017157978790098526,0.0
ctu13_v2_f0,LeakyParallel,rate,44,0.000549083990632627,2,0.9861854143787446,0.9861853589544745,-5.542427017335427e-06,0.9778992797638076,0.0013792375258194585,0.0
ctu13_v2_f0,LeakyParallel,rate,45,0.000549083990632627,2,0.9864170297999699,0.9864225783061606,0.0005548506190722335,0.9779227861669518,0.0008578989395049263,0.0
ctu13_v2_f0,LeakyParallel,rate,46,0.000549083990632627,2,0.9866467808508719,0.9866495297849324,0.00027489340604924806,0.9788677435733494,0.0016432064302825127,0.0
ctu13_v2_f0,RLeaky,delta,42,0.000549083990632627,2,0.597051337218391,0.5970482524183218,-0.00030848000691641175,0.3795625928502924,0.07140358865725617,0.0
ctu13_v2_f0,RLeaky,delta,43,0.000549083990632627,2,0.5960575703276472,0.5960544718740357,-0.0003098453611460883,0.3780299753652895,0.07127160420502465,0.0
ctu13_v2_f0,RLeaky,delta,44,0.000549083990632627,2,0.5969862050295833,0.5969895126624019,0.00033076328185277504,0.3795625928502924,0.07156196999993401,0.0
ctu13_v2_f0,RLeaky,delta,45,0.000549083990632627,2,0.5969231158891227,0.5969200310999634,-0.00030847891593355214,0.3795719954115501,0.07176654590089288,0.0
ctu13_v2_f0,RLeaky,delta,46,0.000549083990632627,2,0.45607903965068175,0.45608148942896976,0.0002449778288005078,0.16497733982736898,0.002573696818514779,0.0
ctu13_v2_f0,RLeaky,latency,42,0.000549083990632627,2,0.9860335124022239,0.9860334562950135,-5.610721043325384e-06,0.9772222953532542,0.0007919067133891627,0.0
ctu13_v2_f0,RLeaky,latency,43,0.000549083990632627,2,0.9863173497786166,0.986317294818771,-5.495984567449597e-06,0.9775137747522425,0.0005345370315376849,0.0
ctu13_v2_f0,RLeaky,latency,44,0.000549083990632627,2,0.9625546017307618,0.9625544440352662,-1.576954955506693e-05,0.9376093047746206,0.0008644981621165026,0.0
ctu13_v2_f0,RLeaky,latency,45,0.000549083990632627,2,0.9785460760811427,0.9785459895076614,-8.657348138374488e-06,0.9690796773040976,0.0069621798552130555,0.0
ctu13_v2_f0,RLeaky,latency,46,0.000549083990632627,2,0.9970529600497338,0.9970529485322395,-1.1517494291624075e-06,0.9979220339620513,0.00396613278955739,0.0
ctu13_v2_f0,RLeaky,rate,42,0.000549083990632627,2,0.9873583932812007,0.9873611470712675,0.00027537900668672677,0.9807294507023713,0.002573696818514779,0.0
ctu13_v2_f0,RLeaky,rate,43,0.000549083990632627,2,0.9902599157020184,0.9902626857008205,0.0002769998802110152,0.9850170186358764,0.0017751908825140398,0.0
ctu13_v2_f0,RLeaky,rate,44,0.000549083990632627,2,0.991499714446858,0.9914996807808902,-3.3665967791307594e-06,0.9877390601199767,0.002685883602911577,0.0
ctu13_v2_f0,RLeaky,rate,45,0.000549083990632627,2,0.9906118306751435,0.9906146033389012,0.00027726637576996893,0.986168832389943,0.0025604983732916264,0.0
ctu13_v2_f0,RLeaky,rate,46,0.000549083990632627,2,0.9912165550360841,0.9912165202095906,-3.482649346686628e-06,0.9870338680256502,0.0023625216949443354,0.0
ctu13_v2_f0,RSynaptic,delta,42,0.000549083990632627,2,0.4465229299711967,0.44652531192293415,0.00023819517374623622,0.15353912405739323,0.0007919067133891627,0.0
ctu13_v2_f0,RSynaptic,delta,43,0.000549083990632627,2,0.5929019962570199,0.5929052815785617,0.00032853215418127135,0.37335220113959044,0.07115941742062785,0.0
ctu13_v2_f0,RSynaptic,delta,44,0.000549083990632627,2,0.5959209184156475,0.5959242202629739,0.00033018473263313197,0.3778889369464242,0.07136399332158672,0.0
ctu13_v2_f0,RSynaptic,delta,45,0.000549083990632627,2,0.6696744955728091,0.669672294659277,-0.00022009135320910644,0.49343701224213476,0.07556109890254928,0.0
ctu13_v2_f0,RSynaptic,delta,46,0.000549083990632627,2,0.6696998573071229,0.6697035520623029,0.0003694755180028153,0.4934041032777329,0.07542911445031775,0.0
ctu13_v2_f0,RSynaptic,latency,42,0.000549083990632627,2,0.986540386964273,0.9865403330245976,-5.393967539291111e-06,0.9786655885063091,0.0016168095398362073,0.0
ctu13_v2_f0,RSynaptic,latency,43,0.000549083990632627,2,0.9581912982676768,0.958191120617433,-1.776502438488592e-05,0.9301389698553886,0.0007985059360007391,0.0
ctu13_v2_f0,RSynaptic,latency,44,0.000549083990632627,2,0.9684953314908634,0.9684952002725967,-1.312182666968198e-05,0.9472939428700378,0.0003167626853556651,0.0
ctu13_v2_f0,RSynaptic,latency,45,0.000549083990632627,2,0.9633586383262953,0.9633584841263524,-1.5419994292553696e-05,0.93858717114542,0.0003299611305788178,0.0
ctu13_v2_f0,RSynaptic,latency,46,0.000549083990632627,2,0.9556990144252135,0.9556988250567335,-1.893684800080564e-05,0.9254941045940914,0.0002507704592399015,0.0
ctu13_v2_f0,RSynaptic,rate,42,0.000549083990632627,2,0.9842743517842611,0.9842798846341271,0.0005532849865930167,0.9744814487466386,0.0010756732856869462,0.0
ctu13_v2_f0,RSynaptic,rate,43,0.000549083990632627,2,0.9873707743596882,0.9873735286003399,0.0002754240651658968,0.9810961505914211,0.003055440069159853,0.0
ctu13_v2_f0,RSynaptic,rate,44,0.000549083990632627,2,0.9866603803399878,0.9866659308287193,0.0005550488731520531,0.9784117193523516,0.0009700857239017244,0.0
ctu13_v2_f0,RSynaptic,rate,45,0.000549083990632627,2,0.9899144624014595,0.9899172304007828,0.00027679993233054034,0.9844434623991575,0.0017817901051256162,0.0
ctu13_v2_f0,RSynaptic,rate,46,0.000549083990632627,2,0.9879001599606646,0.987905721905928,0.000556194526335485,0.9815427722511613,0.0024351131436716753,0.0
ctu13_v2_f0,SConv2dLSTM,delta,42,0.000549083990632627,2,0.5524479520757754,0.5524510228840053,0.000307080822992134,0.28497752787859415,0.00652003194023744,0.0
ctu13_v2_f0,SConv2dLSTM,delta,43,0.000549083990632627,2,0.5960993164557131,0.5961026193439689,0.00033028882557850636,0.37802527408466063,0.07113302053018154,0.0
ctu13_v2_f0,SConv2dLSTM,delta,44,0.000549083990632627,2,0.4560014683799394,0.45600391763186005,0.0002449251920666473,0.16491152189856517,0.0026396890446305425,0.0
ctu13_v2_f0,SConv2dLSTM,delta,45,0.000549083990632627,2,0.4601107007768235,0.4601131786651813,0.00024778883578324695,0.1696692178949546,0.002778272719473646,0.0
ctu13_v2_f0,SConv2dLSTM,delta,46,0.000549083990632627,2,0.5970838475907766,0.5970871557926509,0.000330820187433023,0.3796378133403539,0.07143658477031406,0.0
ctu13_v2_f0,SConv2dLSTM,latency,42,0.000549083990632627,2,0.9996864214844918,0.9996864202576614,-1.2268304150353515e-07,0.9996662090753521,0.00026396890446305426,0.0
ctu13_v2_f0,SConv2dLSTM,latency,43,0.000549083990632627,2,0.9011397718680181,0.9011392998166086,-4.720514095168937e-05,0.8316753483648947,0.00019797667834729068,0.0
ctu13_v2_f0,SConv2dLSTM,latency,44,0.000549083990632627,2,0.9992542884297531,0.9992542855100056,-2.919747443819176e-07,0.9989845233841699,0.0003167626853556651,0.0
ctu13_v2_f0,SConv2dLSTM,latency,45,0.000549083990632627,2,0.9983000010213099,0.9982999943546247,-6.666685203882139e-07,0.9975318276698573,0.0005081401410913795,0.0
ctu13_v2_f0,SConv2dLSTM,latency,46,0.000549083990632627,2,0.9889227883317193,0.9889283559498463,0.0005567618126978147,0.9822855745905185,0.0010822725082985224,0.0
ctu13_v2_f0,SConv2dLSTM,rate,42,0.000549083990632627,2,0.9839021351399972,0.9839020702273994,-6.491259785246228e-06,0.9738655809842601,0.0011020701761332516,0.0
ctu13_v2_f0,SConv2dLSTM,rate,43,0.000549083990632627,2,0.9893577107034195,0.9893632830789422,0.0005572375522677753,0.9837241664629445,0.002072155900034976,0.0
ctu13_v2_f0,SConv2dLSTM,rate,44,0.000549083990632627,2,0.9872957011153733,0.9873012567267665,0.0005555611393148752,0.9796575587189951,0.001220856183141626,0.0
ctu13_v2_f0,SConv2dLSTM,rate,45,0.000549083990632627,2,0.9902426437263274,0.9902482241655616,0.0005580439234154078,0.9858585478684394,0.002982848620432513,0.0
ctu13_v2_f0,SConv2dLSTM,rate,46,0.000549083990632627,2,0.9876692368332942,0.9876747962007082,0.0005559367413976446,0.9807482558248867,0.0018675799990761088,0.0
ctu13_v2_f0,SLSTM,delta,42,0.000549083990632627,2,0.5958852561223241,0.5958885576919452,0.0003301569621028122,0.37800176768151644,0.07166755756171923,0.0
ctu13_v2_f0,SLSTM,delta,43,0.000549083990632627,2,0.4559842314781672,0.4559866806423326,0.000244916416541896,0.16493972958233824,0.002778272719473646,0.0
ctu13_v2_f0,SLSTM,delta,44,0.000549083990632627,2,0.5960132283094375,0.5960165306111711,0.0003302301733620894,0.3781287022584952,0.07155537077732244,0.0
ctu13_v2_f0,SLSTM,delta,45,0.000549083990632627,2,0.5959194889423929,0.5959227907247294,0.00033017823365399934,0.37800176768151644,0.07157516844515716,0.0
ctu13_v2_f0,SLSTM,delta,46,0.000549083990632627,2,0.4601251178014456,0.4601275957939961,0.0002477992550486974,0.1696927242980988,0.002798070387308375,0.0
ctu13_v2_f0,SLSTM,latency,42,0.000549083990632627,2,0.9056948940370897,0.9056998985659708,0.0005004528881080716,0.8477396242736521,0.011350662891911332,0.0
ctu13_v2_f0,SLSTM,latency,43,0.000549083990632627,2,0.9129334278137852,0.9129384800452134,0.0005052231428215315,0.8617964533538937,0.013469013350227344,0.0
ctu13_v2_f0,SLSTM,latency,44,0.000549083990632627,2,0.9171681372568083,0.9171732194621618,0.0005082205353446057,0.8714998965718261,0.01672902932034606,0.0
ctu13_v2_f0,SLSTM,latency,45,0.000549083990632627,2,0.8469851671568914,0.8469898187711884,0.0004651614296968809,0.7385899919137974,0.000758910600331281,0.0
ctu13_v2_f0,SLSTM,latency,46,0.000549083990632627,2,0.9309809745133513,0.9309861417777896,0.0005167264438332708,0.8898630987080881,0.009370896108438427,0.0
ctu13_v2_f0,SLSTM,rate,42,0.000549083990632627,2,0.9789989795119759,0.9790044778493816,0.0005498337405707154,0.9679419673919175,0.004315891587970937,0.0
ctu13_v2_f0,SLSTM,rate,43,0.000549083990632627,2,0.9782817366597785,0.9782872296876308,0.0005493027852354615,0.9667243357090471,0.004302693142747785,0.0
ctu13_v2_f0,SLSTM,rate,44,0.000549083990632627,2,0.9646059965089395,0.9646113885959984,0.0005392087058853079,0.942550350715535,0.002857463390812562,0.0
ctu13_v2_f0,SLSTM,rate,45,0.000549083990632627,2,0.9806137769752986,0.9806192894797026,0.0005512504403948348,0.9717876149463114,0.005879907346914534,0.0
ctu13_v2_f0,SLSTM,rate,46,0.000549083990632627,2,0.9766648432455018,0.9766703254613668,0.0005482215864938134,0.9645711491810369,0.005094599856136947,0.0
ctu13_v2_f0,Synaptic,delta,42,0.000549083990632627,2,0.456071094884618,0.4560735445623686,0.00024496777505933487,0.16490211933730747,0.0023823193627790645,0.0
ctu13_v2_f0,Synaptic,delta,43,0.000549083990632627,2,0.46000042229416044,0.46000289942311434,0.000247712895390384,0.1695516858792335,0.0028046696099199514,0.0
ctu13_v2_f0,Synaptic,delta,44,0.000549083990632627,2,0.5927760997109771,0.5927729589791599,-0.0003140731817175002,0.37333339601707505,0.07148277932859509,0.0
ctu13_v2_f0,Synaptic,delta,45,0.000549083990632627,2,0.5970774552034852,0.597080763370341,0.00033081668557866095,0.3796284107790962,0.07143658477031406,0.0
ctu13_v2_f0,Synaptic,delta,46,0.000549083990632627,2,0.595999310580507,0.5960026127934211,0.0003302212914113589,0.37813340353912406,0.07160156533560347,0.0
ctu13_v2_f0,Synaptic,latency,42,0.000549083990632627,2,0.9995536521919592,0.9995592996041378,0.0005647412178566569,0.9995251706564868,0.0003629572436366996,0.0
ctu13_v2_f0,Synaptic,latency,43,0.000549083990632627,2,0.9996892597742332,0.9996949078242987,0.000564805006553204,0.9995721834627752,0.00011218678439679806,0.0
ctu13_v2_f0,Synaptic,latency,44,0.000549083990632627,2,0.9994264706657354,0.9994264684230005,-2.2427348866926877e-07,0.9996568065140944,0.0008578989395049263,0.0
ctu13_v2_f0,Synaptic,latency,45,0.000549083990632627,2,0.9993954506758336,0.9993954483104484,-2.3653852210259174e-07,0.9993935347988793,0.0005609339219839902,0.0
ctu13_v2_f0,Synaptic,latency,46,0.000549083990632627,2,0.9994575645794375,0.9994632118297166,0.000564725027918378,0.9996191962690637,0.0007193152646618228,0.0
ctu13_v2_f0,Synaptic,rate,42,0.000549083990632627,2,0.9073001585158128,0.9073051666689806,0.0005008153167840312,0.8427421629651917,0.0007655098229428574,0.0
ctu13_v2_f0,Synaptic,rate,43,0.000549083990632627,2,0.9188756698196556,0.9188807508535286,0.0005081033872977869,0.8623182955036952,0.00022437356879359611,0.0
ctu13_v2_f0,Synaptic,rate,44,0.000549083990632627,2,0.9625013717224649,0.9625067462310146,0.0005374508549760293,0.9373460330594053,0.0006137277028766011,0.0
ctu13_v2_f0,Synaptic,rate,45,0.000549083990632627,2,0.9711162251043595,0.9711216615808937,0.0005436476534281809,0.952267897775354,0.0010426771726290644,0.0
ctu13_v2_f0,Synaptic,rate,46,0.000549083990632627,2,0.9482305132396809,0.9482357891194739,0.0005275879793043003,0.913355398010418,0.0010756732856869462,0.0
ctu13_v2_f1,Alpha,delta,42,0.0009481189320388349,2,0.8866626088064729,0.8866711284968405,0.0008519690367636557,0.9306380566095338,0.1619053553070189,0.0
ctu13_v2_f1,Alpha,delta,43,0.0009481189320388349,2,0.918127635205157,0.9181365511355766,0.0008915930419517437,0.9947053949147368,0.16837492341402122,0.0
ctu13_v2_f1,Alpha,delta,44,0.0009481189320388349,2,0.8870503790013472,0.8870589023048798,0.0008523303532625981,0.9308997339613589,0.1613861283321391,0.0
ctu13_v2_f1,Alpha,delta,45,0.0009481189320388349,2,0.8743544355451178,0.8743628142701014,0.0008378724983604258,0.9080378559902307,0.16233112142642034,0.0
ctu13_v2_f1,Alpha,delta,46,0.0009481189320388349,2,0.8867803977836766,0.8867889187931468,0.0008521009470241481,0.9308299533342056,0.16187420168852612,0.0
ctu13_v2_f1,Alpha,latency,42,0.0009481189320388349,2,0.7629632324355747,0.7629620082170312,-0.0001224218543538491,0.9919926730341488,0.4646042971224441,0.0
ctu13_v2_f1,Alpha,latency,43,0.0009481189320388349,2,0.7592661283944923,0.7592648931316515,-0.00012352628407930055,0.9920013956125431,0.471084249768944,0.0
ctu13_v2_f1,Alpha,latency,44,0.0009481189320388349,2,0.7619992473153511,0.7619980262165416,-0.00012210988095118225,0.9943477692005757,0.46840503857856425,0.0
ctu13_v2_f1,Alpha,latency,45,0.0009481189320388349,2,0.7646528909040549,0.7646516827793772,-0.00012081246776318721,0.9963190719176589,0.46552852113773013,0.0
ctu13_v2_f1,Alpha,latency,46,0.0009481189320388349,2,0.7551332732674735,0.7551319864526558,-0.00012868148177025418,0.9770596188233241,0.46496775600485996,0.0
ctu13_v2_f1,Alpha,rate,42,0.0009481189320388349,2,0.7674028178014798,0.7674060832656422,0.00032654641624052516,0.9913210344977975,0.45617205105039615,0.0
ctu13_v2_f1,Alpha,rate,43,0.0009481189320388349,2,0.7650385945839902,0.765041851026167,0.000325644217680221,0.9928562082951721,0.46172777968161,0.0
ctu13_v2_f1,Alpha,rate,44,0.0009481189320388349,2,0.7620930061796936,0.7621007094332477,0.0007703253554147693,0.9927166470408653,0.46676428133794406,0.0
ctu13_v2_f1,Alpha,rate,45,0.0009481189320388349,2,0.76587625398704,0.7658795121376447,0.0003258150604756871,0.9918094988878713,0.4593081819786702,0.0
ctu13_v2_f1,Alpha,rate,46,0.0009481189320388349,2,0.7716982525645031,0.771701544765856,0.0003292201352866897,0.9920362859261198,0.44921440958700687,0.0
ctu13_v2_f1,Lapicque,delta,42,0.0009481189320388349,2,0.8752228074885755,0.875231193290366,0.0008385801790522507,0.9080291334118366,0.16049305793534585,0.0
ctu13_v2_f1,Lapicque,delta,43,0.0009481189320388349,2,0.8849585717973455,0.8849670785573658,0.0008506760020288162,0.9309782371669065,0.16586186485560298,0.0
ctu13_v2_f1,Lapicque,delta,44,0.0009481189320388349,2,0.8865407080864122,0.8865492273193049,0.0008519232892689743,0.9308997339613589,0.1624557359003915,0.0
ctu13_v2_f1,Lapicque,delta,45,0.0009481189320388349,2,0.8744282851943025,0.8744366648057496,0.0008379611447062452,0.90820358497972,0.16236227504491313,0.0
ctu13_v2_f1,Lapicque,delta,46,0.0009481189320388349,2,0.8865159622079996,0.88652448124328,0.0008519035280429854,0.9308997339613589,0.16250765859787947,0.0
ctu13_v2_f1,Lapicque,latency,42,0.0009481189320388349,2,0.5661691961076009,0.566165670167188,-0.00035259404128629157,0.5939465305944437,0.461291629022711,0.0
ctu13_v2_f1,Lapicque,latency,43,0.0009481189320388349,2,0.44278458107079477,0.44278877674412687,0.00041956733320969164,0.3644991059357146,0.4612085527067302,0.0
ctu13_v2_f1,Lapicque,latency,44,0.0009481189320388349,2,0.6842443749569209,0.6842424026067491,-0.00019723501718527103,0.8309913210344978,0.4612085527067302,0.0
ctu13_v2_f1,Lapicque,latency,45,0.0009481189320388349,2,0.7126837655138231,0.7126821017743366,-0.0001663739486512661,0.8934100920232021,0.46572582738818447,0.0
ctu13_v2_f1,Lapicque,latency,46,0.0009481189320388349,2,0.7474415955154673,0.7474402197045806,-0.00013758108866612773,0.9531684766016835,0.45709627506568223,0.0
ctu13_v2_f1,Lapicque,rate,42,0.0009481189320388349,2,0.7602007650219358,0.760208375778225,0.0007610756289189169,0.9688603951328013,0.44852902998016553,0.0
ctu13_v2_f1,Lapicque,rate,43,0.0009481189320388349,2,0.7487932301791793,0.74880074398057,0.0007513801390635066,0.9689214531815604,0.46884118923746326,0.0
ctu13_v2_f1,Lapicque,rate,44,0.0009481189320388349,2,0.7701381856596395,0.770145949267163,0.0007763607523414429,0.990536002442322,0.4506059378796847,0.0
ctu13_v2_f1,Lapicque,rate,45,0.0009481189320388349,2,0.7665066729682561,0.766514382521895,0.0007709553638823863,0.9833834881590998,0.45053324610320156,0.0
ctu13_v2_f1,Lapicque,rate,46,0.0009481189320388349,2,0.7488183611744121,0.748825818371285,0.0007457196872895366,0.9493130969514588,0.4511147803150669,0.0
ctu13_v2_f1,Leaky,delta,42,0.0009481189320388349,2,0.887119640816278,0.8871281646730766,0.000852385679861456,0.9308997339613589,0.16124074477917277,0.0
ctu13_v2_f1,Leaky,delta,43,0.0009481189320388349,2,0.8871113908854398,0.8871199129820058,0.0008522096565988235,0.9300361987003358,0.16028536714539393,0.0
ctu13_v2_f1,Leaky,delta,44,0.0009481189320388349,2,0.8870754470226974,0.887083968917096,0.0008521894398594299,0.9300798115923067,0.1604099816193651,0.0
ctu13_v2_f1,Leaky,delta,45,0.0009481189320388349,2,0.8747562195744978,0.8747645998037616,0.0008380229263860173,0.9069911465829299,0.16030613622438913,0.0
ctu13_v2_f1,Leaky,delta,46,0.0009481189320388349,2,0.8873789992441871,0.8873875250357268,0.0008525791539759631,0.9308299533342056,0.160617672409317,0.0
ctu13_v2_f1,Leaky,latency,42,0.0009481189320388349,2,0.6215847083068969,0.6215819853542457,-0.00027229526512462243,0.7044615988486197,0.4615200888916581,0.0
ctu13_v2_f1,Leaky,latency,43,0.0009481189320388349,2,0.2768937616024165,0.27689622591064106,0.0002464308224536804,0.10297876052161019,0.45797896092297785,0.0
ctu13_v2_f1,Leaky,latency,44,0.0009481189320388349,2,0.6783867444316525,0.6783846924883641,-0.0002051943288394753,0.8152732347681975,0.4576570401985524,0.0
ctu13_v2_f1,Leaky,latency,45,0.0009481189320388349,2,0.5424954681824005,0.5424915699312082,-0.0003898251192291369,0.5493654324218239,0.46283892540785276,0.0
ctu13_v2_f1,Leaky,latency,46,0.0009481189320388349,2,0.5247746961000708,0.5247704804332037,-0.00042156668670356723,0.5138558157791443,0.46108393823275906,0.0
ctu13_v2_f1,Leaky,rate,42,0.0009481189320388349,2,0.762914652143191,0.7629134075975028,-0.00012445456881726713,0.9841597976361812,0.4576258865800596,0.0
ctu13_v2_f1,Leaky,rate,43,0.0009481189320388349,2,0.7582841793598022,0.7582873584352345,0.0003179075432346856,0.9797287278119412,0.46180047145809316,0.0
ctu13_v2_f1,Leaky,rate,44,0.0009481189320388349,2,0.7784275448913822,0.7784353807917628,0.000783590038055948,0.9915739892712285,0.43677373126888686,0.0
ctu13_v2_f1,Leaky,rate,45,0.0009481189320388349,2,0.7770897353897759,0.777097545599191,0.0007810209415093361,0.987212700074142,0.43513297402826673,0.0
ctu13_v2_f1,Leaky,rate,46,0.0009481189320388349,2,0.7674336969314705,0.7674414000149914,0.0007703083520937959,0.9789698634916482,0.44484251845851897,0.0
ctu13_v2_f1,LeakyParallel,delta,42,0.0009481189320388349,2,0.8751116104974093,0.8751199938830903,0.0008383385680987843,0.9071394304156308,0.15972460201252375,0.0
ctu13_v2_f1,LeakyParallel,delta,43,0.0009481189320388349,2,0.8872204486450616,0.8872289731869926,0.0008524541931009821,0.9308386759125997,0.16096036221273768,0.0
ctu13_v2_f1,LeakyParallel,delta,44,0.0009481189320388349,2,0.8753087652745113,0.8753171502725001,0.0008384997988830634,0.9071394304156308,0.1593092204326199,0.0
ctu13_v2_f1,LeakyParallel,delta,45,0.0009481189320388349,2,0.887350653046703,0.8873591785260334,0.0008525479330390162,0.9307863404422347,0.1606280569488146,0.0
ctu13_v2_f1,LeakyParallel,delta,46,0.0009481189320388349,2,0.8876777669937268,0.8876769345128759,-8.324808509208026e-05,0.9309084565397532,0.16009844543443721,0.0
ctu13_v2_f1,LeakyParallel,latency,42,0.0009481189320388349,2,0.7687977061041307,0.7687965144842538,-0.00011916198768835429,0.9978804134502158,0.45966125632158844,0.0
ctu13_v2_f1,LeakyParallel,latency,43,0.0009481189320388349,2,0.7772390181833853,0.7772468506308896,0.0007832447504352302,0.9934406210475817,0.440626395422495,0.0
ctu13_v2_f1,LeakyParallel,latency,44,0.0009481189320388349,2,0.7669511879920199,0.7669499834449205,-0.00012045470993982121,0.9949757948449561,0.4602843286914442,0.0
ctu13_v2_f1,LeakyParallel,latency,45,0.0009481189320388349,2,0.7682286030606451,0.7682274127963276,-0.00011902643175520922,0.9991190195821885,0.461779702379098,0.0
ctu13_v2_f1,LeakyParallel,latency,46,0.0009481189320388349,2,0.7698817100860729,0.7698894993634433,0.0007789277370440217,0.9986741680840856,0.4584566497398673,0.0
ctu13_v2_f1,LeakyParallel,rate,42,0.0009481189320388349,2,0.7682928231792392,0.7682916183655035,-0.0001204813735666832,0.9932400017445157,0.4563485882218553,0.0
ctu13_v2_f1,LeakyParallel,rate,43,0.0009481189320388349,2,0.7733534294187465,0.7733567335222089,0.0003304103462387076,0.9928562082951721,0.4470232717530141,0.0
ctu13_v2_f1,LeakyParallel,rate,44,0.0009481189320388349,2,0.7814249047468961,0.7814327713655729,0.0007866618676799497,0.99335339526364,0.43304568158924994,0.0
ctu13_v2_f1,LeakyParallel,rate,45,0.0009481189320388349,2,0.7781334886168337,0.7781413261863154,0.0007837569481639051,0.9927777050896245,0.43841448850950704,0.0
ctu13_v2_f1,LeakyParallel,rate,46,0.0009481189320388349,2,0.7740380791321755,0.7740368892098856,-0.00011899222899236506,0.9920362859261198,0.4450605937879685,0.0
ctu13_v2_f1,RLeaky,delta,42,0.0009481189320388349,2,0.8876185119210365,0.8876270394894649,0.000852756842839586,0.9307601727070522,0.16003613819745163,0.0
ctu13_v2_f1,RLeaky,delta,43,0.0009481189320388349,2,0.8874342026769386,0.8874427288581461,0.0008526181207502148,0.9308037855990231,0.16047228885635068,0.0
ctu13_v2_f1,RLeaky,delta,44,0.0009481189320388349,2,0.8870718298241589,0.8870803516043557,0.0008521780196835138,0.9300361987003358,0.16036844346137472,0.0
ctu13_v2_f1,RLeaky,delta,45,0.0009481189320388349,2,0.8872462252107489,0.8872547483004692,0.0008523089720324784,0.929992585808365,0.15995306188147088,0.0
ctu13_v2_f1,RLeaky,delta,46,0.0009481189320388349,2,0.8871290479200786,0.8871375702942679,0.0008522374189245951,0.9301059793274892,0.1603269053033843,0.0
ctu13_v2_f1,RLeaky,latency,42,0.0009481189320388349,2,0.9645274629380745,0.9645271786988592,-2.8423921527576113e-05,0.9647869510227223,0.035234742515343156,0.0
ctu13_v2_f1,RLeaky,latency,43,0.0009481189320388349,2,0.942469465469152,0.9424690193127754,-4.4615637662115404e-05,0.9597104103973134,0.07679366958472227,0.0
ctu13_v2_f1,RLeaky,latency,44,0.0009481189320388349,2,0.7697174809205476,0.7697162853624635,-0.00011955580840883329,0.9951764141480222,0.4555905168385308,0.0
ctu13_v2_f1,RLeaky,latency,45,0.0009481189320388349,2,0.9542297624199717,0.9542294004350445,-3.619849272551434e-05,0.961402590605783,0.05349076295211689,0.0
ctu13_v2_f1,RLeaky,latency,46,0.0009481189320388349,2,0.861026820430056,0.8610255218492964,-0.00012985807595899956,0.7988311744951808,0.06491375639947247,0.0
ctu13_v2_f1,RLeaky,rate,42,0.0009481189320388349,2,0.7784346233895918,0.77844245931873,0.0007835929138222397,0.9915652666928344,0.4367529621898917,0.0
ctu13_v2_f1,RLeaky,rate,43,0.0009481189320388349,2,0.763314338113116,0.7633175725803365,0.00032344672205031344,0.9887653190283048,0.4610735536932615,0.0
ctu13_v2_f1,RLeaky,rate,44,0.0009481189320388349,2,0.7749418484821913,0.7749451574783199,0.0003308996128659203,0.9914257054385276,0.44287984049347334,0.0
ctu13_v2_f1,RLeaky,rate,45,0.0009481189320388349,2,0.7613192717212215,0.7613225071604721,0.0003235439250626193,0.9929696018142963,0.46835311588107625,0.0
ctu13_v2_f1,RLeaky,rate,46,0.0009481189320388349,2,0.7708725723804682,0.7708758547894766,0.0003282409008376064,0.9903179379824676,0.4491105641920309,0.0
ctu13_v2_f1,RSynaptic,delta,42,0.0009481189320388349,2,0.8754189810308782,0.8754273684945513,0.0008387463673042994,0.9080640237254133,0.1601192145134324,0.0
ctu13_v2_f1,RSynaptic,delta,43,0.0009481189320388349,2,0.8874439918904077,0.8874525165619747,0.0008524671566978448,0.929992585808365,0.15953768030156704,0.0
ctu13_v2_f1,RSynaptic,delta,44,0.0009481189320388349,2,0.8870528457578828,0.8870613673351113,0.0008521577228526311,0.9300100309651533,0.1603788280008723,0.0
ctu13_v2_f1,RSynaptic,delta,45,0.0009481189320388349,2,0.8720442238226795,0.8720525726842551,0.0008348861575524502,0.9014784770378124,0.1598076783285045,0.0
ctu13_v2_f1,RSynaptic,delta,46,0.0009481189320388349,2,0.8868083766400219,0.886816896398958,0.000851975893612078,0.9300798115923067,0.16097074675223527,0.0
ctu13_v2_f1,RSynaptic,latency,42,0.0009481189320388349,2,0.8764880682107593,0.8764963866966373,0.000831848587801165,0.7752191547821536,0.002616903953394187,0.0
ctu13_v2_f1,RSynaptic,latency,43,0.0009481189320388349,2,0.9896544523167852,0.9896543684484804,-8.386830474549356e-06,0.9824152819573466,0.0015888345431321847,0.0
ctu13_v2_f1,RSynaptic,latency,44,0.0009481189320388349,2,0.9895123780671617,0.989521824558508,0.0009446491346265518,0.98691613240874,0.0072172549508292055,0.0
ctu13_v2_f1,RSynaptic,latency,45,0.0009481189320388349,2,0.9663097631059319,0.9663095038190086,-2.5928692326537828e-05,0.9849186619564744,0.05504844387675629,0.0
ctu13_v2_f1,RSynaptic,latency,46,0.0009481189320388349,2,0.7352462258023331,0.7352442266042245,-0.00019991981086153743,0.7837847267652318,0.3150980819755548,0.0
ctu13_v2_f1,RSynaptic,rate,42,0.0009481189320388349,2,0.7755274605847138,0.7755307742189266,0.00033136342127981777,0.9918618343582363,0.44223599904462235,0.0
ctu13_v2_f1,RSynaptic,rate,43,0.0009481189320388349,2,0.772467869223938,0.772475658031685,0.0007788807747100002,0.99224562780758,0.44803057208428093,0.0
ctu13_v2_f1,RSynaptic,rate,44,0.0009481189320388349,2,0.7837148224846,0.7837227089991065,0.0007886514506449949,0.9936848532426186,0.4292345555936322,0.0
ctu13_v2_f1,RSynaptic,rate,45,0.0009481189320388349,2,0.7853176559212837,0.7853255434295525,0.0007887508268855647,0.9901347638361899,0.4230142164345722,0.0
ctu13_v2_f1,RSynaptic,rate,46,0.0009481189320388349,2,0.7827515779560708,0.782754937717513,0.0003359761442278675,0.9934755113611583,0.430781851978774,0.0
ctu13_v2_f1,SConv2dLSTM,delta,42,0.0009481189320388349,2,0.9180602717204365,0.9180691869016866,0.0008915181250124249,0.994618169130795,0.1684164615720116,0.0
ctu13_v2_f1,SConv2dLSTM,delta,43,0.0009481189320388349,2,0.9183090713935419,0.9183179856048715,0.0008914211329646982,0.9936237951938593,0.1667757043313914,0.0
ctu13_v2_f1,SConv2dLSTM,delta,44,0.0009481189320388349,2,0.8755872318312103,0.8755956200780972,0.0008388246886870121,0.9077151205896463,0.1593715276696055,0.0
ctu13_v2_f1,SConv2dLSTM,delta,45,0.0009481189320388349,2,0.8872772589763059,0.8872857838177647,0.0008524841458745769,0.9307601727070522,0.16075267142278576,0.0
ctu13_v2_f1,SConv2dLSTM,delta,46,0.0009481189320388349,2,0.8873553359560078,0.8873638595783043,0.0008523622296530142,0.9298181342404814,0.15952729576206942,0.0
ctu13_v2_f1,SConv2dLSTM,latency,42,0.0009481189320388349,2,0.34085111555229747,0.3408427152560799,-0.0008400296217569991,0.19157398927122857,0.45032555531324964,0.0
ctu13_v2_f1,SConv2dLSTM,latency,43,0.0009481189320388349,2,0.25046246937587163,0.2504646376448261,0.00021682689544944012,0.07115007196127175,0.46741850732629264,0.0
ctu13_v2_f1,SConv2dLSTM,latency,44,0.0009481189320388349,2,0.609765215181318,0.6097710209592593,0.0005805777941292334,0.664215622137904,0.44513328556445164,0.0
ctu13_v2_f1,SConv2dLSTM,latency,45,0.0009481189320388349,2,0.8551150046303627,0.8551141279202916,-8.767100710960207e-05,0.9963539622312355,0.29755859476411517,0.0
ctu13_v2_f1,SConv2dLSTM,latency,46,0.0009481189320388349,2,0.8435260925441785,0.8435343956713821,0.0008303127203568295,0.9771730123424485,0.3002170368754998,0.0
ctu13_v2_f1,SConv2dLSTM,rate,42,0.0009481189320388349,2,0.752751857901957,0.7527593894671041,0.0007531565147100849,0.9635308997339613,0.45698204513120866,0.0
ctu13_v2_f1,SConv2dLSTM,rate,43,0.0009481189320388349,2,0.7613739992998714,0.7613816935237993,0.0007694223927878774,0.9918443892014479,0.4672419701548335,0.0
ctu13_v2_f1,SConv2dLSTM,rate,44,0.0009481189320388349,2,0.770865598668969,0.7708733813292912,0.0007782660322197543,0.994365214357364,0.4528074602531751,0.0
ctu13_v2_f1,SConv2dLSTM,rate,45,0.0009481189320388349,2,0.7694517632739498,0.7694594923389568,0.0007729065007011648,0.9818047014697544,0.44383521812725213,0.0
ctu13_v2_f1,SConv2dLSTM,rate,46,0.0009481189320388349,2,0.734449258970665,0.7344565268690626,0.0007267898397556039,0.9242182389114222,0.45418860400635536,0.0
ctu13_v2_f1,SLSTM,delta,42,0.0009481189320388349,2,0.8874736545836075,0.8874821794924478,0.0008524908840290557,0.929992585808365,0.15947537306458145,0.0
ctu13_v2_f1,SLSTM,delta,43,0.0009481189320388349,2,0.8872558495353436,0.8872643727190701,0.0008523183726460992,0.9300013083867591,0.15994267734197326,0.0
ctu13_v2_f1,SLSTM,delta,44,0.0009481189320388349,2,0.8870339596738014,0.8870424807251858,0.0008521051384380307,0.9298181342404814,0.16020229082941317,0.0
ctu13_v2_f1,SLSTM,delta,45,0.0009481189320388349,2,0.8876702603358986,0.8876787884890491,0.000852815315055544,0.930847398490994,0.16002575365795405,0.0
ctu13_v2_f1,SLSTM,delta,46,0.0009481189320388349,2,0.9188487340029603,0.9188576550953509,0.0008921092390590246,0.9946356142875834,0.16679647341038661,0.0
ctu13_v2_f1,SLSTM,latency,42,0.0009481189320388349,2,0.24532848151062153,0.2453305980872538,0.0002116576632266165,0.06698940206725108,0.473628461945855,0.0
ctu13_v2_f1,SLSTM,latency,43,0.0009481189320388349,2,0.2603562570799635,0.2603585467624061,0.000228968244259109,0.08627502289676829,0.4710427116109536,0.0
ctu13_v2_f1,SLSTM,latency,44,0.0009481189320388349,2,0.5608152188558235,0.5608205428177072,0.0005323961883685335,0.5882855772166252,0.4663073616000498,0.0
ctu13_v2_f1,SLSTM,latency,45,0.0009481189320388349,2,0.27175403505896345,0.27175645570056917,0.00024206416057159785,0.10174887696803175,0.47036771654360987,0.0
ctu13_v2_f1,SLSTM,latency,46,0.0009481189320388349,2,0.2420904837456961,0.24209255652619216,0.0002072780496048532,0.06113655196476078,0.47021194845114594,0.0
ctu13_v2_f1,SLSTM,rate,42,0.0009481189320388349,2,0.7655192398487515,0.7655269558578746,0.0007716009123082124,0.9878756160320991,0.4563693573008505,0.0
ctu13_v2_f1,SLSTM,rate,43,0.0009481189320388349,2,0.760505391691336,0.7605130809416153,0.0007689250279274695,0.9925596406297702,0.46940195437033344,0.0
ctu13_v2_f1,SLSTM,rate,44,0.0009481189320388349,2,0.7720203706306281,0.7720281593559299,0.0007788725301827171,0.9933185049500632,0.4498063283383698,0.0
ctu13_v2_f1,SLSTM,rate,45,0.0009481189320388349,2,0.758375459267647,0.7583831334005915,0.0007674132944446299,0.99345806620437,0.4739192290517877,0.0
ctu13_v2_f1,SLSTM,rate,46,0.0009481189320388349,2,0.7621709870532696,0.7621786924973848,0.0007705444115213567,0.9931702211173623,0.46703427936488157,0.0
ctu13_v2_f1,Synaptic,delta,42,0.0009481189320388349,2,0.8872459605207967,0.8872544836254305,0.0008523104633728629,0.9300013083867591,0.15996344642096846,0.0
ctu13_v2_f1,Synaptic,delta,43,0.0009481189320388349,2,0.8872573519286382,0.8872658753458837,0.0008523417245553944,0.9301147019058834,0.16006729181594442,0.0
ctu13_v2_f1,Synaptic,delta,44,0.0009481189320388349,2,0.8877863720722874,0.8877949009993804,0.000852892709302111,0.9307688952854464,0.15969344839403096,0.0
ctu13_v2_f1,Synaptic,delta,45,0.0009481189320388349,2,0.8872971742217075,0.8873056979403683,0.0008523718660780055,0.9301059793274892,0.15997383096046605,0.0
ctu13_v2_f1,Synaptic,delta,46,0.0009481189320388349,2,0.8753473945609034,0.8753557813063436,0.0008386745440236432,0.9079855205198657,0.16018152175041797,0.0
ctu13_v2_f1,Synaptic,latency,42,0.0009481189320388349,2,0.722153158142582,0.7221602984716853,0.0007140329103316745,0.9157660604474682,0.4687061902239945,0.0
ctu13_v2_f1,Synaptic,latency,43,0.0009481189320388349,2,0.7485659158610237,0.7485645831964739,-0.00013326645498246137,0.967386279384186,0.4678858116036844,0.0
ctu13_v2_f1,Synaptic,latency,44,0.0009481189320388349,2,0.7571101791094164,0.7571089162667847,-0.0001262842631688521,0.9838719525491736,0.46759504449775174,0.0
ctu13_v2_f1,Synaptic,latency,45,0.0009481189320388349,2,0.29263265739143085,0.2926353126467745,0.00026552553436531845,0.13052466309040953,0.4687477283819849,0.0
ctu13_v2_f1,Synaptic,latency,46,0.0009481189320388349,2,0.7307423228183784,0.7307495693752077,0.0007246556829376694,0.9285969732652972,0.46481198791239603,0.0
ctu13_v2_f1,Synaptic,rate,42,0.0009481189320388349,2,0.7969228558206307,0.7969307883154997,0.000793249486896741,0.975236599938942,0.3874575531948036,0.0
ctu13_v2_f1,Synaptic,rate,43,0.0009481189320388349,2,0.7824451778161402,0.782453024399955,0.000784658381480785,0.9849099393780801,0.4233153680800025,0.0
ctu13_v2_f1,Synaptic,rate,44,0.0009481189320388349,2,0.7943977715779769,0.7944057138225511,0.000794224457423276,0.9845174233503423,0.4010924535551471,0.0
ctu13_v2_f1,Synaptic,rate,45,0.0009481189320388349,2,0.7760880166715225,0.7760913114341639,0.000329476264138151,0.984299358890488,0.43423990363147347,0.0
ctu13_v2_f1,Synaptic,rate,46,0.0009481189320388349,2,0.8772557530897931,0.877264286978616,0.000853388882293693,0.9680143050285664,0.2228833712369025,0.0
kddcup99_v2,Alpha,delta,42,57.53000524066888,178935,0.5296335239264679,0.517967348486035,-1.1666175440432913,0.7449802310256609,0.006069469835466179,-0.16211875011898705
kddcup99_v2,Alpha,delta,43,57.53000524066888,178935,0.5282939674861519,0.5160143413041549,-1.227962618199696,0.7448381011447915,0.006014625228519196,-0.16265214385875662
kddcup99_v2,Alpha,delta,44,57.53000524066888,178935,0.5288576086039234,0.5173326881512349,-1.1524920452688492,0.746827919476962,0.004460694698354662,-0.17776496648556098
kddcup99_v2,Alpha,delta,45,57.53000524066888,178935,0.5267689185046691,0.5142729270357193,-1.2495991468949863,0.7441920562317492,0.005575868372943328,-0.16691929377691314
kddcup99_v2,Alpha,delta,46,57.53000524066888,178935,0.5297742114846786,0.5181991407322756,-1.157507075240305,0.7475902524743521,0.00659963436928702,-0.15696261063454778
kddcup99_v2,Alpha,latency,42,57.53000524066888,178935,0.5519400250171673,0.5444187591848484,-0.7521265832318935,0.7520867250691268,0.01703839122486289,0.13435089777386333
kddcup99_v2,Alpha,latency,43,57.53000524066888,178935,0.5376162026682796,0.5272644822056268,-1.0351720462652758,0.7442695816213143,0.016307129798903107,0.12723898124360233
kddcup99_v2,Alpha,latency,44,57.53000524066888,178935,0.5436204671213967,0.5344761519962943,-0.9144315125102387,0.7461947954621805,0.016946983546617916,0.13511226385922362
kddcup99_v2,Alpha,latency,45,57.53000524066888,178935,0.5515561332480341,0.543858224218011,-0.7697909030023098,0.7513502338682585,0.01449725776965265,0.1096369878312067
kddcup99_v2,Alpha,latency,46,57.53000524066888,178935,0.5323197845402381,0.520565824224,-1.17539603162381,0.7424477349665348,0.015155393053016454,0.11603771270844149
kddcup99_v2,Alpha,rate,42,57.53000524066888,178935,0.5454470020793033,0.5369126654551926,-0.8534336624110739,0.7495154663152183,0.014424131627056672,0.11057615182982344
kddcup99_v2,Alpha,rate,43,57.53000524066888,178935,0.5428395562514214,0.534254904479289,-0.8584651772132412,0.7528619789647776,0.015210237659963438,0.11492075079656827
kddcup99_v2,Alpha,rate,44,57.53000524066888,178935,0.5382558027533682,0.5287098254917748,-0.9545977261593341,0.7484042690647854,0.014917733089579525,0.1153766954877497
kddcup99_v2,Alpha,rate,45,57.53000524066888,178935,0.5398206086751733,0.5302945698018777,-0.9526038873295617,0.746750394087397,0.012723948811700183,0.09239059024532398
kddcup99_v2,Alpha,rate,46,57.53000524066888,178935,0.5466248525732051,0.5388607199749469,-0.7764132598258255,0.7524355893221697,0.011572212065813528,0.0811893217101631
kddcup99_v2,Lapicque,delta,42,57.53000524066888,178935,0.6006725280133167,0.5910031602812117,-0.9669367732105028,0.7528748998630385,0.006563071297989031,-0.15731820646106096
kddcup99_v2,Lapicque,delta,43,57.53000524066888,178935,0.6099211532046801,0.5979260228561833,-1.1995130348496752,0.7462981626482673,0.0062888482632541135,-0.16163553081155166
kddcup99_v2,Lapicque,delta,44,57.53000524066888,178935,0.5675789784119749,0.5579937890349013,-0.9585189377073644,0.7541540687908623,0.006252285191956124,-0.16199112663806467
kddcup99_v2,Lapicque,delta,45,57.53000524066888,178935,0.5599950153831675,0.5481439968278432,-1.1851018555324333,0.746324004444789,0.005612431444241317,-0.16656369795040005
kddcup99_v2,Lapicque,delta,46,57.53000524066888,178935,0.5728128961439837,0.561444006843703,-1.1368889300280682,0.7466341060030494,0.005795246800731261,-0.16478571881783488
kddcup99_v2,Lapicque,latency,42,57.53000524066888,178935,0.6068134118035802,0.5988529505364998,-0.7960461267080388,0.7488694214021758,0.01672760511882998,0.13132833324850224
kddcup99_v2,Lapicque,latency,43,57.53000524066888,178935,0.5886709090696532,0.5817437976713831,-0.692711139827018,0.7511693412926067,0.010054844606946984,0.06643209490987176
kddcup99_v2,Lapicque,latency,44,57.53000524066888,178935,0.5916555995611552,0.5825241116888822,-0.9131487872273025,0.744799338450009,0.014314442413162706,0.10785900869864154
kddcup99_v2,Lapicque,latency,45,57.53000524066888,178935,0.6105027704364206,0.6032770971270629,-0.722567330935775,0.7486368452334806,0.0051553930530164535,0.017131898505480785
kddcup99_v2,Lapicque,latency,46,57.53000524066888,178935,0.5946108519403199,0.5863356099146922,-0.8275242025627683,0.7469829702560922,0.016142595978062158,0.12563880002429384
kddcup99_v2,Lapicque,rate,42,57.53000524066888,178935,0.6130829393873067,0.6051001651784846,-0.7982774208822097,0.7571646380856397,0.018190127970749544,0.14720252196066713
kddcup99_v2,Lapicque,rate,43,57.53000524066888,178935,0.5994310618321447,0.5915543494657901,-0.7876712366354566,0.7561826498178154,0.017385740402193785,0.1393794137773803
kddcup99_v2,Lapicque,rate,44,57.53000524066888,178935,0.6250441282313194,0.6171665738596939,-0.7877554371625517,0.7554849213117296,0.014844606946983547,0.1146655038347235
kddcup99_v2,Lapicque,rate,45,57.53000524066888,178935,0.5994372395246126,0.592057671908712,-0.737956761590064,0.7572938470682482,0.016782449725776964,0.13351208263991474
kddcup99_v2,Lapicque,rate,46,57.53000524066888,178935,0.598182240926244,0.5905866332730233,-0.7595607653220648,0.7568416156291186,0.017623400365630714,0.14169078664971502
kddcup99_v2,Leaky,delta,42,57.53000524066888,178935,0.628896806775854,0.6188320817025319,-1.0064725073322123,0.7527327699821692,0.006398537477148081,-0.15891838768036964
kddcup99_v2,Leaky,delta,43,57.53000524066888,178935,0.5974008731190186,0.5858810372166147,-1.1519835902403908,0.7494767036204357,0.005758683729433272,-0.16679167029599085
kddcup99_v2,Leaky,delta,44,57.53000524066888,178935,0.5555745140364698,0.5434613530061475,-1.211316103032234,0.7536113910639067,0.00583180987202925,-0.16443012299132187
kddcup99_v2,Leaky,delta,45,57.53000524066888,178935,0.5803291294227289,0.5692487821407332,-1.1080347281995695,0.7543091195699925,0.006215722120658135,-0.1606963668129349
kddcup99_v2,Leaky,delta,46,57.53000524066888,178935,0.6354815749976093,0.6253569855393474,-1.012458945826189,0.7549551644830349,0.005557586837294333,-0.16709709169016967
kddcup99_v2,Leaky,latency,42,57.53000524066888,178935,0.6818862616138613,0.67548502224863,-0.6401239365231293,0.7567382484430317,0.017422303473491774,0.13808465395225045
kddcup99_v2,Leaky,latency,43,57.53000524066888,178935,0.6695262525718146,0.661419927851177,-0.8106324720637659,0.7493216528413055,0.01656307129798903,0.13137850768083664
kddcup99_v2,Leaky,latency,44,57.53000524066888,178935,0.6625523852863295,0.6559538632640162,-0.6598522022313369,0.7581724681499857,0.01659963436928702,0.12513268090077798
kddcup99_v2,Leaky,latency,45,57.53000524066888,178935,0.6359085195175763,0.6285765134158363,-0.7332006101740007,0.7520091996795617,0.015886654478976234,0.11984891793541658
kddcup99_v2,Leaky,latency,46,57.53000524066888,178935,0.6378531734652235,0.630691417968129,-0.7161755497094524,0.7507429516499987,0.008080438756855575,0.04888027592981018
kddcup99_v2,Leaky,rate,42,57.53000524066888,178935,0.6694052760140314,0.6622801331840142,-0.7125142830017195,0.7580432591673774,0.014606946983546618,0.11070377531074582
kddcup99_v2,Leaky,rate,43,57.53000524066888,178935,0.6453568659597126,0.637717806788207,-0.7639059171505647,0.7506395844639119,0.009853747714808044,0.0661266735156929
kddcup99_v2,Leaky,rate,44,57.53000524066888,178935,0.6259502740012157,0.6173875701113192,-0.856270388989655,0.7580044964725948,0.012851919561243144,0.09528553128976253
kddcup99_v2,Leaky,rate,45,57.53000524066888,178935,0.5992779472365489,0.590983038292855,-0.829490894369389,0.7550456107708607,0.017751371115173675,0.14128501639086785
kddcup99_v2,Leaky,rate,46,57.53000524066888,178935,0.5698403909544233,0.562536112130875,-0.7304278823548338,0.7622554720004134,0.011919561243144423,0.08456748206203696
kddcup99_v2,LeakyParallel,delta,42,57.53000524066888,178935,0.6079053895294769,0.5958562454963585,-1.2049144033118409,0.7554849213117296,0.005795246800731261,-0.16643607446947783
kddcup99_v2,LeakyParallel,delta,43,57.53000524066888,178935,0.6304227649857568,0.6186250642434502,-1.1797700742306572,0.7541023851978189,0.005776965265082267,-0.16661387238273428
kddcup99_v2,LeakyParallel,delta,44,57.53000524066888,178935,0.6314261506677697,0.6184359923739586,-1.2990158293811116,0.751737860816084,0.005722120658135283,-0.165496910470861
kddcup99_v2,LeakyParallel,delta,45,57.53000524066888,178935,0.5452637486072429,0.5337554201570475,-1.1508328450195449,0.7571775589839006,0.00583180987202925,-0.16443012299132187
kddcup99_v2,LeakyParallel,delta,46,57.53000524066888,178935,0.6264372736241391,0.6168183035331734,-0.9618970090965795,0.7580820218621599,0.006489945155393053,-0.158029398114087
kddcup99_v2,LeakyParallel,latency,42,57.53000524066888,178935,0.6382430103128522,0.6297193947004981,-0.8523615612354152,0.7543220404682534,0.016745886654478976,0.1331564868134018
kddcup99_v2,LeakyParallel,latency,43,57.53000524066888,178935,0.6377369766722987,0.629536905016541,-0.8200071655757646,0.751647414528258,0.017056672760511885,0.1361790513387629
kddcup99_v2,LeakyParallel,latency,44,57.53000524066888,178935,0.6422472423127366,0.6360451459218718,-0.6202096390864775,0.7565056722743365,0.004643510054844607,0.015454268237584043
kddcup99_v2,LeakyParallel,latency,45,57.53000524066888,178935,0.615191912756064,0.6074057776454634,-0.7786135110600556,0.7591286146212884,0.01469835466179159,0.10829205357374261
kddcup99_v2,LeakyParallel,latency,46,57.53000524066888,178935,0.6212687146485109,0.6143152934133919,-0.6953421235118995,0.7593482698917229,0.017404021937842778,0.13955721169063678
kddcup99_v2,LeakyParallel,rate,42,57.53000524066888,178935,0.6484849530830616,0.6423526980302172,-0.6132255052844426,0.7622296302038918,0.005502742230347349,0.017209347554068832
kddcup99_v2,LeakyParallel,rate,43,57.53000524066888,178935,0.6272914728258014,0.6197781688398121,-0.7513303985989372,0.7598392640256351,0.015594149908592321,0.12030486262659801
kddcup99_v2,LeakyParallel,rate,44,57.53000524066888,178935,0.5876542740191051,0.5789397085540279,-0.8714565465077206,0.7556916556839032,0.016508226691042047,0.12919475828942414
kddcup99_v2,LeakyParallel,rate,45,57.53000524066888,178935,0.5493977092631922,0.5401745020969985,-0.9223207166193736,0.7551489779569476,0.017952468007312615,0.14489114908833242
kddcup99_v2,LeakyParallel,rate,46,57.53000524066888,178935,0.6315667170062543,0.6233896831302211,-0.8177033876033191,0.7610538284621546,0.011645338208409507,0.08355086901483208
kddcup99_v2,RLeaky,delta,42,57.53000524066888,178935,0.5264372440306444,0.5146141358680751,-1.1823108162569262,0.7466211851047885,0.005447897623400365,-0.16981423482135177
kddcup99_v2,RLeaky,delta,43,57.53000524066888,178935,0.5164210501250988,0.5030905363106176,-1.3330513814481137,0.7493345737395664,0.005648994515539305,-0.16785845777553005
kddcup99_v2,RLeaky,delta,44,57.53000524066888,178935,0.5231351489711635,0.5110691256104885,-1.2066023360675082,0.7515182055456495,0.00546617915904936,-0.16798608125645226
kddcup99_v2,RLeaky,delta,45,57.53000524066888,178935,0.5335433446499221,0.5236248539246822,-0.9918490725239981,0.7573713724578133,0.006106032906764168,-0.16176315429247404
kddcup99_v2,RLeaky,delta,46,57.53000524066888,178935,0.5593713328749488,0.5475905080047867,-1.1780824870162077,0.7568416156291186,0.006489945155393053,-0.15967975376572993
kddcup99_v2,RLeaky,latency,42,57.53000524066888,178935,0.5148512303997581,0.5008361906005488,-1.4015039799209261,0.7389849342326279,0.0043327239488117,0.02563454892536652
kddcup99_v2,RLeaky,latency,43,57.53000524066888,178935,0.6214339110980219,0.6119652287112529,-0.9468682386769012,0.7594516370778096,0.016197440585009142,0.12617219376406338
kddcup99_v2,RLeaky,latency,44,57.53000524066888,178935,0.5297043520767784,0.5162393831545241,-1.346496892225424,0.7400056851952348,0.004095063985374772,0.010120330839888305
kddcup99_v2,RLeaky,latency,45,57.53000524066888,178935,0.5455143569790292,0.5368683401616005,-0.8646016817428714,0.7582499935395509,0.008372943327239488,0.051725042541914644
kddcup99_v2,RLeaky,latency,46,57.53000524066888,178935,0.5870858987590075,0.5776621876362281,-0.9423711122779399,0.7497997260769569,0.007367458866544789,0.05514900252594924
kddcup99_v2,RLeaky,rate,42,57.53000524066888,178935,0.6089536215176494,0.6011807180583559,-0.777290345929349,0.7483655063700029,0.017861060329067643,0.14400215952204976
kddcup99_v2,RLeaky,rate,43,57.53000524066888,178935,0.5538532463345704,0.5437579878763366,-1.0095258458233891,0.7440240845543582,0.016892138939670932,0.1329285144678111
kddcup99_v2,RLeaky,rate,44,57.53000524066888,178935,0.6066573987117243,0.5966366629821771,-1.0020735729547203,0.7449285474326175,0.017202925045703837,0.1376014346448146
kddcup99_v2,RLeaky,rate,45,57.53000524066888,178935,0.576994378014278,0.5667896401389724,-1.0204737875305625,0.7460526655813112,0.017020109689213893,0.13252274420896376
kddcup99_v2,RLeaky,rate,46,57.53000524066888,178935,0.5613539858296802,0.552977969611558,-0.8376016218122229,0.756376463291728,0.017751371115173675,0.1429353720425106
kddcup99_v2,RSynaptic,delta,42,57.53000524066888,178935,0.6408273716812312,0.629177908945014,-1.1649462736217142,0.7523709848308654,0.006343692870201097,-0.15945178142013922
kddcup99_v2,RSynaptic,delta,43,57.53000524066888,178935,0.626453292777607,0.6130122857873597,-1.3441006990247306,0.7512856293769543,0.005575868372943328,-0.16856964942855598
kddcup99_v2,RSynaptic,delta,44,57.53000524066888,178935,0.6112808592106875,0.5985341514959674,-1.2746707714720085,0.7427061529317518,0.006910420475319927,-0.15394004610918702
kddcup99_v2,RSynaptic,delta,45,57.53000524066888,178935,0.6110955453950642,0.5972470902551705,-1.3848455139893634,0.7489727885882627,0.005594149908592322,-0.16674149586365658
kddcup99_v2,RSynaptic,delta,46,57.53000524066888,178935,0.5743367993891143,0.5642108573956677,-1.012594199344663,0.757642711321291,0.006252285191956124,-0.16034077098642172
kddcup99_v2,RSynaptic,latency,42,57.53000524066888,178935,0.6113656352146051,0.6004917807398669,-1.087385447473821,0.7379124996769776,0.016325411334552103,0.14226998002164534
kddcup99_v2,RSynaptic,latency,43,57.53000524066888,178935,0.592092722671448,0.5776068831452005,-1.448583952624749,0.7397214254334962,0.011188299817184643,0.07745556553177615
kddcup99_v2,RSynaptic,latency,44,57.53000524066888,178935,0.5860541232579075,0.5728476253777189,-1.3206497880188572,0.745820089412616,0.011151736745886655,0.078750325356906
kddcup99_v2,RSynaptic,latency,45,57.53000524066888,178935,0.5252227731442523,0.5105964987979605,-1.4626274346291712,0.7399669225004523,0.0078062157221206584,0.04621330723096244
kddcup99_v2,RSynaptic,latency,46,57.53000524066888,178935,0.6208332057121513,0.6112408911169525,-0.9592314595198825,0.7563635423934671,0.014753199268738575,0.11377651426844101
kddcup99_v2,RSynaptic,rate,42,57.53000524066888,178935,0.6292083047973758,0.6233258118981414,-0.5882492899234371,0.7581337054552032,0.009762340036563072,0.06523768394941024
kddcup99_v2,RSynaptic,rate,43,57.53000524066888,178935,0.5938195982374948,0.5861635565965188,-0.7656041640975997,0.7511564203943458,0.01449725776965265,0.1096369878312067
kddcup99_v2,RSynaptic,rate,44,57.53000524066888,178935,0.5696472004552221,0.5608117685285384,-0.8835431926683679,0.7447347339587048,0.011974405850091407,0.08675123145344948
kddcup99_v2,RSynaptic,rate,45,57.53000524066888,178935,0.6066377616085596,0.5986266838283087,-0.8011077780250897,0.7549680853812957,0.016142595978062158,0.12563880002429384
kddcup99_v2,RSynaptic,rate,46,57.53000524066888,178935,0.627753910555574,0.6186497303769682,-0.9104180178605703,0.7529007416595602,0.017513711151736746,0.1406239991701759
kddcup99_v2,SConv2dLSTM,delta,42,57.53000524066888,178935,0.6360004111471816,0.6243785807020018,-1.1621830445179837,0.7524226684239088,0.005612431444241317,-0.16656369795040005
kddcup99_v2,SConv2dLSTM,delta,43,57.53000524066888,178935,0.5969463827968831,0.5833758110704164,-1.3570571726466696,0.7428612037108819,0.005813528336380256,-0.16460792090457832
kddcup99_v2,SConv2dLSTM,delta,44,57.53000524066888,178935,0.6241189380880966,0.6134003445244477,-1.0718593563648904,0.7525389565082564,0.006252285191956124,-0.16199112663806467
kddcup99_v2,SConv2dLSTM,delta,45,57.53000524066888,178935,0.6137005503679105,0.6012389805761125,-1.2461569791798022,0.7439336382665322,0.005411334552102376,-0.16851947499622183
kddcup99_v2,SConv2dLSTM,delta,46,57.53000524066888,178935,0.6102416128141211,0.5982452244728227,-1.1996388341298458,0.751053053208259,0.005612431444241317,-0.16656369795040005
kddcup99_v2,SConv2dLSTM,latency,42,57.53000524066888,178935,0.6460726571931994,0.6396967195571015,-0.6375937636097895,0.7582241517430292,0.004881170018281536,0.017765641109918767
kddcup99_v2,SConv2dLSTM,latency,43,57.53000524066888,178935,0.6009449610155153,0.5916942272767545,-0.9250733738760841,0.7490632348760886,0.005027422303473492,0.019188024415971
kddcup99_v2,SConv2dLSTM,latency,44,57.53000524066888,178935,0.6250703298010791,0.6171183593539861,-0.795197044709306,0.7477453032534822,0.0044058500914076785,0.013142895365249232
kddcup99_v2,SConv2dLSTM,latency,45,57.53000524066888,178935,0.5760896731121082,0.5656689446238001,-1.0420728488308106,0.7421117916117529,0.004844606946983547,-0.010646000794524088
kddcup99_v2,SConv2dLSTM,latency,46,57.53000524066888,178935,0.5876295318274916,0.5756741406775299,-1.1955391149961692,0.7454453833630514,0.012705667276051187,0.09386314798371029
kddcup99_v2,SConv2dLSTM,rate,42,57.53000524066888,178935,0.6050674174198616,0.5970510477618414,-0.8016369658020217,0.7553040287360777,0.015923217550274222,0.12515558071685834
kddcup99_v2,SConv2dLSTM,rate,43,57.53000524066888,178935,0.6138292737893528,0.6035174015838218,-1.031187220553098,0.7448510220430524,0.018610603290676417,0.14964151831392442
kddcup99_v2,SConv2dLSTM,rate,44,57.53000524066888,178935,0.6184365043541827,0.6098536912497428,-0.8582813104439979,0.7540636225030364,0.01692870201096892,0.13328411029432402
kddcup99_v2,SConv2dLSTM,rate,45,57.53000524066888,178935,0.6203232633214981,0.6123597984717699,-0.7963464849728208,0.7492699692482622,0.008537477148080438,0.05332522376122334
kddcup99_v2,SConv2dLSTM,rate,46,57.53000524066888,178935,0.5891265494545599,0.5764948169105161,-1.2631732544043817,0.7393467193839316,0.015155393053016454,0.11768806836008443
kddcup99_v2,SLSTM,delta,42,57.53000524066888,178935,0.6302939372828973,0.6193359146167028,-1.09580226661945,0.7497738842804351,0.006307129798903108,-0.15980737724665223
kddcup99_v2,SLSTM,delta,43,57.53000524066888,178935,0.6306651809962573,0.6200542584598365,-1.061092253642082,0.7550197689743391,0.0056672760511883,-0.16768065986227343
kddcup99_v2,SLSTM,delta,44,57.53000524066888,178935,0.6315440879386274,0.6187797581163542,-1.2764329822273157,0.7438431919787064,0.005685557586837294,-0.16750286194901695
kddcup99_v2,SLSTM,delta,45,57.53000524066888,178935,0.5845946004588216,0.5737016382727362,-1.0892962186085375,0.7567770111378143,0.00583180987202925,-0.16443012299132187
kddcup99_v2,SLSTM,delta,46,57.53000524066888,178935,0.6229735371418672,0.6136799938540365,-0.9293543287830719,0.757642711321291,0.006142595978062157,-0.16140755846596094
kddcup99_v2,SLSTM,latency,42,57.53000524066888,178935,0.6443703991621115,0.6351346730346208,-0.9235726127490684,0.74969635889087,0.015886654478976234,0.12314962923870229
kddcup99_v2,SLSTM,latency,43,57.53000524066888,178935,0.6355385206393922,0.6288603424196509,-0.667817821974126,0.7607954104969378,0.016617915904936015,0.1286111901173205
kddcup99_v2,SLSTM,latency,44,57.53000524066888,178935,0.6226838482667627,0.6134055980694078,-0.9278250197354954,0.7456391968369641,0.015063985374771481,0.11679907879380194
kddcup99_v2,SLSTM,latency,45,57.53000524066888,178935,0.6154811675199644,0.606152891412057,-0.932827610790743,0.7474610434917436,0.015063985374771481,0.11679907879380194
kddcup99_v2,SLSTM,latency,46,57.53000524066888,178935,0.6390938182457084,0.6303354958610417,-0.8758322384666783,0.7528748998630385,0.016051188299817186,0.1264001661096541
kddcup99_v2,SLSTM,rate,42,57.53000524066888,178935,0.6162440557411845,0.6094249926729527,-0.6819063068231768,0.7585342533012895,0.017531992687385742,0.1391514414317896
kddcup99_v2,SLSTM,rate,43,57.53000524066888,178935,0.6287173238292023,0.6211945555117899,-0.7522768317412387,0.7556399720908598,0.017915904936014627,0.1428851976101767
kddcup99_v2,SLSTM,rate,44,57.53000524066888,178935,0.6029810023896265,0.5955514611190738,-0.7429541270552731,0.7601493655838953,0.01857404021937843,0.15093627813905428
kddcup99_v2,SLSTM,rate,45,57.53000524066888,178935,0.6106092619137806,0.6039963843467102,-0.6612877567070408,0.7593741116882445,0.018190127970749544,0.1373003880508098
kddcup99_v2,SLSTM,rate,46,57.53000524066888,178935,0.6276741571534232,0.6183685107282102,-0.9305646425213032,0.7485076362508721,0.011627056672760512,0.08172271544993268
kddcup99_v2,Synaptic,delta,42,57.53000524066888,178935,0.6275526042747754,0.6160316687776499,-1.1520935497125517,0.7573455306612916,0.006361974405850092,-0.1609243391585256
kddcup99_v2,Synaptic,delta,43,57.53000524066888,178935,0.6172248541241948,0.6041909072731084,-1.3033946851086387,0.7512468666821718,0.005941499085923218,-0.16336333551178264
kddcup99_v2,Synaptic,delta,44,57.53000524066888,178935,0.6008986407224146,0.5883022221271601,-1.259641859525451,0.7543220404682534,0.005758683729433272,-0.16679167029599085
kddcup99_v2,Synaptic,delta,45,57.53000524066888,178935,0.5772998969262653,0.5641226136133549,-1.3177283312910348,0.7502390366178256,0.005648994515539305,-0.16785845777553005
kddcup99_v2,Synaptic,delta,46,57.53000524066888,178935,0.5322829772103597,0.5208992077667981,-1.1383769443561564,0.7581078636586815,0.00643510054844607,-0.16021314750549942
kddcup99_v2,Synaptic,latency,42,57.53000524066888,178935,0.6358355332849278,0.628446976582703,-0.7388556702224824,0.7572809261699873,0.01780621572212066,0.14181841013063723
kddcup99_v2,Synaptic,latency,43,57.53000524066888,178935,0.6432575406629271,0.6356727335059713,-0.7584807156955753,0.752241775848257,0.018080438756855575,0.1444853788294849
kddcup99_v2,Synaptic,latency,44,57.53000524066888,178935,0.643328135201516,0.6357131096031405,-0.7615025598375458,0.7524226684239088,0.018409506398537476,0.1476857412681023
kddcup99_v2,Synaptic,latency,45,57.53000524066888,178935,0.6219495975284937,0.6140783013281672,-0.787129620032645,0.7515828100369538,0.016617915904936015,0.13191190142060638
kddcup99_v2,Synaptic,latency,46,57.53000524066888,178935,0.6167066288065585,0.6055345191777641,-1.1172109628794336,0.745561671447399,0.01756855575868373,0.14115739290994528
kddcup99_v2,Synaptic,rate,42,57.53000524066888,178935,0.5256412038610812,0.5146532363365429,-1.0987967524538234,0.7457554849213117,0.018299817184643512,0.1482693094402066
kddcup99_v2,Synaptic,rate,43,57.53000524066888,178935,0.5424249921491237,0.5350238481242344,-0.7401144024889228,0.7554332377186862,0.01170018281535649,-0.011636365040688067
kddcup99_v2,Synaptic,rate,44,57.53000524066888,178935,0.5392129143768342,0.5292262031539712,-0.9986711222862987,0.7424218931700132,0.01723948811700183,0.13630667481968511
kddcup99_v2,Synaptic,rate,45,57.53000524066888,178935,0.5394657429927993,0.5294874970314596,-0.9978245961339671,0.7390107760291496,0.004990859232175503,0.018832428589457984
kddcup99_v2,Synaptic,rate,46,57.53000524066888,178935,0.5246149597680658,0.5121180790544319,-1.2496880713633973,0.7444117115021837,0.004296160877513711,0.012076107885710102
nslkdd_v2,Alpha,delta,42,2.6836408800567777,605,0.4674243942051448,0.4623502507888091,-0.5074143416335719,0.6014769130893451,0.02776622296173045,-0.1890866936323305
nslkdd_v2,Alpha,delta,43,2.6836408800567777,605,0.46200300211415557,0.4567664851974129,-0.5236516916742651,0.6043982796396982,0.02714226289517471,-0.18969709633362591
nslkdd_v2,Alpha,delta,44,2.6836408800567777,605,0.4765541916988022,0.4717603361319019,-0.4793855566900318,0.6179501744705023,0.027350249584026622,-0.16889842744843458
nslkdd_v2,Alpha,delta,45,2.6836408800567777,605,0.47543740968233966,0.47091612009948414,-0.45212895828555255,0.6028564472936785,0.026726289517470882,-0.16950883014972967
nslkdd_v2,Alpha,delta,46,2.6836408800567777,605,0.4649638090404344,0.46013033667395664,-0.48334723664777424,0.6019638075144039,0.026726289517470882,-0.19010403146782276
nslkdd_v2,Alpha,latency,42,2.6836408800567777,605,0.45916799746109094,0.45488728387958377,-0.42807135815071673,0.5690172847520896,0.06977953410981697,-0.10679584244225604
nslkdd_v2,Alpha,latency,43,2.6836408800567777,605,0.467031429897977,0.4630192536103025,-0.4012176287674529,0.5766452974113446,0.06863560732113144,-0.10791491406129672
nslkdd_v2,Alpha,latency,44,2.6836408800567777,605,0.4726784408839243,0.46896253503101076,-0.3715905852913537,0.5877627201168547,0.046693011647254576,-0.1499759437082776
nslkdd_v2,Alpha,latency,45,2.6836408800567777,605,0.4635912932834585,0.4592012975455508,-0.4389995737907715,0.5843544591414428,0.06780366056572379,-0.11902638498873797
nslkdd_v2,Alpha,latency,46,2.6836408800567777,605,0.45962393893936976,0.45528593870241413,-0.43380002369556303,0.578024831615678,0.06738768718801996,-0.10913571946388756
nslkdd_v2,Alpha,rate,42,2.6836408800567777,605,0.4766905808121531,0.4724545161431396,-0.4236064669013495,0.5953095837052665,0.04752495840266223,-0.13886447278083705
nslkdd_v2,Alpha,rate,43,2.6836408800567777,605,0.4792653376729887,0.4749776194381342,-0.4287718234854465,0.6014769130893451,0.06062811980033278,-0.1260460160536339
nslkdd_v2,Alpha,rate,44,2.6836408800567777,605,0.48786159188311523,0.4837819072041327,-0.4079684678982509,0.6030998945062079,0.05979617304492513,-0.14745508764012066
nslkdd_v2,Alpha,rate,45,2.6836408800567777,605,0.48010163396454664,0.47552947129671946,-0.4572162667827173,0.597906353972247,0.052516638935108155,-0.1339812511704737
nslkdd_v2,Alpha,rate,46,2.6836408800567777,605,0.47891708411438083,0.47453561390749976,-0.4381470206881066,0.6021261056560903,0.06333194675540765,-0.1234009376813533
nslkdd_v2,Lapicque,delta,42,2.6836408800567777,605,0.49365867485375825,0.4895390484498049,-0.4119626403953358,0.6242798019962671,0.02776622296173045,-0.16849149231423743
nslkdd_v2,Lapicque,delta,43,2.6836408800567777,605,0.4905259580134815,0.48648381001577085,-0.4042147997710632,0.6257404852714437,0.027662229617304492,-0.16859322609778687
nslkdd_v2,Lapicque,delta,44,2.6836408800567777,605,0.4892662965322086,0.4852160021528259,-0.4050294379382702,0.6216830317292867,0.02745424292845258,-0.16879669366488514
nslkdd_v2,Lapicque,delta,45,2.6836408800567777,605,0.48069841808898506,0.4764394195915852,-0.42589984973998574,0.6150288079201494,0.02745424292845258,-0.16879669366488514
nslkdd_v2,Lapicque,delta,46,2.6836408800567777,605,0.4804390419951788,0.47607568524350563,-0.4363356751673153,0.6169763856203846,0.027558236272878536,-0.168694959881336
nslkdd_v2,Lapicque,latency,42,2.6836408800567777,605,0.4820968180191242,0.47825574358264705,-0.3841074436477132,0.585652844274933,0.04107737104825291,-0.16576716867898258
nslkdd_v2,Lapicque,latency,43,2.6836408800567777,605,0.4828594341326403,0.4790365465436583,-0.3822887588982027,0.5871946766209527,0.03826955074875208,-0.16851398083481128
nslkdd_v2,Lapicque,latency,44,2.6836408800567777,605,0.4783314021130779,0.4741721567528244,-0.4159245360253472,0.5872758256917958,0.05033277870216306,-0.15671286194310075
nslkdd_v2,Lapicque,latency,45,2.6836408800567777,605,0.48101046689052207,0.4769592934808256,-0.40511734096964624,0.5879250182585409,0.044821131447587356,-0.16210475247121006
nslkdd_v2,Lapicque,latency,46,2.6836408800567777,605,0.48223837605755265,0.4786369908920297,-0.3601385165522941,0.5992047391057372,0.06239600665557404,-0.1449117430513902
nslkdd_v2,Lapicque,rate,42,2.6836408800567777,605,0.5141624185687713,0.50947638235296,-0.4686036215811318,0.5949038383510509,0.06239600665557404,-0.12431654173329643
nslkdd_v2,Lapicque,rate,43,2.6836408800567777,605,0.5193656199052775,0.5150148101423737,-0.43508097629038067,0.6108090562363061,0.06957154742096505,-0.11729691066840048
nslkdd_v2,Lapicque,rate,44,2.6836408800567777,605,0.5466388489020798,0.5424408744426567,-0.41979744594231594,0.617787876328816,0.06832362728785357,-0.1288153167300382
nslkdd_v2,Lapicque,rate,45,2.6836408800567777,605,0.5299816227913696,0.5254854560692799,-0.4496166722089745,0.6030187454353647,0.06769966722129783,-0.11912811877228674
nslkdd_v2,Lapicque,rate,46,2.6836408800567777,605,0.520789843501915,0.516544628112895,-0.42452153890200073,0.6100787145987179,0.06957154742096505,-0.11729691066840048
nslkdd_v2,Leaky,delta,42,2.6836408800567777,605,0.549432109439133,0.5445152994164444,-0.49168100226886224,0.614298466282561,0.026934276206322796,-0.16930536258263143
nslkdd_v2,Leaky,delta,43,2.6836408800567777,605,0.5512009195203352,0.5472579385140894,-0.3942981006245794,0.6374259514728556,0.027246256239600666,-0.16900016123198372
nslkdd_v2,Leaky,delta,44,2.6836408800567777,605,0.5615786025994265,0.5570236375643581,-0.4554965035068359,0.6275257648299927,0.026622296173044926,-0.16961056393327914
nslkdd_v2,Leaky,delta,45,2.6836408800567777,605,0.5161485792912499,0.5116137776847404,-0.4534801606509542,0.6193297086748357,0.02683028286189684,-0.16940709636618057
nslkdd_v2,Leaky,delta,46,2.6836408800567777,605,0.5998388641675548,0.5955991069069113,-0.42397572606435174,0.6353972247017772,0.02714226289517471,-0.16910189501553285
nslkdd_v2,Leaky,latency,42,2.6836408800567777,605,0.546743774776132,0.5426972835851371,-0.4046491190994872,0.6104844599529335,0.03577371048252912,-0.15036039032189988
nslkdd_v2,Leaky,latency,43,2.6836408800567777,605,0.5476573227162673,0.5438010378929949,-0.38562848232723823,0.6263896778381888,0.05418053244592346,-0.13235351063368636
nslkdd_v2,Leaky,latency,44,2.6836408800567777,605,0.5605277014214046,0.5561715047770603,-0.4356196644344279,0.6004219751683844,0.06239600665557404,-0.12431654173329643
nslkdd_v2,Leaky,latency,45,2.6836408800567777,605,0.5602273842364422,0.5565129156513454,-0.37144685850968306,0.6392112310314046,0.042429284525790346,-0.14384942817474988
nslkdd_v2,Leaky,latency,46,2.6836408800567777,605,0.6034866034057991,0.5999798204958109,-0.3506782909988182,0.6376693986853851,0.045445091514143096,-0.14089914845182155
nslkdd_v2,Leaky,rate,42,2.6836408800567777,605,0.6013856475620897,0.5979586565205037,-0.3426991041585947,0.6405096161648949,0.024646422628951746,-0.1612459051616683
nslkdd_v2,Leaky,rate,43,2.6836408800567777,605,0.5378577104826252,0.5339855010718939,-0.38722094107312977,0.637588249614542,0.057820299500831944,-0.1287928282094633
nslkdd_v2,Leaky,rate,44,2.6836408800567777,605,0.593192439084585,0.5888127488453094,-0.43796902392755355,0.6675322567556602,0.06769966722129783,-0.11912811877228674
nslkdd_v2,Leaky,rate,45,2.6836408800567777,605,0.534643417900649,0.5301341057820355,-0.45093121186134955,0.6752414184857584,0.0709234608985025,-0.12627197214130637
nslkdd_v2,Leaky,rate,46,2.6836408800567777,605,0.5724050975285799,0.5682264638938167,-0.4178633634763229,0.6445670697070519,0.06853161397670549,-0.11831424850389238
nslkdd_v2,LeakyParallel,delta,42,2.6836408800567777,605,0.5270397133566488,0.5222512263481339,-0.47884870085148634,0.6017203603018746,0.026726289517470882,-0.16950883014972967
nslkdd_v2,LeakyParallel,delta,43,2.6836408800567777,605,0.5013035323111636,0.49712917793078254,-0.4174354380381107,0.6565771321918364,0.026934276206322796,-0.16930536258263143
nslkdd_v2,LeakyParallel,delta,44,2.6836408800567777,605,0.540416853637883,0.536286920923296,-0.4129932714587059,0.6388866347480321,0.02714226289517471,-0.16910189501553285
nslkdd_v2,LeakyParallel,delta,45,2.6836408800567777,605,0.5061427169027221,0.5014995418478908,-0.464317505483125,0.651058995374503,0.026622296173044926,-0.16961056393327914
nslkdd_v2,LeakyParallel,delta,46,2.6836408800567777,605,0.5235989645452973,0.5245836925099546,0.0984727964657317,0.6429440882901891,0.027558236272878536,-0.168694959881336
nslkdd_v2,LeakyParallel,latency,42,2.6836408800567777,605,0.5630699991707409,0.5588266371150037,-0.42433620557371654,0.610727907165463,0.06998752079866888,-0.1271875761932495
nslkdd_v2,LeakyParallel,latency,43,2.6836408800567777,605,0.5713460918148636,0.5681553878189622,-0.31907039959013783,0.6856284995536801,0.07081946755407655,-0.11607610526580825
nslkdd_v2,LeakyParallel,latency,44,2.6836408800567777,605,0.6108810808586742,0.6073816420121972,-0.34994388464769655,0.6851416051286213,0.037853577371048254,-0.15862331530996227
nslkdd_v2,LeakyParallel,latency,45,2.6836408800567777,605,0.5594057829276176,0.55578391047212,-0.362187245549761,0.6515458897995619,0.06541181364392679,-0.12136626201036949
nslkdd_v2,LeakyParallel,latency,46,2.6836408800567777,605,0.6183432800281145,0.6147141822078019,-0.362909782031251,0.6605534366631503,0.07373128119800333,-0.11322755932643008
nslkdd_v2,LeakyParallel,rate,42,2.6836408800567777,605,0.5405143063813094,0.5369847297029468,-0.35295766783626226,0.6426194920068166,0.026414309484193012,-0.16981403150037738
nslkdd_v2,LeakyParallel,rate,43,2.6836408800567777,605,0.5522552069194555,0.5490218799319851,-0.3233326987470364,0.6725634991479348,0.07497920133111481,-0.11200675392383924
nslkdd_v2,LeakyParallel,rate,44,2.6836408800567777,605,0.576381277068891,0.5719814670832165,-0.4399809985674463,0.6305282804511888,0.04960482529118136,-0.14712739776889944
nslkdd_v2,LeakyParallel,rate,45,2.6836408800567777,605,0.5006149399814059,0.4961190366261959,-0.44959033552100514,0.6175444291162866,0.033589850249584025,-0.16279440043548074
nslkdd_v2,LeakyParallel,rate,46,2.6836408800567777,605,0.5656602451241926,0.5613552915869459,-0.4304953537246692,0.646433498336444,0.07196339434276207,-0.12525463430581307
nslkdd_v2,RLeaky,delta,42,2.6836408800567777,605,0.5054387715820894,0.5006323113090023,-0.48064602730870654,0.6482999269658363,0.028182196339434275,-0.1680845571800406
nslkdd_v2,RLeaky,delta,43,2.6836408800567777,605,0.45008506482044586,0.4443799857973822,-0.5705079023063664,0.6009088695934431,0.026622296173044926,-0.1902057652513719
nslkdd_v2,RLeaky,delta,44,2.6836408800567777,605,0.4685441664851611,0.4637652153169903,-0.4778951168170842,0.6049663231356001,0.027350249584026622,-0.18949362876652734
nslkdd_v2,RLeaky,delta,45,2.6836408800567777,605,0.462843692508118,0.45791197313241067,-0.4931719375707355,0.5869512294084233,0.026726289517470882,-0.22099683344496204
nslkdd_v2,RLeaky,delta,46,2.6836408800567777,605,0.48396854708735165,0.47953314773081174,-0.4435399356539915,0.6501663555952284,0.030886023294509152,-0.17573707946680686
nslkdd_v2,RLeaky,latency,42,2.6836408800567777,605,0.5274245647877569,0.5239749128338742,-0.3449651953882693,0.6315020693013065,0.0663477537437604,-0.15134345993556564
nslkdd_v2,RLeaky,latency,43,2.6836408800567777,605,0.4623856142657841,0.45946438995650524,-0.29212243092788803,0.5893857015337174,0.07414725457570716,-0.15401102682841977
nslkdd_v2,RLeaky,latency,44,2.6836408800567777,605,0.4754233925646455,0.4739452820844572,-0.14781104801883105,0.5606589304552463,0.023502495840266223,-0.13147217480357043
nslkdd_v2,RLeaky,latency,45,2.6836408800567777,605,0.48489857564449085,0.48072415213584874,-0.4174423508642111,0.5743731234277367,0.027558236272878536,-0.168694959881336
nslkdd_v2,RLeaky,latency,46,2.6836408800567777,605,0.4645247366331492,0.4617797079922402,-0.2745028640908975,0.5559522843463442,0.060108153078203,-0.16774508760756535
nslkdd_v2,RLeaky,rate,42,2.6836408800567777,605,0.5291184223669418,0.5254416914689737,-0.3676730897968161,0.6029375963645216,0.07040349417637272,-0.12678064105905162
nslkdd_v2,RLeaky,rate,43,2.6836408800567777,605,0.5309765584279884,0.5270974534009898,-0.38791050269986194,0.6439178771403068,0.07269134775374377,-0.11424489716192199
nslkdd_v2,RLeaky,rate,44,2.6836408800567777,605,0.5723943481287666,0.5686701082143746,-0.3724239914391969,0.6131623792907571,0.03930948419301165,-0.1469014416812263
nslkdd_v2,RLeaky,rate,45,2.6836408800567777,605,0.48626671736821975,0.48144277386952056,-0.482394349869919,0.5957153290594823,0.0733153078202995,-0.11363449446062657
nslkdd_v2,RLeaky,rate,46,2.6836408800567777,605,0.5200105942384411,0.5157197788617054,-0.42908153767357016,0.624198652925424,0.07217138103161398,-0.11475356607966863
nslkdd_v2,RSynaptic,delta,42,2.6836408800567777,605,0.5655013430447939,0.5613147257034303,-0.41866173413636076,0.6965836241175039,0.027246256239600666,-0.18959536255007647
nslkdd_v2,RSynaptic,delta,43,2.6836408800567777,605,0.5045433171122339,0.5003424592910254,-0.42008578212084924,0.6190051123914632,0.02745424292845258,-0.16879669366488514
nslkdd_v2,RSynaptic,delta,44,2.6836408800567777,605,0.5880663992968647,0.5835176914485023,-0.45487078483623655,0.6828694311450134,0.027350249584026622,-0.16889842744843458
nslkdd_v2,RSynaptic,delta,45,2.6836408800567777,605,0.535779383353485,0.5304700926717223,-0.5309290681762668,0.5985555465389921,0.02651830282861897,-0.190307499034921
nslkdd_v2,RSynaptic,delta,46,2.6836408800567777,605,0.593313704693155,0.5896450604786871,-0.36686442144678866,0.7191430658118965,0.03504575707154742,-0.19226292944293094
nslkdd_v2,RSynaptic,latency,42,2.6836408800567777,605,0.5726743525024857,0.5689214606617433,-0.3752891840742345,0.6326381562931105,0.04773294509151414,-0.1386610052137388
nslkdd_v2,RSynaptic,latency,43,2.6836408800567777,605,0.5355137575180369,0.5315538439262057,-0.3959913591831121,0.6482999269658363,0.06717970049916805,-0.11963678769003339
nslkdd_v2,RSynaptic,latency,44,2.6836408800567777,605,0.5311479047675971,0.5282351542694886,-0.2912750498108463,0.6600665422380914,0.05386855241264559,-0.13265871198433407
nslkdd_v2,RSynaptic,latency,45,2.6836408800567777,605,0.49115316708478884,0.48825460951957844,-0.28985575652104023,0.6069950499066785,0.055012479201331115,-0.1315396403652927
nslkdd_v2,RSynaptic,latency,46,2.6836408800567777,605,0.5101448834735524,0.5066607456193355,-0.3484137854216862,0.6180313235413455,0.02651830282861897,-0.15941469705778172
nslkdd_v2,RSynaptic,rate,42,2.6836408800567777,605,0.581444159359834,0.5775768876416997,-0.386727171813428,0.5981498011847765,0.049500831946755405,-0.13693153089340201
nslkdd_v2,RSynaptic,rate,43,2.6836408800567777,605,0.5121738829756415,0.5085718638309231,-0.360201914471836,0.647001541832346,0.07529118136439268,-0.12199915323223842
nslkdd_v2,RSynaptic,rate,44,2.6836408800567777,605,0.5974552821148124,0.5938780604154701,-0.357722169934227,0.644080175281993,0.07154742096505824,-0.12566156944001095
nslkdd_v2,RSynaptic,rate,45,2.6836408800567777,605,0.5330709515967226,0.5286239715135921,-0.4446980083130492,0.6390489328897184,0.06905158069883527,-0.11780557958614712
nslkdd_v2,RSynaptic,rate,46,2.6836408800567777,605,0.5416729492877497,0.5388170153573214,-0.2855933930428267,0.6439178771403068,0.07539517470881864,-0.11159981878964276
nslkdd_v2,SConv2dLSTM,delta,42,2.6836408800567777,605,0.5829820977300739,0.5843684226899537,0.1386324959879781,0.6333684979306987,0.025998336106489186,-0.1702209666345742
nslkdd_v2,SConv2dLSTM,delta,43,2.6836408800567777,605,0.5067146852622588,0.5023400134536001,-0.4374671808658692,0.6334496470015418,0.026726289517470882,-0.16950883014972967
nslkdd_v2,SConv2dLSTM,delta,44,2.6836408800567777,605,0.5641667891377556,0.5600088863698315,-0.415790276792416,0.6560090886959344,0.026622296173044926,-0.16961056393327914
nslkdd_v2,SConv2dLSTM,delta,45,2.6836408800567777,605,0.5075254517336998,0.5028130067235125,-0.4712445010187305,0.6263085287673457,0.026622296173044926,-0.16961056393327914
nslkdd_v2,SConv2dLSTM,delta,46,2.6836408800567777,605,0.5536335274228452,0.5489422627966891,-0.46912646261561,0.6467580946198166,0.028182196339434275,-0.1680845571800406
nslkdd_v2,SConv2dLSTM,latency,42,2.6836408800567777,605,0.5696241934875904,0.566655803561833,-0.2968389925757431,0.6334496470015418,0.04284525790349417,-0.1434424930405527
nslkdd_v2,SConv2dLSTM,latency,43,2.6836408800567777,605,0.5475135323669309,0.5437308207610394,-0.3782711605891498,0.5988801428223647,0.06218801996672213,-0.14511521061848776
nslkdd_v2,SConv2dLSTM,latency,44,2.6836408800567777,605,0.5942060595296296,0.5896806105951352,-0.4525448934494358,0.5948226892802078,0.024438435940099833,-0.16144937272876658
nslkdd_v2,SConv2dLSTM,latency,45,2.6836408800567777,605,0.5484965316543108,0.5449210623338823,-0.3575469320428515,0.6397792745273067,0.0524126455906822,-0.16497578693116244
nslkdd_v2,SConv2dLSTM,latency,46,2.6836408800567777,605,0.5594382253378024,0.5552740753415003,-0.4164149996302102,0.6024507019394628,0.06977953410981697,-0.10679584244225604
nslkdd_v2,SConv2dLSTM,rate,42,2.6836408800567777,605,0.5560619228740298,0.5511174869177562,-0.4944435956273585,0.5841921609997566,0.026102329450915143,-0.15982163219197854
nslkdd_v2,SConv2dLSTM,rate,43,2.6836408800567777,605,0.5581046918870801,0.5542886282929003,-0.38160635941798526,0.6279315101842083,0.056260399334442594,-0.15091403628079494
nslkdd_v2,SConv2dLSTM,rate,44,2.6836408800567777,605,0.5729063952390193,0.5696733861438424,-0.32330090951768753,0.6098352673861884,0.037541597337770384,-0.14863091600156308
nslkdd_v2,SConv2dLSTM,rate,45,2.6836408800567777,605,0.5441691848788224,0.5407657197630565,-0.3403465115765836,0.6035056398604236,0.024022462562396006,-0.1618563078629634
nslkdd_v2,SConv2dLSTM,rate,46,2.6836408800567777,605,0.5889671835816208,0.5859751930046163,-0.29919905770044997,0.6357218209851497,0.024750415973377703,-0.1714417720371654
nslkdd_v2,SLSTM,delta,42,2.6836408800567777,605,0.5758178232460458,0.5712775774446537,-0.45402458013921176,0.6249289945630122,0.026934276206322796,-0.16930536258263143
nslkdd_v2,SLSTM,delta,43,2.6836408800567777,605,0.5267984771433174,0.5227035489525356,-0.40949281907818325,0.6611214801590521,0.026934276206322796,-0.18990056390072418
nslkdd_v2,SLSTM,delta,44,2.6836408800567777,605,0.5860647378815498,0.5820218950478141,-0.40428428337356825,0.6564148340501501,0.027038269550748752,-0.16920362879908196
nslkdd_v2,SLSTM,delta,45,2.6836408800567777,605,0.5027225315927295,0.4979705259712552,-0.475200562147432,0.6194108577456788,0.027246256239600666,-0.16900016123198372
nslkdd_v2,SLSTM,delta,46,2.6836408800567777,605,0.555638520143047,0.551149439650126,-0.44890804929210715,0.6315832183721496,0.027246256239600666,-0.18959536255007647
nslkdd_v2,SLSTM,latency,42,2.6836408800567777,605,0.5526988189039699,0.5486757839462174,-0.40230349577524693,0.5998539316724824,0.033589850249584025,-0.15249679977643454
nslkdd_v2,SLSTM,latency,43,2.6836408800567777,605,0.5629082617343097,0.5588614267772458,-0.4046834957063927,0.6173009819037572,0.03608569051580699,-0.15005518897125217
nslkdd_v2,SLSTM,latency,44,2.6836408800567777,605,0.571343470170901,0.5695055432328637,-0.18379269380373042,0.593767751359247,0.03556572379367721,-0.15056385788899812
nslkdd_v2,SLSTM,latency,45,2.6836408800567777,605,0.5487843800334862,0.5451273845930447,-0.3656995440441513,0.5871946766209527,0.03618968386023295,-0.1499534551877034
nslkdd_v2,SLSTM,latency,46,2.6836408800567777,605,0.5305200815115222,0.527065495825583,-0.3454585685939149,0.6383997403229733,0.03712562396006656,-0.15933545179480646
nslkdd_v2,SLSTM,rate,42,2.6836408800567777,605,0.6012823382275165,0.597908380257126,-0.33739579703905287,0.631258622088777,0.05834026622296173,-0.11798655863267116
nslkdd_v2,SLSTM,rate,43,2.6836408800567777,605,0.5642941439377096,0.5603815467714206,-0.3912597166289,0.6421325975817577,0.06270798668885191,-0.12401134038264872
nslkdd_v2,SLSTM,rate,44,2.6836408800567777,605,0.5902682536386182,0.5868163587759307,-0.3451894862687488,0.6508155481619735,0.06780366056572379,-0.11902638498873797
nslkdd_v2,SLSTM,rate,45,2.6836408800567777,605,0.5467119763341991,0.5421619050684023,-0.45500712657967624,0.621845329870973,0.06832362728785357,-0.11851771607099132
nslkdd_v2,SLSTM,rate,46,2.6836408800567777,605,0.5473069470212217,0.5430211512040064,-0.4285795817215332,0.6206280938083258,0.07310732113144759,-0.1138379620277255
nslkdd_v2,Synaptic,delta,42,2.6836408800567777,605,0.526335524581493,0.5218321920302281,-0.45033325512648936,0.646433498336444,0.026934276206322796,-0.16930536258263143
nslkdd_v2,Synaptic,delta,43,2.6836408800567777,605,0.5391304624828962,0.5345294878169786,-0.4600974665917579,0.6582812626795423,0.027558236272878536,-0.168694959881336
nslkdd_v2,Synaptic,delta,44,2.6836408800567777,605,0.5607429242041708,0.5560142273781923,-0.472869682597854,0.6103221618112472,0.02714226289517471,-0.16910189501553285
nslkdd_v2,Synaptic,delta,45,2.6836408800567777,605,0.49247298208117096,0.48733233064680237,-0.5140651434368593,0.5953907327761098,0.026622296173044926,-0.16961056393327914
nslkdd_v2,Synaptic,delta,46,2.6836408800567777,605,0.5406670790287389,0.5366086490788478,-0.405842994989114,0.6519516351537775,0.02776622296173045,-0.16849149231423743
nslkdd_v2,Synaptic,latency,42,2.6836408800567777,605,0.5577844240152517,0.5542473645746788,-0.35370594405729205,0.6398604235981498,0.07508319467554077,-0.11190502014029047
nslkdd_v2,Synaptic,latency,43,2.6836408800567777,605,0.5529175429380958,0.5496548514447861,-0.32626914933097106,0.6425383429359733,0.04877287853577371,-0.1376436673782462
nslkdd_v2,Synaptic,latency,44,2.6836408800567777,605,0.5924974163556558,0.5882575280915734,-0.4239888264082392,0.6061835591982472,0.07081946755407655,-0.11607610526580825
nslkdd_v2,Synaptic,latency,45,2.6836408800567777,605,0.5500498298375543,0.5463724923593156,-0.3677337478238729,0.6508966972328167,0.038789517470881864,-0.13711250993992605
nslkdd_v2,Synaptic,latency,46,2.6836408800567777,605,0.5857452579863409,0.5823770030829325,-0.33682549034084186,0.6645297411344641,0.0733153078202995,-0.11363449446062657
nslkdd_v2,Synaptic,rate,42,2.6836408800567777,605,0.49997726220340144,0.4959079445799407,-0.4069317623460744,0.5947415402093646,0.042741264559068216,-0.14354422682410217
nslkdd_v2,Synaptic,rate,43,2.6836408800567777,605,0.5019601353855794,0.4984481379128214,-0.35119974727579883,0.6359652681976792,0.06738768718801996,-0.11943332012293445
nslkdd_v2,Synaptic,rate,44,2.6836408800567777,605,0.4872808492728587,0.4824911762432982,-0.4789673029560515,0.6106467580946198,0.05272462562396007,-0.13377778360337544
nslkdd_v2,Synaptic,rate,45,2.6836408800567777,605,0.5695262905895303,0.5660254660286252,-0.3500824560905058,0.6608780329465228,0.06894758735440931,-0.10760971271064901
nslkdd_v2,Synaptic,rate,46,2.6836408800567777,605,0.5150231868620165,0.5119288792487247,-0.309430761329188,0.6145419134950905,0.032029950083194675,-0.1540228065296724
