protocol,neuron,encoding,seed,target_far,threshold,val_far,test_far,test_dr,fp_per_10k_benign,n_benign_test,n_attack_test
cicids2017_v2,Alpha,delta,42,0.01,0.5346263968680307,0.015933788223401565,0.016111763190289428,0.7913338232156826,161.1176319028943,523965,42187
cicids2017_v2,Alpha,delta,42,0.001,0.9529077090947896,0.0011077415550501222,0.0015210939662000324,0.6135776424016878,15.210939662000323,523965,42187
cicids2017_v2,Alpha,delta,43,0.01,0.5207097359704949,0.016367618566253895,0.016745393299170745,0.7910730793846446,167.45393299170743,523965,42187
cicids2017_v2,Alpha,delta,43,0.001,0.9526973929463806,0.0011161654452025945,0.0015096428196539845,0.6154028492189537,15.096428196539845,523965,42187
cicids2017_v2,Alpha,delta,44,0.01,0.7371672000136036,0.013848875410664645,0.013575334230339813,0.7544030151468462,135.75334230339814,523965,42187
cicids2017_v2,Alpha,delta,44,0.001,0.8862805024729277,0.0010150787633729256,0.0014199421717099425,0.5933344395192832,14.199421717099424,523965,42187
cicids2017_v2,Alpha,delta,45,0.01,0.5078235223378783,0.01570634318928481,0.015980075005009878,0.7914523431388817,159.80075005009877,523965,42187
cicids2017_v2,Alpha,delta,45,0.001,0.881572756647184,0.0011288012804313032,0.0015230024906243737,0.6144546898333609,15.230024906243736,523965,42187
cicids2017_v2,Alpha,delta,46,0.01,0.5078235223378783,0.017336365933788223,0.01761949748551907,0.8120985137601631,176.1949748551907,523965,42187
cicids2017_v2,Alpha,delta,46,0.001,0.9530966667439953,0.0014446971611490186,0.0019486034372524883,0.5605992367316947,19.486034372524884,523965,42187
cicids2017_v2,Alpha,latency,42,0.01,0.27513902621803144,0.011957712071434588,0.001715763457482847,0.9377059283665584,17.15763457482847,523965,42187
cicids2017_v2,Alpha,latency,42,0.001,0.5050028963734052,0.0012340999073372084,0.0010229690914469478,0.9277028468485552,10.229690914469478,523965,42187
cicids2017_v2,Alpha,latency,43,0.01,0.2728942150000211,0.01556313705669278,0.004210204880096953,0.9603432336975846,42.102048800969534,523965,42187
cicids2017_v2,Alpha,latency,43,0.001,0.7349749862655606,0.0012383118524134445,0.0013703205366770682,0.8569227487140588,13.703205366770682,523965,42187
cicids2017_v2,Alpha,latency,44,0.01,0.2728942150000211,0.011283800859236796,0.0021814434170221294,0.9642543911631545,21.814434170221293,523965,42187
cicids2017_v2,Alpha,latency,44,0.001,0.5133694248305316,0.001040350433830343,0.0010554140066607503,0.9257117121388105,10.554140066607502,523965,42187
cicids2017_v2,Alpha,latency,45,0.01,0.27513902621803144,0.011650240080869345,0.003565123624669587,0.958992106573115,35.651236246695866,523965,42187
cicids2017_v2,Alpha,latency,45,0.001,0.7325127301416849,0.0011161654452025945,0.0010935844951475767,0.9383696399364734,10.935844951475767,523965,42187
cicids2017_v2,Alpha,latency,46,0.01,0.27513902621803144,0.01597590767416393,0.0017539339459696735,0.9654869983644251,17.539339459696734,523965,42187
cicids2017_v2,Alpha,latency,46,0.001,0.5153308045362983,0.0010108668182966893,0.000952353687746319,0.9465949226064901,9.52353687746319,523965,42187
cicids2017_v2,Alpha,rate,42,0.01,0.12493445522433111,0.011785022323308905,0.012321433683547565,0.9411904141086117,123.21433683547565,523965,42187
cicids2017_v2,Alpha,rate,42,0.001,0.8828822761417952,0.0011330132255075393,0.0011718339965455708,0.829046862777633,11.718339965455709,523965,42187
cicids2017_v2,Alpha,rate,43,0.01,0.12818377934895553,0.010028641226518406,0.010370921721870735,0.9556972527081803,103.70921721870735,523965,42187
cicids2017_v2,Alpha,rate,43,0.001,0.8828822761417952,0.001023502653525398,0.0011928277652133252,0.8225519709863228,11.928277652133252,523965,42187
cicids2017_v2,Alpha,rate,44,0.01,0.12493445522433111,0.011646028135793109,0.011329000982890079,0.957546163510086,113.29000982890079,523965,42187
cicids2017_v2,Alpha,rate,44,0.001,0.9526973929463806,0.0010108668182966893,0.0011107612149666485,0.8181904378125963,11.107612149666485,523965,42187
cicids2017_v2,Alpha,rate,45,0.01,0.12818377934895542,0.010508802965209334,0.010304123367018789,0.9567876360016119,103.04123367018789,523965,42187
cicids2017_v2,Alpha,rate,45,0.001,0.881572756647184,0.0012846432482520429,0.001471472331167158,0.8386232725721193,14.71472331167158,523965,42187
cicids2017_v2,Alpha,rate,46,0.01,0.12493445522433111,0.011561789234268385,0.011538938669567624,0.954820205276507,115.38938669567624,523965,42187
cicids2017_v2,Alpha,rate,46,0.001,0.8820125048479177,0.001019290708449162,0.0010611395799337742,0.8238556901415128,10.611395799337743,523965,42187
cicids2017_v2,Lapicque,delta,42,0.01,0.5123040788400881,0.016262319939347993,0.01617283597186835,0.7918553108777585,161.7283597186835,523965,42187
cicids2017_v2,Lapicque,delta,42,0.001,0.8858489992142031,0.0010951057198214135,0.0014123080740125772,0.5958470618911039,14.123080740125772,523965,42187
cicids2017_v2,Lapicque,delta,43,0.01,0.5046499773044094,0.01686462808524977,0.016899983777542392,0.7914760471235215,168.9998377754239,523965,42187
cicids2017_v2,Lapicque,delta,43,0.001,0.9525757379359394,0.0010150787633729256,0.001429484793831649,0.5930736956882452,14.29484793831649,523965,42187
cicids2017_v2,Lapicque,delta,44,0.01,0.7347404581543369,0.011797658158537613,0.011701163245636637,0.7579823168274586,117.01163245636637,523965,42187
cicids2017_v2,Lapicque,delta,44,0.001,0.9525825061286565,0.0010782579395164687,0.001393222829769164,0.5828572783084837,13.932228297691639,523965,42187
cicids2017_v2,Lapicque,delta,45,0.01,0.5121592287686355,0.013861511245893354,0.014020020421211341,0.7983264986844288,140.20020421211342,523965,42187
cicids2017_v2,Lapicque,delta,45,0.001,0.9525752610114853,0.0010066548732204532,0.0014275762694073077,0.6332282456680968,14.275762694073077,523965,42187
cicids2017_v2,Lapicque,delta,46,0.01,0.5046308351535267,0.014522786622862438,0.01478724723979655,0.7911441913385641,147.8724723979655,523965,42187
cicids2017_v2,Lapicque,delta,46,0.001,0.8808581825387164,0.0012046162918035548,0.0015459047837164696,0.6172280560362197,15.459047837164697,523965,42187
cicids2017_v2,Lapicque,latency,42,0.01,0.04775089050671444,0.0101676354140342,0.011733608160850438,0.98959395074312,117.33608160850439,523965,42187
cicids2017_v2,Lapicque,latency,42,0.001,0.5001260363121234,0.0010066548732204532,0.0010974015439962593,0.9729063455566881,10.974015439962592,523965,42187
cicids2017_v2,Lapicque,latency,43,0.01,0.04749737375356222,0.01002442928144217,0.010084643058219538,0.9913717495911063,100.84643058219538,523965,42187
cicids2017_v2,Lapicque,latency,43,0.001,0.5004863199590734,0.001002442928144217,0.0009199087725325165,0.9706544670159054,9.199087725325164,523965,42187
cicids2017_v2,Lapicque,latency,44,0.01,0.04781250568815154,0.010066548732204531,0.010613304323762084,0.9931732524237324,106.13304323762084,523965,42187
cicids2017_v2,Lapicque,latency,44,0.001,0.5002895076669374,0.0010487743239828153,0.0011183953126640137,0.9675729490127291,11.183953126640137,523965,42187
cicids2017_v2,Lapicque,latency,45,0.01,0.04971633695527278,0.010226602645101508,0.011876747492676037,0.9883850475264893,118.76747492676037,523965,42187
cicids2017_v2,Lapicque,latency,45,0.001,0.5023241732293346,0.001002442928144217,0.0010592310555094329,0.9637803114703581,10.592310555094329,523965,42187
cicids2017_v2,Lapicque,latency,46,0.01,0.047847641275210906,0.01004548900682335,0.010674377105341006,0.9859672410932278,106.74377105341006,523965,42187
cicids2017_v2,Lapicque,latency,46,0.001,0.500145528189779,0.0010529862690590514,0.0010458713845390437,0.9650129186716287,10.458713845390436,523965,42187
cicids2017_v2,Lapicque,rate,42,0.01,0.11921722189416184,0.010213966809872799,0.011218306566278282,0.9668855334581743,112.18306566278282,523965,42187
cicids2017_v2,Lapicque,rate,42,0.001,0.8808001216773805,0.0010066548732204532,0.001208095960608056,0.8998506648967691,12.08095960608056,523965,42187
cicids2017_v2,Lapicque,rate,43,0.01,0.11920818270504219,0.01005812484205206,0.010662925958794959,0.9520705430582881,106.62925958794959,523965,42187
cicids2017_v2,Lapicque,rate,43,0.001,0.9525741443826429,0.001002442928144217,0.0011680169476968882,0.7901249199990519,11.680169476968882,523965,42187
cicids2017_v2,Lapicque,rate,44,0.01,0.11921722189416184,0.01004548900682335,0.010330842708959568,0.9724559698485316,103.30842708959568,523965,42187
cicids2017_v2,Lapicque,rate,44,0.001,0.9525741324332893,0.001002442928144217,0.0011680169476968882,0.8648398795837581,11.680169476968882,523965,42187
cicids2017_v2,Lapicque,rate,45,0.01,0.1192254120884575,0.011039508044815096,0.01231189106142586,0.9652499585180269,123.1189106142586,523965,42187
cicids2017_v2,Lapicque,rate,45,0.001,0.8808023384600695,0.0010150787633729256,0.0011756510453942535,0.8958209875080001,11.756510453942534,523965,42187
cicids2017_v2,Lapicque,rate,46,0.01,0.04749737375356222,0.010251874315558926,0.010556048591031843,0.940763742385095,105.56048591031843,523965,42187
cicids2017_v2,Lapicque,rate,46,0.001,0.8807988957571731,0.0010066548732204532,0.001190919240788984,0.876952615734705,11.90919240788984,523965,42187
cicids2017_v2,Leaky,delta,42,0.01,0.5123040788400881,0.01722685536180608,0.017348487017262604,0.7926849503401522,173.48487017262605,523965,42187
cicids2017_v2,Leaky,delta,42,0.001,0.8810836128292282,0.001208828236879791,0.0016279713339631464,0.597127077061654,16.279713339631463,523965,42187
cicids2017_v2,Leaky,delta,43,0.01,0.512372178486477,0.016477129138236037,0.01677592968996021,0.8323654206272074,167.75929689960208,523965,42187
cicids2017_v2,Leaky,delta,43,0.001,0.9525742803214039,0.0011372251705837756,0.0015535388814138349,0.6367838433640695,15.535388814138349,523965,42187
cicids2017_v2,Leaky,delta,44,0.01,0.5125781243417251,0.017319518153483277,0.017432462091933623,0.7998435537013772,174.32462091933624,523965,42187
cicids2017_v2,Leaky,delta,44,0.001,0.881572756647184,0.001002442928144217,0.0014600211846211102,0.5966767013534975,14.600211846211103,523965,42187
cicids2017_v2,Leaky,delta,45,0.01,0.5049846567003573,0.016456069412854855,0.016848453618085176,0.8335743238438381,168.48453618085176,523965,42187
cicids2017_v2,Leaky,delta,45,0.001,0.9525749595327845,0.001019290708449162,0.0015020087219566193,0.6383957143195771,15.020087219566193,523965,42187
cicids2017_v2,Leaky,delta,46,0.01,0.5021313039284787,0.015293572571813664,0.015606004217838977,0.7928982862019105,156.06004217838978,523965,42187
cicids2017_v2,Leaky,delta,46,0.001,0.881126859017025,0.0010066548732204532,0.0014657467578941341,0.59373740725816,14.657467578941342,523965,42187
cicids2017_v2,Leaky,latency,42,0.01,0.01799323197257774,0.010011793446213462,0.010674377105341006,0.9953303150259558,106.74377105341006,523965,42187
cicids2017_v2,Leaky,latency,42,0.001,0.5000463735572472,0.0010740459944402325,0.0010687736776311394,0.9785004859316851,10.687736776311395,523965,42187
cicids2017_v2,Leaky,latency,43,0.01,0.017987160293745585,0.010647797152725128,0.01164963308617942,0.9963258823808282,116.4963308617942,523965,42187
cicids2017_v2,Leaky,latency,43,0.001,0.5000013380433026,0.001002442928144217,0.000977164505262756,0.9773626946689739,9.77164505262756,523965,42187
cicids2017_v2,Leaky,latency,44,0.01,0.01800904279791471,0.01002442928144217,0.010248776158712891,0.9949747552563586,102.48776158712892,523965,42187
cicids2017_v2,Leaky,latency,44,0.001,0.5000157327947607,0.001044562378906579,0.0011336635080587444,0.9813449640884633,11.336635080587444,523965,42187
cicids2017_v2,Leaky,latency,45,0.01,0.047427939880192116,0.010382444612922247,0.011531304571870259,0.9951643871334771,115.31304571870258,523965,42187
cicids2017_v2,Leaky,latency,45,0.001,0.5000113614748118,0.0011540729508887203,0.0011451146546047923,0.9798516130561548,11.451146546047923,523965,42187
cicids2017_v2,Leaky,latency,46,0.01,0.017986908479481256,0.010049700951899587,0.010496884333877262,0.9964206983193875,104.96884333877263,523965,42187
cicids2017_v2,Leaky,latency,46,0.001,0.5000062764818483,0.0010108668182966893,0.0009847986029601213,0.9775286225614526,9.847986029601213,523965,42187
cicids2017_v2,Leaky,rate,42,0.01,0.1192254120884575,0.01062252548226771,0.011848119626310917,0.93879631165999,118.48119626310917,523965,42187
cicids2017_v2,Leaky,rate,42,0.001,0.880797789933896,0.001040350433830343,0.0012481749735192237,0.879157086306208,12.481749735192237,523965,42187
cicids2017_v2,Leaky,rate,43,0.01,0.05513190021984771,0.010003369556060989,0.011025545599419808,0.9720767060942944,110.25545599419809,523965,42187
cicids2017_v2,Leaky,rate,43,0.001,0.9525776866264987,0.001002442928144217,0.0011832851430916187,0.6785739682840686,11.832851430916188,523965,42187
cicids2017_v2,Leaky,rate,44,0.01,0.04833819239107495,0.010032853171594643,0.010744992509041635,0.9553891009078627,107.44992509041636,523965,42187
cicids2017_v2,Leaky,rate,44,0.001,0.8807990132551158,0.001019290708449162,0.0011393890813317683,0.8772370635503828,11.393890813317684,523965,42187
cicids2017_v2,Leaky,rate,45,0.01,0.11936907527828433,0.010416140173532137,0.011573292109205768,0.9621210325455709,115.73292109205768,523965,42187
cicids2017_v2,Leaky,rate,45,0.001,0.8808023384600695,0.001044562378906579,0.0013741375855257508,0.885154194420082,13.741375855257509,523965,42187
cicids2017_v2,Leaky,rate,46,0.01,0.047471336250647034,0.011233257518321962,0.012153483534205528,0.9443193400810677,121.53483534205529,523965,42187
cicids2017_v2,Leaky,rate,46,0.001,0.880797789933896,0.001002442928144217,0.0012844369375817088,0.8759570483798327,12.844369375817088,523965,42187
cicids2017_v2,LeakyParallel,delta,42,0.01,0.5125781243417251,0.01702889394322298,0.017275963089137633,0.8418470144831346,172.75963089137633,523965,42187
cicids2017_v2,LeakyParallel,delta,42,0.001,0.8808418160078334,0.0011372251705837756,0.0015230024906243737,0.6067508948254201,15.230024906243736,523965,42187
cicids2017_v2,LeakyParallel,delta,43,0.01,0.7406262909329576,0.014013141268637857,0.014124989264550114,0.7918790148623984,141.24989264550115,523965,42187
cicids2017_v2,LeakyParallel,delta,43,0.001,0.9525802790757735,0.0011751326762699014,0.001584075272203296,0.6208073577168322,15.84075272203296,523965,42187
cicids2017_v2,LeakyParallel,delta,44,0.01,0.5047020035897525,0.01664139499620925,0.016640424455831974,0.8326024604736056,166.40424455831973,523965,42187
cicids2017_v2,LeakyParallel,delta,44,0.001,0.9525908466540143,0.0010066548732204532,0.0014218506961342838,0.5969137411998957,14.218506961342838,523965,42187
cicids2017_v2,LeakyParallel,delta,45,0.01,0.5057513597014327,0.016312863280262824,0.01646102315994389,0.8000568895631356,164.6102315994389,523965,42187
cicids2017_v2,LeakyParallel,delta,45,0.001,0.8815259495312983,0.0010108668182966893,0.0014199421717099425,0.5966767013534975,14.199421717099424,523965,42187
cicids2017_v2,LeakyParallel,delta,46,0.01,0.5123907270384203,0.01687305197540224,0.017046940158216676,0.8325787564889658,170.46940158216677,523965,42187
cicids2017_v2,LeakyParallel,delta,46,0.001,0.8808359370194812,0.001019290708449162,0.0014638382334697928,0.6379927465807003,14.638382334697928,523965,42187
cicids2017_v2,LeakyParallel,latency,42,0.01,0.0067110373202573514,0.010197119029567854,0.010960655768992203,0.9975110816128191,109.60655768992203,523965,42187
cicids2017_v2,LeakyParallel,latency,42,0.001,0.27040055998572987,0.001044562378906579,0.0010687736776311394,0.9820797876122976,10.687736776311395,523965,42187
cicids2017_v2,LeakyParallel,latency,43,0.01,0.017988615613063197,0.010715188273944907,0.012764211349994751,0.9913954535757461,127.64211349994751,523965,42187
cicids2017_v2,LeakyParallel,latency,43,0.001,0.7311313504541148,0.0010993176648976498,0.0009218172969568578,0.9695403797378339,9.218172969568577,523965,42187
cicids2017_v2,LeakyParallel,latency,44,0.01,0.007046253524520707,0.01004548900682335,0.010991192159781666,0.9948562353331595,109.91192159781666,523965,42187
cicids2017_v2,LeakyParallel,latency,44,0.001,0.2694350076567419,0.0010066548732204532,0.0011279379347857205,0.9783345580392064,11.279379347857205,523965,42187
cicids2017_v2,LeakyParallel,latency,45,0.01,0.02101423903311017,0.010226602645101508,0.010792705619650168,0.9962547704269088,107.92705619650168,523965,42187
cicids2017_v2,LeakyParallel,latency,45,0.001,0.608304231187913,0.0010066548732204532,0.0008416592711345223,0.9791879014862398,8.416592711345222,523965,42187
cicids2017_v2,LeakyParallel,latency,46,0.01,0.006742285118786606,0.011582848959649566,0.012105770423596996,0.9932443643776518,121.05770423596996,523965,42187
cicids2017_v2,LeakyParallel,latency,46,0.001,0.28256006566782554,0.001019290708449162,0.0009504451633219776,0.9784293739777656,9.504451633219777,523965,42187
cicids2017_v2,LeakyParallel,rate,42,0.01,0.11949005366044152,0.013490860079184567,0.014970465584533318,0.9604854576054235,149.70465584533318,523965,42187
cicids2017_v2,LeakyParallel,rate,42,0.001,0.880797789933896,0.0010066548732204532,0.0011088526905423072,0.9165856780524806,11.088526905423072,523965,42187
cicids2017_v2,LeakyParallel,rate,43,0.01,0.057921368065941725,0.010016005391289698,0.010655291861097592,0.9549624291843459,106.55291861097592,523965,42187
cicids2017_v2,LeakyParallel,rate,43,0.001,0.9525754364633023,0.0010066548732204532,0.0012004618629106907,0.8373195534169294,12.004618629106908,523965,42187
cicids2017_v2,LeakyParallel,rate,44,0.01,0.04776169997213675,0.0101676354140342,0.010296489269321423,0.9721478180482139,102.96489269321424,523965,42187
cicids2017_v2,LeakyParallel,rate,44,0.001,0.8808359370194812,0.0010066548732204532,0.0012882539864303914,0.90625074074952,12.882539864303913,523965,42187
cicids2017_v2,LeakyParallel,rate,45,0.01,0.11998298978677835,0.010133939853424312,0.010628572519156814,0.961196577144618,106.28572519156815,523965,42187
cicids2017_v2,LeakyParallel,rate,45,0.001,0.8808359370194812,0.001002442928144217,0.0012519920223679063,0.9021499514068315,12.519920223679064,523965,42187
cicids2017_v2,LeakyParallel,rate,46,0.01,0.047471336250647034,0.010171847359110437,0.010611395799337743,0.9599165619740678,106.11395799337743,523965,42187
cicids2017_v2,LeakyParallel,rate,46,0.001,0.8809026486697565,0.0010993176648976498,0.0013149733283711698,0.8920757579349089,13.149733283711697,523965,42187
cicids2017_v2,RLeaky,delta,42,0.01,0.5121444488884788,0.016005391289697583,0.01631788382811829,0.7916893829852798,163.17883828118292,523965,42187
cicids2017_v2,RLeaky,delta,42,0.001,0.9525741268243154,0.0010824698845927048,0.00148864905098623,0.5979804205086875,14.8864905098623,523965,42187
cicids2017_v2,RLeaky,delta,43,0.01,0.5018521774989889,0.02052480835649903,0.019276096685847337,0.7055253988195416,192.76096685847338,523965,42187
cicids2017_v2,RLeaky,delta,43,0.001,0.8810836128292282,0.0010319265436778704,0.0013798631587987747,0.5883803067295612,13.798631587987748,523965,42187
cicids2017_v2,RLeaky,delta,44,0.01,0.5123040788400881,0.017054165613680398,0.017159543099252814,0.7910967833692844,171.59543099252812,523965,42187
cicids2017_v2,RLeaky,delta,44,0.001,0.8808113763667936,0.001019290708449162,0.001404673976315212,0.5976248607390903,14.04673976315212,523965,42187
cicids2017_v2,RLeaky,delta,45,0.01,0.5057513597014327,0.012505264931345295,0.01258862710295535,0.7913101192310428,125.88627102955351,523965,42187
cicids2017_v2,RLeaky,delta,45,0.001,0.8809026486697565,0.0013225507539381687,0.0016699588712986554,0.6195747505155617,16.699588712986554,523965,42187
cicids2017_v2,RLeaky,delta,46,0.01,0.5051451780329106,0.017344789823940696,0.017380931932476407,0.7890819446748999,173.80931932476406,523965,42187
cicids2017_v2,RLeaky,delta,46,0.001,0.9526153013331671,0.0010066548732204532,0.001316881852795511,0.5869343636665324,13.16881852795511,523965,42187
cicids2017_v2,RLeaky,latency,42,0.01,0.018955763012030946,0.010003369556060989,0.010995009208630347,0.9522601749354066,109.95009208630347,523965,42187
cicids2017_v2,RLeaky,latency,42,0.001,0.11998298978677835,0.0010108668182966893,0.0016165201874170985,0.9444378600042668,16.165201874170986,523965,42187
cicids2017_v2,RLeaky,latency,43,0.01,0.04754944448919374,0.010643585207648892,0.0120828681305049,0.9554128048925025,120.828681305049,523965,42187
cicids2017_v2,RLeaky,latency,43,0.001,0.12132014411300995,0.001002442928144217,0.0010668651532067981,0.9471875222224856,10.668651532067981,523965,42187
cicids2017_v2,RLeaky,latency,44,0.01,0.026244453061351924,0.010272934040940106,0.010390006966114149,0.9833598027828478,103.90006966114149,523965,42187
cicids2017_v2,RLeaky,latency,44,0.001,0.2696074561501749,0.001044562378906579,0.0010668651532067981,0.9743285846350772,10.668651532067981,523965,42187
cicids2017_v2,RLeaky,latency,45,0.01,0.04742813675334867,0.024871535675174795,0.028666036853606636,0.9814160760423827,286.66036853606636,523965,42187
cicids2017_v2,RLeaky,latency,45,0.001,0.2691385074352943,0.0010614101592115238,0.0009752559808384148,0.9710337307701424,9.752559808384149,523965,42187
cicids2017_v2,RLeaky,latency,46,0.01,0.01800529753106983,0.010121304018195602,0.011149599687001995,0.9942873397018038,111.49599687001995,523965,42187
cicids2017_v2,RLeaky,latency,46,0.001,0.5050028963734052,0.00106562210428776,0.0010611395799337742,0.9701329793538294,10.611395799337743,523965,42187
cicids2017_v2,RLeaky,rate,42,0.01,0.11920818270504219,0.011671299806250526,0.013334860152872807,0.9255457842463318,133.34860152872807,523965,42187
cicids2017_v2,RLeaky,rate,42,0.001,0.8808023190890113,0.0010066548732204532,0.0011355720324830857,0.8748903690710409,11.355720324830857,523965,42187
cicids2017_v2,RLeaky,rate,43,0.01,0.04847611684513775,0.01035717294246483,0.011078984283301365,0.9608410173750207,110.78984283301365,523965,42187
cicids2017_v2,RLeaky,rate,43,0.001,0.9525743040672833,0.0010150787633729256,0.0012119130094567386,0.8463507715647001,12.119130094567385,523965,42187
cicids2017_v2,RLeaky,rate,44,0.01,0.05131402991952161,0.010007581501137225,0.010361379099749029,0.9661033019650603,103.61379099749028,523965,42187
cicids2017_v2,RLeaky,rate,44,0.001,0.8808113763667936,0.001040350433830343,0.0012577175956409302,0.8758859364259132,12.577175956409302,523965,42187
cicids2017_v2,RLeaky,rate,45,0.01,0.11922239910206722,0.01004548900682335,0.011092343954271755,0.954559461445469,110.92343954271755,523965,42187
cicids2017_v2,RLeaky,rate,45,0.001,0.8808023384600695,0.0010782579395164687,0.0014313933182559903,0.8856993860667979,14.313933182559904,523965,42187
cicids2017_v2,RLeaky,rate,46,0.01,0.04754944448919374,0.010458259624294499,0.011468323265866994,0.9187901486239837,114.68323265866994,523965,42187
cicids2017_v2,RLeaky,rate,46,0.001,0.8808359370194812,0.0010993176648976498,0.0013588693901310201,0.8602176025789935,13.5886939013102,523965,42187
cicids2017_v2,RSynaptic,delta,42,0.01,0.5050028963734052,0.017614354308819812,0.017693929938068384,0.7911441913385641,176.93929938068385,523965,42187
cicids2017_v2,RSynaptic,delta,42,0.001,0.9525802790757735,0.0012804313031758066,0.0016623247736012902,0.595444094152227,16.623247736012903,523965,42187
cicids2017_v2,RSynaptic,delta,43,0.01,0.5133215031804892,0.017445876505770366,0.017587052570305267,0.7919501268163178,175.87052570305266,523965,42187
cicids2017_v2,RSynaptic,delta,43,0.001,0.9525741682813321,0.0010066548732204532,0.0014447529892263797,0.5916277526252163,14.447529892263796,523965,42187
cicids2017_v2,RSynaptic,delta,44,0.01,0.5953903248083103,0.017681745430039593,0.017770270915042036,0.8284779671462773,177.70270915042036,523965,42187
cicids2017_v2,RSynaptic,delta,44,0.001,0.9526195485214894,0.0011540729508887203,0.0016031605164467091,0.5912958968402588,16.03160516446709,523965,42187
cicids2017_v2,RSynaptic,delta,45,0.01,0.5018521774989889,0.01851571055513436,0.017283597186835,0.7983264986844288,172.83597186835001,523965,42187
cicids2017_v2,RSynaptic,delta,45,0.001,0.8809026486697565,0.0011709207311936653,0.0016088860897197333,0.5947092706283926,16.088860897197332,523965,42187
cicids2017_v2,RSynaptic,delta,46,0.01,0.278949807575562,0.01713840451520512,0.017390474554598113,0.7927323583094318,173.90474554598114,523965,42187
cicids2017_v2,RSynaptic,delta,46,0.001,0.9525742395192355,0.0013436104793193497,0.0017043123109367992,0.6189584469149264,17.043123109367993,523965,42187
cicids2017_v2,RSynaptic,latency,42,0.01,0.018192739838388428,0.01347822424395586,0.01487122231446757,0.9801597648564724,148.7122231446757,523965,42187
cicids2017_v2,RSynaptic,latency,42,0.001,0.26978636966911784,0.0010571982141352877,0.0009790730296870974,0.9611254651906985,9.790730296870974,523965,42187
cicids2017_v2,RSynaptic,latency,43,0.01,0.04885994623008738,0.010496167129980626,0.011340452129436126,0.9591580344655937,113.40452129436126,523965,42187
cicids2017_v2,RSynaptic,latency,43,0.001,0.5018521774989889,0.0010108668182966893,0.0009752559808384148,0.9411667101239718,9.752559808384149,523965,42187
cicids2017_v2,RSynaptic,latency,44,0.01,0.018117536811532164,0.01023502653525398,0.012044697642018074,0.9790930855476806,120.44697642018075,523965,42187
cicids2017_v2,RSynaptic,latency,44,0.001,0.2728942150000211,0.0010150787633729256,0.001131754983634403,0.958849882665276,11.317549836344032,523965,42187
cicids2017_v2,RSynaptic,latency,45,0.01,0.06826154064142864,0.032524639878695985,0.03694712433082362,0.9457652831440965,369.47124330823624,523965,42187
cicids2017_v2,RSynaptic,latency,45,0.001,0.5018521774989889,0.0010108668182966893,0.0010344202379929956,0.9370659207812834,10.344202379929957,523965,42187
cicids2017_v2,RSynaptic,latency,46,0.01,0.018034526494505765,0.018115575772891922,0.019978433674004942,0.9968947780121838,199.7843367400494,523965,42187
cicids2017_v2,RSynaptic,latency,46,0.001,0.5018521774989889,0.001019290708449162,0.0011031271172692832,0.9702040913077489,11.031271172692833,523965,42187
cicids2017_v2,RSynaptic,rate,42,0.01,0.11949005366044152,0.01075730772470727,0.011884381590373402,0.9344110745016238,118.84381590373403,523965,42187
cicids2017_v2,RSynaptic,rate,42,0.001,0.755439961964418,0.0010150787633729256,0.001280619888733026,0.8796785739682841,12.80619888733026,523965,42187
cicids2017_v2,RSynaptic,rate,43,0.01,0.04833819239107495,0.010070760677280768,0.010527420724666723,0.9717211463246972,105.27420724666723,523965,42187
cicids2017_v2,RSynaptic,rate,43,0.001,0.9525802790757735,0.0010487743239828153,0.0012634431689139542,0.8131888970535948,12.634431689139541,523965,42187
cicids2017_v2,RSynaptic,rate,44,0.01,0.04833819239107495,0.010584617976581586,0.01117059345566975,0.9528290705667622,111.7059345566975,523965,42187
cicids2017_v2,RSynaptic,rate,44,0.001,0.8809026486697565,0.001023502653525398,0.0013054307062494632,0.8841823310498494,13.054307062494631,523965,42187
cicids2017_v2,RSynaptic,rate,45,0.01,0.11930857361990677,0.010875242186841884,0.011712614392182684,0.9630928959158035,117.12614392182684,523965,42187
cicids2017_v2,RSynaptic,rate,45,0.001,0.7407316588671344,0.001002442928144217,0.0013378756214632657,0.9039277502548179,13.378756214632658,523965,42187
cicids2017_v2,RSynaptic,rate,46,0.01,0.04833819239107495,0.010997388594052734,0.012178294351721967,0.955341692938583,121.78294351721966,523965,42187
cicids2017_v2,RSynaptic,rate,46,0.001,0.7349607732171739,0.001002442928144217,0.0011069441661179659,0.8905112949486809,11.069441661179658,523965,42187
cicids2017_v2,SConv2dLSTM,delta,42,0.01,0.5127444658374483,0.017433240670541656,0.01741528537211455,0.7919975347855974,174.1528537211455,523965,42187
cicids2017_v2,SConv2dLSTM,delta,42,0.001,0.9525741269168041,0.0010529862690590514,0.0014371188915290143,0.5952070543058288,14.371188915290142,523965,42187
cicids2017_v2,SConv2dLSTM,delta,43,0.01,0.5049846567003573,0.016338134950720243,0.016594619869647782,0.7928271742479911,165.94619869647784,523965,42187
cicids2017_v2,SConv2dLSTM,delta,43,0.001,0.881572756647184,0.0011793446213461377,0.0015516303569894935,0.5982174603550857,15.516303569894935,523965,42187
cicids2017_v2,SConv2dLSTM,delta,44,0.01,0.5123040788400881,0.016435009687473676,0.016690046090864847,0.7921397586934363,166.90046090864848,523965,42187
cicids2017_v2,SConv2dLSTM,delta,44,0.001,0.9820137900390659,0.0010361384887541067,0.0014333018426803317,0.5967241093227772,14.333018426803317,523965,42187
cicids2017_v2,SConv2dLSTM,delta,45,0.01,0.5122536374295297,0.016401314126863787,0.016600345442920807,0.7927797662787115,166.00345442920806,523965,42187
cicids2017_v2,SConv2dLSTM,delta,45,0.001,0.952575160772221,0.0010108668182966893,0.0013855887320717987,0.5965818854149383,13.855887320717986,523965,42187
cicids2017_v2,SConv2dLSTM,delta,46,0.01,0.5045787939152062,0.01638446634655884,0.016598436918496464,0.7915945670467206,165.98436918496463,523965,42187
cicids2017_v2,SConv2dLSTM,delta,46,0.001,0.8826895763873874,0.001002442928144217,0.0014027654518908705,0.5979093085547681,14.027654518908705,523965,42187
cicids2017_v2,SConv2dLSTM,latency,42,0.01,0.007058006853518317,0.010487743239828153,0.01059421907951867,0.9817953397966198,105.94219079518669,523965,42187
cicids2017_v2,SConv2dLSTM,latency,42,0.001,0.5000925402225088,0.0010866818296689411,0.0010439628601147024,0.9409296702775737,10.439628601147025,523965,42187
cicids2017_v2,SConv2dLSTM,latency,43,0.01,0.00938468619924282,0.010988964703900261,0.013607779145553615,0.9529238865053216,136.07779145553616,523965,42187
cicids2017_v2,SConv2dLSTM,latency,43,0.001,0.5006829772821663,0.001002442928144217,0.0011107612149666485,0.9258776400312893,11.107612149666485,523965,42187
cicids2017_v2,SConv2dLSTM,latency,44,0.01,0.009817666458252328,0.01106899166034875,0.012348153025488343,0.9766278711451395,123.48153025488342,523965,42187
cicids2017_v2,SConv2dLSTM,latency,44,0.001,0.6210039616066775,0.0010319265436778704,0.0009504451633219776,0.9174390214995141,9.504451633219777,523965,42187
cicids2017_v2,SConv2dLSTM,latency,45,0.01,0.06826154064142864,0.015095611153230562,0.017590869619153952,0.9748263683125133,175.90869619153952,523965,42187
cicids2017_v2,SConv2dLSTM,latency,45,0.001,0.5003424538892985,0.001002442928144217,0.0009752559808384148,0.9480408656695191,9.752559808384149,523965,42187
cicids2017_v2,SConv2dLSTM,latency,46,0.01,0.00682672077122759,0.010340325162159885,0.009815541114387412,0.970962618816223,98.15541114387412,523965,42187
cicids2017_v2,SConv2dLSTM,latency,46,0.001,0.34090877247779217,0.0013393985342431134,0.0013531438168579962,0.947519378007443,13.531438168579962,523965,42187
cicids2017_v2,SConv2dLSTM,rate,42,0.01,0.16607476979884583,0.011519669783506024,0.011571383584781426,0.9211131391186859,115.71383584781425,523965,42187
cicids2017_v2,SConv2dLSTM,rate,42,0.001,0.9820137900386443,0.0010066548732204532,0.0008664700886509596,0.8374143693554886,8.664700886509596,523965,42187
cicids2017_v2,SConv2dLSTM,rate,43,0.01,0.12010093025975743,0.010003369556060989,0.009777370625900585,0.9238865053215446,97.77370625900585,523965,42187
cicids2017_v2,SConv2dLSTM,rate,43,0.001,0.9525741271017814,0.0010319265436778704,0.001024877615871289,0.8258705288358973,10.248776158712891,523965,42187
cicids2017_v2,SConv2dLSTM,rate,44,0.01,0.11920818270504219,0.010028641226518406,0.009834626358630824,0.9242894730604214,98.34626358630824,523965,42187
cicids2017_v2,SConv2dLSTM,rate,44,0.001,0.9525802790757735,0.0010108668182966893,0.0010191520425982651,0.7289923436129614,10.19152042598265,523965,42187
cicids2017_v2,SConv2dLSTM,rate,45,0.01,0.1598630979429514,0.010016005391289698,0.010080826009370854,0.9111811695546022,100.80826009370854,523965,42187
cicids2017_v2,SConv2dLSTM,rate,45,0.001,0.9525741269840602,0.0010108668182966893,0.0009103661504108099,0.7845781875933344,9.1036615041081,523965,42187
cicids2017_v2,SConv2dLSTM,rate,46,0.01,0.13461056823265583,0.010264510150787633,0.010475890565209508,0.9114419133856402,104.75890565209508,523965,42187
cicids2017_v2,SConv2dLSTM,rate,46,0.001,0.9525749595327845,0.0010066548732204532,0.0010038838472035347,0.8406381112665039,10.038838472035346,523965,42187
cicids2017_v2,SLSTM,delta,42,0.01,0.5125781243417251,0.016114901861679725,0.016356054316605115,0.7920686467395169,163.56054316605116,523965,42187
cicids2017_v2,SLSTM,delta,42,0.001,0.8810836128292282,0.001166708786117429,0.0015535388814138349,0.5973641169080522,15.535388814138349,523965,42187
cicids2017_v2,SLSTM,delta,43,0.01,0.5128133221984383,0.017054165613680398,0.017283597186835,0.7926612463555124,172.83597186835001,523965,42187
cicids2017_v2,SLSTM,delta,43,0.001,0.9526455251155436,0.001002442928144217,0.0014256677449829664,0.5951359423519094,14.256677449829665,523965,42187
cicids2017_v2,SLSTM,delta,44,0.01,0.5129500974136514,0.015398871198719568,0.01568043667038829,0.7979472349301918,156.8043667038829,523965,42187
cicids2017_v2,SLSTM,delta,44,0.001,0.8812471091126772,0.0010066548732204532,0.0014676552823184755,0.595965581814303,14.676552823184755,523965,42187
cicids2017_v2,SLSTM,delta,45,0.01,0.5133694248305316,0.02008255412349423,0.019718874352294524,0.6961860288714533,197.18874352294523,523965,42187
cicids2017_v2,SLSTM,delta,45,0.001,0.952583802125266,0.0012551596327183894,0.0016947696888150927,0.637115699149027,16.947696888150926,523965,42187
cicids2017_v2,SLSTM,delta,46,0.01,0.5048433704821773,0.016287591609805408,0.01653354708806886,0.7918079029084789,165.3354708806886,523965,42187
cicids2017_v2,SLSTM,delta,46,0.001,0.8820125048479177,0.0011288012804313032,0.0015611729791112,0.5973641169080522,15.611729791112001,523965,42187
cicids2017_v2,SLSTM,latency,42,0.01,0.047655356609692445,0.010066548732204531,0.010704913496130466,0.9911821177139877,107.04913496130466,523965,42187
cicids2017_v2,SLSTM,latency,42,0.001,0.5023241732293346,0.001002442928144217,0.0010077008960522173,0.9694455637992747,10.077008960522173,523965,42187
cicids2017_v2,SLSTM,latency,43,0.01,0.04855711999915102,0.010028641226518406,0.010139990266525435,0.9855642733543508,101.39990266525434,523965,42187
cicids2017_v2,SLSTM,latency,43,0.001,0.7310663539380386,0.001002442928144217,0.0009790730296870974,0.9638988313935573,9.790730296870974,523965,42187
cicids2017_v2,SLSTM,latency,44,0.01,0.04938112827374541,0.010900513857299302,0.011802315040126726,0.9814160760423827,118.02315040126726,523965,42187
cicids2017_v2,SLSTM,latency,44,0.001,0.27737001917790727,0.001002442928144217,0.0007424160010687736,0.9667433095503354,7.424160010687737,523965,42187
cicids2017_v2,SLSTM,latency,45,0.01,0.05572177474535922,0.010049700951899587,0.010668651532067981,0.9810131083035059,106.68651532067982,523965,42187
cicids2017_v2,SLSTM,latency,45,0.001,0.5007067287812539,0.001002442928144217,0.0009790730296870974,0.9669092374428141,9.790730296870974,523965,42187
cicids2017_v2,SLSTM,latency,46,0.01,0.04742599098161526,0.010011793446213462,0.010529329249091066,0.9860857610164269,105.29329249091066,523965,42187
cicids2017_v2,SLSTM,latency,46,0.001,0.531962870532366,0.0010108668182966893,0.0009580792610193429,0.9617891767606135,9.580792610193429,523965,42187
cicids2017_v2,SLSTM,rate,42,0.01,0.11953349383518097,0.010108668182966895,0.011380531142347295,0.9311636286059687,113.80531142347294,523965,42187
cicids2017_v2,SLSTM,rate,42,0.001,0.8808113763667936,0.001002442928144217,0.0010496884333877263,0.8669732382013416,10.496884333877263,523965,42187
cicids2017_v2,SLSTM,rate,43,0.01,0.119219386095063,0.010003369556060989,0.010798431192923192,0.950909047810937,107.98431192923192,523965,42187
cicids2017_v2,SLSTM,rate,43,0.001,0.9525763902955608,0.0010740459944402325,0.0011565658011508401,0.7177329509090478,11.565658011508402,523965,42187
cicids2017_v2,SLSTM,rate,44,0.01,0.06378972677573214,0.010003369556060989,0.010668651532067981,0.9635906795932396,106.68651532067982,523965,42187
cicids2017_v2,SLSTM,rate,44,0.001,0.8824489993534492,0.001002442928144217,0.001202370387335032,0.8340246995519947,12.02370387335032,523965,42187
cicids2017_v2,SLSTM,rate,45,0.01,0.1193468189285668,0.010150787633729256,0.010628572519156814,0.9616232488681348,106.28572519156815,523965,42187
cicids2017_v2,SLSTM,rate,45,0.001,0.9525741508099927,0.001002442928144217,0.001190919240788984,0.8736103539004907,11.90919240788984,523965,42187
cicids2017_v2,SLSTM,rate,46,0.01,0.048308844212576973,0.010007581501137225,0.010414817783630586,0.9620262166070116,104.14817783630586,523965,42187
cicids2017_v2,SLSTM,rate,46,0.001,0.880963031222331,0.001002442928144217,0.0010592310555094329,0.8524189916324935,10.592310555094329,523965,42187
cicids2017_v2,Synaptic,delta,42,0.01,0.731068429530211,0.019602392384803304,0.019258919966028264,0.6233673880579326,192.58919966028265,523965,42187
cicids2017_v2,Synaptic,delta,42,0.001,0.9526195485214894,0.0013014910285569876,0.0014142165984369186,0.5976011567544505,14.142165984369186,523965,42187
cicids2017_v2,Synaptic,delta,43,0.01,0.5018521774989889,0.020752253390615788,0.020592978538642847,0.6978927157655201,205.92978538642848,523965,42187
cicids2017_v2,Synaptic,delta,43,0.001,0.9534700691073199,0.0010066548732204532,0.0014390274159533556,0.5966529973688577,14.390274159533556,523965,42187
cicids2017_v2,Synaptic,delta,44,0.01,0.5078235223378783,0.01544099064948193,0.01570906453675341,0.7985398345461873,157.0906453675341,523965,42187
cicids2017_v2,Synaptic,delta,44,0.001,0.9820137960009336,0.0010066548732204532,0.0014142165984369186,0.5851328608339061,14.142165984369186,523965,42187
cicids2017_v2,Synaptic,delta,45,0.01,0.5018521774989889,0.020516384466346557,0.020384949376389645,0.6563396306919194,203.84949376389645,523965,42187
cicids2017_v2,Synaptic,delta,45,0.001,0.9525802790757735,0.0010277145986016343,0.0014600211846211102,0.5956100220447057,14.600211846211103,523965,42187
cicids2017_v2,Synaptic,delta,46,0.01,0.5018521774989889,0.015660011793446213,0.01595717271191778,0.7924953184630337,159.5717271191778,523965,42187
cicids2017_v2,Synaptic,delta,46,0.001,0.8828822761417952,0.0011582848959649566,0.0015859837966276373,0.596487069476379,15.859837966276373,523965,42187
cicids2017_v2,Synaptic,latency,42,0.01,0.009817666458252328,0.016380254401482604,0.01391886862672125,0.9935051082086899,139.18868626721252,523965,42187
cicids2017_v2,Synaptic,latency,42,0.001,0.12493445522433111,0.0010277145986016343,0.0013436011947362896,0.9887406072960865,13.436011947362896,523965,42187
cicids2017_v2,Synaptic,latency,43,0.01,0.0179876018402092,0.010256086260635162,0.012275629097363374,0.9952117951027568,122.75629097363374,523965,42187
cicids2017_v2,Synaptic,latency,43,0.001,0.5000000005686921,0.001002442928144217,0.001000066798354852,0.9731196814184464,10.00066798354852,523965,42187
cicids2017_v2,Synaptic,latency,44,0.01,0.04742617951986572,0.01814927133350181,0.02071130705295201,0.9504112641335009,207.1130705295201,523965,42187
cicids2017_v2,Synaptic,latency,44,0.001,0.26901420564335055,0.0010993176648976498,0.001393222829769164,0.9425652452177211,13.932228297691639,523965,42187
cicids2017_v2,Synaptic,latency,45,0.01,0.05412605222590117,0.020811220621683092,0.024923420457473304,0.9845687059994785,249.23420457473304,523965,42187
cicids2017_v2,Synaptic,latency,45,0.001,0.35121435571606086,0.0010866818296689411,0.000988615651808804,0.9501742242871026,9.88615651808804,523965,42187
cicids2017_v2,Synaptic,latency,46,0.01,0.026244453061351924,0.021683093252463988,0.026236485261420132,0.9721241140635741,262.3648526142013,523965,42187
cicids2017_v2,Synaptic,latency,46,0.001,0.269478886569939,0.0010319265436778704,0.0011355720324830857,0.9684737004290421,11.355720324830857,523965,42187
cicids2017_v2,Synaptic,rate,42,0.01,0.35121435571606086,0.011835565664223738,0.012100044850323972,0.9681181406594449,121.00044850323972,523965,42187
cicids2017_v2,Synaptic,rate,42,0.001,0.9933071490759922,0.0010319265436778704,0.0010649566287824568,0.6969919643492071,10.649566287824568,523965,42187
cicids2017_v2,Synaptic,rate,43,0.01,0.0066931840257331565,0.010003369556060989,0.009739200137413759,0.9254746722924123,97.39200137413759,523965,42187
cicids2017_v2,Synaptic,rate,43,0.001,0.9121964110709848,0.001044562378906579,0.0012997051329764393,0.7955057245122905,12.997051329764393,523965,42187
cicids2017_v2,Synaptic,rate,44,0.01,0.2689414213922623,0.010083396512509477,0.010065557813976124,0.9117737691705976,100.65557813976123,523965,42187
cicids2017_v2,Synaptic,rate,44,0.001,0.952574141583229,0.001002442928144217,0.0010859503974502114,0.7509896413587124,10.859503974502115,523965,42187
cicids2017_v2,Synaptic,rate,45,0.01,0.500000000010416,0.01058040603150535,0.010433903027874,0.9646573589020314,104.33903027874,523965,42187
cicids2017_v2,Synaptic,rate,45,0.001,0.8807970779847624,0.0012383118524134445,0.0013684120122527269,0.7744565861521322,13.684120122527268,523965,42187
cicids2017_v2,Synaptic,rate,46,0.01,0.26894144351059757,0.01002442928144217,0.0099720401171834,0.9510512717187759,99.720401171834,523965,42187
cicids2017_v2,Synaptic,rate,46,0.001,0.997527376843468,0.0010108668182966893,0.0011451146546047923,0.548296868703629,11.451146546047923,523965,42187
ctu13_v2_f0,Alpha,delta,42,0.01,0.7310585786300049,0.193323252297313,0.07143658477031406,0.37336279441493114,714.3658477031406,151533,212710
ctu13_v2_f0,Alpha,delta,42,0.001,0.7310585786300049,0.193323252297313,0.07143658477031406,0.37336279441493114,714.3658477031406,151533,212710
ctu13_v2_f0,Alpha,delta,43,0.01,0.5,0.19469000814237525,0.07216249925758746,0.37967185369752243,721.6249925758746,151533,212710
ctu13_v2_f0,Alpha,delta,43,0.001,0.8807970779778824,0.002064673723391881,0.0014848250876046802,0.16482534906680457,14.848250876046801,151533,212710
ctu13_v2_f0,Alpha,delta,44,0.01,0.7310585786300049,0.19364313132488079,0.07159496611299189,0.3734004043063326,715.9496611299189,151533,212710
ctu13_v2_f0,Alpha,delta,44,0.001,0.9525741268224333,0.0011050366406886124,0.0018741792216876853,0.15355178411922335,18.741792216876853,151533,212710
ctu13_v2_f0,Alpha,delta,45,0.01,0.7310585786300049,0.19335233220891007,0.07134419565375198,0.373202952376475,713.4419565375198,151533,212710
ctu13_v2_f0,Alpha,delta,45,0.001,0.8807970779778824,0.0025590322205420496,0.002514303815010592,0.16480654412110385,25.14303815010592,151533,212710
ctu13_v2_f0,Alpha,delta,46,0.01,0.7310585786300049,0.19495172734674887,0.0721493008123643,0.37812984815006345,721.493008123643,151533,212710
ctu13_v2_f0,Alpha,delta,46,0.001,0.9525741268224333,0.0012213562870768873,0.002171144239208621,0.10978327300079921,21.711442392086212,151533,212710
ctu13_v2_f0,Alpha,latency,42,0.01,0.01798620996209155,0.036902407816680236,0.1207723730144589,0.9998448591979691,1207.723730144589,151533,212710
ctu13_v2_f0,Alpha,latency,42,0.001,0.2689414213699951,0.0014249156682563685,0.0015838134267783255,0.9996050961402849,15.838134267783255,151533,212710
ctu13_v2_f0,Alpha,latency,43,0.01,0.01798620996209155,0.05571711061998372,0.3188282420330885,0.999920078980772,3188.282420330885,151533,212710
ctu13_v2_f0,Alpha,latency,43,0.001,0.2689414213699951,0.0018611143422123998,0.0016102103172246308,0.9996191998495604,16.10210317224631,151533,212710
ctu13_v2_f0,Alpha,latency,44,0.01,0.11920292202211769,0.014074677212981272,0.0038209498921027104,0.9997085233416388,38.209498921027105,151533,212710
ctu13_v2_f0,Alpha,latency,44,0.001,0.2689414213699951,0.0018901942538094684,0.0023097279140517246,0.9993653330826007,23.097279140517248,151533,212710
ctu13_v2_f0,Alpha,latency,45,0.01,0.01798620996209155,0.06278352913807142,0.12208561831416259,1.0,1220.856183141626,151533,212710
ctu13_v2_f0,Alpha,latency,45,0.001,0.2689414213699951,0.0013958357566592997,0.0014914243102162564,0.999134972497767,14.914243102162564,151533,212710
ctu13_v2_f0,Alpha,latency,46,0.01,0.047425873177566635,0.01020704897057113,0.005952498795641873,0.9998213530158432,59.524987956418734,151533,212710
ctu13_v2_f0,Alpha,latency,46,0.001,0.2689414213699951,0.0014249156682563685,0.0012010585153068968,0.9995627850124583,12.010585153068968,151533,212710
ctu13_v2_f0,Alpha,rate,42,0.01,0.5,0.015674072350820054,0.007978460137395815,0.9844577123783556,79.78460137395815,151533,212710
ctu13_v2_f0,Alpha,rate,42,0.001,0.9525741268224333,0.001250436198673956,0.0006467238159344829,0.9012881387804993,6.467238159344829,151533,212710
ctu13_v2_f0,Alpha,rate,43,0.01,0.5,0.010468768174944748,0.0045996581602687206,0.9766912698039585,45.99658160268721,151533,212710
ctu13_v2_f0,Alpha,rate,43,0.001,0.8807970779778824,0.002035593811794812,0.0008908950525628081,0.9226505570965163,8.90895052562808,151533,212710
ctu13_v2_f0,Alpha,rate,44,0.01,0.5,0.016982668372688147,0.00673780628641946,0.982379765878426,67.3780628641946,151533,212710
ctu13_v2_f0,Alpha,rate,44,0.001,0.8807970779778824,0.0031115505408863555,0.0011152686213564043,0.9295519721686804,11.152686213564042,151533,212710
ctu13_v2_f0,Alpha,rate,45,0.01,0.5,0.01919274165406537,0.00869117617944606,0.9855766066475483,86.9117617944606,151533,212710
ctu13_v2_f0,Alpha,rate,45,0.001,0.9525741268224333,0.0015703152262417123,0.0005279378089261085,0.9045272906774482,5.279378089261085,151533,212710
ctu13_v2_f0,Alpha,rate,46,0.01,0.5,0.01552867279283471,0.0072063510918413815,0.9805697898547318,72.06351091841381,151533,212710
ctu13_v2_f0,Alpha,rate,46,0.001,0.9525741268224333,0.0010759567290915435,0.0004421479149756159,0.8792910535470829,4.421479149756159,151533,212710
ctu13_v2_f0,Lapicque,delta,42,0.01,0.7310585786300049,0.195009887169943,0.07455801706558968,0.4934511776597245,745.5801706558967,151533,212710
ctu13_v2_f0,Lapicque,delta,42,0.001,0.8807970779778824,0.0018611143422123998,0.0016630040981172418,0.06010530769592403,16.630040981172417,151533,212710
ctu13_v2_f0,Lapicque,delta,43,0.01,0.5,0.19669652204257299,0.07630681105765741,0.4934981900239763,763.0681105765741,151533,212710
ctu13_v2_f0,Lapicque,delta,43,0.001,0.7310585786300049,0.0026753518669303247,0.0028112688325315277,0.1650228009966621,28.112688325315276,151533,212710
ctu13_v2_f0,Lapicque,delta,44,0.01,0.7310585786300049,0.19675468186576714,0.07610883437931011,0.4935075924968267,761.0883437931011,151533,212710
ctu13_v2_f0,Lapicque,delta,44,0.001,0.9933071490757152,0.002035593811794812,0.004612856605491873,0.12007898077194303,46.12856605491873,151533,212710
ctu13_v2_f0,Lapicque,delta,45,0.01,0.7310585786300049,0.195853204606258,0.0756402895738882,0.49346528136900003,756.402895738882,151533,212710
ctu13_v2_f0,Lapicque,delta,45,0.001,0.8807970779778824,0.0018611143422123998,0.0016366072076709364,0.059978374312444176,16.366072076709365,151533,212710
ctu13_v2_f0,Lapicque,delta,46,0.01,0.7310585786300049,0.19666744213097592,0.07618802505064903,0.4935028912604015,761.8802505064904,151533,212710
ctu13_v2_f0,Lapicque,delta,46,0.001,0.8807970779778824,0.0027916715133185993,0.0020259613417539413,0.16968172629401532,20.259613417539413,151533,212710
ctu13_v2_f0,Lapicque,latency,42,0.01,0.006692850924284732,0.010119809235779924,0.010670942962918968,0.9999764938178741,106.70942962918967,151533,212710
ctu13_v2_f0,Lapicque,latency,42,0.001,0.11920292202211769,0.0018901942538094684,0.00248130770195271,0.996365944243336,24.8130770195271,151533,212710
ctu13_v2_f0,Lapicque,latency,43,0.01,0.006692850924284732,0.023263929277654995,0.027267987831033503,0.9999905975271497,272.679878310335,151533,212710
ctu13_v2_f0,Lapicque,latency,43,0.001,0.2689414213699951,0.001250436198673956,0.002765074274250493,0.9931079874006864,27.65074274250493,151533,212710
ctu13_v2_f0,Lapicque,latency,44,0.01,0.006692850924284732,0.02087937652669536,0.017474741475454192,0.9995580837760331,174.74741475454192,151533,212710
ctu13_v2_f0,Lapicque,latency,44,0.001,0.2689414213699951,0.0010759567290915435,0.0017355955468445817,0.9868177330637958,17.355955468445817,151533,212710
ctu13_v2_f0,Lapicque,latency,45,0.01,0.002472623156634657,0.016575549610329185,0.02814568443837316,0.999971792581449,281.4568443837316,151533,212710
ctu13_v2_f0,Lapicque,latency,45,0.001,0.11920292202211769,0.002064673723391881,0.0029894478430440895,0.9966057073010202,29.894478430440895,151533,212710
ctu13_v2_f0,Lapicque,latency,46,0.01,0.006692850924284732,0.011486565080842155,0.020154025855754192,1.0,201.54025855754193,151533,212710
ctu13_v2_f0,Lapicque,latency,46,0.001,0.2689414213699951,0.001366755845062231,0.0022701325783822664,0.9967514456302008,22.701325783822664,151533,212710
ctu13_v2_f0,Lapicque,rate,42,0.01,0.11920292202211769,0.01968710015121554,0.00990543313997611,0.9913779323962202,99.05433139976111,151533,212710
ctu13_v2_f0,Lapicque,rate,42,0.001,0.8807970779778824,0.001250436198673956,0.001036077950017488,0.9402801936909407,10.360779500174878,151533,212710
ctu13_v2_f0,Lapicque,rate,43,0.01,0.5,0.010468768174944748,0.005153992859641134,0.984965445912275,51.539928596411336,151533,212710
ctu13_v2_f0,Lapicque,rate,43,0.001,0.9525741268224333,0.0015121554030475748,0.0008249028264470446,0.941046495228245,8.249028264470446,151533,212710
ctu13_v2_f0,Lapicque,rate,44,0.01,0.5,0.010265208793765267,0.00418390713573941,0.9822716374406469,41.8390713573941,151533,212710
ctu13_v2_f0,Lapicque,rate,44,0.001,0.9525741268224333,0.001250436198673956,0.0007325137098849755,0.930826007239904,7.325137098849755,151533,212710
ctu13_v2_f0,Lapicque,rate,45,0.01,0.7310585786300049,0.012707921367919041,0.005906304237360839,0.9881246767899957,59.06304237360839,151533,212710
ctu13_v2_f0,Lapicque,rate,45,0.001,0.9820137900379085,0.002210073281377225,0.0008644981621165026,0.9500634666917399,8.644981621165027,151533,212710
ctu13_v2_f0,Lapicque,rate,46,0.01,0.2689414213699951,0.015644992439222984,0.007245946427510839,0.9881998965727986,72.45946427510839,151533,212710
ctu13_v2_f0,Lapicque,rate,46,0.001,0.9525741268224333,0.0013958357566592997,0.0006071284802650248,0.9241126416247473,6.071284802650248,151533,212710
ctu13_v2_f0,Leaky,delta,42,0.01,0.7310585786300049,0.19544608584389903,0.07559409501560717,0.4933148418033943,755.9409501560717,151533,212710
ctu13_v2_f0,Leaky,delta,42,0.001,0.7310585786300049,0.19544608584389903,0.07559409501560717,0.4933148418033943,755.9409501560717,151533,212710
ctu13_v2_f0,Leaky,delta,43,0.01,0.7310585786300049,0.19419564964522507,0.07154217233209928,0.37799351229373324,715.4217233209928,151533,212710
ctu13_v2_f0,Leaky,delta,43,0.001,0.8807970779778824,0.001366755845062231,0.0019071753347455669,0.15369282121197875,19.07175334745567,151533,212710
ctu13_v2_f0,Leaky,delta,44,0.01,0.7310585786300049,0.19364313132488079,0.07130460031808253,0.3780781345493865,713.0460031808253,151533,212710
ctu13_v2_f0,Leaky,delta,44,0.001,0.8807970779778824,0.001948354077003606,0.0013594398579847293,0.16499929481453623,13.594398579847294,151533,212710
ctu13_v2_f0,Leaky,delta,45,0.01,0.7310585786300049,0.19410840991043388,0.07166095833910766,0.3780499271308354,716.6095833910765,151533,212710
ctu13_v2_f0,Leaky,delta,45,0.001,0.8807970779778824,0.0025590322205420496,0.0025275022602337443,0.16493817874100888,25.275022602337444,151533,212710
ctu13_v2_f0,Leaky,delta,46,0.01,0.7310585786300049,0.19329417238571595,0.07121221120152046,0.3733486907056556,712.1221120152046,151533,212710
ctu13_v2_f0,Leaky,delta,46,0.001,0.8807970779778824,0.0011050366406886124,0.001887377666910838,0.153725729866955,18.87377666910838,151533,212710
ctu13_v2_f0,Leaky,latency,42,0.01,0.0001233945759863131,0.011951843666395253,0.028224875109712076,0.9999905975271497,282.24875109712076,151533,212710
ctu13_v2_f0,Leaky,latency,42,0.001,0.006692850924284732,0.0014249156682563685,0.007140358865725617,0.9999670913450237,71.40358865725618,151533,212710
ctu13_v2_f0,Leaky,latency,43,0.01,0.0001233945759863131,0.013987437478190066,0.06248803890901652,0.9999952987635748,624.8803890901652,151533,212710
ctu13_v2_f0,Leaky,latency,43,0.001,0.006692850924284732,0.001832034430615331,0.011390258227580791,0.9999529876357482,113.90258227580792,151533,212710
ctu13_v2_f0,Leaky,latency,44,0.01,1.6701421847953313e-05,0.016284750494358496,0.033042307616162815,0.9999952987635748,330.42307616162816,151533,212710
ctu13_v2_f0,Leaky,latency,44,0.001,0.002472623156634657,0.0017738746074211934,0.004593058937657144,0.9999670913450237,45.93058937657144,151533,212710
ctu13_v2_f0,Leaky,latency,45,0.01,1.6701421847953313e-05,0.015121554030475748,0.024681092567295573,0.9999952987635748,246.81092567295573,151533,212710
ctu13_v2_f0,Leaky,latency,45,0.001,0.002472623156634657,0.001483075491450506,0.009535876673727834,0.9999435851628978,95.35876673727834,151533,212710
ctu13_v2_f0,Leaky,latency,46,0.01,0.00033535013046637197,0.011253925788065604,0.024872470023031286,1.0,248.72470023031286,151533,212710
ctu13_v2_f0,Leaky,latency,46,0.001,0.006692850924284732,0.0020937536349889497,0.00744392310585813,0.9998495604343942,74.4392310585813,151533,212710
ctu13_v2_f0,Leaky,rate,42,0.01,0.2689414213699951,0.011486565080842155,0.004157510245293104,0.9913544262140943,41.57510245293104,151533,212710
ctu13_v2_f0,Leaky,rate,42,0.001,0.9525741268224333,0.0011631964638827497,0.00043554869236403954,0.9532085938601852,4.355486923640395,151533,212710
ctu13_v2_f0,Leaky,rate,43,0.01,0.11920292202211769,0.012184482959171804,0.003589977100697538,0.9905599172582389,35.89977100697538,151533,212710
ctu13_v2_f0,Leaky,rate,43,0.001,0.8807970779778824,0.0015121554030475748,0.00045534636019876857,0.9527666776362184,4.553463601987685,151533,212710
ctu13_v2_f0,Leaky,rate,44,0.01,0.11920292202211769,0.014917994649296266,0.005734724449459854,0.9935734098067792,57.34724449459854,151533,212710
ctu13_v2_f0,Leaky,rate,44,0.001,0.8807970779778824,0.0018029545190182622,0.0007721090455544337,0.963085891589488,7.721090455544337,151533,212710
ctu13_v2_f0,Leaky,rate,45,0.01,0.2689414213699951,0.012329882517157147,0.00454686437937611,0.9928071082694748,45.468643793761096,151533,212710
ctu13_v2_f0,Leaky,rate,45,0.001,0.9525741268224333,0.0014539955798534372,0.0004619455828103449,0.9625734568191434,4.619455828103449,151533,212710
ctu13_v2_f0,Leaky,rate,46,0.01,0.7310585786300049,0.015121554030475748,0.004923020068235962,0.9921066240421231,49.23020068235962,151533,212710
ctu13_v2_f0,Leaky,rate,46,0.001,0.9933071490757152,0.0015703152262417123,0.0005279378089261085,0.9547647031169197,5.279378089261085,151533,212710
ctu13_v2_f0,LeakyParallel,delta,42,0.01,0.7310585786300049,0.1937012911480749,0.07146958088337194,0.37799821353015844,714.6958088337194,151533,212710
ctu13_v2_f0,LeakyParallel,delta,42,0.001,0.9820137900379085,0.0018029545190182622,0.0007919067133891627,0.16477833670255276,7.919067133891628,151533,212710
ctu13_v2_f0,LeakyParallel,delta,43,0.01,0.7310585786300049,0.19384669070606025,0.07159496611299189,0.37808753702223685,715.9496611299189,151533,212710
ctu13_v2_f0,LeakyParallel,delta,43,0.001,0.9525741268224333,0.0010468768174944749,0.0018609807764645326,0.15359879648347516,18.609807764645325,151533,212710
ctu13_v2_f0,LeakyParallel,delta,44,0.01,0.7310585786300049,0.19172385715947424,0.07051929282730494,0.3618870763010672,705.1929282730495,151533,212710
ctu13_v2_f0,LeakyParallel,delta,44,0.001,0.7310585786300049,0.19172385715947424,0.07051929282730494,0.3618870763010672,705.1929282730495,151533,212710
ctu13_v2_f0,LeakyParallel,delta,45,0.01,0.7310585786300049,0.19367221123647785,0.07152897388687612,0.3779841098208829,715.2897388687612,151533,212710
ctu13_v2_f0,LeakyParallel,delta,45,0.001,0.8807970779778824,0.002966150982901012,0.002501105369787439,0.16490056884960744,25.011053697874388,151533,212710
ctu13_v2_f0,LeakyParallel,delta,46,0.01,0.7310585786300049,0.19335233220891007,0.07155537077732244,0.3780029147665836,715.5537077732243,151533,212710
ctu13_v2_f0,LeakyParallel,delta,46,0.001,0.9525741268224333,0.002500872397347912,0.0024879069245642865,0.16490056884960744,24.879069245642864,151533,212710
ctu13_v2_f0,LeakyParallel,latency,42,0.01,4.5397868702390376e-05,0.013783878097010585,0.025789761966040402,0.9999905975271497,257.897619660404,151533,212710
ctu13_v2_f0,LeakyParallel,latency,42,0.001,0.006692850924284732,0.0011631964638827497,0.005305774979707391,0.9999623901085986,53.05774979707391,151533,212710
ctu13_v2_f0,LeakyParallel,latency,43,0.01,1.6701421847953313e-05,0.010788647202512505,0.03848666627071331,1.0,384.86666270713306,151533,212710
ctu13_v2_f0,LeakyParallel,latency,43,0.001,0.047425873177566635,0.0013085960218680935,0.0032864128605650253,0.9999811950542993,32.86412860565025,151533,212710
ctu13_v2_f0,LeakyParallel,latency,44,0.01,4.5397868702390376e-05,0.020239618471559848,0.06623639735239188,0.9999905975271497,662.3639735239188,151533,212710
ctu13_v2_f0,LeakyParallel,latency,44,0.001,0.006692850924284732,0.0013085960218680935,0.007866273352999017,0.9999764938178741,78.66273352999018,151533,212710
ctu13_v2_f0,LeakyParallel,latency,45,0.01,1.6701421847953313e-05,0.012126323135977666,0.012782694198623401,0.9999905975271497,127.82694198623402,151533,212710
ctu13_v2_f0,LeakyParallel,latency,45,0.001,0.00033535013046637197,0.0013376759334651623,0.005787518230352465,0.999971792581449,57.875182303524646,151533,212710
ctu13_v2_f0,LeakyParallel,latency,46,0.01,1.6701421847953313e-05,0.012184482959171804,0.034797700830842125,1.0,347.97700830842126,151533,212710
ctu13_v2_f0,LeakyParallel,latency,46,0.001,0.047425873177566635,0.001134116552285681,0.004012327347838424,0.999214893516995,40.12327347838424,151533,212710
ctu13_v2_f0,LeakyParallel,rate,42,0.01,0.5,0.010730487379318367,0.0037879537790448284,0.9911945841756382,37.87953779044828,151533,212710
ctu13_v2_f0,LeakyParallel,rate,42,0.001,0.9525741268224333,0.0016866348726299872,0.0006335253707113302,0.964679610737624,6.335253707113303,151533,212710
ctu13_v2_f0,LeakyParallel,rate,43,0.01,0.2689414213699951,0.015412353146446435,0.004784436393392859,0.9930327676178835,47.844363933928584,151533,212710
ctu13_v2_f0,LeakyParallel,rate,43,0.001,0.9525741268224333,0.0011631964638827497,0.0005477354767608376,0.9591321517559118,5.477354767608375,151533,212710
ctu13_v2_f0,LeakyParallel,rate,44,0.01,0.2689414213699951,0.011748284285215772,0.004269697029689903,0.9910159371914814,42.696970296899025,151533,212710
ctu13_v2_f0,LeakyParallel,rate,44,0.001,0.9525741268224333,0.001250436198673956,0.00042894946975246314,0.9504912792064313,4.289494697524631,151533,212710
ctu13_v2_f0,LeakyParallel,rate,45,0.01,0.11920292202211769,0.01689542863789694,0.0052925765344842375,0.9949508720793568,52.925765344842375,151533,212710
ctu13_v2_f0,LeakyParallel,rate,45,0.001,0.8807970779778824,0.0015703152262417123,0.00044874713758719223,0.9662404212307837,4.487471375871922,151533,212710
ctu13_v2_f0,LeakyParallel,rate,46,0.01,0.2689414213699951,0.015034314295684541,0.005127595969194829,0.9913638286869446,51.27595969194829,151533,212710
ctu13_v2_f0,LeakyParallel,rate,46,0.001,0.9525741268224333,0.001366755845062231,0.0004685448054219213,0.9528465986554464,4.685448054219213,151533,212710
ctu13_v2_f0,RLeaky,delta,42,0.01,0.7310585786300049,0.19355589159008957,0.07140358865725617,0.3795684264961685,714.0358865725617,151533,212710
ctu13_v2_f0,RLeaky,delta,42,0.001,0.8807970779778824,0.0018901942538094684,0.0013264437449268477,0.16482534906680457,13.264437449268478,151533,212710
ctu13_v2_f0,RLeaky,delta,43,0.01,0.7310585786300049,0.1934395719437013,0.07127160420502465,0.3780358234215599,712.7160420502465,151533,212710
ctu13_v2_f0,RLeaky,delta,43,0.001,0.8807970779778824,0.0012795161102710248,0.001834583886018227,0.1537022236848291,18.34583886018227,151533,212710
ctu13_v2_f0,RLeaky,delta,44,0.01,0.7310585786300049,0.19355589159008957,0.07156196999993401,0.37955902402331815,715.6196999993401,151533,212710
ctu13_v2_f0,RLeaky,delta,44,0.001,0.9525741268224333,0.0025590322205420496,0.002705681270746306,0.16490527008603262,27.056812707463063,151533,212710
ctu13_v2_f0,RLeaky,delta,45,0.01,0.7310585786300049,0.19419564964522507,0.07176654590089288,0.37957782896901887,717.6654590089288,151533,212710
ctu13_v2_f0,RLeaky,delta,45,0.001,0.8807970779778824,0.002937071071303943,0.0027848719420852223,0.16480184288467867,27.848719420852223,151533,212710
ctu13_v2_f0,RLeaky,delta,46,0.01,0.5,0.19341049203210423,0.07144318399292564,0.3780217197122843,714.4318399292564,151533,212710
ctu13_v2_f0,RLeaky,delta,46,0.001,0.7310585786300049,0.002500872397347912,0.002573696818514779,0.16497578863241033,25.736968185147788,151533,212710
ctu13_v2_f0,RLeaky,latency,42,0.01,0.0001233945759863131,0.02085029661509829,0.026977622036124145,0.9960133515114475,269.7762203612414,151533,212710
ctu13_v2_f0,RLeaky,latency,42,0.001,0.047425873177566635,0.0010468768174944749,0.0012340546283647787,0.9843119740491749,12.340546283647786,151533,212710
ctu13_v2_f0,RLeaky,latency,43,0.01,1.6701421847953313e-05,0.014423636152146098,0.01914434479618301,0.9995956936674345,191.4434479618301,151533,212710
ctu13_v2_f0,RLeaky,latency,43,0.001,0.01798620996209155,0.0011922763754798186,0.0014188328614889165,0.9895585538996756,14.188328614889166,151533,212710
ctu13_v2_f0,RLeaky,latency,44,0.01,4.5397868702390376e-05,0.01410375712457834,0.025730368962536214,0.9657373889332894,257.30368962536215,151533,212710
ctu13_v2_f0,RLeaky,latency,44,0.001,0.2689414213699951,0.0011922763754798186,0.0015640157589435965,0.941488411452212,15.640157589435965,151533,212710
ctu13_v2_f0,RLeaky,latency,45,0.01,0.0001233945759863131,0.046731417936489474,0.03894201263091208,0.9747261529782333,389.4201263091208,151533,212710
ctu13_v2_f0,RLeaky,latency,45,0.001,0.11920292202211769,0.0011050366406886124,0.007635300561593845,0.97398805885948,76.35300561593844,151533,212710
ctu13_v2_f0,RLeaky,latency,46,0.01,0.0009110511944006028,0.012649761544724905,0.017692515821636213,0.9998730666165201,176.92515821636212,151533,212710
ctu13_v2_f0,RLeaky,latency,46,0.001,0.047425873177566635,0.0013376759334651623,0.007331736321461332,0.9988293921301302,73.31736321461332,151533,212710
ctu13_v2_f0,RLeaky,rate,42,0.01,0.11920292202211769,0.01686634872629987,0.008143440702685224,0.9955996427060317,81.43440702685224,151533,212710
ctu13_v2_f0,RLeaky,rate,42,0.001,0.8807970779778824,0.0015703152262417123,0.0017553932146793108,0.9701518499365334,17.55393214679311,151533,212710
ctu13_v2_f0,RLeaky,rate,43,0.01,0.2689414213699951,0.013958357566592998,0.005127595969194829,0.9944525410182878,51.27595969194829,151533,212710
ctu13_v2_f0,RLeaky,rate,43,0.001,0.9525741268224333,0.0011050366406886124,0.0006797199289923647,0.964129566075878,6.797199289923647,151533,212710
ctu13_v2_f0,RLeaky,rate,44,0.01,0.2689414213699951,0.015325113411655229,0.006605821834187933,0.9954115932490245,66.05821834187932,151533,212710
ctu13_v2_f0,RLeaky,rate,44,0.001,0.9525741268224333,0.0014539955798534372,0.0011020701761332516,0.9706642847068779,11.020701761332516,151533,212710
ctu13_v2_f0,RLeaky,rate,45,0.01,0.5,0.011399325346050948,0.004223502471408868,0.9914578534154482,42.23502471408868,151533,212710
ctu13_v2_f0,RLeaky,rate,45,0.001,0.9820137900379085,0.001017796905897406,0.0005675331445955666,0.9498331061069061,5.675331445955666,151533,212710
ctu13_v2_f0,RLeaky,rate,46,0.01,0.5,0.015906711643596604,0.004018926570450001,0.9921207277513986,40.189265704500016,151533,212710
ctu13_v2_f0,RLeaky,rate,46,0.001,0.9820137900379085,0.001832034430615331,0.00035635802102512324,0.9515584598749471,3.5635802102512324,151533,212710
ctu13_v2_f0,RSynaptic,delta,42,0.01,0.5,0.1945446085843899,0.0718457365722318,0.37957782896901887,718.457365722318,151533,212710
ctu13_v2_f0,RSynaptic,delta,42,0.001,0.5,0.1945446085843899,0.0718457365722318,0.37957782896901887,718.457365722318,151533,212710
ctu13_v2_f0,RSynaptic,delta,43,0.01,0.7310585786300049,0.19323601256252182,0.07115941742062785,0.3733486907056556,711.5941742062786,151533,212710
ctu13_v2_f0,RSynaptic,delta,43,0.001,0.8807970779778824,0.0020065139001977433,0.0014518289745467984,0.1648864651403319,14.518289745467984,151533,212710
ctu13_v2_f0,RSynaptic,delta,44,0.01,0.7310585786300049,0.19364313132488079,0.07136399332158672,0.3778853838559541,713.6399332158671,151533,212710
ctu13_v2_f0,RSynaptic,delta,44,0.001,0.9525741268224333,0.001017796905897406,0.0018279846634066507,0.15355178411922335,18.27984663406651,151533,212710
ctu13_v2_f0,RSynaptic,delta,45,0.01,0.7310585786300049,0.19663836221937886,0.07556109890254928,0.49344177518687415,755.6109890254928,151533,212710
ctu13_v2_f0,RSynaptic,delta,45,0.001,0.7310585786300049,0.19663836221937886,0.07556109890254928,0.49344177518687415,755.6109890254928,151533,212710
ctu13_v2_f0,RSynaptic,delta,46,0.01,0.7310585786300049,0.19570780504827265,0.07542911445031775,0.49339946405904755,754.2911445031775,151533,212710
ctu13_v2_f0,RSynaptic,delta,46,0.001,0.8807970779778824,0.001017796905897406,0.0018411831086298034,0.15365051008415212,18.411831086298033,151533,212710
ctu13_v2_f0,RSynaptic,latency,42,0.01,4.5397868702390376e-05,0.014045597301384204,0.019461107481538675,0.997907949790795,194.61107481538676,151533,212710
ctu13_v2_f0,RSynaptic,latency,42,0.001,0.7310585786300049,0.001134116552285681,0.0016168095398362073,0.978665789102534,16.168095398362073,151533,212710
ctu13_v2_f0,RSynaptic,latency,43,0.01,0.00033535013046637197,0.023525648482028615,0.015165013561402466,0.9542804757651262,151.65013561402466,151533,212710
ctu13_v2_f0,RSynaptic,latency,43,0.001,0.047425873177566635,0.0014539955798534372,0.0018279846634066507,0.9367636688449062,18.27984663406651,151533,212710
ctu13_v2_f0,RSynaptic,latency,44,0.01,0.00033535013046637197,0.013871117831801791,0.01673562854295764,0.9677636218325419,167.3562854295764,151533,212710
ctu13_v2_f0,RSynaptic,latency,44,0.001,0.006692850924284732,0.0018029545190182622,0.001260451518811084,0.9548587278454234,12.60451518811084,151533,212710
ctu13_v2_f0,RSynaptic,latency,45,0.01,1.6701421847953313e-05,0.011922763754798185,0.009648063458124632,0.9669456066945606,96.48063458124632,151533,212710
ctu13_v2_f0,RSynaptic,latency,45,0.001,0.002472623156634657,0.0012795161102710248,0.001794988550348769,0.9500634666917399,17.94988550348769,151533,212710
ctu13_v2_f0,RSynaptic,latency,46,0.01,0.006692850924284732,0.011719204373618704,0.004916420845624385,0.9632974472286211,49.16420845624385,151533,212710
ctu13_v2_f0,RSynaptic,latency,46,0.001,0.047425873177566635,0.001017796905897406,0.0011812608474721677,0.9431761553288515,11.812608474721676,151533,212710
ctu13_v2_f0,RSynaptic,rate,42,0.01,0.11920292202211769,0.01602303128998488,0.006836794625593105,0.9941751680692023,68.36794625593106,151533,212710
ctu13_v2_f0,RSynaptic,rate,42,0.001,0.7310585786300049,0.002151913458183087,0.0010756732856869462,0.9744722862112736,10.756732856869462,151533,212710
ctu13_v2_f0,RSynaptic,rate,43,0.01,0.2689414213699951,0.01227172269396301,0.0062956583714438435,0.9928541206337267,62.95658371443844,151533,212710
ctu13_v2_f0,RSynaptic,rate,43,0.001,0.9525741268224333,0.0013085960218680935,0.0015706149815551728,0.9549480513375017,15.706149815551727,151533,212710
ctu13_v2_f0,RSynaptic,rate,44,0.01,0.11920292202211769,0.015441433058043503,0.004612856605491873,0.9942832965069813,46.12856605491873,151533,212710
ctu13_v2_f0,RSynaptic,rate,44,0.001,0.9525741268224333,0.001017796905897406,0.0003629572436366996,0.9538855719054111,3.629572436366996,151533,212710
ctu13_v2_f0,RSynaptic,rate,45,0.01,0.2689414213699951,0.014161916947772479,0.0052661796440379325,0.993935405011518,52.66179644037933,151533,212710
ctu13_v2_f0,RSynaptic,rate,45,0.001,0.9525741268224333,0.0015121554030475748,0.0004619455828103449,0.965098020779465,4.619455828103449,151533,212710
ctu13_v2_f0,RSynaptic,rate,46,0.01,0.2689414213699951,0.013522158892636967,0.00617687236443547,0.9933477504583705,61.768723644354694,151533,212710
ctu13_v2_f0,RSynaptic,rate,46,0.001,0.9525741268224333,0.0013376759334651623,0.0008842958299512318,0.9536034977199004,8.842958299512318,151533,212710
ctu13_v2_f0,SConv2dLSTM,delta,42,0.01,0.5,0.19701640107014073,0.07620782271848377,0.493385360349772,762.0782271848377,151533,212710
ctu13_v2_f0,SConv2dLSTM,delta,42,0.001,0.8807970779778824,0.002471792485750843,0.0025538991506800497,0.16490056884960744,25.538991506800496,151533,212710
ctu13_v2_f0,SConv2dLSTM,delta,43,0.01,0.7310585786300049,0.1931487728277306,0.07113302053018154,0.3780217197122843,711.3302053018155,151533,212710
ctu13_v2_f0,SConv2dLSTM,delta,43,0.001,0.7310585786300049,0.1931487728277306,0.07113302053018154,0.3780217197122843,711.3302053018155,151533,212710
ctu13_v2_f0,SConv2dLSTM,delta,44,0.01,0.5,0.1935268116784925,0.07142998554770248,0.3749894222180433,714.2998554770248,151533,212710
ctu13_v2_f0,SConv2dLSTM,delta,44,0.001,0.8807970779778824,0.0024427125741537745,0.002349323249721183,0.16490056884960744,23.493232497211828,151533,212710
ctu13_v2_f0,SConv2dLSTM,delta,45,0.01,0.5,0.19690008142375248,0.07638600172899633,0.49360631846175546,763.8600172899633,151533,212710
ctu13_v2_f0,SConv2dLSTM,delta,45,0.001,0.8807970779778824,0.0013085960218680935,0.001761992437290887,0.1537022236848291,17.61992437290887,151533,212710
ctu13_v2_f0,SConv2dLSTM,delta,46,0.01,0.7310585786300049,0.19373037105967197,0.07143658477031406,0.379634243806121,714.3658477031406,151533,212710
ctu13_v2_f0,SConv2dLSTM,delta,46,0.001,0.8807970779778824,0.002995230894498081,0.0026462882672421187,0.16497578863241033,26.462882672421188,151533,212710
ctu13_v2_f0,SConv2dLSTM,latency,42,0.01,4.5397868702390376e-05,0.011951843666395253,0.011198880771845077,0.9997696394151662,111.98880771845077,151533,212710
ctu13_v2_f0,SConv2dLSTM,latency,42,0.001,0.002472623156634657,0.0011922763754798186,0.0015442180911088674,0.9996803159230878,15.442180911088673,151533,212710
ctu13_v2_f0,SConv2dLSTM,latency,43,0.01,3.059022269935596e-07,0.02413632662556706,0.03206562266964952,0.9271731465375393,320.6562266964952,151533,212710
ctu13_v2_f0,SConv2dLSTM,latency,43,0.001,0.0009110511944006028,0.0010468768174944749,0.002091953567869705,0.8825302054440318,20.91953567869705,151533,212710
ctu13_v2_f0,SConv2dLSTM,latency,44,0.01,0.00033535013046637197,0.02361288821681982,0.029650307193812567,0.999948286399323,296.5030719381257,151533,212710
ctu13_v2_f0,SConv2dLSTM,latency,44,0.001,0.01798620996209155,0.001366755845062231,0.0012934476318689659,0.9997085233416388,12.934476318689658,151533,212710
ctu13_v2_f0,SConv2dLSTM,latency,45,0.01,6.144174602207286e-06,0.011864603931604049,0.026957824368289415,0.9999905975271497,269.57824368289414,151533,212710
ctu13_v2_f0,SConv2dLSTM,latency,45,0.001,0.11920292202211769,0.001017796905897406,0.0006005292576534484,0.999449955338254,6.005292576534484,151533,212710
ctu13_v2_f0,SConv2dLSTM,latency,46,0.01,4.5397868702390376e-05,0.013085960218680935,0.02417955164881577,0.9997461332330403,241.7955164881577,151533,212710
ctu13_v2_f0,SConv2dLSTM,latency,46,0.001,0.2689414213699951,0.0012213562870768873,0.0013660390805963058,0.9941469606506511,13.660390805963058,151533,212710
ctu13_v2_f0,SConv2dLSTM,rate,42,0.01,0.11920292202211769,0.015354193323252297,0.005754522117294583,0.9928494193973015,57.54522117294583,151533,212710
ctu13_v2_f0,SConv2dLSTM,rate,42,0.001,0.8807970779778824,0.0016284750494358496,0.0006137277028766011,0.961360537821447,6.137277028766011,151533,212710
ctu13_v2_f0,SConv2dLSTM,rate,43,0.01,0.2689414213699951,0.01410375712457834,0.005800716675575617,0.9924357105918856,58.007166755756174,151533,212710
ctu13_v2_f0,SConv2dLSTM,rate,43,0.001,0.9820137900379085,0.0011631964638827497,0.00041575102452931045,0.9539184805603874,4.157510245293104,151533,212710
ctu13_v2_f0,SConv2dLSTM,rate,44,0.01,0.2689414213699951,0.015179713853669886,0.003906739786053203,0.9922053500070519,39.067397860532026,151533,212710
ctu13_v2_f0,SConv2dLSTM,rate,44,0.001,0.9525741268224333,0.0013958357566592997,0.0003101634627440887,0.950275022330873,3.1016346274408875,151533,212710
ctu13_v2_f0,SConv2dLSTM,rate,45,0.01,0.7310585786300049,0.013289519599860416,0.002982848620432513,0.9858492783602087,29.828486204325127,151533,212710
ctu13_v2_f0,SConv2dLSTM,rate,45,0.001,0.9933071490757152,0.0015121554030475748,0.00023097279140517246,0.9030511024399417,2.3097279140517246,151533,212710
ctu13_v2_f0,SConv2dLSTM,rate,46,0.01,0.5,0.011283005699662674,0.003352405086680789,0.9872643505241878,33.52405086680789,151533,212710
ctu13_v2_f0,SConv2dLSTM,rate,46,0.001,0.9820137900379085,0.001483075491450506,0.0003167626853556651,0.9386206572328523,3.1676268535566514,151533,212710
ctu13_v2_f0,SLSTM,delta,42,0.01,0.7310585786300049,0.194166569733628,0.07166755756171923,0.37799821353015844,716.6755756171923,151533,212710
ctu13_v2_f0,SLSTM,delta,42,0.001,0.7310585786300049,0.194166569733628,0.07166755756171923,0.37799821353015844,716.6755756171923,151533,212710
ctu13_v2_f0,SLSTM,delta,43,0.01,0.5,0.1944573688495987,0.0718457365722318,0.3780969394950872,718.457365722318,151533,212710
ctu13_v2_f0,SLSTM,delta,43,0.001,0.8807970779778824,0.002966150982901012,0.002778272719473646,0.16480184288467867,27.78272719473646,151533,212710
ctu13_v2_f0,SLSTM,delta,44,0.01,0.7310585786300049,0.19396301035244853,0.07155537077732244,0.3781251469136383,715.5537077732243,151533,212710
ctu13_v2_f0,SLSTM,delta,44,0.001,0.8807970779778824,0.002966150982901012,0.002758475051638917,0.16493817874100888,27.584750516389168,151533,212710
ctu13_v2_f0,SLSTM,delta,45,0.01,0.8807970779778824,0.19349773176689544,0.07155537077732244,0.3779841098208829,715.5537077732243,151533,212710
ctu13_v2_f0,SLSTM,delta,45,0.001,0.8807970779778824,0.19349773176689544,0.07155537077732244,0.3779841098208829,715.5537077732243,151533,212710
ctu13_v2_f0,SLSTM,delta,46,0.01,0.5,0.19463184831918112,0.0718985303531244,0.3781862629871656,718.9853035312441,151533,212710
ctu13_v2_f0,SLSTM,delta,46,0.001,0.8807970779778824,0.0014539955798534372,0.0019929652286960597,0.153725729866955,19.929652286960597,151533,212710
ctu13_v2_f0,SLSTM,latency,42,0.01,0.2689414213699951,0.02529952308944981,0.030923957157846807,0.9375346716186357,309.2395715784681,151533,212710
ctu13_v2_f0,SLSTM,latency,42,0.001,0.8807970779778824,0.0012795161102710248,0.007556109890254928,0.7944713459639885,75.56109890254928,151533,212710
ctu13_v2_f0,SLSTM,latency,43,0.01,0.11920292202211769,0.03294753983947889,0.053288722588479075,0.9641718772037046,532.8872258847907,151533,212710
ctu13_v2_f0,SLSTM,latency,43,0.001,0.8807970779778824,0.0011050366406886124,0.004982413071740149,0.8133891213389122,49.824130717401495,151533,212710
ctu13_v2_f0,SLSTM,latency,44,0.01,0.2689414213699951,0.01206816331278353,0.04954696336771528,0.9585162897842132,495.4696336771528,151533,212710
ctu13_v2_f0,SLSTM,latency,44,0.001,0.8807970779778824,0.0012213562870768873,0.005094599856136947,0.8155798975130459,50.94599856136947,151533,212710
ctu13_v2_f0,SLSTM,latency,45,0.01,0.01798620996209155,0.020239618471559848,0.0481479281740611,0.9603497719900334,481.479281740611,151533,212710
ctu13_v2_f0,SLSTM,latency,45,0.001,0.5,0.0013085960218680935,0.0015508173137204436,0.8218795543227869,15.508173137204436,151533,212710
ctu13_v2_f0,SLSTM,latency,46,0.01,0.2689414213699951,0.013987437478190066,0.019480905149373402,0.9637064547976117,194.80905149373402,151533,212710
ctu13_v2_f0,SLSTM,latency,46,0.001,0.9525741268224333,0.0010468768174944749,0.0007325137098849755,0.7636547411969348,7.325137098849755,151533,212710
ctu13_v2_f0,SLSTM,rate,42,0.01,0.5,0.016430150052343842,0.011225277662291382,0.9807813454938649,112.25277662291381,151533,212710
ctu13_v2_f0,SLSTM,rate,42,0.001,0.9525741268224333,0.002151913458183087,0.0009502880560669953,0.9203798599031545,9.502880560669952,151533,212710
ctu13_v2_f0,SLSTM,rate,43,0.01,0.5,0.015470512969640571,0.01039377561323276,0.9796765549339477,103.9377561323276,151533,212710
ctu13_v2_f0,SLSTM,rate,43,0.001,0.9525741268224333,0.001715714784227056,0.0012010585153068968,0.9206995439800667,12.010585153068968,151533,212710
ctu13_v2_f0,SLSTM,rate,44,0.01,0.5,0.010468768174944748,0.008697775402057637,0.963504301631329,86.97775402057637,151533,212710
ctu13_v2_f0,SLSTM,rate,44,0.001,0.8807970779778824,0.0016575549610329185,0.0012802491866458132,0.9119599454656575,12.802491866458132,151533,212710
ctu13_v2_f0,SLSTM,rate,45,0.01,0.7310585786300049,0.010032569500988717,0.005879907346914534,0.9717784777396455,58.799073469145334,151533,212710
ctu13_v2_f0,SLSTM,rate,45,0.001,0.9820137900379085,0.001599395137838781,0.0008315020490586209,0.9028630529829346,8.315020490586209,151533,212710
ctu13_v2_f0,SLSTM,rate,46,0.01,0.5,0.019658020239618473,0.012637511301168722,0.9790794979079498,126.37511301168722,151533,212710
ctu13_v2_f0,SLSTM,rate,46,0.001,0.9820137900379085,0.0013958357566592997,0.0006599222611576356,0.86300597057026,6.599222611576356,151533,212710
ctu13_v2_f0,Synaptic,delta,42,0.01,0.5,0.1943701291148075,0.07148937855120667,0.3749565135630671,714.8937855120666,151533,212710
ctu13_v2_f0,Synaptic,delta,42,0.001,0.7310585786300049,0.0025590322205420496,0.0023823193627790645,0.16490056884960744,23.823193627790644,151533,212710
ctu13_v2_f0,Synaptic,delta,43,0.01,0.5,0.19457368849598697,0.07205031247319066,0.37969065864322316,720.5031247319066,151533,212710
ctu13_v2_f0,Synaptic,delta,43,0.001,0.7310585786300049,0.0030243108060951495,0.0028046696099199514,0.16955009167411028,28.046696099199515,151533,212710
ctu13_v2_f0,Synaptic,delta,44,0.01,0.7310585786300049,0.19402117017564266,0.07148277932859509,0.3733392882328052,714.827793285951,151533,212710
ctu13_v2_f0,Synaptic,delta,44,0.001,0.8807970779778824,0.0032278701872746306,0.002778272719473646,0.16500399605096142,27.78272719473646,151533,212710
ctu13_v2_f0,Synaptic,delta,45,0.01,0.7310585786300049,0.19387577061765732,0.07143658477031406,0.3796248413332706,714.3658477031406,151533,212710
ctu13_v2_f0,Synaptic,delta,45,0.001,0.9525741268224333,0.002471792485750843,0.0016168095398362073,0.16951248178270886,16.168095398362073,151533,212710
ctu13_v2_f0,Synaptic,delta,46,0.01,0.7310585786300049,0.1938176107944632,0.07160156533560347,0.37812984815006345,716.0156533560347,151533,212710
ctu13_v2_f0,Synaptic,delta,46,0.001,0.8807970779778824,0.0030243108060951495,0.0027848719420852223,0.16960180527478727,27.848719420852223,151533,212710
ctu13_v2_f0,Synaptic,latency,42,0.01,2.260324297953531e-06,0.012824241014307316,0.02856143546290247,1.0,285.6143546290247,151533,212710
ctu13_v2_f0,Synaptic,latency,42,0.001,0.01798620996209155,0.0011631964638827497,0.0013990351936541876,0.9996803159230878,13.990351936541876,151533,212710
ctu13_v2_f0,Synaptic,latency,43,0.01,1.1253516207787584e-07,0.013754798185413517,0.028317264226274143,0.9997602369423159,283.1726422627414,151533,212710
ctu13_v2_f0,Synaptic,latency,43,0.001,0.002472623156634657,0.0010468768174944749,0.001128467066579557,0.9996756146866626,11.28467066579557,151533,212710
ctu13_v2_f0,Synaptic,latency,44,0.01,4.5397868702390376e-05,0.01573223217401419,0.03242198069067464,0.9996897183959381,324.2198069067464,151533,212710
ctu13_v2_f0,Synaptic,latency,44,0.001,0.11920292202211769,0.001017796905897406,0.0013792375258194585,0.9996709134502374,13.792375258194584,151533,212710
ctu13_v2_f0,Synaptic,latency,45,0.01,8.315280277670922e-07,0.012126323135977666,0.041317732771079564,0.9998542616708195,413.1773277107956,151533,212710
ctu13_v2_f0,Synaptic,latency,45,0.001,0.006692850924284732,0.0013376759334651623,0.004302693142747785,0.9996803159230878,43.02693142747785,151533,212710
ctu13_v2_f0,Synaptic,latency,46,0.01,3.059022269935596e-07,0.015674072350820054,0.044769126196934,0.9999858962907244,447.69126196934,151533,212710
ctu13_v2_f0,Synaptic,latency,46,0.001,0.006692850924284732,0.0013376759334651623,0.0029696501752093604,0.9996709134502374,29.696501752093603,151533,212710
ctu13_v2_f0,Synaptic,rate,42,0.01,0.5,0.07645108758869373,0.028627427689018235,0.9979831695735979,286.27427689018236,151533,212710
ctu13_v2_f0,Synaptic,rate,42,0.001,0.5,0.07645108758869373,0.028627427689018235,0.9979831695735979,286.27427689018236,151533,212710
ctu13_v2_f0,Synaptic,rate,43,0.01,0.5,0.020530417587530533,0.006566226498518474,0.9838888627709087,65.66226498518475,151533,212710
ctu13_v2_f0,Synaptic,rate,43,0.001,0.5,0.020530417587530533,0.006566226498518474,0.9838888627709087,65.66226498518475,151533,212710
ctu13_v2_f0,Synaptic,rate,44,0.01,0.5,0.10925322787018728,0.03542462697894188,0.9985708241267454,354.2462697894188,151533,212710
ctu13_v2_f0,Synaptic,rate,44,0.001,0.9990889488055994,0.0010759567290915435,0.00019797667834729068,0.8080344130506323,1.979766783472907,151533,212710
ctu13_v2_f0,Synaptic,rate,45,0.01,0.5,0.045684541118995,0.018134663736611826,0.9959851440928964,181.34663736611827,151533,212710
ctu13_v2_f0,Synaptic,rate,45,0.001,0.9990889488055994,0.0011050366406886124,0.00022437356879359611,0.8345728926707724,2.243735687935961,151533,212710
ctu13_v2_f0,Synaptic,rate,46,0.01,0.5,0.013318599511457484,0.00914652253964483,0.9765690376569037,91.46522539644829,151533,212710
ctu13_v2_f0,Synaptic,rate,46,0.001,0.9525741268224333,0.0011050366406886124,0.00077870826816601,0.8827417610831648,7.787082681660101,151533,212710
ctu13_v2_f1,Alpha,delta,42,0.01,0.7310585786300049,0.19626032336861696,0.1619053553070189,0.9306218217659424,1619.053553070189,96297,114647
ctu13_v2_f1,Alpha,delta,42,0.001,0.9525741268224333,0.0030243108060951495,0.004704196392410979,0.8814796723856708,47.04196392410979,96297,114647
ctu13_v2_f1,Alpha,delta,43,0.01,0.7310585786300049,0.1968710015121554,0.16837492341402122,0.9946880424258812,1683.7492341402121,96297,114647
ctu13_v2_f1,Alpha,delta,43,0.001,0.9820137900379085,0.002064673723391881,0.004174584878033584,0.8248275140213002,41.745848780335834,96297,114647
ctu13_v2_f1,Alpha,delta,44,0.01,0.8807970779778824,0.19588228451785505,0.16121997570017757,0.9307003236020132,1612.1997570017757,96297,114647
ctu13_v2_f1,Alpha,delta,44,0.001,0.9525741268224333,0.003954867977201349,0.009626468114271473,0.8661282022207297,96.26468114271474,96297,114647
ctu13_v2_f1,Alpha,delta,45,0.01,0.8807970779778824,0.19582412469466093,0.1611265148446992,0.7656371296239762,1611.265148446992,96297,114647
ctu13_v2_f1,Alpha,delta,45,0.001,0.9933071490757152,0.0018611143422123998,0.0018276789515768923,0.0008722426230080159,18.27678951576892,96297,114647
ctu13_v2_f1,Alpha,delta,46,0.01,0.7310585786300049,0.1964057229266023,0.16187420168852612,0.9308137151430042,1618.7420168852611,96297,114647
ctu13_v2_f1,Alpha,delta,46,0.001,0.9525741268224333,0.004740025590322205,0.01012492601015608,0.7454534353275707,101.24926010156081,96297,114647
ctu13_v2_f1,Alpha,latency,42,0.01,0.11920292202211769,0.010963126672094916,0.4765361330051819,0.9996598253770269,4765.361330051819,96297,114647
ctu13_v2_f1,Alpha,latency,42,0.001,0.2689414213699951,0.0016866348726299872,0.47075194450502095,0.9991626470819123,4707.5194450502095,96297,114647
ctu13_v2_f1,Alpha,latency,43,0.01,0.11920292202211769,0.03911248109805746,0.4878448965180639,0.9996249356721065,4878.448965180639,96297,114647
ctu13_v2_f1,Alpha,latency,43,0.001,0.2689414213699951,0.002937071071303943,0.4785818872862083,0.9978019485900198,4785.8188728620835,96297,114647
ctu13_v2_f1,Alpha,latency,44,0.01,0.11920292202211769,0.011224845876468536,0.4821541688733813,0.999790661770478,4821.541688733813,96297,114647
ctu13_v2_f1,Alpha,latency,44,0.001,0.5,0.001017796905897406,0.47164501490181415,0.9985956893769571,4716.450149018142,96297,114647
ctu13_v2_f1,Alpha,latency,45,0.01,0.11920292202211769,0.026375479818541353,0.4813337902530712,0.9997208823606374,4813.337902530712,96297,114647
ctu13_v2_f1,Alpha,latency,45,0.001,0.5,0.001017796905897406,0.46912157180389835,0.9981857353441433,4691.215718038983,96297,114647
ctu13_v2_f1,Alpha,latency,46,0.01,0.11920292202211769,0.012678841456321973,0.489205271192249,0.9997296047868676,4892.05271192249,96297,114647
ctu13_v2_f1,Alpha,latency,46,0.001,0.2689414213699951,0.002500872397347912,0.47141655503286706,0.9987439706228685,4714.16555032867,96297,114647
ctu13_v2_f1,Alpha,rate,42,0.01,0.7310585786300049,0.01390019774339886,0.45617205105039615,0.9913124634748401,4561.720510503961,96297,114647
ctu13_v2_f1,Alpha,rate,42,0.001,0.9820137900379085,0.0011922763754798186,0.29096441218314173,0.9098275576334313,2909.644121831417,96297,114647
ctu13_v2_f1,Alpha,rate,43,0.01,0.7310585786300049,0.01968710015121554,0.46172777968161,0.9928476104913343,4617.2777968161,96297,114647
ctu13_v2_f1,Alpha,rate,43,0.001,0.9820137900379085,0.0018029545190182622,0.31935574316956916,0.95321290570185,3193.557431695692,96297,114647
ctu13_v2_f1,Alpha,rate,44,0.01,0.7310585786300049,0.018901942538094685,0.46676428133794406,0.9926993292454229,4667.642813379441,96297,114647
ctu13_v2_f1,Alpha,rate,44,0.001,0.9933071490757152,0.0010468768174944749,0.2691153410801998,0.8958455083866128,2691.153410801998,96297,114647
ctu13_v2_f1,Alpha,rate,45,0.01,0.7310585786300049,0.017098988019076423,0.4593081819786702,0.9918009193437246,4593.081819786702,96297,114647
ctu13_v2_f1,Alpha,rate,45,0.001,0.9820137900379085,0.0015121554030475748,0.3269260724633166,0.9292000662904394,3269.2607246331663,96297,114647
ctu13_v2_f1,Alpha,rate,46,0.01,0.7310585786300049,0.014510875886937304,0.44921440958700687,0.9920277024257067,4492.144095870069,96297,114647
ctu13_v2_f1,Alpha,rate,46,0.001,0.9820137900379085,0.0013958357566592997,0.3007051102318868,0.9484417385539962,3007.051102318868,96297,114647
ctu13_v2_f1,Lapicque,delta,42,0.01,0.7310585786300049,0.19579504478306387,0.16049305793534585,0.9080132929775746,1604.9305793534586,96297,114647
ctu13_v2_f1,Lapicque,delta,42,0.001,0.9525741268224333,0.004798185413516343,0.010239155944629635,0.745479602606261,102.39155944629634,96297,114647
ctu13_v2_f1,Lapicque,delta,43,0.01,0.7310585786300049,0.1966092823077818,0.16586186485560298,0.9309619963889155,1658.6186485560297,96297,114647
ctu13_v2_f1,Lapicque,delta,43,0.001,0.9820137900379085,0.004071187623589624,0.00976146712774022,0.6889931703402619,97.61467127740221,96297,114647
ctu13_v2_f1,Lapicque,delta,44,0.01,0.7310585786300049,0.19634756310340817,0.1624557359003915,0.9308834945528448,1624.557359003915,96297,114647
ctu13_v2_f1,Lapicque,delta,44,0.001,0.9820137900379085,0.001919274165406537,0.0019107552675576601,0.0018753216394672343,19.107552675576603,96297,114647
ctu13_v2_f1,Lapicque,delta,45,0.01,0.8807970779778824,0.19588228451785505,0.16110574576570402,0.907838844452973,1611.0574576570402,96297,114647
ctu13_v2_f1,Lapicque,delta,45,0.001,0.9820137900379085,0.0013958357566592997,0.003042670072795622,0.7178207890306768,30.42670072795622,96297,114647
ctu13_v2_f1,Lapicque,delta,46,0.01,0.9525741268224333,0.19614400372222868,0.16140689741113431,0.9079522359939641,1614.068974111343,96297,114647
ctu13_v2_f1,Lapicque,delta,46,0.001,0.9933071490757152,0.004303826916366174,0.007632636530733044,0.6814482716512426,76.32636530733045,96297,114647
ctu13_v2_f1,Lapicque,latency,42,0.01,0.00033535013046637197,0.020821216703501223,0.5031517077375204,0.9999302205901593,5031.517077375203,96297,114647
ctu13_v2_f1,Lapicque,latency,42,0.001,0.2689414213699951,0.001134116552285681,0.4686542675265065,0.9930133365897058,4686.542675265066,96297,114647
ctu13_v2_f1,Lapicque,latency,43,0.01,0.0009110511944006028,0.02085029661509829,0.49523868864035225,0.9996859926557171,4952.386886403522,96297,114647
ctu13_v2_f1,Lapicque,latency,43,0.001,0.2689414213699951,0.0010468768174944749,0.4671277402203599,0.8119270456270116,4671.277402203599,96297,114647
ctu13_v2_f1,Lapicque,latency,44,0.01,0.0009110511944006028,0.01898918227288589,0.4961006054186527,0.9999127757376992,4961.006054186527,96297,114647
ctu13_v2_f1,Lapicque,latency,44,0.001,0.2689414213699951,0.0011631964638827497,0.4651027550183287,0.9954730607865884,4651.027550183287,96297,114647
ctu13_v2_f1,Lapicque,latency,45,0.01,0.002472623156634657,0.01203908340118646,0.4875956675701216,0.9998342739016285,4875.956675701216,96297,114647
ctu13_v2_f1,Lapicque,latency,45,0.001,0.11920292202211769,0.0016284750494358496,0.47377384549882134,0.985416103343306,4737.738454988214,96297,114647
ctu13_v2_f1,Lapicque,latency,46,0.01,0.002472623156634657,0.010934046760497848,0.4827460876247443,0.9996336580983366,4827.460876247443,96297,114647
ctu13_v2_f1,Lapicque,latency,46,0.001,0.11920292202211769,0.0013958357566592997,0.468488114894545,0.9979851195408515,4684.88114894545,96297,114647
ctu13_v2_f1,Lapicque,rate,42,0.01,0.5,0.01529603350005816,0.4639085329761052,0.9826336493759104,4639.085329761052,96297,114647
ctu13_v2_f1,Lapicque,rate,42,0.001,0.9820137900379085,0.001366755845062231,0.36330311432339535,0.85309689743299,3633.0311432339536,96297,114647
ctu13_v2_f1,Lapicque,rate,43,0.01,0.8807970779778824,0.012213562870768873,0.45698204513120866,0.9360995054384328,4569.820451312086,96297,114647
ctu13_v2_f1,Lapicque,rate,43,0.001,0.9933071490757152,0.0018901942538094684,0.3891917712909021,0.657566268633283,3891.917712909021,96297,114647
ctu13_v2_f1,Lapicque,rate,44,0.01,0.5,0.014481795975340234,0.4638566102786172,0.994121084720926,4638.5661027861715,96297,114647
ctu13_v2_f1,Lapicque,rate,44,0.001,0.9820137900379085,0.0015703152262417123,0.37045806203723897,0.9402688251764111,3704.5806203723896,96297,114647
ctu13_v2_f1,Lapicque,rate,45,0.01,0.5,0.015935791555193674,0.46436545271399937,0.9909025094420264,4643.654527139994,96297,114647
ctu13_v2_f1,Lapicque,rate,45,0.001,0.9933071490757152,0.0010759567290915435,0.3187534398787086,0.8232138651687353,3187.5343987870856,96297,114647
ctu13_v2_f1,Lapicque,rate,46,0.01,0.7310585786300049,0.010148889147376992,0.4511147803150669,0.949296536324544,4511.1478031506695,96297,114647
ctu13_v2_f1,Lapicque,rate,46,0.001,0.9820137900379085,0.001599395137838781,0.3645388745236092,0.7471543084424364,3645.3887452360923,96297,114647
ctu13_v2_f1,Leaky,delta,42,0.01,0.7310585786300049,0.19579504478306387,0.16124074477917277,0.9308834945528448,1612.4074477917277,96297,114647
ctu13_v2_f1,Leaky,delta,42,0.001,0.9820137900379085,0.003664068861230662,0.00960569903527628,0.8868177972384799,96.05699035276281,96297,114647
ctu13_v2_f1,Leaky,delta,43,0.01,0.8807970779778824,0.19553332557869024,0.1601919062899156,0.9298019137003148,1601.919062899156,96297,114647
ctu13_v2_f1,Leaky,delta,43,0.001,0.9933071490757152,0.001715714784227056,0.0076118674517378524,0.6873271869303166,76.11867451737852,96297,114647
ctu13_v2_f1,Leaky,delta,44,0.01,0.8807970779778824,0.19553332557869024,0.16024382898740355,0.9298019137003148,1602.4382898740355,96297,114647
ctu13_v2_f1,Leaky,delta,44,0.001,0.9525741268224333,0.002733511690124462,0.004579581918439827,0.8814796723856708,45.79581918439827,96297,114647
ctu13_v2_f1,Leaky,delta,45,0.01,0.7310585786300049,0.19564964522507852,0.16030613622438913,0.9069753242561951,1603.0613622438914,96297,114647
ctu13_v2_f1,Leaky,delta,45,0.001,0.9525741268224333,0.003576829126439456,0.009439546403314744,0.8518059783509381,94.39546403314745,96297,114647
ctu13_v2_f1,Leaky,delta,46,0.01,0.8807970779778824,0.1957368849598697,0.16046190431685306,0.9300199743560669,1604.6190431685307,96297,114647
ctu13_v2_f1,Leaky,delta,46,0.001,0.9820137900379085,0.002471792485750843,0.0042784302730095435,0.846467853498129,42.78430273009543,96297,114647
ctu13_v2_f1,Leaky,latency,42,0.01,0.00033535013046637197,0.013754798185413517,0.4894856537586841,0.9997557720655578,4894.856537586841,96297,114647
ctu13_v2_f1,Leaky,latency,42,0.001,0.006692850924284732,0.0012795161102710248,0.47504075931752804,0.9919317557371758,4750.40759317528,96297,114647
ctu13_v2_f1,Leaky,latency,43,0.01,2.260324297953531e-06,0.013812958008607653,0.49008795704954466,0.9998342739016285,4900.879570495446,96297,114647
ctu13_v2_f1,Leaky,latency,43,0.001,0.00033535013046637197,0.001599395137838781,0.47326500306343916,0.6311024274512198,4732.650030634391,96297,114647
ctu13_v2_f1,Leaky,latency,44,0.01,0.0001233945759863131,0.014656275444922647,0.5139723978940154,0.9999040533114691,5139.723978940154,96297,114647
ctu13_v2_f1,Leaky,latency,44,0.001,0.006692850924284732,0.0015121554030475748,0.479412650446016,0.9969297059670118,4794.12650446016,96297,114647
ctu13_v2_f1,Leaky,latency,45,0.01,0.0001233945759863131,0.011835524020006979,0.49929904358391225,0.9997557720655578,4992.990435839122,96297,114647
ctu13_v2_f1,Leaky,latency,45,0.001,0.006692850924284732,0.0010759567290915435,0.483088777428165,0.9978978952785507,4830.887774281649,96297,114647
ctu13_v2_f1,Leaky,latency,46,0.01,0.0001233945759863131,0.022304292194951728,0.5047820804386429,0.9999389430163894,5047.820804386429,96297,114647
ctu13_v2_f1,Leaky,latency,46,0.001,0.047425873177566635,0.0010759567290915435,0.4682181168676075,0.9864104599335352,4682.181168676075,96297,114647
ctu13_v2_f1,Leaky,rate,42,0.01,0.7310585786300049,0.010090729324182854,0.4576258865800596,0.9841600739661744,4576.258865800596,96297,114647
ctu13_v2_f1,Leaky,rate,42,0.001,0.9933071490757152,0.0010759567290915435,0.3636561886663136,0.9115197083220669,3636.561886663136,96297,114647
ctu13_v2_f1,Leaky,rate,43,0.01,0.7310585786300049,0.011573804815633361,0.46180047145809316,0.9797203590150636,4618.004714580931,96297,114647
ctu13_v2_f1,Leaky,rate,43,0.001,0.9820137900379085,0.0017738746074211934,0.4103450782475051,0.925789597634478,4103.450782475051,96297,114647
ctu13_v2_f1,Leaky,rate,44,0.01,0.2689414213699951,0.01160288472723043,0.46280777178936,0.9962493567210655,4628.0777178936,96297,114647
ctu13_v2_f1,Leaky,rate,44,0.001,0.9525741268224333,0.0014249156682563685,0.387395245957818,0.9784643296379321,3873.95245957818,96297,114647
ctu13_v2_f1,Leaky,rate,45,0.01,0.5,0.010497848086541818,0.45102131945958857,0.9919840902945564,4510.213194595885,96297,114647
ctu13_v2_f1,Leaky,rate,45,0.001,0.9820137900379085,0.001250436198673956,0.3438321027654029,0.9419609758650466,3438.321027654029,96297,114647
ctu13_v2_f1,Leaky,rate,46,0.01,0.5,0.012329882517157147,0.45823857441041776,0.9869686952122603,4582.385744104177,96297,114647
ctu13_v2_f1,Leaky,rate,46,0.001,0.9820137900379085,0.0011050366406886124,0.3597308327362223,0.920128743011156,3597.3083273622233,96297,114647
ctu13_v2_f1,LeakyParallel,delta,42,0.01,0.7310585786300049,0.1948354077003606,0.15972460201252375,0.9071236055021065,1597.2460201252375,96297,114647
ctu13_v2_f1,LeakyParallel,delta,42,0.001,0.9525741268224333,0.0020937536349889497,0.004288814812507139,0.8813052238610692,42.88814812507139,96297,114647
ctu13_v2_f1,LeakyParallel,delta,43,0.01,0.7310585786300049,0.1950971269047342,0.16096036221273768,0.9308224375692342,1609.6036221273769,96297,114647
ctu13_v2_f1,LeakyParallel,delta,43,0.001,0.9933071490757152,0.001715714784227056,0.008411476993052744,0.8293282859560215,84.11476993052743,96297,114647
ctu13_v2_f1,LeakyParallel,delta,44,0.01,0.7310585786300049,0.19431196929161335,0.1593092204326199,0.9071236055021065,1593.0922043261992,96297,114647
ctu13_v2_f1,LeakyParallel,delta,44,0.001,0.9525741268224333,0.0020937536349889497,0.0043303529704975235,0.8813139462872993,43.30352970497523,96297,114647
ctu13_v2_f1,LeakyParallel,delta,45,0.01,0.8807970779778824,0.19451552867279284,0.16018152175041797,0.9307439357331635,1601.8152175041796,96297,114647
ctu13_v2_f1,LeakyParallel,delta,45,0.001,0.9820137900379085,0.0020937536349889497,0.0043303529704975235,0.8462934049735275,43.30352970497523,96297,114647
ctu13_v2_f1,LeakyParallel,delta,46,0.01,0.7310585786300049,0.19498080725834593,0.16009844543443721,0.930909661831535,1600.9844543443721,96297,114647
ctu13_v2_f1,LeakyParallel,delta,46,0.001,0.9525741268224333,0.003780388507618937,0.009782236206735411,0.9094961054366882,97.82236206735412,96297,114647
ctu13_v2_f1,LeakyParallel,latency,42,0.01,2.260324297953531e-06,0.012824241014307316,0.4834522363105808,0.9999738327213098,4834.522363105808,96297,114647
ctu13_v2_f1,LeakyParallel,latency,42,0.001,0.006692850924284732,0.0010468768174944749,0.4657569810066773,0.999450487147505,4657.569810066773,96297,114647
ctu13_v2_f1,LeakyParallel,latency,43,0.01,1.6701421847953313e-05,0.010090729324182854,0.4848229955242635,0.9999302205901593,4848.229955242635,96297,114647
ctu13_v2_f1,LeakyParallel,latency,43,0.001,0.006692850924284732,0.0013085960218680935,0.46130201356220857,0.9991888143606026,4613.020135622086,96297,114647
ctu13_v2_f1,LeakyParallel,latency,44,0.01,0.00033535013046637197,0.021955333255786903,0.47731497346750157,0.9997383272130976,4773.149734675016,96297,114647
ctu13_v2_f1,LeakyParallel,latency,44,0.001,0.002472623156634657,0.002035593811794812,0.4728184678650425,0.9995289889835757,4728.184678650425,96297,114647
ctu13_v2_f1,LeakyParallel,latency,45,0.01,0.0009110511944006028,0.012620681633127835,0.47793804583735733,0.9997470496393277,4779.380458373574,96297,114647
ctu13_v2_f1,LeakyParallel,latency,45,0.001,0.047425873177566635,0.0010468768174944749,0.4708142517420065,0.9995028217048855,4708.142517420065,96297,114647
ctu13_v2_f1,LeakyParallel,latency,46,0.01,0.0009110511944006028,0.011166686053274397,0.47582998431934537,0.9998168290491684,4758.299843193454,96297,114647
ctu13_v2_f1,LeakyParallel,latency,46,0.001,0.006692850924284732,0.002210073281377225,0.4717800139152829,0.999668547803257,4717.800139152829,96297,114647
ctu13_v2_f1,LeakyParallel,rate,42,0.01,0.7310585786300049,0.010992206583691986,0.4563485882218553,0.9932401196716879,4563.485882218553,96297,114647
ctu13_v2_f1,LeakyParallel,rate,42,0.001,0.9933071490757152,0.0012213562870768873,0.32241918232135997,0.9805838792118415,3224.1918232135995,96297,114647
ctu13_v2_f1,LeakyParallel,rate,43,0.01,0.5,0.01436547632895196,0.4585501105953457,0.9947665442619519,4585.501105953456,96297,114647
ctu13_v2_f1,LeakyParallel,rate,43,0.001,0.9820137900379085,0.0013376759334651623,0.3712057488810659,0.9842385758022452,3712.057488810659,96297,114647
ctu13_v2_f1,LeakyParallel,rate,44,0.01,0.2689414213699951,0.01622659067116436,0.46557005929572054,0.9966854780325696,4655.700592957205,96297,114647
ctu13_v2_f1,LeakyParallel,rate,44,0.001,0.9525741268224333,0.0018901942538094684,0.372462278160275,0.9886957356058161,3724.62278160275,96297,114647
ctu13_v2_f1,LeakyParallel,rate,45,0.01,0.5,0.011951843666395253,0.4536797615709731,0.9944961490488194,4536.797615709731,96297,114647
ctu13_v2_f1,LeakyParallel,rate,45,0.001,0.9820137900379085,0.0017738746074211934,0.34673977382472976,0.9845176934416077,3467.3977382472976,96297,114647
ctu13_v2_f1,LeakyParallel,rate,46,0.01,0.5,0.014394556240549028,0.45727281223714134,0.9939466361963244,4572.7281223714135,96297,114647
ctu13_v2_f1,LeakyParallel,rate,46,0.001,0.9820137900379085,0.001017796905897406,0.35605470575407333,0.9836105611136794,3560.5470575407335,96297,114647
ctu13_v2_f1,RLeaky,delta,42,0.01,0.8807970779778824,0.19498080725834593,0.15995306188147088,0.9299763622249165,1599.5306188147088,96297,114647
ctu13_v2_f1,RLeaky,delta,42,0.001,0.9820137900379085,0.0020937536349889497,0.004319968430999927,0.8251938559229636,43.19968430999927,96297,114647
ctu13_v2_f1,RLeaky,delta,43,0.01,0.7310585786300049,0.19579504478306387,0.16047228885635068,0.930787547864314,1604.7228885635068,96297,114647
ctu13_v2_f1,RLeaky,delta,43,0.001,0.9525741268224333,0.0037222286844247996,0.00950185364030032,0.8663113731715614,95.01853640300321,96297,114647
ctu13_v2_f1,RLeaky,delta,44,0.01,0.7310585786300049,0.19579504478306387,0.16036844346137472,0.9300199743560669,1603.684434613747,96297,114647
ctu13_v2_f1,RLeaky,delta,44,0.001,0.9525741268224333,0.0022391531929742935,0.004236892115019159,0.846467853498129,42.36892115019159,96297,114647
ctu13_v2_f1,RLeaky,delta,45,0.01,0.8807970779778824,0.19489356752355472,0.15993229280247567,0.9299763622249165,1599.3229280247567,96297,114647
ctu13_v2_f1,RLeaky,delta,45,0.001,0.9820137900379085,0.0020937536349889497,0.004226507575521564,0.8814709499594408,42.26507575521563,96297,114647
ctu13_v2_f1,RLeaky,delta,46,0.01,0.7310585786300049,0.19562056531348146,0.1603269053033843,0.9300897537659075,1603.2690530338432,96297,114647
ctu13_v2_f1,RLeaky,delta,46,0.001,0.9820137900379085,0.0020937536349889497,0.0043303529704975235,0.8462934049735275,43.30352970497523,96297,114647
ctu13_v2_f1,RLeaky,latency,42,0.01,6.144174602207286e-06,0.02271141095731069,0.5420314236165197,0.9913909653109109,5420.314236165197,96297,114647
ctu13_v2_f1,RLeaky,latency,42,0.001,0.006692850924284732,0.001017796905897406,0.2569342762495197,0.9792667928510994,2569.342762495197,96297,114647
ctu13_v2_f1,RLeaky,latency,43,0.01,2.06115369216775e-09,0.017244387577061766,0.3271026096347757,0.9828953221628128,3271.026096347757,96297,114647
ctu13_v2_f1,RLeaky,latency,43,0.001,0.01798620996209155,0.0011922763754798186,0.07820596695639531,0.9668809476043856,782.0596695639531,96297,114647
ctu13_v2_f1,RLeaky,latency,44,0.01,5.602796449011294e-09,0.04827265325113412,0.5089878189351693,0.9992062592130627,5089.878189351693,96297,114647
ctu13_v2_f1,RLeaky,latency,44,0.001,0.8807970779778824,0.0010468768174944749,0.4490794105735381,0.9927865535077237,4490.794105735381,96297,114647
ctu13_v2_f1,RLeaky,latency,45,0.01,1.1253516207787584e-07,0.010497848086541818,0.22274837222343374,0.9838286217694314,2227.4837222343376,96297,114647
ctu13_v2_f1,RLeaky,latency,45,0.001,0.01798620996209155,0.0011631964638827497,0.05473690769182841,0.9640723263582999,547.3690769182841,96297,114647
ctu13_v2_f1,RLeaky,latency,46,0.01,1.1253516207787584e-07,0.015674072350820054,0.44025255200058155,0.986401737507305,4402.525520005815,96297,114647
ctu13_v2_f1,RLeaky,latency,46,0.001,0.01798620996209155,0.0016866348726299872,0.07185062878386658,0.8727223564506703,718.5062878386658,96297,114647
ctu13_v2_f1,RLeaky,rate,42,0.01,0.5,0.010701407467721299,0.452963228345639,0.9938855792127138,4529.63228345639,96297,114647
ctu13_v2_f1,RLeaky,rate,42,0.001,0.9820137900379085,0.0011050366406886124,0.34353095111997256,0.9800169215068864,3435.3095111997254,96297,114647
ctu13_v2_f1,RLeaky,rate,43,0.01,0.7310585786300049,0.010323368616959405,0.4610735536932615,0.9887567925894267,4610.735536932615,96297,114647
ctu13_v2_f1,RLeaky,rate,43,0.001,0.9820137900379085,0.0013958357566592997,0.4148311993104666,0.9716433923260094,4148.311993104666,96297,114647
ctu13_v2_f1,RLeaky,rate,44,0.01,0.5,0.010090729324182854,0.45541397966707164,0.9933011766552985,4554.139796670716,96297,114647
ctu13_v2_f1,RLeaky,rate,44,0.001,0.9820137900379085,0.0012213562870768873,0.35828738174605645,0.9815607909496106,3582.8738174605646,96297,114647
ctu13_v2_f1,RLeaky,rate,45,0.01,0.8807970779778824,0.015179713853669886,0.4607100948108456,0.990422775999372,4607.100948108457,96297,114647
ctu13_v2_f1,RLeaky,rate,45,0.001,0.9990889488055994,0.0015703152262417123,0.3423990363147346,0.9521749369804705,3423.990363147346,96297,114647
ctu13_v2_f1,RLeaky,rate,46,0.01,0.5,0.013754798185413517,0.4620912385640259,0.9930656711470863,4620.912385640259,96297,114647
ctu13_v2_f1,RLeaky,rate,46,0.001,0.9525741268224333,0.0023554728393625685,0.4003136130928274,0.9790574546215776,4003.1361309282743,96297,114647
ctu13_v2_f1,RSynaptic,delta,42,0.01,0.7310585786300049,0.19527160637431662,0.1601192145134324,0.908048182682495,1601.192145134324,96297,114647
ctu13_v2_f1,RSynaptic,delta,42,0.001,0.9525741268224333,0.003576829126439456,0.009584929956281088,0.8516925868099471,95.84929956281088,96297,114647
ctu13_v2_f1,RSynaptic,delta,43,0.01,0.7310585786300049,0.1944573688495987,0.15953768030156704,0.9299763622249165,1595.3768030156705,96297,114647
ctu13_v2_f1,RSynaptic,delta,43,0.001,0.9820137900379085,0.003634988949633593,0.00944993094281234,0.8519891493017698,94.49930942812341,96297,114647
ctu13_v2_f1,RSynaptic,delta,44,0.01,0.7310585786300049,0.19562056531348146,0.1603788280008723,0.9299938070773767,1603.788280008723,96297,114647
ctu13_v2_f1,RSynaptic,delta,44,0.001,0.9525741268224333,0.003634988949633593,0.009595314495778684,0.7097089326367022,95.95314495778685,96297,114647
ctu13_v2_f1,RSynaptic,delta,45,0.01,0.7310585786300049,0.1945446085843899,0.1598076783285045,0.9014627508787845,1598.0767832850452,96297,114647
ctu13_v2_f1,RSynaptic,delta,45,0.001,0.9525741268224333,0.003634988949633593,0.009584929956281088,0.8812703341561489,95.84929956281088,96297,114647
ctu13_v2_f1,RSynaptic,delta,46,0.01,0.8807970779778824,0.19474816796556937,0.16020229082941317,0.9300548640609873,1602.0229082941316,96297,114647
ctu13_v2_f1,RSynaptic,delta,46,0.001,0.9820137900379085,0.003896708154007212,0.00950185364030032,0.8868090748122498,95.01853640300321,96297,114647
ctu13_v2_f1,RSynaptic,latency,42,0.01,2.06115369216775e-09,0.15700244271257416,0.5274515301618949,0.9994766544261952,5274.51530161895,96297,114647
ctu13_v2_f1,RSynaptic,latency,42,0.001,0.006692850924284732,0.0011631964638827497,0.0036865115216465727,0.7990614669376433,36.865115216465725,96297,114647
ctu13_v2_f1,RSynaptic,latency,43,0.01,1.5229979499764568e-08,0.027742235663603582,0.13129173286810597,0.9933447887864488,1312.9173286810596,96297,114647
ctu13_v2_f1,RSynaptic,latency,43,0.001,0.047425873177566635,0.0010759567290915435,0.004693811852913382,0.9833139986218566,46.938118529133824,96297,114647
ctu13_v2_f1,RSynaptic,latency,44,0.01,8.315280277670922e-07,0.013347679423054554,0.30388277931815116,0.9969907629506224,3038.8277931815114,96297,114647
ctu13_v2_f1,RSynaptic,latency,44,0.001,0.047425873177566635,0.001017796905897406,0.009086472060396481,0.9876490444582064,90.86472060396481,96297,114647
ctu13_v2_f1,RSynaptic,latency,45,0.01,1.5229979499764568e-08,0.08921716877980691,0.4989667383199892,0.9994417647212749,4989.667383199892,96297,114647
ctu13_v2_f1,RSynaptic,latency,45,0.001,0.01798620996209155,0.0014249156682563685,0.07711559030914775,0.9858783919335002,771.1559030914775,96297,114647
ctu13_v2_f1,RSynaptic,latency,46,0.01,6.144174602207286e-06,0.01596487146679074,0.522155415018121,0.9955166729177388,5221.55415018121,96297,114647
ctu13_v2_f1,RSynaptic,latency,46,0.001,0.047425873177566635,0.0010468768174944749,0.4444686750366055,0.837431419923766,4444.686750366055,96297,114647
ctu13_v2_f1,RSynaptic,rate,42,0.01,0.5,0.010148889147376992,0.45699242967070625,0.9941123622946959,4569.924296707062,96297,114647
ctu13_v2_f1,RSynaptic,rate,42,0.001,0.9525741268224333,0.0018029545190182622,0.3891502331329117,0.9853637687859255,3891.5023313291167,96297,114647
ctu13_v2_f1,RSynaptic,rate,43,0.01,0.5,0.010032569500988717,0.4604816349418985,0.9944961490488194,4604.816349418985,96297,114647
ctu13_v2_f1,RSynaptic,rate,43,0.001,0.9525741268224333,0.0012213562870768873,0.3969386377561087,0.9867768018351984,3969.386377561087,96297,114647
ctu13_v2_f1,RSynaptic,rate,44,0.01,0.2689414213699951,0.014743515179713854,0.4623300829724706,0.9968948162620914,4623.300829724706,96297,114647
ctu13_v2_f1,RSynaptic,rate,44,0.001,0.9525741268224333,0.0014539955798534372,0.3618077406357415,0.9879979415074097,3618.077406357415,96297,114647
ctu13_v2_f1,RSynaptic,rate,45,0.01,0.2689414213699951,0.01599395137838781,0.45950548822912446,0.994783989114412,4595.054882291244,96297,114647
ctu13_v2_f1,RSynaptic,rate,45,0.001,0.9525741268224333,0.002035593811794812,0.3496578294235542,0.9831831622284054,3496.578294235542,96297,114647
ctu13_v2_f1,RSynaptic,rate,46,0.01,0.2689414213699951,0.016284750494358496,0.46316084613227826,0.9967639798686403,4631.608461322782,96297,114647
ctu13_v2_f1,RSynaptic,rate,46,0.001,0.9525741268224333,0.0013958357566592997,0.36888999657310195,0.9883904506877633,3688.8999657310196,96297,114647
ctu13_v2_f1,SConv2dLSTM,delta,42,0.01,0.7310585786300049,0.19684192160055833,0.1684164615720116,0.9946008181635804,1684.164615720116,96297,114647
ctu13_v2_f1,SConv2dLSTM,delta,42,0.001,0.9820137900379085,0.002384552750959637,0.005296115143773949,0.8814709499594408,52.96115143773949,96297,114647
ctu13_v2_f1,SConv2dLSTM,delta,43,0.01,0.9525741268224333,0.19439920902640456,0.16026459806639876,0.9297931912740848,1602.6459806639875,96297,114647
ctu13_v2_f1,SConv2dLSTM,delta,43,0.001,0.9820137900379085,0.0022391531929742935,0.004641889155425402,0.9043324291084808,46.418891554254024,96297,114647
ctu13_v2_f1,SConv2dLSTM,delta,44,0.01,0.8807970779778824,0.19442828893800163,0.1593715276696055,0.9076992856332917,1593.7152766960548,96297,114647
ctu13_v2_f1,SConv2dLSTM,delta,44,0.001,0.9820137900379085,0.003576829126439456,0.009481084561305128,0.8518059783509381,94.81084561305128,96297,114647
ctu13_v2_f1,SConv2dLSTM,delta,45,0.01,0.7310585786300049,0.1950971269047342,0.16075267142278576,0.9307439357331635,1607.5267142278576,96297,114647
ctu13_v2_f1,SConv2dLSTM,delta,45,0.001,0.9525741268224333,0.0036059090380365245,0.009595314495778684,0.8518059783509381,95.95314495778685,96297,114647
ctu13_v2_f1,SConv2dLSTM,delta,46,0.01,0.8807970779778824,0.19442828893800163,0.15944421944608866,0.9297931912740848,1594.4421944608866,96297,114647
ctu13_v2_f1,SConv2dLSTM,delta,46,0.001,0.9820137900379085,0.002268233104571362,0.004454967444468675,0.9043324291084808,44.54967444468675,96297,114647
ctu13_v2_f1,SConv2dLSTM,latency,42,0.01,1.1253516207787584e-07,0.015935791555193674,0.5148135455933207,0.6866468376843703,5148.135455933207,96297,114647
ctu13_v2_f1,SConv2dLSTM,latency,42,0.001,0.006692850924284732,0.001134116552285681,0.4517066990664299,0.22841417568710912,4517.066990664299,96297,114647
ctu13_v2_f1,SConv2dLSTM,latency,43,0.01,1.6701421847953313e-05,0.012562521809933698,0.5286665212831138,0.777796191788708,5286.665212831138,96297,114647
ctu13_v2_f1,SConv2dLSTM,latency,43,0.001,0.047425873177566635,0.0011631964638827497,0.4684258076575594,0.0786065051854824,4684.258076575594,96297,114647
ctu13_v2_f1,SConv2dLSTM,latency,44,0.01,0.0001233945759863131,0.010468768174944748,0.48667144355483555,0.9992324264917529,4866.714435548355,96297,114647
ctu13_v2_f1,SConv2dLSTM,latency,44,0.001,0.002472623156634657,0.003082470629289287,0.4703365629251171,0.9986218566556473,4703.365629251171,96297,114647
ctu13_v2_f1,SConv2dLSTM,latency,45,0.01,0.0001233945759863131,0.012591601721530767,0.472060396481718,0.9995377114098057,4720.60396481718,96297,114647
ctu13_v2_f1,SConv2dLSTM,latency,45,0.001,0.01798620996209155,0.0014539955798534372,0.41222467989656997,0.9986829136392579,4122.2467989657,96297,114647
ctu13_v2_f1,SConv2dLSTM,latency,46,0.01,0.01798620996209155,0.012853320925904386,0.46595428725713156,0.993362233638909,4659.5428725713155,96297,114647
ctu13_v2_f1,SConv2dLSTM,latency,46,0.001,0.9990889488055994,0.0010468768174944749,0.12695099535811086,0.7074062121119611,1269.5099535811087,96297,114647
ctu13_v2_f1,SConv2dLSTM,rate,42,0.01,0.5,0.011922763754798185,0.46551813659823255,0.979005120064197,4655.181365982326,96297,114647
ctu13_v2_f1,SConv2dLSTM,rate,42,0.001,0.9820137900379085,0.0018611143422123998,0.4001266913818707,0.8641482114665016,4001.2669138187066,96297,114647
ctu13_v2_f1,SConv2dLSTM,rate,43,0.01,0.8807970779778824,0.010526927998138886,0.45933933559716295,0.9873263146876935,4593.39335597163,96297,114647
ctu13_v2_f1,SConv2dLSTM,rate,43,0.001,0.9975273768433652,0.0011922763754798186,0.38124759857524115,0.9240015002573115,3812.4759857524114,96297,114647
ctu13_v2_f1,SConv2dLSTM,rate,44,0.01,0.7310585786300049,0.011253925788065604,0.4528074602531751,0.9943478678029081,4528.074602531751,96297,114647
ctu13_v2_f1,SConv2dLSTM,rate,44,0.001,0.9933071490757152,0.001483075491450506,0.3522955024559436,0.9830174361300339,3522.955024559436,96297,114647
ctu13_v2_f1,SConv2dLSTM,rate,45,0.01,0.7310585786300049,0.010614167732930092,0.44383521812725213,0.9817875740315927,4438.352181272521,96297,114647
ctu13_v2_f1,SConv2dLSTM,rate,45,0.001,0.9933071490757152,0.001366755845062231,0.3194699731040427,0.9549748358003263,3194.6997310404267,96297,114647
ctu13_v2_f1,SConv2dLSTM,rate,46,0.01,0.5,0.013260439688263348,0.46327507606675183,0.9459994592095737,4632.750760667518,96297,114647
ctu13_v2_f1,SConv2dLSTM,rate,46,0.001,0.9820137900379085,0.0020937536349889497,0.40407281639095716,0.8159219168403883,4040.728163909572,96297,114647
ctu13_v2_f1,SLSTM,delta,42,0.01,0.7310585786300049,0.1948354077003606,0.15947537306458145,0.9299763622249165,1594.7537306458146,96297,114647
ctu13_v2_f1,SLSTM,delta,42,0.001,0.8807970779778824,0.003896708154007212,0.009719928969749837,0.9098537249121216,97.19928969749837,96297,114647
ctu13_v2_f1,SLSTM,delta,43,0.01,0.7310585786300049,0.19498080725834593,0.15994267734197326,0.9299850846511466,1599.4267734197326,96297,114647
ctu13_v2_f1,SLSTM,delta,43,0.001,0.9525741268224333,0.003634988949633593,0.009481084561305128,0.8868265196647099,94.81084561305128,96297,114647
ctu13_v2_f1,SLSTM,delta,44,0.01,0.8807970779778824,0.1949226474351518,0.15984921648649492,0.9297844688478547,1598.4921648649492,96297,114647
ctu13_v2_f1,SLSTM,delta,44,0.001,0.9820137900379085,0.0020937536349889497,0.00418496941753118,0.8462934049735275,41.8496941753118,96297,114647
ctu13_v2_f1,SLSTM,delta,45,0.01,0.7310585786300049,0.195009887169943,0.16002575365795405,0.9308311599954643,1600.2575365795406,96297,114647
ctu13_v2_f1,SLSTM,delta,45,0.001,0.9990889488055994,0.001715714784227056,0.007653405609728237,0.6871527384057149,76.53405609728237,96297,114647
ctu13_v2_f1,SLSTM,delta,46,0.01,0.7310585786300049,0.1963184831918111,0.16679647341038661,0.9946182630160405,1667.9647341038662,96297,114647
ctu13_v2_f1,SLSTM,delta,46,0.001,0.9525741268224333,0.004245667093172037,0.010706460222021454,0.8518234232033982,107.06460222021454,96297,114647
ctu13_v2_f1,SLSTM,latency,42,0.01,0.01798620996209155,0.044375945097126904,0.5111166495321765,0.6695944944045635,5111.166495321765,96297,114647
ctu13_v2_f1,SLSTM,latency,42,0.001,0.5,0.0012213562870768873,0.47507191293602086,0.0880092806615088,4750.719129360208,96297,114647
ctu13_v2_f1,SLSTM,latency,43,0.01,0.2689414213699951,0.011021286495289054,0.479744955709939,0.12671940827060454,4797.44955709939,96297,114647
ctu13_v2_f1,SLSTM,latency,43,0.001,0.7310585786300049,0.0016284750494358496,0.4710427116109536,0.08627351784172285,4710.427116109537,96297,114647
ctu13_v2_f1,SLSTM,latency,44,0.01,0.01798620996209155,0.013580318715831104,0.5158416150035827,0.9449789353406544,5158.416150035827,96297,114647
ctu13_v2_f1,SLSTM,latency,44,0.001,0.2689414213699951,0.001366755845062231,0.4814999428850328,0.7640496480501017,4814.999428850328,96297,114647
ctu13_v2_f1,SLSTM,latency,45,0.01,0.01798620996209155,0.017215307665464696,0.5060697633363449,0.946252409570246,5060.697633363449,96297,114647
ctu13_v2_f1,SLSTM,latency,45,0.001,0.2689414213699951,0.002297313016168431,0.4762972885967372,0.5394035604943871,4762.972885967372,96297,114647
ctu13_v2_f1,SLSTM,latency,46,0.01,0.047425873177566635,0.013115040130278003,0.5337445610974382,0.20502935096426422,5337.445610974381,96297,114647
ctu13_v2_f1,SLSTM,latency,46,0.001,0.2689414213699951,0.0015703152262417123,0.479360727748528,0.10343053023629052,4793.60727748528,96297,114647
ctu13_v2_f1,SLSTM,rate,42,0.01,0.5,0.017913225543794348,0.47693074550609055,0.9934407354749797,4769.307455060905,96297,114647
ctu13_v2_f1,SLSTM,rate,42,0.001,0.9820137900379085,0.0012795161102710248,0.36740500742494575,0.9311015552085968,3674.0500742494573,96297,114647
ctu13_v2_f1,SLSTM,rate,43,0.01,0.7310585786300049,0.015615912527625916,0.46940195437033344,0.9925423255732815,4694.019543703334,96297,114647
ctu13_v2_f1,SLSTM,rate,43,0.001,0.9820137900379085,0.0022391531929742935,0.4049555022482528,0.9396059207829249,4049.555022482528,96297,114647
ctu13_v2_f1,SLSTM,rate,44,0.01,0.5,0.018116784924973827,0.47267308431207616,0.9951677758685356,4726.730843120762,96297,114647
ctu13_v2_f1,SLSTM,rate,44,0.001,0.9820137900379085,0.001715714784227056,0.34078943269260725,0.9847095868186695,3407.8943269260726,96297,114647
ctu13_v2_f1,SLSTM,rate,45,0.01,0.8807970779778824,0.011428405257648017,0.46081394020582156,0.9912426840649995,4608.139402058216,96297,114647
ctu13_v2_f1,SLSTM,rate,45,0.001,0.9975273768433652,0.0012213562870768873,0.3225853349533215,0.9670117839978368,3225.853349533215,96297,114647
ctu13_v2_f1,SLSTM,rate,46,0.01,0.7310585786300049,0.01250436198673956,0.46703427936488157,0.9931528954093871,4670.342793648816,96297,114647
ctu13_v2_f1,SLSTM,rate,46,0.001,0.9933071490757152,0.0011631964638827497,0.3571450824013209,0.9418039721929051,3571.450824013209,96297,114647
ctu13_v2_f1,Synaptic,delta,42,0.01,0.8807970779778824,0.19474816796556937,0.15995306188147088,0.9299850846511466,1599.5306188147088,96297,114647
ctu13_v2_f1,Synaptic,delta,42,0.001,0.9820137900379085,0.0017447946958241247,0.007767635544201792,0.8857798285171004,77.67635544201792,96297,114647
ctu13_v2_f1,Synaptic,delta,43,0.01,0.7310585786300049,0.195009887169943,0.16006729181594442,0.9300984761921376,1600.6729181594442,96297,114647
ctu13_v2_f1,Synaptic,delta,43,0.001,0.9525741268224333,0.0021228335465860184,0.004434198365473483,0.8814535051069805,44.34198365473483,96297,114647
ctu13_v2_f1,Synaptic,delta,44,0.01,0.8807970779778824,0.19457368849598697,0.1596726793150358,0.9305694872085619,1596.726793150358,96297,114647
ctu13_v2_f1,Synaptic,delta,44,0.001,0.9525741268224333,0.003664068861230662,0.009512238179797917,0.8868177972384799,95.12238179797917,96297,114647
ctu13_v2_f1,Synaptic,delta,45,0.01,0.7310585786300049,0.19477724787716647,0.15997383096046605,0.9300897537659075,1599.7383096046606,96297,114647
ctu13_v2_f1,Synaptic,delta,45,0.001,0.9525741268224333,0.0021228335465860184,0.00418496941753118,0.8813052238610692,41.8496941753118,96297,114647
ctu13_v2_f1,Synaptic,delta,46,0.01,0.8807970779778824,0.195009887169943,0.15976614017051413,0.9071323279283365,1597.6614017051413,96297,114647
ctu13_v2_f1,Synaptic,delta,46,0.001,0.9525741268224333,0.003664068861230662,0.009491469100802724,0.8868090748122498,94.91469100802725,96297,114647
ctu13_v2_f1,Synaptic,latency,42,0.01,1.6701421847953313e-05,0.012417122251948354,0.4714477086513599,0.9827208736382113,4714.477086513599,96297,114647
ctu13_v2_f1,Synaptic,latency,42,0.001,0.0009110511944006028,0.001366755845062231,0.4702846402276291,0.9791882910150287,4702.846402276291,96297,114647
ctu13_v2_f1,Synaptic,latency,43,0.01,0.00033535013046637197,0.010992206583691986,0.47560152445039827,0.9800081990806563,4756.015244503983,96297,114647
ctu13_v2_f1,Synaptic,latency,43,0.001,0.047425873177566635,0.0013958357566592997,0.4687269593029897,0.9762052212443413,4687.269593029897,96297,114647
ctu13_v2_f1,Synaptic,latency,44,0.01,1.6701421847953313e-05,0.018901942538094685,0.4781665057063045,0.9998517187540886,4781.6650570630445,96297,114647
ctu13_v2_f1,Synaptic,latency,44,0.001,0.006692850924284732,0.0011631964638827497,0.46968233693676853,0.9914694671469816,4696.823369367686,96297,114647
ctu13_v2_f1,Synaptic,latency,45,0.01,1.6701421847953313e-05,0.016284750494358496,0.4749888366200401,0.9425366559962319,4749.888366200401,96297,114647
ctu13_v2_f1,Synaptic,latency,45,0.001,0.0001233945759863131,0.0016284750494358496,0.47274577608855933,0.8652297923190314,4727.457760885593,96297,114647
ctu13_v2_f1,Synaptic,latency,46,0.01,0.0009110511944006028,0.016604629521926255,0.4757157543848718,0.9992062592130627,4757.157543848718,96297,114647
ctu13_v2_f1,Synaptic,latency,46,0.001,0.01798620996209155,0.001017796905897406,0.4715930922043262,0.9984299632785856,4715.930922043262,96297,114647
ctu13_v2_f1,Synaptic,rate,42,0.01,0.5,0.06682563685006397,0.489205271192249,0.9977496140326393,4892.05271192249,96297,114647
ctu13_v2_f1,Synaptic,rate,42,0.001,0.9933071490757152,0.001250436198673956,0.29253247764727874,0.9556464626200424,2925.3247764727876,96297,114647
ctu13_v2_f1,Synaptic,rate,43,0.01,0.5,0.014190996859369547,0.45485321453420147,0.9917224175076539,4548.532145342015,96297,114647
ctu13_v2_f1,Synaptic,rate,43,0.001,0.9999832985781519,0.0010759567290915435,0.2291348640144553,0.946583861766989,2291.348640144553,96297,114647
ctu13_v2_f1,Synaptic,rate,44,0.01,0.5,0.018640223333721066,0.448362877348204,0.992926112327405,4483.62877348204,96297,114647
ctu13_v2_f1,Synaptic,rate,44,0.001,0.9999546021312976,0.0013376759334651623,0.2399555541709503,0.963121581899221,2399.555541709503,96297,114647
ctu13_v2_f1,Synaptic,rate,45,0.01,0.7310585786300049,0.010992206583691986,0.43423990363147347,0.9842909103596257,4342.399036314735,96297,114647
ctu13_v2_f1,Synaptic,rate,45,0.001,0.9999832985781519,0.001017796905897406,0.14964121416035805,0.9400682093731192,1496.4121416035805,96297,114647
ctu13_v2_f1,Synaptic,rate,46,0.01,0.5,0.040915435617075724,0.4808561014361818,0.9954730607865884,4808.561014361818,96297,114647
ctu13_v2_f1,Synaptic,rate,46,0.001,0.5,0.040915435617075724,0.4808561014361818,0.9954730607865884,4808.561014361818,96297,114647
kddcup99_v2,Alpha,delta,42,0.01,0.27958732107856454,0.01768092105263158,0.010149687257604014,0.9130915683048763,101.49687257604013,60593,250436
kddcup99_v2,Alpha,delta,42,0.001,0.9990898639210445,0.003597861842105263,0.0031686828511544238,0.8770504240604386,31.68682851154424,60593,250436
kddcup99_v2,Alpha,delta,43,0.01,0.12493445522433111,0.01747532894736842,0.012707738517650554,0.9160983245220335,127.07738517650554,60593,250436
kddcup99_v2,Alpha,delta,43,0.001,0.9990898639210445,0.0034950657894736842,0.002541547703530111,0.8777172610966475,25.41547703530111,60593,250436
kddcup99_v2,Alpha,delta,44,0.01,0.14319507855933833,0.010279605263157895,0.009473041440430412,0.9137903496302449,94.73041440430413,60593,250436
kddcup99_v2,Alpha,delta,44,0.001,0.9990898639210445,0.0034950657894736842,0.002838611720825838,0.8544178951907873,28.38611720825838,60593,250436
kddcup99_v2,Alpha,delta,45,0.01,0.12493445522433111,0.021689967105263157,0.011750532239697655,0.9124526825216822,117.50532239697655,60593,250436
kddcup99_v2,Alpha,delta,45,0.001,0.9990898639210445,0.0034950657894736842,0.0026405690426286863,0.8171269306329761,26.405690426286863,60593,250436
kddcup99_v2,Alpha,delta,46,0.01,0.12818377934895553,0.010587993421052632,0.010512765500965459,0.9135867047868518,105.12765500965459,60593,250436
kddcup99_v2,Alpha,delta,46,0.001,0.9990898639210445,0.0034950657894736842,0.0026405690426286863,0.8566979188295613,26.405690426286863,60593,250436
kddcup99_v2,Alpha,latency,42,0.01,0.13461056823265583,0.011513157894736841,0.022180779958080966,0.9172083885703334,221.80779958080967,60593,250436
kddcup99_v2,Alpha,latency,42,0.001,0.7349749862655607,0.0010279605263157894,0.015529846681959962,0.909757383123832,155.2984668195996,60593,250436
kddcup99_v2,Alpha,latency,43,0.01,0.12132014411300995,0.010587993421052632,0.02277490799267242,0.9157429443051318,227.7490799267242,60593,250436
kddcup99_v2,Alpha,latency,43,0.001,0.7145478999523868,0.0010279605263157894,0.015034739986467083,0.908467632449009,150.34739986467085,60593,250436
kddcup99_v2,Alpha,latency,44,0.01,0.11998298978677835,0.010074013157894737,0.023550575148944597,0.9159745404015397,235.50575148944597,60593,250436
kddcup99_v2,Alpha,latency,44,0.001,0.5841149751924865,0.0010279605263157894,0.015991946264419982,0.9093940168346404,159.91946264419983,60593,250436
kddcup99_v2,Alpha,latency,45,0.01,0.12493445522433111,0.011307565789473685,0.023104979123001006,0.9173601239438419,231.04979123001007,60593,250436
kddcup99_v2,Alpha,latency,45,0.001,0.741444597828135,0.0011307565789473685,0.01305431320449557,0.9088070405213308,130.54313204495568,60593,250436
kddcup99_v2,Alpha,latency,46,0.01,0.12132014411300995,0.010279605263157895,0.022213787071113825,0.9169887715823604,222.13787071113825,60593,250436
kddcup99_v2,Alpha,latency,46,0.001,0.6210039616066775,0.0010279605263157894,0.014143547934579902,0.908036384545353,141.43547934579902,60593,250436
kddcup99_v2,Alpha,rate,42,0.01,0.057921368065941725,0.011101973684210526,0.020134338950043733,0.9154674248111294,201.34338950043733,60593,250436
kddcup99_v2,Alpha,rate,42,0.001,0.5153308045362983,0.0010279605263157894,0.014737675969171356,0.910412241051606,147.37675969171357,60593,250436
kddcup99_v2,Alpha,rate,43,0.01,0.05412605222590117,0.014185855263157895,0.02143811991484165,0.9169288760401859,214.3811991484165,60593,250436
kddcup99_v2,Alpha,rate,43,0.001,0.881572756647184,0.0010279605263157894,0.011602000231049792,0.9098132856298615,116.02000231049792,60593,250436
kddcup99_v2,Alpha,rate,44,0.01,0.05412605222590117,0.010896381578947368,0.019886785602297296,0.9155353064255938,198.86785602297297,60593,250436
kddcup99_v2,Alpha,rate,44,0.001,0.7349749862655606,0.0010279605263157894,0.013615434126054165,0.9093341212924659,136.15434126054166,60593,250436
kddcup99_v2,Alpha,rate,45,0.01,0.05412605222590117,0.011410361842105263,0.01980426781971515,0.9150202047628935,198.0426781971515,60593,250436
kddcup99_v2,Alpha,rate,45,0.001,0.5953903248083103,0.0010279605263157894,0.012427178056871256,0.9092782187864364,124.27178056871257,60593,250436
kddcup99_v2,Alpha,rate,46,0.01,0.05412605222590117,0.012129934210526315,0.020794481210700905,0.9169528342570556,207.94481210700906,60593,250436
kddcup99_v2,Alpha,rate,46,0.001,0.6777975086775978,0.0010279605263157894,0.01094185797039262,0.9110072034372055,109.4185797039262,60593,250436
kddcup99_v2,Lapicque,delta,42,0.01,0.13412286708065402,0.010074013157894737,0.010710808179162609,0.915519334281014,107.10808179162609,60593,250436
kddcup99_v2,Lapicque,delta,42,0.001,0.997527763564101,0.003700657894736842,0.005479180763454525,0.8996709738216551,54.79180763454524,60593,250436
kddcup99_v2,Lapicque,delta,43,0.01,0.1302253251356672,0.01747532894736842,0.009192480979651115,0.9141856602085963,91.92480979651116,60593,250436
kddcup99_v2,Lapicque,delta,43,0.001,0.9990889751922614,0.003700657894736842,0.005776244780750252,0.8985329585203405,57.76244780750252,60593,250436
kddcup99_v2,Lapicque,delta,44,0.01,0.14005688895084256,0.017783717105263157,0.010380737048834023,0.914429235413439,103.80737048834023,60593,250436
kddcup99_v2,Lapicque,delta,44,0.001,0.9990890205284138,0.003597861842105263,0.004918059841895929,0.8932062483029597,49.180598418959285,60593,250436
kddcup99_v2,Lapicque,delta,45,0.01,0.27737001917790727,0.01069078947368421,0.009902133909857575,0.9153037103291859,99.02133909857575,60593,250436
kddcup99_v2,Lapicque,delta,45,0.001,0.9990889751922614,0.003597861842105263,0.004852045615830212,0.8962449488092766,48.52045615830212,60593,250436
kddcup99_v2,Lapicque,delta,46,0.01,0.1269912294063661,0.017989309210526317,0.010314722822768307,0.9143972911242793,103.14722822768307,60593,250436
kddcup99_v2,Lapicque,delta,46,0.001,0.9975275191240399,0.003700657894736842,0.005908273232881686,0.8994273986168123,59.08273232881685,60593,250436
kddcup99_v2,Lapicque,latency,42,0.01,0.06466704867772877,0.010074013157894737,0.020332381628240886,0.9168849526425913,203.32381628240887,60593,250436
kddcup99_v2,Lapicque,latency,42,0.001,0.7439759415865397,0.0010279605263157894,0.014935718647368508,0.9080603427622227,149.3571864736851,60593,250436
kddcup99_v2,Lapicque,latency,43,0.01,0.05601532396936748,0.010279605263157895,0.023913653392306042,0.9202430960405054,239.13653392306043,60593,250436
kddcup99_v2,Lapicque,latency,43,0.001,0.7592834722194688,0.0010279605263157894,0.00906045252751968,0.9092303023526969,90.6045252751968,60593,250436
kddcup99_v2,Lapicque,latency,44,0.01,0.0482992820297129,0.010074013157894737,0.021751687488653804,0.9206224344742768,217.51687488653803,60593,250436
kddcup99_v2,Lapicque,latency,44,0.001,0.5424299689119187,0.0010279605263157894,0.013334873665274867,0.9087431519430114,133.34873665274867,60593,250436
kddcup99_v2,Lapicque,latency,45,0.01,0.05131402991952161,0.010074013157894737,0.022428333305827407,0.9188535194620582,224.28333305827408,60593,250436
kddcup99_v2,Lapicque,latency,45,0.001,0.5894879604740502,0.0010279605263157894,0.005165613189642368,0.9098651950997461,51.65613189642368,60593,250436
kddcup99_v2,Lapicque,latency,46,0.01,0.05027533326334599,0.010074013157894737,0.020183849619593023,0.9170526601606798,201.83849619593022,60593,250436
kddcup99_v2,Lapicque,latency,46,0.001,0.7341592864814385,0.0010279605263157894,0.014226065717162048,0.9078966282802792,142.2606571716205,60593,250436
kddcup99_v2,Lapicque,rate,42,0.01,0.11998298978677835,0.010074013157894737,0.018880068654795107,0.915076107268923,188.80068654795107,60593,250436
kddcup99_v2,Lapicque,rate,42,0.001,0.7327314425249921,0.0010279605263157894,0.016338520951264996,0.9116500822565445,163.38520951264996,60593,250436
kddcup99_v2,Lapicque,rate,43,0.01,0.04776046371259102,0.010279605263157895,0.02046441008037232,0.9172722771486528,204.64410080372318,60593,250436
kddcup99_v2,Lapicque,rate,43,0.001,0.7315933929221836,0.0010279605263157894,0.01559586090802568,0.9115262981360507,155.9586090802568,60593,250436
kddcup99_v2,Lapicque,rate,44,0.01,0.047548989492325,0.010382401315789474,0.01930916112422227,0.9168210640642719,193.09161124222268,60593,250436
kddcup99_v2,Lapicque,rate,44,0.001,0.5001455281897791,0.0010279605263157894,0.015909428481837837,0.9125365362807264,159.09428481837836,60593,250436
kddcup99_v2,Lapicque,rate,45,0.01,0.047435550356339506,0.010074013157894737,0.02071196342811876,0.9156271462569279,207.1196342811876,60593,250436
kddcup99_v2,Lapicque,rate,45,0.001,0.5347454873450164,0.0010279605263157894,0.015529846681959962,0.9125565014614512,155.2984668195996,60593,250436
kddcup99_v2,Lapicque,rate,46,0.01,0.01806219815966159,0.010279605263157895,0.020976020332381627,0.9190611573415962,209.76020332381628,60593,250436
kddcup99_v2,Lapicque,rate,46,0.001,0.436265690267271,0.0010279605263157894,0.016685095638110013,0.9137504192687952,166.85095638110013,60593,250436
kddcup99_v2,Leaky,delta,42,0.01,0.11936907527828433,0.02138157894736842,0.008779892066740383,0.9157908607388714,87.79892066740383,60593,250436
kddcup99_v2,Leaky,delta,42,0.001,0.999088984801253,0.0034950657894736842,0.0065684154935388575,0.8964006772189301,65.68415493538858,60593,250436
kddcup99_v2,Leaky,delta,43,0.01,0.0484054816412024,0.012952302631578948,0.008581849388543231,0.9141457298471466,85.81849388543232,60593,250436
kddcup99_v2,Leaky,delta,43,0.001,0.9996646565049488,0.0034950657894736842,0.005842259006815969,0.8981935504480186,58.422590068159685,60593,250436
kddcup99_v2,Leaky,delta,44,0.01,0.05442744659398058,0.010074013157894737,0.00881289917977324,0.9161422479196282,88.12899179773241,60593,250436
kddcup99_v2,Leaky,delta,44,0.001,0.9975275451609122,0.0034950657894736842,0.006650933276121004,0.8983372997492374,66.50933276121005,60593,250436
kddcup99_v2,Leaky,delta,45,0.01,0.26956016141754957,0.015625,0.00836730315382965,0.9133950390518935,83.6730315382965,60593,250436
kddcup99_v2,Leaky,delta,45,0.001,0.9990889716572599,0.0034950657894736842,0.005908273232881686,0.9005614208819819,59.08273232881685,60593,250436
kddcup99_v2,Leaky,delta,46,0.01,0.11936907527828433,0.015933388157894735,0.00836730315382965,0.9168370362088517,83.6730315382965,60593,250436
kddcup99_v2,Leaky,delta,46,0.001,0.9990889552574528,0.003597861842105263,0.005842259006815969,0.8975626507371145,58.422590068159685,60593,250436
kddcup99_v2,Leaky,latency,42,0.01,0.018397104655108687,0.010074013157894737,0.020563431419470896,0.9189253941126675,205.63431419470896,60593,250436
kddcup99_v2,Leaky,latency,42,0.001,0.7631241066599324,0.0010279605263157894,0.01557935735150925,0.9108874123528566,155.7935735150925,60593,250436
kddcup99_v2,Leaky,latency,43,0.01,0.014509610139669782,0.010074013157894737,0.018979089993893684,0.9156031880400581,189.79089993893683,60593,250436
kddcup99_v2,Leaky,latency,43,0.001,0.5007067287812539,0.0010279605263157894,0.015727889360157114,0.9103643246178664,157.27889360157116,60593,250436
kddcup99_v2,Leaky,latency,44,0.01,0.04866807025306674,0.010074013157894737,0.020117835393527305,0.917671580763149,201.17835393527304,60593,250436
kddcup99_v2,Leaky,latency,44,0.001,0.7903804607823444,0.0010279605263157894,0.014721172412654927,0.9114105000878467,147.21172412654926,60593,250436
kddcup99_v2,Leaky,latency,45,0.01,0.01800667534106537,0.010074013157894737,0.01907811133299226,0.9152238496062867,190.78111332992262,60593,250436
kddcup99_v2,Leaky,latency,45,0.001,0.5022951270483649,0.0010279605263157894,0.014985229316917795,0.9111150154131196,149.85229316917795,60593,250436
kddcup99_v2,Leaky,latency,46,0.01,0.006754940616745864,0.010074013157894737,0.01650355651642929,0.9172842562570876,165.0355651642929,60593,250436
kddcup99_v2,Leaky,latency,46,0.001,0.26967328305952565,0.0010279605263157894,0.008169260475632498,0.9125125780638567,81.69260475632498,60593,250436
kddcup99_v2,Leaky,rate,42,0.01,0.04990173946148857,0.010587993421052632,0.018038387272457216,0.9177194971968886,180.38387272457217,60593,250436
kddcup99_v2,Leaky,rate,42,0.001,0.5018521774989889,0.0010279605263157894,0.013862987473800605,0.9131834081362105,138.62987473800604,60593,250436
kddcup99_v2,Leaky,rate,43,0.01,0.018117536811532164,0.01069078947368421,0.01742775568134933,0.9136466003290262,174.2775568134933,60593,250436
kddcup99_v2,Leaky,rate,43,0.001,0.2691392356970971,0.0011307565789473685,0.012377667387321968,0.9116341101119647,123.77667387321968,60593,250436
kddcup99_v2,Leaky,rate,44,0.01,0.01834311133829658,0.011410361842105263,0.01975475715016586,0.9176995320161638,197.5475715016586,60593,250436
kddcup99_v2,Leaky,rate,44,0.001,0.27040055998572987,0.0012335526315789473,0.014473619064908488,0.9141976393170311,144.73619064908488,60593,250436
kddcup99_v2,Leaky,rate,45,0.01,0.04833819239107495,0.010074013157894737,0.02024986384565874,0.9145809707869476,202.4986384565874,60593,250436
kddcup99_v2,Leaky,rate,45,0.001,0.5050028963734052,0.0012335526315789473,0.016470549403396432,0.91215320481081,164.70549403396433,60593,250436
kddcup99_v2,Leaky,rate,46,0.01,0.006721453471554395,0.010074013157894737,0.018929579324344397,0.9209219121851491,189.29579324344397,60593,250436
kddcup99_v2,Leaky,rate,46,0.001,0.11949005366044152,0.0010279605263157894,0.01602495337745284,0.9173441517992621,160.2495337745284,60593,250436
kddcup99_v2,LeakyParallel,delta,42,0.01,0.12163969262070595,0.01675575657894737,0.009489544996946842,0.9162021434618026,94.89544996946842,60593,250436
kddcup99_v2,LeakyParallel,delta,42,0.001,0.9990889751922614,0.0034950657894736842,0.0058752661198488276,0.9005813860627067,58.752661198488276,60593,250436
kddcup99_v2,LeakyParallel,delta,43,0.01,0.04866807025306674,0.01768092105263158,0.010842836631294045,0.918006995799326,108.42836631294044,60593,250436
kddcup99_v2,LeakyParallel,delta,43,0.001,0.9990890205284138,0.0034950657894736842,0.0065684154935388575,0.9013320768579597,65.68415493538858,60593,250436
kddcup99_v2,LeakyParallel,delta,44,0.01,0.05365208327529536,0.012232730263157895,0.009440034327397553,0.9172283537510582,94.40034327397554,60593,250436
kddcup99_v2,LeakyParallel,delta,44,0.001,0.999089072760665,0.0034950657894736842,0.0063373657023088475,0.89696369531537,63.37365702308848,60593,250436
kddcup99_v2,LeakyParallel,delta,45,0.01,0.27040055998572987,0.015316611842105263,0.008284785371247504,0.9157349582328419,82.84785371247504,60593,250436
kddcup99_v2,LeakyParallel,delta,45,0.001,0.9990890205284138,0.0034950657894736842,0.006073308798045979,0.9014878052676133,60.733087980459786,60593,250436
kddcup99_v2,LeakyParallel,delta,46,0.01,0.18150437539041697,0.01079358552631579,0.010826333074777615,0.917463942883611,108.26333074777615,60593,250436
kddcup99_v2,LeakyParallel,delta,46,0.001,0.9990889751922614,0.003597861842105263,0.0066014226065717165,0.9022544682074463,66.01422606571717,60593,250436
kddcup99_v2,LeakyParallel,latency,42,0.01,0.01831042320874654,0.010074013157894737,0.019738253593649432,0.9181747033174145,197.38253593649432,60593,250436
kddcup99_v2,LeakyParallel,latency,42,0.001,0.3348210441663715,0.0010279605263157894,0.015909428481837837,0.9132792410036895,159.09428481837836,60593,250436
kddcup99_v2,LeakyParallel,latency,43,0.01,0.01800529753106983,0.010176809210526315,0.018929579324344397,0.9167651615582424,189.29579324344397,60593,250436
kddcup99_v2,LeakyParallel,latency,43,0.001,0.5003424538892985,0.0010279605263157894,0.0157774000297064,0.9113545975818174,157.77400029706402,60593,250436
kddcup99_v2,LeakyParallel,latency,44,0.01,0.007603855753948063,0.010074013157894737,0.01902860066344297,0.9201272979923014,190.2860066344297,60593,250436
kddcup99_v2,LeakyParallel,latency,44,0.001,0.2959078658478481,0.0010279605263157894,0.004951066954928788,0.9143334025459599,49.510669549287876,60593,250436
kddcup99_v2,LeakyParallel,latency,45,0.01,0.04866807025306674,0.010176809210526315,0.018979089993893684,0.9172203676787682,189.79089993893683,60593,250436
kddcup99_v2,LeakyParallel,latency,45,0.001,0.7470398123549431,0.0010279605263157894,0.013169838100110574,0.9117499081601687,131.69838100110573,60593,250436
kddcup99_v2,LeakyParallel,latency,46,0.01,0.0198603853568059,0.010074013157894737,0.020299374515208028,0.9209937868357584,202.99374515208027,60593,250436
kddcup99_v2,LeakyParallel,latency,46,0.001,0.5127629860783567,0.0010279605263157894,0.016173485386100705,0.9139301058953185,161.73485386100705,60593,250436
kddcup99_v2,LeakyParallel,rate,42,0.01,0.12493445522433111,0.011821546052631578,0.0069975079629660195,0.9161302688111933,69.9750796296602,60593,250436
kddcup99_v2,LeakyParallel,rate,42,0.001,0.7926137371663549,0.0010279605263157894,0.005099598963576651,0.9136505933651712,50.99598963576651,60593,250436
kddcup99_v2,LeakyParallel,rate,43,0.01,0.018955763012030946,0.011513157894736841,0.019820771376231578,0.9181587311728345,198.2077137623158,60593,250436
kddcup99_v2,LeakyParallel,rate,43,0.001,0.7349749862655607,0.0011307565789473685,0.013549419899988447,0.9130556309795717,135.49419899988447,60593,250436
kddcup99_v2,LeakyParallel,rate,44,0.01,0.009817666458252328,0.01079358552631579,0.021537141253940226,0.9194764331006724,215.37141253940226,60593,250436
kddcup99_v2,LeakyParallel,rate,44,0.001,0.6777975086775978,0.0011307565789473685,0.015298796890729952,0.9124327173409573,152.98796890729952,60593,250436
kddcup99_v2,LeakyParallel,rate,45,0.01,0.01834311133829658,0.01264391447368421,0.019177132672090834,0.91595058218467,191.77132672090835,60593,250436
kddcup99_v2,LeakyParallel,rate,45,0.001,0.7325127301416849,0.0010279605263157894,0.01650355651642929,0.9119535530035617,165.0355651642929,60593,250436
kddcup99_v2,LeakyParallel,rate,46,0.01,0.018955763012030946,0.010382401315789474,0.018236429950654366,0.9167212381606479,182.36429950654366,60593,250436
kddcup99_v2,LeakyParallel,rate,46,0.001,0.26925248774224786,0.0010279605263157894,0.0160579604904857,0.9149962465460237,160.579604904857,60593,250436
kddcup99_v2,RLeaky,delta,42,0.01,0.13461056823265583,0.01675575657894737,0.008433317379895368,0.9128679582807584,84.33317379895368,60593,250436
kddcup99_v2,RLeaky,delta,42,0.001,0.9990889944100418,0.0034950657894736842,0.006485897710956711,0.9021546423038221,64.8589771095671,60593,250436
kddcup99_v2,RLeaky,delta,43,0.01,0.04990173946148857,0.019736842105263157,0.023385539583780306,0.9180109888354709,233.85539583780306,60593,250436
kddcup99_v2,RLeaky,delta,43,0.001,0.999089072760665,0.003700657894736842,0.0067334510587031505,0.9033525531473111,67.3345105870315,60593,250436
kddcup99_v2,RLeaky,delta,44,0.01,0.02061726487110016,0.022101151315789474,0.009473041440430412,0.9183543899439378,94.73041440430413,60593,250436
kddcup99_v2,RLeaky,delta,44,0.001,0.997528289680527,0.003803453947368421,0.006815968841285297,0.9010525643278123,68.15968841285297,60593,250436
kddcup99_v2,RLeaky,delta,45,0.01,0.12818377934895542,0.015111019736842105,0.008053735580017493,0.9154554457026945,80.53735580017494,60593,250436
kddcup99_v2,RLeaky,delta,45,0.001,0.9996646955226178,0.003597861842105263,0.00674995461521958,0.9026258205689278,67.4995461521958,60593,250436
kddcup99_v2,RLeaky,delta,46,0.01,0.12493445522433111,0.016961348684210526,0.00909345964055254,0.9176635946908591,90.9345964055254,60593,250436
kddcup99_v2,RLeaky,delta,46,0.001,0.999088965583067,0.0034950657894736842,0.006782961728252438,0.9010565573639573,67.82961728252438,60593,250436
kddcup99_v2,RLeaky,latency,42,0.01,0.1598630979429514,0.012129934210526315,0.009341012988298978,0.915515341244869,93.41012988298978,60593,250436
kddcup99_v2,RLeaky,latency,42,0.001,0.8828822761417952,0.0010279605263157894,0.0035812717640651562,0.9052532383523135,35.81271764065156,60593,250436
kddcup99_v2,RLeaky,latency,43,0.01,0.09480470995996093,0.010074013157894737,0.017411252124832903,0.9159625612931048,174.11252124832902,60593,250436
kddcup99_v2,RLeaky,latency,43,0.001,0.9823331254500907,0.0011307565789473685,0.014209562160645619,0.905756360906579,142.09562160645618,60593,250436
kddcup99_v2,RLeaky,latency,44,0.01,0.003473036043327715,0.011204769736842105,0.011701021570148367,0.9165255793895446,117.01021570148367,60593,250436
kddcup99_v2,RLeaky,latency,44,0.001,0.7575338875381302,0.0010279605263157894,0.0037958179987787367,0.906822501557284,37.95817998778737,60593,250436
kddcup99_v2,RLeaky,latency,45,0.01,0.12535467128331101,0.010074013157894737,0.011668014457115508,0.915511348208724,116.68014457115508,60593,250436
kddcup99_v2,RLeaky,latency,45,0.001,0.9528935646893856,0.0010279605263157894,0.0075916359975574735,0.9068105224488492,75.91635997557474,60593,250436
kddcup99_v2,RLeaky,latency,46,0.01,0.1198774559365684,0.010485197368421052,0.011337943326786922,0.9138702103531441,113.37943326786922,60593,250436
kddcup99_v2,RLeaky,latency,46,0.001,0.9529577873176319,0.0011307565789473685,0.0065354083805059995,0.9047620949064831,65.35408380506,60593,250436
kddcup99_v2,RLeaky,rate,42,0.01,0.04990173946148857,0.011204769736842105,0.020596438532503755,0.9154993691002891,205.96438532503754,60593,250436
kddcup99_v2,RLeaky,rate,42,0.001,0.7371672000136036,0.0010279605263157894,0.01600844982093641,0.9090625948346085,160.0844982093641,60593,250436
kddcup99_v2,RLeaky,rate,43,0.01,0.12132014411300984,0.010382401315789474,0.020167346063076592,0.9137025028350556,201.67346063076593,60593,250436
kddcup99_v2,RLeaky,rate,43,0.001,0.7575338875381302,0.0010279605263157894,0.014589143960523493,0.9048060183040777,145.89143960523492,60593,250436
kddcup99_v2,RLeaky,rate,44,0.01,0.01834311133829658,0.010279605263157895,0.02024986384565874,0.9181427590282547,202.4986384565874,60593,250436
kddcup99_v2,RLeaky,rate,44,0.001,0.27958732107856454,0.0011307565789473685,0.016685095638110013,0.9125604944975962,166.85095638110013,60593,250436
kddcup99_v2,RLeaky,rate,45,0.01,0.047471336250647034,0.01069078947368421,0.019490700245902992,0.9163259275822965,194.9070024590299,60593,250436
kddcup99_v2,RLeaky,rate,45,0.001,0.731595365728553,0.0010279605263157894,0.014836697308269932,0.9084436742321391,148.3669730826993,60593,250436
kddcup99_v2,RLeaky,rate,46,0.01,0.010919902328076936,0.010485197368421052,0.02185070882775238,0.9196042102573112,218.5070882775238,60593,250436
kddcup99_v2,RLeaky,rate,46,0.001,0.5006829772821663,0.0010279605263157894,0.01698215965540574,0.9139460780398985,169.8215965540574,60593,250436
kddcup99_v2,RSynaptic,delta,42,0.01,0.057921368065941725,0.010485197368421052,0.010413744161866882,0.9161063105943235,104.13744161866882,60593,250436
kddcup99_v2,RSynaptic,delta,42,0.001,0.999089072760665,0.0034950657894736842,0.006782961728252438,0.9044266798703062,67.82961728252438,60593,250436
kddcup99_v2,RSynaptic,delta,43,0.01,0.11949005366044152,0.01953125,0.008499331605961084,0.9149962465460237,84.99331605961083,60593,250436
kddcup99_v2,RSynaptic,delta,43,0.001,0.999664656048734,0.0034950657894736842,0.00674995461521958,0.903152901340063,67.4995461521958,60593,250436
kddcup99_v2,RSynaptic,delta,44,0.01,0.12493445522433111,0.011410361842105263,0.008895416962355388,0.9139420850037534,88.95416962355388,60593,250436
kddcup99_v2,RSynaptic,delta,44,0.001,0.9975275004218892,0.0034950657894736842,0.00674995461521958,0.8981935504480186,67.4995461521958,60593,250436
kddcup99_v2,RSynaptic,delta,45,0.01,0.06542135502170243,0.01768092105263158,0.009175977423134685,0.9174799150281908,91.75977423134685,60593,250436
kddcup99_v2,RSynaptic,delta,45,0.001,0.9975277127357757,0.003700657894736842,0.00674995461521958,0.9050256352920507,67.4995461521958,60593,250436
kddcup99_v2,RSynaptic,delta,46,0.01,0.04990173946148857,0.017166940789473683,0.009357516544815408,0.9183743551246626,93.57516544815408,60593,250436
kddcup99_v2,RSynaptic,delta,46,0.001,0.9975277127357757,0.0034950657894736842,0.00674995461521958,0.9049457745691514,67.4995461521958,60593,250436
kddcup99_v2,RSynaptic,latency,42,0.01,0.13461056823265571,0.011924342105263159,0.018450976185367948,0.910080819051574,184.50976185367946,60593,250436
kddcup99_v2,RSynaptic,latency,42,0.001,0.9820315480214546,0.0010279605263157894,0.01349990923043916,0.9000223610024118,134.9990923043916,60593,250436
kddcup99_v2,RSynaptic,latency,43,0.01,0.037100034839858465,0.011204769736842105,0.01774132325516149,0.9172882492932326,177.4132325516149,60593,250436
kddcup99_v2,RSynaptic,latency,43,0.001,0.7926137371663549,0.0010279605263157894,0.010182694370636873,0.9062794486415691,101.82694370636872,60593,250436
kddcup99_v2,RSynaptic,latency,44,0.01,0.04847611684513775,0.010279605263157895,0.013433895004373442,0.9193366768355987,134.33895004373443,60593,250436
kddcup99_v2,RSynaptic,latency,44,0.001,0.7450098308483535,0.0010279605263157894,0.010281715709735448,0.9085714513887779,102.81715709735448,60593,250436
kddcup99_v2,RSynaptic,latency,45,0.01,0.02306409474733173,0.010896381578947368,0.018252933507170794,0.9151679471002572,182.52933507170795,60593,250436
kddcup99_v2,RSynaptic,latency,45,0.001,0.7355578063160231,0.0011307565789473685,0.004241414024722327,0.9070700697982718,42.41414024722327,60593,250436
kddcup99_v2,RSynaptic,latency,46,0.01,0.037100034839858465,0.010176809210526315,0.018318947733236512,0.9162261016786724,183.18947733236513,60593,250436
kddcup99_v2,RSynaptic,latency,46,0.001,0.741444597828135,0.0010279605263157894,0.013400887891340583,0.9119096296059672,134.00887891340582,60593,250436
kddcup99_v2,RSynaptic,rate,42,0.01,0.11949005366044152,0.013466282894736841,0.014391101282326341,0.9155792298231884,143.9110128232634,60593,250436
kddcup99_v2,RSynaptic,rate,42,0.001,0.7470398123549431,0.0010279605263157894,0.007971217797435348,0.9121132744493603,79.71217797435348,60593,250436
kddcup99_v2,RSynaptic,rate,43,0.01,0.05412605222590117,0.01079358552631579,0.021520637697423795,0.9150880863773578,215.20637697423794,60593,250436
kddcup99_v2,RSynaptic,rate,43,0.001,0.7575338875381302,0.0011307565789473685,0.013169838100110574,0.9105559903528246,131.69838100110573,60593,250436
kddcup99_v2,RSynaptic,rate,44,0.01,0.02510538419060937,0.010279605263157895,0.019870282045780865,0.9160024916545545,198.70282045780866,60593,250436
kddcup99_v2,RSynaptic,rate,44,0.001,0.27958732107856454,0.0013363486842105264,0.016718102751142872,0.9114384513408615,167.1810275114287,60593,250436
kddcup99_v2,RSynaptic,rate,45,0.01,0.02510538419060937,0.010896381578947368,0.020530424306438037,0.9146807966905717,205.30424306438036,60593,250436
kddcup99_v2,RSynaptic,rate,45,0.001,0.8,0.0010279605263157894,0.014226065717162048,0.9111908830998738,142.2606571716205,60593,250436
kddcup99_v2,RSynaptic,rate,46,0.01,0.06808584534163009,0.010074013157894737,0.02252735464492598,0.9168490153172867,225.2735464492598,60593,250436
kddcup99_v2,RSynaptic,rate,46,0.001,0.8,0.0010279605263157894,0.01533180400376281,0.9105999137504193,153.3180400376281,60593,250436
kddcup99_v2,SConv2dLSTM,delta,42,0.01,0.12132014411300995,0.02066200657894737,0.00835079959731322,0.9156031880400581,83.50799597313221,60593,250436
kddcup99_v2,SConv2dLSTM,delta,42,0.001,0.9990889496409149,0.003597861842105263,0.0064363870414074235,0.9007970100145346,64.36387041407424,60593,250436
kddcup99_v2,SConv2dLSTM,delta,43,0.01,0.04969042062734863,0.01171875,0.010743815292195468,0.9160743663051638,107.43815292195468,60593,250436
kddcup99_v2,SConv2dLSTM,delta,43,0.001,0.9990889640591311,0.003597861842105263,0.005677223441651676,0.8942923541343897,56.77223441651676,60593,250436
kddcup99_v2,SConv2dLSTM,delta,44,0.01,0.12132014411300995,0.017064144736842105,0.00927499876223326,0.9160743663051638,92.74998762233261,60593,250436
kddcup99_v2,SConv2dLSTM,delta,44,0.001,0.999088965583067,0.003597861842105263,0.005759741224233822,0.8933859349294829,57.59741224233822,60593,250436
kddcup99_v2,SConv2dLSTM,delta,45,0.01,0.12132014411300995,0.01675575657894737,0.008103246249566782,0.9113545975818174,81.03246249566782,60593,250436
kddcup99_v2,SConv2dLSTM,delta,45,0.001,0.9990889496409149,0.003597861842105263,0.004984074067961646,0.8954143972911243,49.84074067961646,60593,250436
kddcup99_v2,SConv2dLSTM,delta,46,0.01,0.11998298978677835,0.010279605263157895,0.00930800587526612,0.91323931064224,93.08005875266119,60593,250436
kddcup99_v2,SConv2dLSTM,delta,46,0.001,0.9990889510762189,0.0034950657894736842,0.006469394154440282,0.9021187049785174,64.69394154440282,60593,250436
kddcup99_v2,SConv2dLSTM,latency,42,0.01,0.12818377934895542,0.010074013157894737,0.00907695608403611,0.9157149930521171,90.76956084036111,60593,250436
kddcup99_v2,SConv2dLSTM,latency,42,0.001,0.8809026486697565,0.0010279605263157894,0.004538478042018055,0.9100209235093996,45.384780420180554,60593,250436
kddcup99_v2,SConv2dLSTM,latency,43,0.01,0.06542135502170243,0.010176809210526315,0.013862987473800605,0.9130636170518616,138.62987473800604,60593,250436
kddcup99_v2,SConv2dLSTM,latency,43,0.001,0.7311313504541148,0.0010279605263157894,0.004769527833248065,0.9098851602804708,47.695278332480655,60593,250436
kddcup99_v2,SConv2dLSTM,latency,44,0.01,0.018117536811532164,0.010382401315789474,0.012394170943838398,0.9194924052452523,123.94170943838398,60593,250436
kddcup99_v2,SConv2dLSTM,latency,44,0.001,0.436265690267271,0.0010279605263157894,0.004670506494149489,0.9109872382564806,46.70506494149489,60593,250436
kddcup99_v2,SConv2dLSTM,latency,45,0.01,0.047425878788423526,0.010176809210526315,0.01188256069182909,0.915179926208692,118.82560691829089,60593,250436
kddcup99_v2,SConv2dLSTM,latency,45,0.001,0.9525741276967049,0.0012335526315789473,0.004538478042018055,0.9053929946173873,45.384780420180554,60593,250436
kddcup99_v2,SConv2dLSTM,latency,46,0.01,0.007058006853518317,0.010176809210526315,0.019655735811067283,0.9178472743535274,196.55735811067282,60593,250436
kddcup99_v2,SConv2dLSTM,latency,46,0.001,0.5000925402225089,0.0010279605263157894,0.01534830756027924,0.9097254388346724,153.4830756027924,60593,250436
kddcup99_v2,SConv2dLSTM,rate,42,0.01,0.23506571615588145,0.010074013157894737,0.018236429950654366,0.913670558545896,182.36429950654366,60593,250436
kddcup99_v2,SConv2dLSTM,rate,42,0.001,0.9525908466540143,0.0010279605263157894,0.01094185797039262,0.9102285613889377,109.4185797039262,60593,250436
kddcup99_v2,SConv2dLSTM,rate,43,0.01,0.037100034839858465,0.010382401315789474,0.02161965903652237,0.913986008401348,216.19659036522373,60593,250436
kddcup99_v2,SConv2dLSTM,rate,43,0.001,0.881572756647184,0.0010279605263157894,0.016404535177330714,0.9071738887380408,164.04535177330715,60593,250436
kddcup99_v2,SConv2dLSTM,rate,44,0.01,0.0076848210550281015,0.010382401315789474,0.020315878071724455,0.9201073328115766,203.15878071724455,60593,250436
kddcup99_v2,SConv2dLSTM,rate,44,0.001,0.5133694248305316,0.0010279605263157894,0.015760896473189973,0.9123089332204635,157.60896473189973,60593,250436
kddcup99_v2,SConv2dLSTM,rate,45,0.01,0.013976103395019646,0.010587993421052632,0.019903289158813724,0.913666565509751,199.03289158813723,60593,250436
kddcup99_v2,SConv2dLSTM,rate,45,0.001,0.29717354862629874,0.0012335526315789473,0.010578779727031175,0.9110271686179303,105.78779727031174,60593,250436
kddcup99_v2,SConv2dLSTM,rate,46,0.01,0.007058006853518317,0.010485197368421052,0.021042034558447345,0.9169089108594611,210.42034558447344,60593,250436
kddcup99_v2,SConv2dLSTM,rate,46,0.001,0.5002514704325286,0.0010279605263157894,0.014259072830194907,0.908455653340574,142.59072830194907,60593,250436
kddcup99_v2,SLSTM,delta,42,0.01,0.11942956862455834,0.017166940789473683,0.008763388510223954,0.9150042326183137,87.63388510223953,60593,250436
kddcup99_v2,SLSTM,delta,42,0.001,0.9975275191240399,0.003597861842105263,0.00674995461521958,0.9031808525930777,67.4995461521958,60593,250436
kddcup99_v2,SLSTM,delta,43,0.01,0.04759417604210481,0.012541118421052632,0.00998465169243972,0.9163858231244709,99.8465169243972,60593,250436
kddcup99_v2,SLSTM,delta,43,0.001,0.999664652486804,0.0034950657894736842,0.006221840806693842,0.8970395630021243,62.21840806693842,60593,250436
kddcup99_v2,SLSTM,delta,44,0.01,0.04788322894738817,0.01768092105263158,0.010050665918505439,0.9174799150281908,100.50665918505439,60593,250436
kddcup99_v2,SLSTM,delta,44,0.001,0.9975275191240399,0.0034950657894736842,0.006650933276121004,0.8988204571227779,66.50933276121005,60593,250436
kddcup99_v2,SLSTM,delta,45,0.01,0.11930857361990677,0.017578125,0.00955555922301256,0.9162420738232523,95.5555922301256,60593,250436
kddcup99_v2,SLSTM,delta,45,0.001,0.9996646523105969,0.0034950657894736842,0.00651890482398957,0.8987086521107189,65.1890482398957,60593,250436
kddcup99_v2,SLSTM,delta,46,0.01,0.11965442705002038,0.012129934210526315,0.008548842275510372,0.917899183823412,85.48842275510373,60593,250436
kddcup99_v2,SLSTM,delta,46,0.001,0.999088968122231,0.0034950657894736842,0.006551911937022428,0.9005095114120973,65.51911937022427,60593,250436
kddcup99_v2,SLSTM,latency,42,0.01,0.050603869768128584,0.010074013157894737,0.017543280576964335,0.9169448481847657,175.43280576964335,60593,250436
kddcup99_v2,SLSTM,latency,42,0.001,0.668691221787497,0.0010279605263157894,0.01465515818658921,0.9102445335335175,146.5515818658921,60593,250436
kddcup99_v2,SLSTM,latency,43,0.01,0.11991004422284945,0.010074013157894737,0.01909461488950869,0.9165016211726749,190.94614889508688,60593,250436
kddcup99_v2,SLSTM,latency,43,0.001,0.8450795249926788,0.0010279605263157894,0.014589143960523493,0.9121931351722595,145.89143960523492,60593,250436
kddcup99_v2,SLSTM,latency,44,0.01,0.017998168695561256,0.010176809210526315,0.017642301916062912,0.9158787075340606,176.4230191606291,60593,250436
kddcup99_v2,SLSTM,latency,44,0.001,0.5207097359704949,0.0010279605263157894,0.014209562160645619,0.9091264834129279,142.09562160645618,60593,250436
kddcup99_v2,SLSTM,latency,45,0.01,0.018547413566167514,0.010074013157894737,0.01770831614212863,0.9159026657509304,177.0831614212863,60593,250436
kddcup99_v2,SLSTM,latency,45,0.001,0.5047652043126136,0.0010279605263157894,0.014523129734457775,0.9096296059671932,145.23129734457774,60593,250436
kddcup99_v2,SLSTM,latency,46,0.01,0.04759417604210481,0.012129934210526315,0.017922862376842208,0.9178552604258173,179.22862376842207,60593,250436
kddcup99_v2,SLSTM,latency,46,0.001,0.7324097072459625,0.0010279605263157894,0.014671661743105639,0.9102165822805028,146.7166174310564,60593,250436
kddcup99_v2,SLSTM,rate,42,0.01,0.05412605222590117,0.010587993421052632,0.018946082880860825,0.9176316504016995,189.46082880860826,60593,250436
kddcup99_v2,SLSTM,rate,42,0.001,0.8,0.0010279605263157894,0.015414321786344958,0.912253030714434,154.14321786344956,60593,250436
kddcup99_v2,SLSTM,rate,43,0.01,0.02061726487110016,0.010485197368421052,0.02046441008037232,0.9181068217029501,204.64410080372318,60593,250436
kddcup99_v2,SLSTM,rate,43,0.001,0.5018521774989889,0.0012335526315789473,0.016668592081593582,0.9124287243048124,166.68592081593582,60593,250436
kddcup99_v2,SLSTM,rate,44,0.01,0.05412605222590117,0.010382401315789474,0.020910006106315913,0.9208061141369451,209.10006106315913,60593,250436
kddcup99_v2,SLSTM,rate,44,0.001,0.5050028963734052,0.0011307565789473685,0.01726272011618504,0.9153156894376208,172.6272011618504,60593,250436
kddcup99_v2,SLSTM,rate,45,0.01,0.04776169997213675,0.01069078947368421,0.019705246480616573,0.9155592646424635,197.05246480616574,60593,250436
kddcup99_v2,SLSTM,rate,45,0.001,0.7312563010274094,0.0010279605263157894,0.016652088525077154,0.9130596240157166,166.52088525077156,60593,250436
kddcup99_v2,SLSTM,rate,46,0.01,0.0076848210550281015,0.011101973684210526,0.019160629115574406,0.9162340877509623,191.60629115574406,60593,250436
kddcup99_v2,SLSTM,rate,46,0.001,0.731595365728553,0.0010279605263157894,0.010793325961744756,0.9096775224009328,107.93325961744756,60593,250436
kddcup99_v2,Synaptic,delta,42,0.01,0.2689512724982902,0.011615953947368422,0.008862409849322529,0.9153755849797952,88.62409849322529,60593,250436
kddcup99_v2,Synaptic,delta,42,0.001,0.999089061149687,0.0034950657894736842,0.006007294571980262,0.903256720279832,60.07294571980262,60593,250436
kddcup99_v2,Synaptic,delta,43,0.01,0.04833819239107495,0.017269736842105265,0.009885630353341146,0.9175038732450607,98.85630353341146,60593,250436
kddcup99_v2,Synaptic,delta,43,0.001,0.9996646560259793,0.0034950657894736842,0.005924776789398115,0.9035202606653996,59.24776789398115,60593,250436
kddcup99_v2,Synaptic,delta,44,0.01,0.06542135502170243,0.010279605263157895,0.022989454227386002,0.9188455333897683,229.89454227386003,60593,250436
kddcup99_v2,Synaptic,delta,44,0.001,0.9990889944100418,0.0034950657894736842,0.0066674368326374335,0.8998586465204683,66.67436832637433,60593,250436
kddcup99_v2,Synaptic,delta,45,0.01,0.12132014411300995,0.01644736842105263,0.008548842275510372,0.9162181156063824,85.48842275510373,60593,250436
kddcup99_v2,Synaptic,delta,45,0.001,0.9990889488208987,0.0034950657894736842,0.0067664581717360095,0.901192320592886,67.6645817173601,60593,250436
kddcup99_v2,Synaptic,delta,46,0.01,0.04847611684513775,0.017269736842105265,0.009621573449078276,0.9166493635100385,96.21573449078276,60593,250436
kddcup99_v2,Synaptic,delta,46,0.001,0.9990889903325478,0.0034950657894736842,0.006304358589275989,0.9018711367375297,63.043585892759886,60593,250436
kddcup99_v2,Synaptic,latency,42,0.01,0.09480470995996093,0.010074013157894737,0.01744425923786576,0.9141417368110016,174.4425923786576,60593,250436
kddcup99_v2,Synaptic,latency,42,0.001,0.7349749862655607,0.0010279605263157894,0.01625600316868285,0.9118457410276478,162.5600316868285,60593,250436
kddcup99_v2,Synaptic,latency,43,0.01,0.037100034839858465,0.011101973684210526,0.020117835393527305,0.9143972911242793,201.17835393527304,60593,250436
kddcup99_v2,Synaptic,latency,43,0.001,0.5953903248083103,0.0011307565789473685,0.01678411697720859,0.9113026881119328,167.8411697720859,60593,250436
kddcup99_v2,Synaptic,latency,44,0.01,0.06542135502170243,0.011615953947368422,0.021339098575743072,0.9181826893897044,213.3909857574307,60593,250436
kddcup99_v2,Synaptic,latency,44,0.001,0.8511524187979225,0.0010279605263157894,0.0167346063076593,0.9101047772684439,167.346063076593,60593,250436
kddcup99_v2,Synaptic,latency,45,0.01,0.0076848210550281015,0.010485197368421052,0.01815391216807222,0.913662572473606,181.53912168072222,60593,250436
kddcup99_v2,Synaptic,latency,45,0.001,0.5050028963734052,0.0010279605263157894,0.015711385803640683,0.9112827229312079,157.11385803640684,60593,250436
kddcup99_v2,Synaptic,latency,46,0.01,0.005187349169812894,0.010587993421052632,0.019688742924100142,0.9155952019677682,196.88742924100143,60593,250436
kddcup99_v2,Synaptic,latency,46,0.001,0.13461056823265583,0.0010279605263157894,0.0167346063076593,0.912360842690348,167.346063076593,60593,250436
kddcup99_v2,Synaptic,rate,42,0.01,0.5953903248083103,0.010074013157894737,0.018715033089630816,0.9168689804980115,187.15033089630816,60593,250436
kddcup99_v2,Synaptic,rate,42,0.001,0.8,0.008120888157894737,0.01815391216807222,0.9164017952690507,181.53912168072222,60593,250436
kddcup99_v2,Synaptic,rate,43,0.01,0.2689414213922623,0.01079358552631579,0.016800620533725018,0.9191210528837707,168.00620533725018,60593,250436
kddcup99_v2,Synaptic,rate,43,0.001,0.9999546021313356,0.0010279605263157894,0.008301288927763934,0.9100289095816896,83.01288927763933,60593,250436
kddcup99_v2,Synaptic,rate,44,0.01,0.0009110679721769932,0.010176809210526315,0.020332381628240886,0.9140658691242474,203.32381628240887,60593,250436
kddcup99_v2,Synaptic,rate,44,0.001,0.8,0.005859375,0.019226643341640124,0.9118696992445176,192.26643341640124,60593,250436
kddcup99_v2,Synaptic,rate,45,0.01,0.16607476979884583,0.010074013157894737,0.01930916112422227,0.9143573607628296,193.09161124222268,60593,250436
kddcup99_v2,Synaptic,rate,45,0.001,0.8,0.001644736842105263,0.016635584968560727,0.9096176268587584,166.35584968560727,60593,250436
kddcup99_v2,Synaptic,rate,46,0.01,0.009817666458252328,0.010382401315789474,0.02048091363688875,0.9190611573415962,204.8091363688875,60593,250436
kddcup99_v2,Synaptic,rate,46,0.001,0.8,0.006167763157894737,0.018302444176720084,0.9177634205944832,183.02444176720084,60593,250436
nslkdd_v2,Alpha,delta,42,0.01,0.30125751460636296,0.010838901262063846,0.03192256204304397,0.6446660952232526,319.22562043043973,9711,12833
nslkdd_v2,Alpha,delta,42,0.001,0.8870887023795309,0.0010393466963622866,0.024199361548759138,0.5437543832307332,241.99361548759137,9711,12833
nslkdd_v2,Alpha,delta,43,0.01,0.34090877247779217,0.010987379361544172,0.030686849963958398,0.6403023455154679,306.868499639584,9711,12833
nslkdd_v2,Alpha,delta,43,0.001,0.9823638719521521,0.0010393466963622866,0.016373185047883845,0.5309748305150783,163.73185047883845,9711,12833
nslkdd_v2,Alpha,delta,44,0.01,0.30686485675938124,0.011878247958426132,0.03192256204304397,0.6511337956830048,319.22562043043973,9711,12833
nslkdd_v2,Alpha,delta,44,0.001,0.8840440632783044,0.003414996288047513,0.024096385542168676,0.5503000077924102,240.96385542168676,9711,12833
nslkdd_v2,Alpha,delta,45,0.01,0.30686485675938124,0.010541945063103192,0.031098753990320256,0.6372633055404037,310.98753990320256,9711,12833
nslkdd_v2,Alpha,delta,45,0.001,0.8828822761417952,0.0020786933927245733,0.026155905673977964,0.5905867684874931,261.55905673977963,9711,12833
nslkdd_v2,Alpha,delta,46,0.01,0.34090877247779217,0.013214550853749072,0.03243744207599629,0.6508220992753059,324.3744207599629,9711,12833
nslkdd_v2,Alpha,delta,46,0.001,0.982144182262264,0.0010393466963622866,0.020698177324683348,0.542975142211486,206.98177324683348,9711,12833
nslkdd_v2,Alpha,latency,42,0.01,0.5133694248305316,0.010838901262063846,0.07712902893625785,0.6442764747136289,771.2902893625785,9711,12833
nslkdd_v2,Alpha,latency,42,0.001,0.7704754193831145,0.0010393466963622866,0.0642570281124498,0.5666640691966025,642.5702811244979,9711,12833
nslkdd_v2,Alpha,latency,43,0.01,0.3505844100119837,0.010838901262063846,0.0792915250746576,0.6556533935946388,792.915250746576,9711,12833
nslkdd_v2,Alpha,latency,43,0.001,0.886299834402579,0.0010393466963622866,0.06312429203995469,0.5513909452193564,631.242920399547,9711,12833
nslkdd_v2,Alpha,latency,44,0.01,0.34090877247779217,0.010838901262063846,0.0639481000926784,0.6780176108470349,639.481000926784,9711,12833
nslkdd_v2,Alpha,latency,44,0.001,0.7575338875381302,0.0014847809948032665,0.04644217897229946,0.57305384555443,464.42178972299456,9711,12833
nslkdd_v2,Alpha,latency,45,0.01,0.29717354862629874,0.015590200445434299,0.08042426114715272,0.67942024468168,804.2426114715272,9711,12833
nslkdd_v2,Alpha,latency,45,0.001,0.7704754193831145,0.0010393466963622866,0.06734630831016374,0.5733655419621289,673.4630831016374,9711,12833
nslkdd_v2,Alpha,latency,46,0.01,0.37608750332443686,0.010096510764662212,0.07548141283081042,0.6575235720408322,754.8141283081042,9711,12833
nslkdd_v2,Alpha,latency,46,0.001,0.8828822761417952,0.0010393466963622866,0.056533827618164965,0.5604301410426245,565.3382761816497,9711,12833
nslkdd_v2,Alpha,rate,42,0.01,0.27958732107856454,0.011432813659985152,0.07331891669241067,0.662121094054391,733.1891669241066,9711,12833
nslkdd_v2,Alpha,rate,42,0.001,0.9534700691073199,0.0010393466963622866,0.02512614560807332,0.5624561676926674,251.2614560807332,9711,12833
nslkdd_v2,Alpha,rate,43,0.01,0.1598630979429514,0.010987379361544172,0.07754093296261971,0.673731785241175,775.4093296261972,9711,12833
nslkdd_v2,Alpha,rate,43,0.001,0.8828822761417952,0.0014847809948032665,0.04881062712388014,0.5908205407932674,488.10627123880136,9711,12833
nslkdd_v2,Alpha,rate,44,0.01,0.29717354862629874,0.010096510764662212,0.07476058078467716,0.6613418530351438,747.6058078467717,9711,12833
nslkdd_v2,Alpha,rate,44,0.001,0.9534700691073199,0.0011878247958426132,0.03161363402327258,0.5626120158965168,316.1363402327258,9711,12833
nslkdd_v2,Alpha,rate,45,0.01,0.27958732107856454,0.010393466963622866,0.07589331685717228,0.6701472765526377,758.9331685717228,9711,12833
nslkdd_v2,Alpha,rate,45,0.001,0.8828822761417952,0.0014847809948032665,0.03696838636597673,0.5852879295566119,369.68386365976727,9711,12833
nslkdd_v2,Alpha,rate,46,0.01,0.27958732107856454,0.010244988864142539,0.07671712490989599,0.6688225668199174,767.17124909896,9711,12833
nslkdd_v2,Alpha,rate,46,0.001,0.8828822761417952,0.0013363028953229399,0.054268355473174754,0.5899633756720953,542.6835547317476,9711,12833
nslkdd_v2,Lapicque,delta,42,0.01,0.30686485675938124,0.010244988864142539,0.030789825970548863,0.6672640847814229,307.8982597054886,9711,12833
nslkdd_v2,Lapicque,delta,42,0.001,0.8836193554987885,0.0010393466963622866,0.024096385542168676,0.5634691810176887,240.96385542168676,9711,12833
nslkdd_v2,Lapicque,delta,43,0.01,0.30686485675938124,0.010838901262063846,0.031098753990320256,0.6646146653159822,310.98753990320256,9711,12833
nslkdd_v2,Lapicque,delta,43,0.001,0.9530273296833389,0.0010393466963622866,0.023169601482854494,0.5449232447596042,231.69601482854495,9711,12833
nslkdd_v2,Lapicque,delta,44,0.01,0.5067896174940343,0.012472160356347439,0.031819586036453504,0.6656276786410037,318.19586036453506,9711,12833
nslkdd_v2,Lapicque,delta,44,0.001,0.9821537344995437,0.0011878247958426132,0.025229121614663782,0.5529494272578509,252.29121614663782,9711,12833
nslkdd_v2,Lapicque,delta,45,0.01,0.3216620886057593,0.010096510764662212,0.03480589022757698,0.6733421647315515,348.05890227576975,9711,12833
nslkdd_v2,Lapicque,delta,45,0.001,0.9530273296833389,0.0016332590942835933,0.025538049634435178,0.5752357204083223,255.38049634435177,9711,12833
nslkdd_v2,Lapicque,delta,46,0.01,0.30686485675938124,0.010096510764662212,0.030892801977139325,0.6647705135198316,308.9280197713933,9711,12833
nslkdd_v2,Lapicque,delta,46,0.001,0.9530273296833389,0.0010393466963622866,0.023169601482854494,0.5371308345671316,231.69601482854495,9711,12833
nslkdd_v2,Lapicque,latency,42,0.01,0.28336565959937643,0.010244988864142539,0.06724333230357327,0.6369516091327048,672.4333230357327,9711,12833
nslkdd_v2,Lapicque,latency,42,0.001,0.8824489993534492,0.0010393466963622866,0.023478529502625887,0.5440660796384321,234.78529502625886,9711,12833
nslkdd_v2,Lapicque,latency,43,0.01,0.2991717935341578,0.010096510764662212,0.06868499639583978,0.6372633055404037,686.8499639583978,9711,12833
nslkdd_v2,Lapicque,latency,43,0.001,0.952620889258335,0.0010393466963622866,0.020698177324683348,0.5408711914595185,206.98177324683348,9711,12833
nslkdd_v2,Lapicque,latency,44,0.01,0.5003424538892984,0.010244988864142539,0.06703738029039234,0.6254188420478454,670.3738029039234,9711,12833
nslkdd_v2,Lapicque,latency,44,0.001,0.7658783427472633,0.0010393466963622866,0.031098753990320256,0.5848983090469883,310.98753990320256,9711,12833
nslkdd_v2,Lapicque,latency,45,0.01,0.30367235592972797,0.010096510764662212,0.06508083616517352,0.6344580378711135,650.8083616517351,9711,12833
nslkdd_v2,Lapicque,latency,45,0.001,0.7574459571998813,0.0010393466963622866,0.022654721449902174,0.5728979973505806,226.54721449902175,9711,12833
nslkdd_v2,Lapicque,latency,46,0.01,0.5003229773671934,0.010096510764662212,0.06590464421789723,0.6373412296423284,659.0464421789723,9711,12833
nslkdd_v2,Lapicque,latency,46,0.001,0.7658783427472634,0.0010393466963622866,0.057460611677479144,0.578742304994935,574.6061167747914,9711,12833
nslkdd_v2,Lapicque,rate,42,0.01,0.12116972362389966,0.010096510764662212,0.07661414890330553,0.666952388373724,766.1414890330553,9711,12833
nslkdd_v2,Lapicque,rate,42,0.001,0.7408369412267695,0.0010393466963622866,0.04860467511069921,0.5923790228317619,486.0467511069921,9711,12833
nslkdd_v2,Lapicque,rate,43,0.01,0.1212521311156396,0.010096510764662212,0.08063021316033364,0.6762253565027663,806.3021316033364,9711,12833
nslkdd_v2,Lapicque,rate,43,0.001,0.880835793966177,0.0010393466963622866,0.06415405210585934,0.5997818125146108,641.5405210585934,9711,12833
nslkdd_v2,Lapicque,rate,44,0.01,0.2695185374734762,0.010096510764662212,0.07754093296261971,0.6600950674043482,775.4093296261972,9711,12833
nslkdd_v2,Lapicque,rate,44,0.001,0.8827947527145927,0.0010393466963622866,0.05560704355885079,0.594872594093353,556.0704355885078,9711,12833
nslkdd_v2,Lapicque,rate,45,0.01,0.12116972362389966,0.010096510764662212,0.07836474101534342,0.6650822099275305,783.6474101534342,9711,12833
nslkdd_v2,Lapicque,rate,45,0.001,0.7565106413078346,0.0010393466963622866,0.06559571619812583,0.5986908750876646,655.9571619812583,9711,12833
nslkdd_v2,Lapicque,rate,46,0.01,0.13369048479093326,0.010096510764662212,0.07774688497580064,0.6655497545390789,777.4688497580064,9711,12833
nslkdd_v2,Lapicque,rate,46,0.001,0.8815038112460576,0.0010393466963622866,0.057769539697250544,0.5990804955972883,577.6953969725055,9711,12833
nslkdd_v2,Leaky,delta,42,0.01,0.27050806051139653,0.010838901262063846,0.03171661002986304,0.6741214057507987,317.1661002986304,9711,12833
nslkdd_v2,Leaky,delta,42,0.001,0.9528935646893856,0.0010393466963622866,0.026464833693749357,0.5672095379100756,264.6483369374936,9711,12833
nslkdd_v2,Leaky,delta,43,0.01,0.12252822732338187,0.010244988864142539,0.033158274122129544,0.6974207122262915,331.58274122129546,9711,12833
nslkdd_v2,Leaky,delta,43,0.001,0.9528922855707779,0.0014847809948032665,0.026464833693749357,0.5823268136834723,264.6483369374936,9711,12833
nslkdd_v2,Leaky,delta,44,0.01,0.26967328305952565,0.012620638455827766,0.03243744207599629,0.691888100989636,324.3744207599629,9711,12833
nslkdd_v2,Leaky,delta,44,0.001,0.9529227146367988,0.0010393466963622866,0.026464833693749357,0.5804566352372789,264.6483369374936,9711,12833
nslkdd_v2,Leaky,delta,45,0.01,0.12026507567311295,0.010096510764662212,0.032231490062815366,0.683394373879841,322.3149006281537,9711,12833
nslkdd_v2,Leaky,delta,45,0.001,0.8858414877160318,0.0013363028953229399,0.027082689733292142,0.5878594249201278,270.8268973329214,9711,12833
nslkdd_v2,Leaky,delta,46,0.01,0.27431481979207006,0.012175204157386786,0.03243744207599629,0.7097327203303981,324.3744207599629,9711,12833
nslkdd_v2,Leaky,delta,46,0.001,0.9529227146367988,0.0010393466963622866,0.026464833693749357,0.5857554741681602,264.6483369374936,9711,12833
nslkdd_v2,Leaky,latency,42,0.01,0.11931336073930732,0.010096510764662212,0.06260941200700237,0.6885373646068729,626.0941200700238,9711,12833
nslkdd_v2,Leaky,latency,42,0.001,0.735088968938011,0.0010393466963622866,0.035526722273710225,0.6066391334839866,355.26722273710226,9711,12833
nslkdd_v2,Leaky,latency,43,0.01,0.12208418479249417,0.010096510764662212,0.07300998867263928,0.7035767162783448,730.0998867263928,9711,12833
nslkdd_v2,Leaky,latency,43,0.001,0.7409647513488513,0.0010393466963622866,0.05488621151271754,0.6180160523649965,548.8621151271753,9711,12833
nslkdd_v2,Leaky,latency,44,0.01,0.11920533250532517,0.010096510764662212,0.07259808464627741,0.6839398425933141,725.9808464627741,9711,12833
nslkdd_v2,Leaky,latency,44,0.001,0.7348101305724779,0.0010393466963622866,0.06271238801359283,0.5966648484376218,627.1238801359283,9711,12833
nslkdd_v2,Leaky,latency,45,0.01,0.12449574266200847,0.010096510764662212,0.07239213263309649,0.6897841502376685,723.9213263309649,9711,12833
nslkdd_v2,Leaky,latency,45,0.001,0.7418962855939901,0.0010393466963622866,0.042632066728452274,0.6276007169017377,426.32066728452276,9711,12833
nslkdd_v2,Leaky,latency,46,0.01,0.12655169350308582,0.010244988864142539,0.07414272474513438,0.6964076989012702,741.4272474513438,9711,12833
nslkdd_v2,Leaky,latency,46,0.001,0.8808053512479362,0.0010393466963622866,0.04448563484708063,0.6127951375360399,444.8563484708063,9711,12833
nslkdd_v2,Leaky,rate,42,0.01,0.11932456145384285,0.010096510764662212,0.03943981052414788,0.7154991038728279,394.3981052414788,9711,12833
nslkdd_v2,Leaky,rate,42,0.001,0.880797379532771,0.0010393466963622866,0.024611265575120996,0.6290033507363828,246.11265575120996,9711,12833
nslkdd_v2,Leaky,rate,43,0.01,0.11930857361990677,0.010244988864142539,0.08093914118010503,0.6991350424686356,809.3914118010504,9711,12833
nslkdd_v2,Leaky,rate,43,0.001,0.7575338875381302,0.0010393466963622866,0.054268355473174754,0.6340684173614899,542.6835547317476,9711,12833
nslkdd_v2,Leaky,rate,44,0.01,0.04795394170153433,0.010987379361544172,0.07990938111420039,0.7877347463570482,799.0938111420039,9711,12833
nslkdd_v2,Leaky,rate,44,0.001,0.9525749595327845,0.0011878247958426132,0.05807846771702194,0.6153666328995558,580.7846771702193,9711,12833
nslkdd_v2,Leaky,rate,45,0.01,0.11998298978677835,0.010244988864142539,0.07939450108124807,0.7536819138159433,793.9450108124807,9711,12833
nslkdd_v2,Leaky,rate,45,0.001,0.881572756647184,0.0010393466963622866,0.06260941200700237,0.627211096392114,626.0941200700238,9711,12833
nslkdd_v2,Leaky,rate,46,0.01,0.11936907527828422,0.010096510764662212,0.07980640510760993,0.7180705992363438,798.0640510760993,9711,12833
nslkdd_v2,Leaky,rate,46,0.001,0.8809026486697565,0.0010393466963622866,0.05797549171043147,0.6186394451803943,579.7549171043147,9711,12833
nslkdd_v2,LeakyParallel,delta,42,0.01,0.26925248774224786,0.011284335560504826,0.03254041808258676,0.6957843060858724,325.40418082586757,9711,12833
nslkdd_v2,LeakyParallel,delta,42,0.001,0.9534668318724779,0.0010393466963622866,0.0260529296673875,0.5640146497311619,260.52929667387497,9711,12833
nslkdd_v2,LeakyParallel,delta,43,0.01,0.11981873908068263,0.014253897550111359,0.03562969828030069,0.7403568923868152,356.29698280300687,9711,12833
nslkdd_v2,LeakyParallel,delta,43,0.001,0.9933241881136068,0.0010393466963622866,0.02492019359489239,0.5446894724538299,249.2019359489239,9711,12833
nslkdd_v2,LeakyParallel,delta,44,0.01,0.26978636966911784,0.010393466963622866,0.0321285140562249,0.6992129665705603,321.28514056224896,9711,12833
nslkdd_v2,LeakyParallel,delta,44,0.001,0.8816892745354328,0.0017817371937639199,0.027288641746473073,0.5979116340684174,272.88641746473076,9711,12833
nslkdd_v2,LeakyParallel,delta,45,0.01,0.2691392356970971,0.010244988864142539,0.031819586036453504,0.7275773396711603,318.19586036453506,9711,12833
nslkdd_v2,LeakyParallel,delta,45,0.001,0.8830333426630044,0.0011878247958426132,0.02677376171352075,0.5888724382451492,267.7376171352075,9711,12833
nslkdd_v2,LeakyParallel,delta,46,0.01,0.12818377934895542,0.010096510764662212,0.034496962207805584,0.6862775656510559,344.96962207805586,9711,12833
nslkdd_v2,LeakyParallel,delta,46,0.001,0.9529577873176318,0.0010393466963622866,0.02636185768715889,0.6056261201589652,263.6185768715889,9711,12833
nslkdd_v2,LeakyParallel,latency,42,0.01,0.0640941721042726,0.010096510764662212,0.08021830913397178,0.6917322527857866,802.1830913397177,9711,12833
nslkdd_v2,LeakyParallel,latency,42,0.001,0.731092208839992,0.0010393466963622866,0.07095046854082998,0.6177043559572976,709.5046854082998,9711,12833
nslkdd_v2,LeakyParallel,latency,43,0.01,0.11950004982916884,0.010096510764662212,0.07630522088353414,0.7421491467310839,763.0522088353414,9711,12833
nslkdd_v2,LeakyParallel,latency,43,0.001,0.7346767127536882,0.0010393466963622866,0.07064154052105859,0.6755240395854438,706.4154052105858,9711,12833
nslkdd_v2,LeakyParallel,latency,44,0.01,0.11950306091627239,0.010096510764662212,0.0732159406858202,0.734746357048235,732.159406858202,9711,12833
nslkdd_v2,LeakyParallel,latency,44,0.001,0.7336834372013654,0.0010393466963622866,0.0350118422407579,0.6770825216239383,350.11842240757903,9711,12833
nslkdd_v2,LeakyParallel,latency,45,0.01,0.11947669232112468,0.010096510764662212,0.07506950880444857,0.7165121171978492,750.6950880444857,9711,12833
nslkdd_v2,LeakyParallel,latency,45,0.001,0.8808012300790315,0.0010393466963622866,0.06466893213881166,0.6219901815631574,646.6893213881166,9711,12833
nslkdd_v2,LeakyParallel,latency,46,0.01,0.2691955020330207,0.010244988864142539,0.08032128514056225,0.7229798176576014,803.2128514056225,9711,12833
nslkdd_v2,LeakyParallel,latency,46,0.001,0.8809022602450273,0.0010393466963622866,0.0729070126660488,0.6253409179459207,729.0701266604881,9711,12833
nslkdd_v2,LeakyParallel,rate,42,0.01,0.04990173946148857,0.010393466963622866,0.07043558850787766,0.7202524740902361,704.3558850787766,9711,12833
nslkdd_v2,LeakyParallel,rate,42,0.001,0.8810836128292282,0.0010393466963622866,0.023684481515806818,0.6096781734590508,236.84481515806817,9711,12833
nslkdd_v2,LeakyParallel,rate,43,0.01,0.04990173946148857,0.010244988864142539,0.0821748532591906,0.7465128964388685,821.748532591906,9711,12833
nslkdd_v2,LeakyParallel,rate,43,0.001,0.731595365728553,0.0011878247958426132,0.0752754608176295,0.6774721421335619,752.7546081762949,9711,12833
nslkdd_v2,LeakyParallel,rate,44,0.01,0.06826154064142864,0.010838901262063846,0.07424570075172485,0.7176030546247955,742.4570075172485,9711,12833
nslkdd_v2,LeakyParallel,rate,44,0.001,0.9820203269146339,0.0010393466963622866,0.024096385542168676,0.5871581080028052,240.96385542168676,9711,12833
nslkdd_v2,LeakyParallel,rate,45,0.01,0.05412605222590117,0.010838901262063846,0.07867366903511482,0.7179926751344191,786.7366903511481,9711,12833
nslkdd_v2,LeakyParallel,rate,45,0.001,0.7575338875381302,0.0010393466963622866,0.028318401812377717,0.6162237980207278,283.18401812377715,9711,12833
nslkdd_v2,LeakyParallel,rate,46,0.01,0.1192417920201051,0.010244988864142539,0.0821748532591906,0.7439414010753526,821.748532591906,9711,12833
nslkdd_v2,LeakyParallel,rate,46,0.001,0.9525908466540143,0.0013363028953229399,0.06518381217176399,0.620120003116964,651.8381217176399,9711,12833
nslkdd_v2,RLeaky,delta,42,0.01,0.7325127301416849,0.011729769858945806,0.02986304191123468,0.6598612950985739,298.63041911234683,9711,12833
nslkdd_v2,RLeaky,delta,42,0.001,0.982144182262264,0.0011878247958426132,0.02636185768715889,0.5792098496064833,263.6185768715889,9711,12833
nslkdd_v2,RLeaky,delta,43,0.01,0.06808584534163009,0.010393466963622866,0.03243744207599629,0.6866671861606795,324.3744207599629,9711,12833
nslkdd_v2,RLeaky,delta,43,0.001,0.9975455833854369,0.0014847809948032665,0.018432705179693133,0.4355957297592145,184.32705179693133,9711,12833
nslkdd_v2,RLeaky,delta,44,0.01,0.15709242809826418,0.012917594654788419,0.03264339408917722,0.692199797397335,326.4339408917722,9711,12833
nslkdd_v2,RLeaky,delta,44,0.001,0.9536027262690436,0.0011878247958426132,0.024199361548759138,0.5406374191537443,241.99361548759137,9711,12833
nslkdd_v2,RLeaky,delta,45,0.01,0.2921575714368284,0.010096510764662212,0.03099577798372979,0.6509000233772306,309.9577798372979,9711,12833
nslkdd_v2,RLeaky,delta,45,0.001,0.9547216854082684,0.0020786933927245733,0.026155905673977964,0.5534169718693992,261.55905673977963,9711,12833
nslkdd_v2,RLeaky,delta,46,0.01,0.8511524187979225,0.011284335560504826,0.03140768201009165,0.6458349567521234,314.0768201009165,9711,12833
nslkdd_v2,RLeaky,delta,46,0.001,0.9829346148396428,0.0010393466963622866,0.023066625476264032,0.520299228551391,230.6662547626403,9711,12833
nslkdd_v2,RLeaky,latency,42,0.01,0.732882501463886,0.010393466963622866,0.06580166821130677,0.6366399127250059,658.0166821130678,9711,12833
nslkdd_v2,RLeaky,latency,42,0.001,0.9933097910621062,0.0010393466963622866,0.05859334774997425,0.5556767708252163,585.9334774997425,9711,12833
nslkdd_v2,RLeaky,latency,43,0.01,0.7371672000136036,0.010838901262063846,0.07156832458037277,0.5968206966414712,715.6832458037277,9711,12833
nslkdd_v2,RLeaky,latency,43,0.001,0.9539681459025682,0.0010393466963622866,0.01935948923900731,0.5167926439647783,193.5948923900731,9711,12833
nslkdd_v2,RLeaky,latency,44,0.01,0.5018521774989889,0.010393466963622866,0.02584697765420657,0.6067949816878361,258.4697765420657,9711,12833
nslkdd_v2,RLeaky,latency,44,0.001,0.9933096094770127,0.0017817371937639199,0.015755329008341055,0.4866360165199096,157.55329008341056,9711,12833
nslkdd_v2,RLeaky,latency,45,0.01,0.578125805294031,0.010096510764662212,0.031098753990320256,0.5874698044105041,310.98753990320256,9711,12833
nslkdd_v2,RLeaky,latency,45,0.001,0.9526173717180801,0.0010393466963622866,0.021727937390587992,0.48554507909296346,217.2793739058799,9711,12833
nslkdd_v2,RLeaky,latency,46,0.01,0.12818377934895542,0.010244988864142539,0.06559571619812583,0.5942492012779552,655.9571619812583,9711,12833
nslkdd_v2,RLeaky,latency,46,0.001,0.9155626255475505,0.0022271714922048997,0.06096179590155494,0.5615210784695707,609.6179590155494,9711,12833
nslkdd_v2,RLeaky,rate,42,0.01,0.06397674651043583,0.010096510764662212,0.07887962104829575,0.6744331021584976,788.7962104829576,9711,12833
nslkdd_v2,RLeaky,rate,42,0.001,0.7333385500381019,0.0010393466963622866,0.0703326125012872,0.6034442453050729,703.3261250128719,9711,12833
nslkdd_v2,RLeaky,rate,43,0.01,0.0920629144158035,0.010096510764662212,0.08186592523941921,0.7149536351593548,818.6592523941921,9711,12833
nslkdd_v2,RLeaky,rate,43,0.001,0.8808418160078334,0.0010393466963622866,0.07249510863968696,0.6256526143536196,724.9510863968696,9711,12833
nslkdd_v2,RLeaky,rate,44,0.01,0.05131402991952161,0.010393466963622866,0.061270723921326334,0.7075508454765059,612.7072392132634,9711,12833
nslkdd_v2,RLeaky,rate,44,0.001,0.9526195485214894,0.0010393466963622866,0.028318401812377717,0.590352996181719,283.18401812377715,9711,12833
nslkdd_v2,RLeaky,rate,45,0.01,0.05131402991952161,0.010096510764662212,0.08114509319328596,0.695316761474324,811.4509319328596,9711,12833
nslkdd_v2,RLeaky,rate,45,0.001,0.733338550038102,0.0011878247958426132,0.07373082071877253,0.6014961427569547,737.3082071877253,9711,12833
nslkdd_v2,RLeaky,rate,46,0.01,0.12491348549501657,0.010244988864142539,0.082483781278962,0.7025637029533235,824.83781278962,9711,12833
nslkdd_v2,RLeaky,rate,46,0.001,0.8840440632783044,0.0010393466963622866,0.06961178045515395,0.5967427725395464,696.1178045515395,9711,12833
nslkdd_v2,RSynaptic,delta,42,0.01,0.5006829772821662,0.012620638455827766,0.031201729996910718,0.7232915140653003,312.01729996910717,9711,12833
nslkdd_v2,RSynaptic,delta,42,0.001,0.9820692503249178,0.0017817371937639199,0.026670785706930284,0.60850931193018,266.70785706930286,9711,12833
nslkdd_v2,RSynaptic,delta,43,0.01,0.05079496574774933,0.010244988864142539,0.03490886623416744,0.694459596353152,349.08866234167436,9711,12833
nslkdd_v2,RSynaptic,delta,43,0.001,0.9820417033101774,0.0013363028953229399,0.026876737720111215,0.5639367256292371,268.76737720111214,9711,12833
nslkdd_v2,RSynaptic,delta,44,0.01,0.2728942150000211,0.014105419450631032,0.03305529811553908,0.7462012000311696,330.5529811553908,9711,12833
nslkdd_v2,RSynaptic,delta,44,0.001,0.9534700691073199,0.0013363028953229399,0.024817217588301927,0.6321203148133718,248.17217588301926,9711,12833
nslkdd_v2,RSynaptic,delta,45,0.01,0.5050028963734052,0.010838901262063846,0.031201729996910718,0.6307956050806515,312.01729996910717,9711,12833
nslkdd_v2,RSynaptic,delta,45,0.001,0.9821637521832925,0.0010393466963622866,0.026670785706930284,0.5596509000233773,266.70785706930286,9711,12833
nslkdd_v2,RSynaptic,delta,46,0.01,0.9121964110709848,0.010838901262063846,0.03171661002986304,0.7101223408400218,317.1661002986304,9711,12833
nslkdd_v2,RSynaptic,delta,46,0.001,0.9998766510857747,0.0010393466963622866,0.0074142724745134385,0.0988077612405517,74.14272474513439,9711,12833
nslkdd_v2,RSynaptic,latency,42,0.01,0.12491348549501669,0.010244988864142539,0.05334157141386057,0.697031091716668,533.4157141386057,9711,12833
nslkdd_v2,RSynaptic,latency,42,0.001,0.881126859017025,0.0013363028953229399,0.027082689733292142,0.6202758513208135,270.8268973329214,9711,12833
nslkdd_v2,RSynaptic,latency,43,0.01,0.06542135502170243,0.010244988864142539,0.07682010091648646,0.7271097950596119,768.2010091648646,9711,12833
nslkdd_v2,RSynaptic,latency,43,0.001,0.9820315480214546,0.0010393466963622866,0.05231181134795593,0.6229252707862541,523.1181134795593,9711,12833
nslkdd_v2,RSynaptic,latency,44,0.01,0.06542135502170243,0.010690423162583519,0.07476058078467716,0.7246162237980207,747.6058078467717,9711,12833
nslkdd_v2,RSynaptic,latency,44,0.001,0.8810567727448494,0.0010393466963622866,0.0535475234270415,0.6467700459752201,535.475234270415,9711,12833
nslkdd_v2,RSynaptic,latency,45,0.01,0.12010093025975765,0.010244988864142539,0.06703738029039234,0.6715499103872827,670.3738029039234,9711,12833
nslkdd_v2,RSynaptic,latency,45,0.001,0.8820125048479177,0.0011878247958426132,0.035526722273710225,0.5803007870334295,355.26722273710226,9711,12833
nslkdd_v2,RSynaptic,latency,46,0.01,0.13461056823265583,0.010244988864142539,0.03243744207599629,0.6806670303124757,324.3744207599629,9711,12833
nslkdd_v2,RSynaptic,latency,46,0.001,0.9820692503249178,0.0010393466963622866,0.02399340953557821,0.5594950518195277,239.9340953557821,9711,12833
nslkdd_v2,RSynaptic,rate,42,0.01,0.1269912294063661,0.010096510764662212,0.07362784471218206,0.6768487493181641,736.2784471218206,9711,12833
nslkdd_v2,RSynaptic,rate,42,0.001,0.8809026486697565,0.0011878247958426132,0.03727731438574812,0.5870022597989558,372.7731438574812,9711,12833
nslkdd_v2,RSynaptic,rate,43,0.01,0.2691392356970971,0.010244988864142539,0.08124806919987643,0.7045118055014415,812.4806919987643,9711,12833
nslkdd_v2,RSynaptic,rate,43,0.001,0.9525754364633023,0.0010393466963622866,0.07259808464627741,0.6325878594249201,725.9808464627741,9711,12833
nslkdd_v2,RSynaptic,rate,44,0.01,0.15161094811997644,0.010096510764662212,0.07651117289671507,0.7137847736304839,765.1117289671506,9711,12833
nslkdd_v2,RSynaptic,rate,44,0.001,0.9820315480214546,0.0010393466963622866,0.05406240345999382,0.583261902906569,540.6240345999382,9711,12833
nslkdd_v2,RSynaptic,rate,45,0.01,0.04990173946148857,0.011135857461024499,0.07908557306147668,0.713473077222785,790.8557306147668,9711,12833
nslkdd_v2,RSynaptic,rate,45,0.001,0.5021313039284786,0.0010393466963622866,0.07136237256719184,0.6646146653159822,713.6237256719185,9711,12833
nslkdd_v2,RSynaptic,rate,46,0.01,0.1598630979429514,0.010096510764662212,0.0813510452064669,0.7044338813995169,813.5104520646689,9711,12833
nslkdd_v2,RSynaptic,rate,46,0.001,0.9549329802085081,0.0010393466963622866,0.07311296467922974,0.5971323930491701,731.1296467922974,9711,12833
nslkdd_v2,SConv2dLSTM,delta,42,0.01,0.27040055998572987,0.012620638455827766,0.03151065801668211,0.6996805111821086,315.1065801668211,9711,12833
nslkdd_v2,SConv2dLSTM,delta,42,0.001,0.9528771315606271,0.0013363028953229399,0.025744001647616106,0.5881711213278267,257.4400164761611,9711,12833
nslkdd_v2,SConv2dLSTM,delta,43,0.01,0.35121435571606086,0.010244988864142539,0.03171661002986304,0.6918101768877114,317.1661002986304,9711,12833
nslkdd_v2,SConv2dLSTM,delta,43,0.001,0.9526973929463806,0.0019302152932442465,0.02677376171352075,0.5999376607184602,267.7376171352075,9711,12833
nslkdd_v2,SConv2dLSTM,delta,44,0.01,0.5006829772821662,0.011432813659985152,0.030789825970548863,0.6869009584664537,307.8982597054886,9711,12833
nslkdd_v2,SConv2dLSTM,delta,44,0.001,0.8827577563886083,0.0017817371937639199,0.026670785706930284,0.6340684173614899,266.70785706930286,9711,12833
nslkdd_v2,SConv2dLSTM,delta,45,0.01,0.13461056823265571,0.010096510764662212,0.03274637009576769,0.6987454219590119,327.4637009576769,9711,12833
nslkdd_v2,SConv2dLSTM,delta,45,0.001,0.952906489275265,0.0011878247958426132,0.02584697765420657,0.589495831060547,258.4697765420657,9711,12833
nslkdd_v2,SConv2dLSTM,delta,46,0.01,0.27040055998572987,0.012917594654788419,0.0350118422407579,0.7016286137302268,350.11842240757903,9711,12833
nslkdd_v2,SConv2dLSTM,delta,46,0.001,0.952887589619536,0.0011878247958426132,0.026876737720111215,0.6071846021974596,268.76737720111214,9711,12833
nslkdd_v2,SConv2dLSTM,latency,42,0.01,0.13461056823265583,0.010244988864142539,0.054268355473174754,0.7096547962284735,542.6835547317476,9711,12833
nslkdd_v2,SConv2dLSTM,latency,42,0.001,0.881572756647184,0.0014847809948032665,0.029657089898053754,0.6234707394997273,296.57089898053755,9711,12833
nslkdd_v2,SConv2dLSTM,latency,43,0.01,0.12208418479249417,0.010096510764662212,0.07887962104829575,0.6820696641471207,788.7962104829576,9711,12833
nslkdd_v2,SConv2dLSTM,latency,43,0.001,0.8808359370194812,0.0010393466963622866,0.04005766656369066,0.5925348710356113,400.5766656369066,9711,12833
nslkdd_v2,SConv2dLSTM,latency,44,0.01,0.12010093025975765,0.010541945063103192,0.030686849963958398,0.666640691966025,306.868499639584,9711,12833
nslkdd_v2,SConv2dLSTM,latency,44,0.001,0.731789183555254,0.0010393466963622866,0.025435073627844713,0.5978337099664927,254.35073627844713,9711,12833
nslkdd_v2,SConv2dLSTM,latency,45,0.01,0.27958732107856454,0.010393466963622866,0.057872515703841006,0.6820696641471207,578.7251570384101,9711,12833
nslkdd_v2,SConv2dLSTM,latency,45,0.001,0.881572756647184,0.0023756495916852265,0.034393986201215115,0.6167692667342008,343.93986201215114,9711,12833
nslkdd_v2,SConv2dLSTM,latency,46,0.01,0.16607476979884583,0.010096510764662212,0.07651117289671507,0.6801215615990026,765.1117289671506,9711,12833
nslkdd_v2,SConv2dLSTM,latency,46,0.001,0.8820125048479177,0.0010393466963622866,0.06755226032334466,0.5773396711602898,675.5226032334466,9711,12833
nslkdd_v2,SConv2dLSTM,rate,42,0.01,0.12132014411300984,0.010393466963622866,0.0474719390382041,0.6348476583807372,474.71939038204096,9711,12833
nslkdd_v2,SConv2dLSTM,rate,42,0.001,0.8810836128292282,0.0010393466963622866,0.023890433528987745,0.5808462557469025,238.90433528987745,9711,12833
nslkdd_v2,SConv2dLSTM,rate,43,0.01,0.11998298978677835,0.010244988864142539,0.079600453094429,0.67942024468168,796.00453094429,9711,12833
nslkdd_v2,SConv2dLSTM,rate,43,0.001,0.881572756647184,0.0010393466963622866,0.044897538873442486,0.6213667887477596,448.9753887344249,9711,12833
nslkdd_v2,SConv2dLSTM,rate,44,0.01,0.05412605222590117,0.010096510764662212,0.07558438883740089,0.6748227226681213,755.8438883740089,9711,12833
nslkdd_v2,SConv2dLSTM,rate,44,0.001,0.9121111571906999,0.0010393466963622866,0.026464833693749357,0.5901971479778696,264.6483369374936,9711,12833
nslkdd_v2,SConv2dLSTM,rate,45,0.01,0.026244453061351924,0.011284335560504826,0.057872515703841006,0.6908750876646147,578.7251570384101,9711,12833
nslkdd_v2,SConv2dLSTM,rate,45,0.001,0.8828822761417952,0.0010393466963622866,0.02399340953557821,0.5970544689472453,239.9340953557821,9711,12833
nslkdd_v2,SConv2dLSTM,rate,46,0.01,0.27958732107856454,0.010096510764662212,0.03130470600350119,0.6784851554585833,313.0470600350119,9711,12833
nslkdd_v2,SConv2dLSTM,rate,46,0.001,0.9525908466540143,0.0013363028953229399,0.02327257748944496,0.6106911867840723,232.7257748944496,9711,12833
nslkdd_v2,SLSTM,delta,42,0.01,0.2720648928036741,0.012472160356347439,0.03192256204304397,0.7246941478999455,319.22562043043973,9711,12833
nslkdd_v2,SLSTM,delta,42,0.001,0.8830333426630044,0.0019302152932442465,0.027288641746473073,0.6028208524896751,272.88641746473076,9711,12833
nslkdd_v2,SLSTM,delta,43,0.01,0.2712336766307476,0.011432813659985152,0.034599938214396046,0.7101223408400218,345.9993821439605,9711,12833
nslkdd_v2,SLSTM,delta,43,0.001,0.9528793531863765,0.0011878247958426132,0.02677376171352075,0.5884828177355256,267.7376171352075,9711,12833
nslkdd_v2,SLSTM,delta,44,0.01,0.27040055998572987,0.011878247958426132,0.03346720214190094,0.7112912023688926,334.67202141900935,9711,12833
nslkdd_v2,SLSTM,delta,44,0.001,0.8815178582989112,0.0013363028953229399,0.027803521779425393,0.6012623704511806,278.0352177942539,9711,12833
nslkdd_v2,SLSTM,delta,45,0.01,0.2717593260228003,0.011284335560504826,0.03192256204304397,0.7052131224187641,319.22562043043973,9711,12833
nslkdd_v2,SLSTM,delta,45,0.001,0.9528841115702416,0.0011878247958426132,0.026670785706930284,0.5742227070833008,266.70785706930286,9711,12833
nslkdd_v2,SLSTM,delta,46,0.01,0.26978636966911784,0.011135857461024499,0.033261250128720006,0.723681134574924,332.6125012872001,9711,12833
nslkdd_v2,SLSTM,delta,46,0.001,0.9528806330073787,0.0013363028953229399,0.027185665739882608,0.5840411439258163,271.8566573988261,9711,12833
nslkdd_v2,SLSTM,latency,42,0.01,0.12042915985514724,0.010096510764662212,0.06765523632993513,0.6837839943894647,676.5523632993513,9711,12833
nslkdd_v2,SLSTM,latency,42,0.001,0.7311520496823312,0.0010393466963622866,0.034393986201215115,0.6004831294319333,343.93986201215114,9711,12833
nslkdd_v2,SLSTM,latency,43,0.01,0.12466931778831636,0.010096510764662212,0.0625064360004119,0.7012389932206031,625.0643600041191,9711,12833
nslkdd_v2,SLSTM,latency,43,0.001,0.7311249847184877,0.0010393466963622866,0.03696838636597673,0.6083534637263306,369.68386365976727,9711,12833
nslkdd_v2,SLSTM,latency,44,0.01,0.269494754859251,0.010096510764662212,0.06590464421789723,0.6830047533702174,659.0464421789723,9711,12833
nslkdd_v2,SLSTM,latency,44,0.001,0.8827362146350026,0.0010393466963622866,0.03542374626711976,0.549520766773163,354.23746267119765,9711,12833
nslkdd_v2,SLSTM,latency,45,0.01,0.26978636966911784,0.010096510764662212,0.06672845227062095,0.660718460219746,667.2845227062095,9711,12833
nslkdd_v2,SLSTM,latency,45,0.001,0.8808027268345544,0.0010393466963622866,0.036865410359386265,0.5435206109249591,368.65410359386266,9711,12833
nslkdd_v2,SLSTM,latency,46,0.01,0.2703536685149138,0.010096510764662212,0.06868499639583978,0.6847190836125614,686.8499639583978,9711,12833
nslkdd_v2,SLSTM,latency,46,0.001,0.8807995639055527,0.0010393466963622866,0.03696838636597673,0.622146029767007,369.68386365976727,9711,12833
nslkdd_v2,SLSTM,rate,42,0.01,0.12132014411300995,0.010541945063103192,0.0760992688703532,0.7048235019091404,760.992688703532,9711,12833
nslkdd_v2,SLSTM,rate,42,0.001,0.8807993061478577,0.0010393466963622866,0.04984038718978478,0.6163796462245773,498.4038718978478,9711,12833
nslkdd_v2,SLSTM,rate,43,0.01,0.12818377934895553,0.010393466963622866,0.07774688497580064,0.6894724538299696,777.4688497580064,9711,12833
nslkdd_v2,SLSTM,rate,43,0.001,0.8812471091126772,0.0010393466963622866,0.04675110699207085,0.6277565651055872,467.5110699207085,9711,12833
nslkdd_v2,SLSTM,rate,44,0.01,0.26901420564335055,0.010096510764662212,0.0752754608176295,0.6929790384165823,752.7546081762949,9711,12833
nslkdd_v2,SLSTM,rate,44,0.001,0.9525802790757735,0.0011878247958426132,0.05797549171043147,0.6278344892075118,579.7549171043147,9711,12833
nslkdd_v2,SLSTM,rate,45,0.01,0.12493445522433111,0.010838901262063846,0.07630522088353414,0.6775500662354866,763.0522088353414,9711,12833
nslkdd_v2,SLSTM,rate,45,0.001,0.7926137371663549,0.0011878247958426132,0.06652250025744001,0.6206654718304372,665.2250025744002,9711,12833
nslkdd_v2,SLSTM,rate,46,0.01,0.13461056823265583,0.010541945063103192,0.08063021316033364,0.6883815164030235,806.3021316033364,9711,12833
nslkdd_v2,SLSTM,rate,46,0.001,0.8808359370194812,0.0010393466963622866,0.07084749253423953,0.6097560975609756,708.4749253423953,9711,12833
nslkdd_v2,Synaptic,delta,42,0.01,0.5050028963734052,0.010244988864142539,0.030377921944187005,0.6843294631029377,303.77921944187005,9711,12833
nslkdd_v2,Synaptic,delta,42,0.001,0.9529077090947896,0.0013363028953229399,0.02636185768715889,0.6225356502766306,263.6185768715889,9711,12833
nslkdd_v2,Synaptic,delta,43,0.01,0.2690822323223977,0.012026726057906459,0.0350118422407579,0.7176030546247955,350.11842240757903,9711,12833
nslkdd_v2,Synaptic,delta,43,0.001,0.9821329165641779,0.0014847809948032665,0.02677376171352075,0.5794436219122575,267.7376171352075,9711,12833
nslkdd_v2,Synaptic,delta,44,0.01,0.2734887368972242,0.011581291759465479,0.031819586036453504,0.6522247331099509,318.19586036453506,9711,12833
nslkdd_v2,Synaptic,delta,44,0.001,0.9533981462846046,0.0014847809948032665,0.027288641746473073,0.5897296033663212,272.88641746473076,9711,12833
nslkdd_v2,Synaptic,delta,45,0.01,0.12493445522433111,0.011581291759465479,0.03254041808258676,0.6629003350736383,325.40418082586757,9711,12833
nslkdd_v2,Synaptic,delta,45,0.001,0.9529577873176318,0.0010393466963622866,0.026979713726701677,0.5812358762565262,269.79713726701675,9711,12833
nslkdd_v2,Synaptic,delta,46,0.01,0.269478886569939,0.012323682256867112,0.03295232210894861,0.7066157562534092,329.5232210894861,9711,12833
nslkdd_v2,Synaptic,delta,46,0.001,0.952906489275265,0.0017817371937639199,0.028009473792606324,0.6284578820229096,280.09473792606326,9711,12833
nslkdd_v2,Synaptic,latency,42,0.01,0.06542135502170243,0.010244988864142539,0.08155699721964782,0.7230577417595262,815.5699721964781,9711,12833
nslkdd_v2,Synaptic,latency,42,0.001,0.881572756647184,0.0010393466963622866,0.07455462877149624,0.6320423907114471,745.5462877149624,9711,12833
nslkdd_v2,Synaptic,latency,43,0.01,0.04754194281094404,0.010096510764662212,0.08165997322623829,0.6996805111821086,816.5997322623829,9711,12833
nslkdd_v2,Synaptic,latency,43,0.001,0.734636872108621,0.0010393466963622866,0.028833281845330037,0.6254967661497701,288.3328184533004,9711,12833
nslkdd_v2,Synaptic,latency,44,0.01,0.11920365501783159,0.010393466963622866,0.08268973329214294,0.648796072625263,826.8973329214293,9711,12833
nslkdd_v2,Synaptic,latency,44,0.001,0.8815003815004369,0.0010393466963622866,0.062403459993821436,0.5905867684874931,624.0345999382143,9711,12833
nslkdd_v2,Synaptic,latency,45,0.01,0.04990173946148857,0.011284335560504826,0.05282669138090825,0.7232915140653003,528.2669138090826,9711,12833
nslkdd_v2,Synaptic,latency,45,0.001,0.7325127301416849,0.0011878247958426132,0.026876737720111215,0.6546403802696174,268.76737720111214,9711,12833
nslkdd_v2,Synaptic,latency,46,0.01,0.13369048479093326,0.010393466963622866,0.08001235712079086,0.7387984103483207,800.1235712079085,9711,12833
nslkdd_v2,Synaptic,latency,46,0.001,0.886299834402579,0.0010393466963622866,0.07280403665945835,0.6528481259253487,728.0403665945835,9711,12833
nslkdd_v2,Synaptic,rate,42,0.01,0.5000000002092101,0.010393466963622866,0.052105859334775,0.6383542429673498,521.0585933477499,9711,12833
nslkdd_v2,Synaptic,rate,42,0.001,0.9525741271017814,0.0010393466963622866,0.0335701781484914,0.5548196057040443,335.70178148491397,9711,12833
nslkdd_v2,Synaptic,rate,43,0.01,0.2689414218172418,0.010541945063103192,0.07733498094943878,0.6759136600950674,773.3498094943877,9711,12833
nslkdd_v2,Synaptic,rate,43,0.001,0.9525741269251996,0.0010393466963622866,0.06436000411904026,0.5975220135587938,643.6000411904026,9711,12833
nslkdd_v2,Synaptic,rate,44,0.01,0.268941422073407,0.010096510764662212,0.059211203789517046,0.6650822099275305,592.1120378951705,9711,12833
nslkdd_v2,Synaptic,rate,44,0.001,0.9525741268602389,0.0010393466963622866,0.04881062712388014,0.5783526844853113,488.10627123880136,9711,12833
nslkdd_v2,Synaptic,rate,45,0.01,0.5000000015458652,0.012175204157386786,0.0732159406858202,0.685965869243357,732.159406858202,9711,12833
nslkdd_v2,Synaptic,rate,45,0.001,0.9525741269840602,0.0010393466963622866,0.06343322005972608,0.5883269695316762,634.3322005972608,9711,12833
nslkdd_v2,Synaptic,rate,46,0.01,0.2689414225857375,0.010244988864142539,0.07280403665945835,0.6546403802696174,728.0403665945835,9711,12833
nslkdd_v2,Synaptic,rate,46,0.001,0.9525741268363411,0.0011878247958426132,0.027082689733292142,0.6001714330242344,270.8268973329214,9711,12833
