protocol,neuron,encoding,seed,class,precision,recall,f1,support
cicids2017_v2,Alpha,delta,42,normal,0.9727253013489666,0.9930777819129141,0.9827961843170179,523965
cicids2017_v2,Alpha,delta,42,dos,0.6493074197358532,0.320082574634766,0.4287892217691899,18892
cicids2017_v2,Alpha,delta,42,probe,0.9869802411406042,0.9905677739946628,0.9887707534388133,21734
cicids2017_v2,Alpha,delta,42,r2l,0.0,0.0,0.0,1561
cicids2017_v2,Alpha,delta,42,u2r,0.0,0.0,0.0,0
cicids2017_v2,Alpha,delta,43,normal,0.9726872757610562,0.9924040727911215,0.9824467597687783,523965
cicids2017_v2,Alpha,delta,43,dos,0.6269413957341065,0.3205060343002329,0.42416812609457094,18892
cicids2017_v2,Alpha,delta,43,probe,0.985624685253857,0.9905677739946628,0.9880900475021227,21734
cicids2017_v2,Alpha,delta,43,r2l,0.0,0.0,0.0,1561
cicids2017_v2,Alpha,delta,43,u2r,0.0,0.0,0.0,0
cicids2017_v2,Alpha,delta,44,normal,0.9831916052683431,0.9713568654394855,0.9772384058339726,523965
cicids2017_v2,Alpha,delta,44,dos,0.4259796806966618,0.5903557061189921,0.4948750942893908,18892
cicids2017_v2,Alpha,delta,44,probe,0.9870040726673683,0.9924082083371676,0.9896987633927548,21734
cicids2017_v2,Alpha,delta,44,r2l,0.0,0.0,0.0,1561
cicids2017_v2,Alpha,delta,44,u2r,0.0,0.0,0.0,0
cicids2017_v2,Alpha,delta,45,normal,0.9726209651801164,0.993390779918506,0.9828961618099571,523965
cicids2017_v2,Alpha,delta,45,dos,0.6585125054848617,0.3177535464746983,0.4286632390745501,18892
cicids2017_v2,Alpha,delta,45,probe,0.9874329220749438,0.9905677739946628,0.9889978638858902,21734
cicids2017_v2,Alpha,delta,45,r2l,0.0,0.0,0.0,1561
cicids2017_v2,Alpha,delta,45,u2r,0.0,0.0,0.0,0
cicids2017_v2,Alpha,delta,46,normal,0.9739127014747031,0.9924498773773057,0.9830939131470465,523965
cicids2017_v2,Alpha,delta,46,dos,0.6518624641833811,0.3612640271014186,0.46488658810707717,18892
cicids2017_v2,Alpha,delta,46,probe,0.9855592347314202,0.9860126989969633,0.9857859147154883,21734
cicids2017_v2,Alpha,delta,46,r2l,0.0,0.0,0.0,1561
cicids2017_v2,Alpha,delta,46,u2r,0.0,0.0,0.0,0
cicids2017_v2,Alpha,latency,42,normal,0.9938329117575063,0.9995724905289476,0.9966944382067375,523965
cicids2017_v2,Alpha,latency,42,dos,0.9834981458590852,0.8423142070717764,0.9074475364963503,18892
cicids2017_v2,Alpha,latency,42,probe,0.9999533560333971,0.9863807858654643,0.9931207004377736,21734
cicids2017_v2,Alpha,latency,42,r2l,0.9706840390879479,0.9545163356822549,0.962532299741602,1561
cicids2017_v2,Alpha,latency,42,u2r,0.0,0.0,0.0,0
cicids2017_v2,Alpha,latency,43,normal,0.9935190090711086,0.9985476129130763,0.9960269641018026,523965
cicids2017_v2,Alpha,latency,43,dos,0.9496658438196158,0.8349036629261063,0.8885946874735923,18892
cicids2017_v2,Alpha,latency,43,probe,0.9999069031327096,0.988359252783657,0.9940995441608627,21734
cicids2017_v2,Alpha,latency,43,r2l,0.9902574808629089,0.9115951313260731,0.9492995330220146,1561
cicids2017_v2,Alpha,latency,43,u2r,0.0,0.0,0.0,0
cicids2017_v2,Alpha,latency,44,normal,0.9935378479857476,0.9994236256238489,0.996472045623643,523965
cicids2017_v2,Alpha,latency,44,dos,0.9780718101627531,0.8334215540969723,0.8999714204058302,18892
cicids2017_v2,Alpha,latency,44,probe,0.9998136240797689,0.9873010030367166,0.9935179183257709,21734
cicids2017_v2,Alpha,latency,44,r2l,0.9775725593667546,0.9493914157591288,0.9632759181020475,1561
cicids2017_v2,Alpha,latency,44,u2r,0.0,0.0,0.0,0
cicids2017_v2,Alpha,latency,45,normal,0.9953835092177644,0.99872510568454,0.9970515076370239,523965
cicids2017_v2,Alpha,latency,45,dos,0.9580676661496927,0.8828604700402287,0.9189278532271838,18892
cicids2017_v2,Alpha,latency,45,probe,0.9996275605214152,0.9879451550565933,0.9937520248067756,21734
cicids2017_v2,Alpha,latency,45,r2l,0.9745430809399478,0.9564381806534273,0.9654057549304882,1561
cicids2017_v2,Alpha,latency,45,u2r,0.0,0.0,0.0,0
cicids2017_v2,Alpha,latency,46,normal,0.9953322204180657,0.9990953594228622,0.9972102397250815,523965
cicids2017_v2,Alpha,latency,46,dos,0.9692609926619287,0.8879419860258311,0.9268211829056051,18892
cicids2017_v2,Alpha,latency,46,probe,0.9999534688939556,0.9887733505107206,0.994331983805668,21734
cicids2017_v2,Alpha,latency,46,r2l,0.9778729478943612,0.877642536835362,0.925050641458474,1561
cicids2017_v2,Alpha,latency,46,u2r,0.0,0.0,0.0,0
cicids2017_v2,Alpha,rate,42,normal,0.9904473628845931,0.9973242487570735,0.993873910198865,523965
cicids2017_v2,Alpha,rate,42,dos,0.9141104294478528,0.7808066906627144,0.8422164492277827,18892
cicids2017_v2,Alpha,rate,42,probe,0.9995814342851828,0.9889113830864084,0.9942177814783977,21734
cicids2017_v2,Alpha,rate,42,r2l,0.9105322763306908,0.5150544522741832,0.6579378068739771,1561
cicids2017_v2,Alpha,rate,42,u2r,0.0,0.0,0.0,0
cicids2017_v2,Alpha,rate,43,normal,0.9916300520986553,0.9971562986077315,0.9943854974544416,523965
cicids2017_v2,Alpha,rate,43,dos,0.9118503118503118,0.8125661655727292,0.8593500713745906,18892
cicids2017_v2,Alpha,rate,43,probe,0.9992086397914534,0.987623079046655,0.9933820807108479,21734
cicids2017_v2,Alpha,rate,43,r2l,0.9164882226980728,0.5483664317745035,0.6861723446893787,1561
cicids2017_v2,Alpha,rate,43,u2r,0.0,0.0,0.0,0
cicids2017_v2,Alpha,rate,44,normal,0.992209276714035,0.9972975294151327,0.9947468963475748,523965
cicids2017_v2,Alpha,rate,44,dos,0.9165259910355666,0.8334215540969723,0.8730004712927282,18892
cicids2017_v2,Alpha,rate,44,probe,0.9996278723602195,0.9887733505107206,0.9941709844559585,21734
cicids2017_v2,Alpha,rate,44,r2l,0.9118727050183598,0.47725816784112746,0.6265769554247267,1561
cicids2017_v2,Alpha,rate,44,u2r,0.0,0.0,0.0,0
cicids2017_v2,Alpha,rate,45,normal,0.9920774296926468,0.997299437939557,0.9946815800694402,523965
cicids2017_v2,Alpha,rate,45,dos,0.917825164938737,0.8247406309549016,0.8687966990074718,18892
cicids2017_v2,Alpha,rate,45,probe,0.9988378039142765,0.9885893070764701,0.9936871314602844,21734
cicids2017_v2,Alpha,rate,45,r2l,0.9064516129032258,0.5400384368994234,0.676836611802489,1561
cicids2017_v2,Alpha,rate,45,u2r,0.0,0.0,0.0,0
cicids2017_v2,Alpha,rate,46,normal,0.9902211375767141,0.9974139494050175,0.9938045288931823,523965
cicids2017_v2,Alpha,rate,46,dos,0.9167343876976933,0.7762544992589456,0.840666112528304,18892
cicids2017_v2,Alpha,rate,46,probe,0.9991161557426618,0.9882212202079691,0.9936388239920427,21734
cicids2017_v2,Alpha,rate,46,r2l,0.9071925754060325,0.5009609224855862,0.6454808089145687,1561
cicids2017_v2,Alpha,rate,46,u2r,0.0,0.0,0.0,0
cicids2017_v2,Lapicque,delta,42,normal,0.9727616419300195,0.9929403681543615,0.9827474336488795,523965
cicids2017_v2,Lapicque,delta,42,dos,0.673458027165442,0.32018843955113274,0.4340245389969147,18892
cicids2017_v2,Lapicque,delta,42,probe,0.9862368541380887,0.9924082083371676,0.9893129070727457,21734
cicids2017_v2,Lapicque,delta,42,r2l,0.0,0.0,0.0,1561
cicids2017_v2,Lapicque,delta,42,u2r,0.0,0.0,0.0,0
cicids2017_v2,Lapicque,delta,43,normal,0.9727147376712111,0.9922742931302664,0.9823971672212428,523965
cicids2017_v2,Lapicque,delta,43,dos,0.6436243751994044,0.32034723692568284,0.42777875949814453,18892
cicids2017_v2,Lapicque,delta,43,probe,0.9876141107390247,0.9905677739946628,0.9890887372797648,21734
cicids2017_v2,Lapicque,delta,43,r2l,0.0,0.0,0.0,1561
cicids2017_v2,Lapicque,delta,43,u2r,0.0,0.0,0.0,0
cicids2017_v2,Lapicque,delta,44,normal,0.9832394879495658,0.9834721784852042,0.9833558194520511,523965
cicids2017_v2,Lapicque,delta,44,dos,0.5509100828249764,0.5879737455007411,0.5688388170528742,18892
cicids2017_v2,Lapicque,delta,44,probe,0.9865279750721716,0.9905677739946628,0.9885437472736873,21734
cicids2017_v2,Lapicque,delta,44,r2l,0.0,0.0,0.0,1561
cicids2017_v2,Lapicque,delta,44,u2r,0.0,0.0,0.0,0
cicids2017_v2,Lapicque,delta,45,normal,0.9733147902704923,0.9950950922294428,0.9840844425780089,523965
cicids2017_v2,Lapicque,delta,45,dos,0.7423570595099184,0.3367562989625238,0.4633311484961037,18892
cicids2017_v2,Lapicque,delta,45,probe,0.9867992849612688,0.9905677739946628,0.9886799384629514,21734
cicids2017_v2,Lapicque,delta,45,r2l,0.0,0.0,0.0,1561
cicids2017_v2,Lapicque,delta,45,u2r,0.0,0.0,0.0,0
cicids2017_v2,Lapicque,delta,46,normal,0.9727503854668722,0.9945626139150516,0.9835355801143554,523965
cicids2017_v2,Lapicque,delta,46,dos,0.699559879545981,0.31971204742748255,0.43885780716413575,18892
cicids2017_v2,Lapicque,delta,46,probe,0.9876141107390247,0.9905677739946628,0.9890887372797648,21734
cicids2017_v2,Lapicque,delta,46,r2l,0.0,0.0,0.0,1561
cicids2017_v2,Lapicque,delta,46,u2r,0.0,0.0,0.0,0
cicids2017_v2,Lapicque,latency,42,normal,0.9973809473922808,0.9993491931712996,0.9983641001979096,523965
cicids2017_v2,Lapicque,latency,42,dos,0.976540558400793,0.938651280965488,0.9572211276348817,18892
cicids2017_v2,Lapicque,latency,42,probe,0.9997683254563988,0.9927762952056686,0.9962600424785298,21734
cicids2017_v2,Lapicque,latency,42,r2l,0.9914529914529915,0.891736066623959,0.9389544688026982,1561
cicids2017_v2,Lapicque,latency,42,u2r,0.0,0.0,0.0,0
cicids2017_v2,Lapicque,latency,43,normal,0.9972043313819515,0.9993606443178457,0.9982813234286215,523965
cicids2017_v2,Lapicque,latency,43,dos,0.9779237264749711,0.937910226550921,0.9574991218826835,18892
cicids2017_v2,Lapicque,latency,43,probe,0.9998606336523275,0.990291708843287,0.9950531668978271,21734
cicids2017_v2,Lapicque,latency,43,r2l,0.9892627057981389,0.8853299167200512,0.9344151453684922,1561
cicids2017_v2,Lapicque,latency,43,u2r,0.0,0.0,0.0,0
cicids2017_v2,Lapicque,latency,44,normal,0.9970975298531625,0.999200328266201,0.9981478215693471,523965
cicids2017_v2,Lapicque,latency,44,dos,0.9726179258355967,0.9288058437433835,0.9502071318333198,18892
cicids2017_v2,Lapicque,latency,44,probe,0.9999072786277237,0.992362197478605,0.9961204507666728,21734
cicids2017_v2,Lapicque,latency,44,r2l,0.98559670781893,0.9205637411915438,0.9519708512752567,1561
cicids2017_v2,Lapicque,latency,44,u2r,0.0,0.0,0.0,0
cicids2017_v2,Lapicque,latency,45,normal,0.9969718265599379,0.9990724571297701,0.9980210364964338,523965
cicids2017_v2,Lapicque,latency,45,dos,0.9687967632877016,0.9252593690450984,0.946527683768783,18892
cicids2017_v2,Lapicque,latency,45,probe,0.9998609695059784,0.9926842734885433,0.9962596970816402,21734
cicids2017_v2,Lapicque,latency,45,r2l,0.9903647625602202,0.9218449711723254,0.9548772395487723,1561
cicids2017_v2,Lapicque,latency,45,u2r,0.0,0.0,0.0,0
cicids2017_v2,Lapicque,latency,46,normal,0.996842003072337,0.9994446193925167,0.9981416146795286,523965
cicids2017_v2,Lapicque,latency,46,dos,0.9800673778775969,0.9239360575905146,0.9511743229251812,18892
cicids2017_v2,Lapicque,latency,46,probe,0.9998144540309861,0.9917180454587282,0.9957497921093966,21734
cicids2017_v2,Lapicque,latency,46,r2l,0.9882026370575989,0.9122357463164638,0.9487008660892738,1561
cicids2017_v2,Lapicque,latency,46,u2r,0.0,0.0,0.0,0
cicids2017_v2,Lapicque,rate,42,normal,0.9941521802817759,0.9973795959653794,0.995763272997844,523965
cicids2017_v2,Lapicque,rate,42,dos,0.9275436793422405,0.8598877831886513,0.8924353128605175,18892
cicids2017_v2,Lapicque,rate,42,probe,0.9999072872241795,0.9924542191957302,0.9961668129127603,21734
cicids2017_v2,Lapicque,rate,42,r2l,0.8763716166788588,0.7674567584881486,0.8183060109289617,1561
cicids2017_v2,Lapicque,rate,42,u2r,0.0,0.0,0.0,0
cicids2017_v2,Lapicque,rate,43,normal,0.9910608250903972,0.9970246104224518,0.9940337727848324,523965
cicids2017_v2,Lapicque,rate,43,dos,0.9028948332722609,0.7825534617827652,0.8384279475982532,18892
cicids2017_v2,Lapicque,rate,43,probe,0.9999071925754061,0.9914419803073525,0.995656593660475,21734
cicids2017_v2,Lapicque,rate,43,r2l,0.9470802919708029,0.6649583600256246,0.7813323296951449,1561
cicids2017_v2,Lapicque,rate,43,u2r,0.0,0.0,0.0,0
cicids2017_v2,Lapicque,rate,44,normal,0.9944064222418466,0.9971753838519748,0.9957889781577661,523965
cicids2017_v2,Lapicque,rate,44,dos,0.9190283400809717,0.877143764556426,0.8975977033285486,18892
cicids2017_v2,Lapicque,rate,44,probe,0.9999072915218097,0.9925002300542928,0.9961899923799847,21734
cicids2017_v2,Lapicque,rate,44,r2l,0.9350046425255338,0.6450992953235106,0.7634571645185747,1561
cicids2017_v2,Lapicque,rate,44,u2r,0.0,0.0,0.0,0
cicids2017_v2,Lapicque,rate,45,normal,0.993721881040765,0.9977956542898858,0.9957546010867764,523965
cicids2017_v2,Lapicque,rate,45,dos,0.932474050416334,0.8654456912979038,0.8977104266183495,18892
cicids2017_v2,Lapicque,rate,45,probe,0.999953637164449,0.992362197478605,0.9961434542641388,21734
cicids2017_v2,Lapicque,rate,45,r2l,0.9593852908891328,0.5598975016015375,0.7071197411003236,1561
cicids2017_v2,Lapicque,rate,45,u2r,0.0,0.0,0.0,0
cicids2017_v2,Lapicque,rate,46,normal,0.9915209075720135,0.9978261906806752,0.9946635567536922,523965
cicids2017_v2,Lapicque,rate,46,dos,0.9306862806208315,0.7903345331357188,0.8547874624302275,18892
cicids2017_v2,Lapicque,rate,46,probe,0.9998608727913556,0.991994110610104,0.9959119569485184,21734
cicids2017_v2,Lapicque,rate,46,r2l,0.9076175040518638,0.7174887892376681,0.8014311270125224,1561
cicids2017_v2,Lapicque,rate,46,u2r,0.0,0.0,0.0,0
cicids2017_v2,Leaky,delta,42,normal,0.97279469296226,0.9918601433301842,0.9822349104469008,523965
cicids2017_v2,Leaky,delta,42,dos,0.6290188757519187,0.32103535888206647,0.425106890025934,18892
cicids2017_v2,Leaky,delta,42,probe,0.9877272519118927,0.9924082083371676,0.9900621973330885,21734
cicids2017_v2,Leaky,delta,42,r2l,0.0,0.0,0.0,1561
cicids2017_v2,Leaky,delta,42,u2r,0.0,0.0,0.0,0
cicids2017_v2,Leaky,delta,43,normal,0.9758656932114638,0.9923391829606939,0.9840334981429348,523965
cicids2017_v2,Leaky,delta,43,dos,0.6788238373614868,0.4118145246665255,0.5126346654366949,18892
cicids2017_v2,Leaky,delta,43,probe,0.9877047300087168,0.9905677739946628,0.9891341802393696,21734
cicids2017_v2,Leaky,delta,43,r2l,0.0,0.0,0.0,1561
cicids2017_v2,Leaky,delta,43,u2r,0.0,0.0,0.0,0
cicids2017_v2,Leaky,delta,44,normal,0.9733407261992177,0.9916998272785396,0.9824345134726081,523965
cicids2017_v2,Leaky,delta,44,dos,0.6352025543803632,0.3369680287952573,0.44034031956837516,18892
cicids2017_v2,Leaky,delta,44,probe,0.9873655298695354,0.9924082083371676,0.989880447004291,21734
cicids2017_v2,Leaky,delta,44,r2l,0.0,0.0,0.0,1561
cicids2017_v2,Leaky,delta,44,u2r,0.0,0.0,0.0,0
cicids2017_v2,Leaky,delta,45,normal,0.9759586328572233,0.9923964386934242,0.9841088994137714,523965
cicids2017_v2,Leaky,delta,45,dos,0.6808845380648545,0.4123438492483591,0.513632017934263,18892
cicids2017_v2,Leaky,delta,45,probe,0.9873203332417834,0.9924082083371676,0.9898577329050023,21734
cicids2017_v2,Leaky,delta,45,r2l,0.0,0.0,0.0,1561
cicids2017_v2,Leaky,delta,45,u2r,0.0,0.0,0.0,0
cicids2017_v2,Leaky,delta,46,normal,0.9728587872128918,0.9936522477646408,0.9831455847210302,523965
cicids2017_v2,Leaky,delta,46,dos,0.6646241383083489,0.3215117510057167,0.43337733223930647,18892
cicids2017_v2,Leaky,delta,46,probe,0.9873203332417834,0.9924082083371676,0.9898577329050023,21734
cicids2017_v2,Leaky,delta,46,r2l,0.0,0.0,0.0,1561
cicids2017_v2,Leaky,delta,46,u2r,0.0,0.0,0.0,0
cicids2017_v2,Leaky,latency,42,normal,0.9981967694342888,0.9994331682459706,0.9988145862162031,523965
cicids2017_v2,Leaky,latency,42,dos,0.9807786019816991,0.9588185475333475,0.9696742592543026,18892
cicids2017_v2,Leaky,latency,42,probe,0.9999074288359177,0.9939725775282967,0.9969311705392372,21734
cicids2017_v2,Leaky,latency,42,r2l,0.9924242424242424,0.923126201153107,0.9565217391304348,1561
cicids2017_v2,Leaky,latency,42,u2r,0.0,0.0,0.0,0
cicids2017_v2,Leaky,latency,43,normal,0.997956631797249,0.9992117794127471,0.9985838111977142,523965
cicids2017_v2,Leaky,latency,43,dos,0.9746869602763385,0.9559072623332627,0.9652057723142704,18892
cicids2017_v2,Leaky,latency,43,probe,0.9999071149916403,0.9906137848532254,0.995238755604863,21734
cicids2017_v2,Leaky,latency,43,r2l,0.9903381642512077,0.9192825112107623,0.9534883720930233,1561
cicids2017_v2,Leaky,latency,43,u2r,0.0,0.0,0.0,0
cicids2017_v2,Leaky,latency,44,normal,0.9981759893875746,0.9995152347962173,0.9988451631791103,523965
cicids2017_v2,Leaky,latency,44,dos,0.9837834906172036,0.9601418589879314,0.9718189124028931,18892
cicids2017_v2,Leaky,latency,44,probe,0.9998609823911029,0.9927762952056686,0.9963060442351203,21734
cicids2017_v2,Leaky,latency,44,r2l,0.9897189856065799,0.9250480461242793,0.9562913907284768,1561
cicids2017_v2,Leaky,latency,44,u2r,0.0,0.0,0.0,0
cicids2017_v2,Leaky,latency,45,normal,0.998265192906736,0.9993873636597864,0.9988259630965199,523965
cicids2017_v2,Leaky,latency,45,dos,0.9789541848793913,0.9602477239042981,0.9695107286962563,18892
cicids2017_v2,Leaky,latency,45,probe,0.9999073945455388,0.9936044906597957,0.9967459786296186,21734
cicids2017_v2,Leaky,latency,45,r2l,0.9876627827278959,0.923126201153107,0.9543046357615894,1561
cicids2017_v2,Leaky,latency,45,u2r,0.0,0.0,0.0,0
cicids2017_v2,Leaky,latency,46,normal,0.9979991463024224,0.9995438626625824,0.9987709072115994,523965
cicids2017_v2,Leaky,latency,46,dos,0.9839379370629371,0.9533135718822782,0.9683836971717389,18892
cicids2017_v2,Leaky,latency,46,probe,0.9999073859689743,0.9935124689426704,0.9966996699669967,21734
cicids2017_v2,Leaky,latency,46,r2l,0.9843430905377808,0.9263292761050609,0.9544554455445544,1561
cicids2017_v2,Leaky,latency,46,u2r,0.0,0.0,0.0,0
cicids2017_v2,Leaky,rate,42,normal,0.9917973544381359,0.9978204651074022,0.9947997929811476,523965
cicids2017_v2,Leaky,rate,42,dos,0.9320611636001989,0.7937222104594538,0.857347055460263,18892
cicids2017_v2,Leaky,rate,42,probe,0.9999072958190415,0.9925462409128555,0.9962131707767617,21734
cicids2017_v2,Leaky,rate,42,r2l,0.8992481203007519,0.766175528507367,0.8273953649256313,1561
cicids2017_v2,Leaky,rate,42,u2r,0.0,0.0,0.0,0
cicids2017_v2,Leaky,rate,43,normal,0.9934225663590606,0.997070415008636,0.9952431480948779,523965
cicids2017_v2,Leaky,rate,43,dos,0.9139313527545428,0.8386089349989414,0.8746515030226074,18892
cicids2017_v2,Leaky,rate,43,probe,0.999860691896912,0.9907058065703506,0.9952621969539394,21734
cicids2017_v2,Leaky,rate,43,r2l,0.9071117561683599,0.8007687379884689,0.8506294658046955,1561
cicids2017_v2,Leaky,rate,43,u2r,0.0,0.0,0.0,0
cicids2017_v2,Leaky,rate,44,normal,0.9919182987250305,0.9976506064336358,0.9947761946719089,523965
cicids2017_v2,Leaky,rate,44,dos,0.9288384921851057,0.8021384713106077,0.8608515352060669,18892
cicids2017_v2,Leaky,rate,44,probe,0.9998147290412228,0.9931903929327321,0.9964915520265903,21734
cicids2017_v2,Leaky,rate,44,r2l,0.9349662162162162,0.709160794362588,0.8065573770491803,1561
cicids2017_v2,Leaky,rate,44,u2r,0.0,0.0,0.0,0
cicids2017_v2,Leaky,rate,45,normal,0.9929688909997625,0.9975360949681753,0.9952472532703696,523965
cicids2017_v2,Leaky,rate,45,dos,0.9244844612256753,0.8424200719881432,0.8815465145262692,18892
cicids2017_v2,Leaky,rate,45,probe,0.9996293722492472,0.9927762952056686,0.9961910478081212,21734
cicids2017_v2,Leaky,rate,45,r2l,0.9451612903225807,0.5631005765534913,0.7057406663990365,1561
cicids2017_v2,Leaky,rate,45,u2r,0.0,0.0,0.0,0
cicids2017_v2,Leaky,rate,46,normal,0.991356510297678,0.9979483362438331,0.9946415018251612,523965
cicids2017_v2,Leaky,rate,46,dos,0.9332623802667,0.7890641541393182,0.8551269181127205,18892
cicids2017_v2,Leaky,rate,46,probe,0.9998609759488392,0.9927302843471059,0.9962828711934061,21734
cicids2017_v2,Leaky,rate,46,r2l,0.9306409130816505,0.6790518898142216,0.7851851851851852,1561
cicids2017_v2,Leaky,rate,46,u2r,0.0,0.0,0.0,0
cicids2017_v2,LeakyParallel,delta,42,normal,0.9765871643765597,0.9918315154638192,0.984150310242598,523965
cicids2017_v2,LeakyParallel,delta,42,dos,0.6948949974389619,0.4308702096125344,0.5319218453897928,18892
cicids2017_v2,LeakyParallel,delta,42,probe,0.9876367965566188,0.9924082083371676,0.9900167534941363,21734
cicids2017_v2,LeakyParallel,delta,42,r2l,0.0,0.0,0.0,1561
cicids2017_v2,LeakyParallel,delta,42,u2r,0.0,0.0,0.0,0
cicids2017_v2,LeakyParallel,delta,43,normal,0.9832771512333005,0.9825828061034612,0.9829298560464317,523965
cicids2017_v2,LeakyParallel,delta,43,dos,0.5482884482588537,0.588397205166208,0.5676351937905326,18892
cicids2017_v2,LeakyParallel,delta,43,probe,0.9875915750915751,0.9924082083371676,0.9899940331390279,21734
cicids2017_v2,LeakyParallel,delta,43,r2l,0.0,0.0,0.0,1561
cicids2017_v2,LeakyParallel,delta,43,u2r,0.0,0.0,0.0,0
cicids2017_v2,LeakyParallel,delta,44,normal,0.9758880367205929,0.9925090416344603,0.9841283658859218,523965
cicids2017_v2,LeakyParallel,delta,44,dos,0.7057327155446534,0.4111793351683252,0.5196160406702566,18892
cicids2017_v2,LeakyParallel,delta,44,probe,0.9877272519118927,0.9924082083371676,0.9900621973330885,21734
cicids2017_v2,LeakyParallel,delta,44,r2l,0.0,0.0,0.0,1561
cicids2017_v2,LeakyParallel,delta,44,u2r,0.0,0.0,0.0,0
cicids2017_v2,LeakyParallel,delta,45,normal,0.9733818173651686,0.9926445468685885,0.9829188159489899,523965
cicids2017_v2,LeakyParallel,delta,45,dos,0.6670851642603055,0.33749735337709086,0.4482249560632689,18892
cicids2017_v2,LeakyParallel,delta,45,probe,0.9876367965566188,0.9924082083371676,0.9900167534941363,21734
cicids2017_v2,LeakyParallel,delta,45,r2l,0.0,0.0,0.0,1561
cicids2017_v2,LeakyParallel,delta,45,u2r,0.0,0.0,0.0,0
cicids2017_v2,LeakyParallel,delta,46,normal,0.9758901200334698,0.9927514242363517,0.9842485640734051,523965
cicids2017_v2,LeakyParallel,delta,46,dos,0.692465448060633,0.4110734702519585,0.515893313847278,18892
cicids2017_v2,LeakyParallel,delta,46,probe,0.9877272519118927,0.9924082083371676,0.9900621973330885,21734
cicids2017_v2,LeakyParallel,delta,46,r2l,0.0,0.0,0.0,1561
cicids2017_v2,LeakyParallel,delta,46,u2r,0.0,0.0,0.0,0
cicids2017_v2,LeakyParallel,latency,42,normal,0.9981286433807905,0.9996297462616778,0.9988786308616806,523965
cicids2017_v2,LeakyParallel,latency,42,dos,0.9868399497624638,0.9565953842896464,0.9714823276441339,18892
cicids2017_v2,LeakyParallel,latency,42,probe,0.9999074845036544,0.9945707186896108,0.9972319616165344,21734
cicids2017_v2,LeakyParallel,latency,42,r2l,0.9909722222222223,0.9141575912876362,0.9510163278907031,1561
cicids2017_v2,LeakyParallel,latency,42,u2r,0.0,0.0,0.0,0
cicids2017_v2,LeakyParallel,latency,43,normal,0.9975870087294629,0.9989102325537011,0.9982481821432829,523965
cicids2017_v2,LeakyParallel,latency,43,dos,0.9665001628841351,0.9422506881219563,0.9542213883677299,18892
cicids2017_v2,LeakyParallel,latency,43,probe,0.9998149604477957,0.9944326861139229,0.9971165601716223,21734
cicids2017_v2,LeakyParallel,latency,43,r2l,0.9909407665505227,0.9109545163356823,0.9492656875834445,1561
cicids2017_v2,LeakyParallel,latency,43,u2r,0.0,0.0,0.0,0
cicids2017_v2,LeakyParallel,latency,44,normal,0.9980258281136559,0.9995724905289476,0.9987985605611295,523965
cicids2017_v2,LeakyParallel,latency,44,dos,0.985188019239178,0.9541075587550286,0.9693987307733678,18892
cicids2017_v2,LeakyParallel,latency,44,probe,0.9999074116939031,0.9937885340940462,0.996838583131418,21734
cicids2017_v2,LeakyParallel,latency,44,r2l,0.9910344827586207,0.9205637411915438,0.9545001660577881,1561
cicids2017_v2,LeakyParallel,latency,44,u2r,0.0,0.0,0.0,0
cicids2017_v2,LeakyParallel,latency,45,normal,0.9983123923792597,0.9991621577777141,0.9987370943249368,523965
cicids2017_v2,LeakyParallel,latency,45,dos,0.9755427463233314,0.9585538852424307,0.9669737017754639,18892
cicids2017_v2,LeakyParallel,latency,45,probe,0.9996763604419991,0.9948467838409865,0.9972557249267809,21734
cicids2017_v2,LeakyParallel,latency,45,r2l,0.982444733420026,0.9679692504804612,0.9751532752500807,1561
cicids2017_v2,LeakyParallel,latency,45,u2r,0.0,0.0,0.0,0
cicids2017_v2,LeakyParallel,latency,46,normal,0.9976874560683324,0.9995877587243422,0.9986367033771623,523965
cicids2017_v2,LeakyParallel,latency,46,dos,0.985307163450876,0.9406627143764557,0.9624675043327556,18892
cicids2017_v2,LeakyParallel,latency,46,probe,0.9999537315504557,0.9943866752553603,0.9971624333863935,21734
cicids2017_v2,LeakyParallel,latency,46,r2l,0.9855263157894737,0.9596412556053812,0.9724115546900357,1561
cicids2017_v2,LeakyParallel,latency,46,u2r,0.0,0.0,0.0,0
cicids2017_v2,LeakyParallel,rate,42,normal,0.9945539798936666,0.9978567270714647,0.9962026160602856,523965
cicids2017_v2,LeakyParallel,rate,42,dos,0.9394625176803395,0.8789434681346602,0.9081959143490032,18892
cicids2017_v2,LeakyParallel,rate,42,probe,0.9996293207302381,0.9926382626299807,0.9961215255332903,21734
cicids2017_v2,LeakyParallel,rate,42,r2l,0.9097222222222222,0.6713645099295323,0.7725764835974935,1561
cicids2017_v2,LeakyParallel,rate,42,u2r,0.0,0.0,0.0,0
cicids2017_v2,LeakyParallel,rate,43,normal,0.9939492996980358,0.9969730802629947,0.9954588937461173,523965
cicids2017_v2,LeakyParallel,rate,43,dos,0.9149200610135021,0.8572411602794834,0.8851419670428771,18892
cicids2017_v2,LeakyParallel,rate,43,probe,0.9999535919806942,0.9913959694487899,0.9956563929578116,21734
cicids2017_v2,LeakyParallel,rate,43,r2l,0.8762190547636909,0.7482383087764254,0.8071872840359364,1561
cicids2017_v2,LeakyParallel,rate,43,u2r,0.0,0.0,0.0,0
cicids2017_v2,LeakyParallel,rate,44,normal,0.9947794046275449,0.9975399120170241,0.9961577458775815,523965
cicids2017_v2,LeakyParallel,rate,44,dos,0.9340844123087271,0.8821194156256617,0.9073585059755533,18892
cicids2017_v2,LeakyParallel,rate,44,probe,0.9998609114933469,0.9922701757614797,0.996051081911184,21734
cicids2017_v2,LeakyParallel,rate,44,r2l,0.9216171617161716,0.7155669442664958,0.8056256761630004,1561
cicids2017_v2,LeakyParallel,rate,44,u2r,0.0,0.0,0.0,0
cicids2017_v2,LeakyParallel,rate,45,normal,0.9939473434084213,0.9979025316576489,0.9959210106522288,523965
cicids2017_v2,LeakyParallel,rate,45,dos,0.9359955005624297,0.8809019690874444,0.9076134380453752,18892
cicids2017_v2,LeakyParallel,rate,45,probe,0.9998607113009564,0.9908438391460385,0.9953318543168793,21734
cicids2017_v2,LeakyParallel,rate,45,r2l,0.9324675324675324,0.45996156310057656,0.616044616044616,1561
cicids2017_v2,LeakyParallel,rate,45,u2r,0.0,0.0,0.0,0
cicids2017_v2,LeakyParallel,rate,46,normal,0.993234154126767,0.9976983195442444,0.9954612319513275,523965
cicids2017_v2,LeakyParallel,rate,46,dos,0.9288241777365276,0.8475545204319288,0.8863302980819795,18892
cicids2017_v2,LeakyParallel,rate,46,probe,0.9997681428240204,0.991994110610104,0.9958659553338415,21734
cicids2017_v2,LeakyParallel,rate,46,r2l,0.931640625,0.6111467008327995,0.7381044487427466,1561
cicids2017_v2,LeakyParallel,rate,46,u2r,0.0,0.0,0.0,0
cicids2017_v2,RLeaky,delta,42,normal,0.9727454962283133,0.9928124970179306,0.9826765614566008,523965
cicids2017_v2,RLeaky,delta,42,dos,0.6375105130361648,0.32098242642388314,0.426982115195043,18892
cicids2017_v2,RLeaky,delta,42,probe,0.9855795641823841,0.9905677739946628,0.9880673734453165,21734
cicids2017_v2,RLeaky,delta,42,r2l,0.0,0.0,0.0,1561
cicids2017_v2,RLeaky,delta,42,u2r,0.0,0.0,0.0,0
cicids2017_v2,RLeaky,delta,43,normal,0.9737010161819791,0.9952000610727816,0.9843331612394159,523965
cicids2017_v2,RLeaky,delta,43,dos,0.8340552246886843,0.3261698073258522,0.4689497716894977,18892
cicids2017_v2,RLeaky,delta,43,probe,0.93033988957902,0.9924082083371676,0.9603722338483459,21734
cicids2017_v2,RLeaky,delta,43,r2l,0.0,0.0,0.0,1561
cicids2017_v2,RLeaky,delta,43,u2r,0.0,0.0,0.0,0
cicids2017_v2,RLeaky,delta,44,normal,0.9726753662840856,0.9919593866002501,0.9822227345656032,523965
cicids2017_v2,RLeaky,delta,44,dos,0.6332740771724354,0.3205589667584163,0.42565454225970834,18892
cicids2017_v2,RLeaky,delta,44,probe,0.9876141107390247,0.9905677739946628,0.9890887372797648,21734
cicids2017_v2,RLeaky,delta,44,r2l,0.0,0.0,0.0,1561
cicids2017_v2,RLeaky,delta,44,u2r,0.0,0.0,0.0,0
cicids2017_v2,RLeaky,delta,45,normal,0.9728155158922384,0.9965341196453962,0.9845319858018959,523965
cicids2017_v2,RLeaky,delta,45,dos,0.8012718600953895,0.3201355070929494,0.45748865355521934,18892
cicids2017_v2,RLeaky,delta,45,probe,0.9875688073394495,0.9905677739946628,0.9890660173657371,21734
cicids2017_v2,RLeaky,delta,45,r2l,0.0,0.0,0.0,1561
cicids2017_v2,RLeaky,delta,45,u2r,0.0,0.0,0.0,0
cicids2017_v2,RLeaky,delta,46,normal,0.9725306171306306,0.9923964386934242,0.9823631041163463,523965
cicids2017_v2,RLeaky,delta,46,dos,0.6244582043343653,0.32029430446749946,0.42341333706528583,18892
cicids2017_v2,RLeaky,delta,46,probe,0.9876031153509378,0.9860126989969633,0.9868072663642852,21734
cicids2017_v2,RLeaky,delta,46,r2l,0.0,0.0,0.0,1561
cicids2017_v2,RLeaky,delta,46,u2r,0.0,0.0,0.0,0
cicids2017_v2,RLeaky,latency,42,normal,0.9936970722986233,0.9992594925233556,0.9964705199440841,523965
cicids2017_v2,RLeaky,latency,42,dos,0.9726772578351981,0.8328922295151386,0.8973737488950355,18892
cicids2017_v2,RLeaky,latency,42,probe,0.9999536908400481,0.9935124689426704,0.9967226735598228,21734
cicids2017_v2,RLeaky,latency,42,r2l,0.9910714285714286,0.9244074311338886,0.9565793834935367,1561
cicids2017_v2,RLeaky,latency,42,u2r,0.0,0.0,0.0,0
cicids2017_v2,RLeaky,latency,43,normal,0.9947308937916101,0.9994770643077304,0.9970983311596203,523965
cicids2017_v2,RLeaky,latency,43,dos,0.9792066155321189,0.8649692991742537,0.9185497470489039,18892
cicids2017_v2,RLeaky,latency,43,probe,0.9999535553388138,0.9906137848532254,0.9952617589275395,21734
cicids2017_v2,RLeaky,latency,43,r2l,0.992445054945055,0.9256886611146701,0.957905203844879,1561
cicids2017_v2,RLeaky,latency,43,u2r,0.0,0.0,0.0,0
cicids2017_v2,RLeaky,latency,44,normal,0.9975013236128728,0.9996202036395561,0.9985596395953265,523965
cicids2017_v2,RLeaky,latency,44,dos,0.9873382573443661,0.9410861740419225,0.9636575516951679,18892
cicids2017_v2,RLeaky,latency,44,probe,0.9999073130039855,0.9927302843471059,0.9963058736608792,21734
cicids2017_v2,RLeaky,latency,44,r2l,0.9809653297076818,0.9244074311338886,0.9518469656992085,1561
cicids2017_v2,RLeaky,latency,44,u2r,0.0,0.0,0.0,0
cicids2017_v2,RLeaky,latency,45,normal,0.9968006364468603,0.9995629479068259,0.9981798811109777,523965
cicids2017_v2,RLeaky,latency,45,dos,0.9857387335995437,0.9146728774084268,0.9488770523310087,18892
cicids2017_v2,RLeaky,latency,45,probe,0.9998608469780602,0.9918100671758535,0.995819185549627,21734
cicids2017_v2,RLeaky,latency,45,r2l,0.9293611793611793,0.9692504804612428,0.9488867983693948,1561
cicids2017_v2,RLeaky,latency,45,u2r,0.0,0.0,0.0,0
cicids2017_v2,RLeaky,latency,46,normal,0.9974394244801689,0.9991850600708062,0.9983114791766577,523965
cicids2017_v2,RLeaky,latency,46,dos,0.9725656877897991,0.9326169807325853,0.9521725032425421,18892
cicids2017_v2,RLeaky,latency,46,probe,0.9991665894990277,0.9929143277813564,0.9960306470968338,21734
cicids2017_v2,RLeaky,latency,46,r2l,0.9799222797927462,0.9692504804612428,0.9745571658615136,1561
cicids2017_v2,RLeaky,latency,46,u2r,0.0,0.0,0.0,0
cicids2017_v2,RLeaky,rate,42,normal,0.9911400419303108,0.9979063487064975,0.9945116865603367,523965
cicids2017_v2,RLeaky,rate,42,dos,0.935902327355971,0.7790599195426635,0.8503090877578139,18892
cicids2017_v2,RLeaky,rate,42,probe,0.9998609630625203,0.9926382626299807,0.9962365218997483,21734
cicids2017_v2,RLeaky,rate,42,r2l,0.8936507936507937,0.7213324791800129,0.7982984757178305,1561
cicids2017_v2,RLeaky,rate,42,u2r,0.0,0.0,0.0,0
cicids2017_v2,RLeaky,rate,43,normal,0.9919750977489276,0.997455936942353,0.9947079675493065,523965
cicids2017_v2,RLeaky,rate,43,dos,0.9193977506349015,0.8048380266779589,0.8583121648320632,18892
cicids2017_v2,RLeaky,rate,43,probe,0.9997216293959358,0.9914419803073525,0.9955645906486786,21734
cicids2017_v2,RLeaky,rate,43,r2l,0.9253355704697986,0.7065983344010249,0.801307664366146,1561
cicids2017_v2,RLeaky,rate,43,u2r,0.0,0.0,0.0,0
cicids2017_v2,RLeaky,rate,44,normal,0.9921745964848333,0.9974406687469582,0.9948006635506814,523965
cicids2017_v2,RLeaky,rate,44,dos,0.9269904796555697,0.8091784882489943,0.8640872735494447,18892
cicids2017_v2,RLeaky,rate,44,probe,0.9997683361905203,0.9928223060642312,0.9962832144423668,21734
cicids2017_v2,RLeaky,rate,44,r2l,0.9205685618729097,0.7053171044202434,0.7986942328618063,1561
cicids2017_v2,RLeaky,rate,44,u2r,0.0,0.0,0.0,0
cicids2017_v2,RLeaky,rate,45,normal,0.992114881713737,0.9977517582281259,0.9949253359241113,523965
cicids2017_v2,RLeaky,rate,45,dos,0.928817451205511,0.8136248147363964,0.8674134477018143,18892
cicids2017_v2,RLeaky,rate,45,probe,0.9995369512872754,0.9931903929327321,0.9963535656588969,21734
cicids2017_v2,RLeaky,rate,45,r2l,0.9552529182879378,0.6290839205637412,0.7585940517574353,1561
cicids2017_v2,RLeaky,rate,45,u2r,0.0,0.0,0.0,0
cicids2017_v2,RLeaky,rate,46,normal,0.9904825424856044,0.9976696916778792,0.9940631263477768,523965
cicids2017_v2,RLeaky,rate,46,dos,0.9323352129107525,0.7614334109676053,0.8382622883948603,18892
cicids2017_v2,RLeaky,rate,46,probe,0.9999536457609048,0.9925462409128555,0.9962361742905304,21734
cicids2017_v2,RLeaky,rate,46,r2l,0.8237015362106803,0.7213324791800129,0.7691256830601093,1561
cicids2017_v2,RLeaky,rate,46,u2r,0.0,0.0,0.0,0
cicids2017_v2,RSynaptic,delta,42,normal,0.9727641624490435,0.9955569551401334,0.984028590643148,523965
cicids2017_v2,RSynaptic,delta,42,dos,0.7901008249312558,0.3193944526783824,0.45489841305740886,18892
cicids2017_v2,RSynaptic,delta,42,probe,0.9868897547559019,0.9905677739946628,0.9887253438655308,21734
cicids2017_v2,RSynaptic,delta,42,r2l,0.0,0.0,0.0,1561
cicids2017_v2,RSynaptic,delta,42,u2r,0.0,0.0,0.0,0
cicids2017_v2,RSynaptic,delta,43,normal,0.9727197157203785,0.9915757731909575,0.9820572410397255,523965
cicids2017_v2,RSynaptic,delta,43,dos,0.6176590538336052,0.320664831674783,0.4221602787456446,18892
cicids2017_v2,RSynaptic,delta,43,probe,0.9873876352962759,0.9905677739946628,0.9889751481464468,21734
cicids2017_v2,RSynaptic,delta,43,r2l,0.0,0.0,0.0,1561
cicids2017_v2,RSynaptic,delta,43,u2r,0.0,0.0,0.0,0
cicids2017_v2,RSynaptic,delta,44,normal,0.975555739071028,0.9920128252841316,0.9837154572096646,523965
cicids2017_v2,RSynaptic,delta,44,dos,0.6733589385474861,0.4083209824264239,0.5083695795439568,18892
cicids2017_v2,RSynaptic,delta,44,probe,0.9817665383910573,0.9860126989969633,0.9838850374179331,21734
cicids2017_v2,RSynaptic,delta,44,r2l,0.0,0.0,0.0,1561
cicids2017_v2,RSynaptic,delta,44,u2r,0.0,0.0,0.0,0
cicids2017_v2,RSynaptic,delta,45,normal,0.9732515870001628,0.9928182225912036,0.9829375396801403,523965
cicids2017_v2,RSynaptic,delta,45,dos,0.6518922254216372,0.3355388524243066,0.4430388593793682,18892
cicids2017_v2,RSynaptic,delta,45,probe,0.9855344472419318,0.9905677739946628,0.9880447004291057,21734
cicids2017_v2,RSynaptic,delta,45,r2l,0.0,0.0,0.0,1561
cicids2017_v2,RSynaptic,delta,45,u2r,0.0,0.0,0.0,0
cicids2017_v2,RSynaptic,delta,46,normal,0.9728087975387838,0.9927304304676839,0.982668656603631,523965
cicids2017_v2,RSynaptic,delta,46,dos,0.6346214263273641,0.3207706965911497,0.4261453535389051,18892
cicids2017_v2,RSynaptic,delta,46,probe,0.9875915750915751,0.9924082083371676,0.9899940331390279,21734
cicids2017_v2,RSynaptic,delta,46,r2l,0.0,0.0,0.0,1561
cicids2017_v2,RSynaptic,delta,46,u2r,0.0,0.0,0.0,0
cicids2017_v2,RSynaptic,latency,42,normal,0.9963549335859768,0.9995438626625824,0.997946850583123,523965
cicids2017_v2,RSynaptic,latency,42,dos,0.9832631219401116,0.91424941774296,0.9475012342969993,18892
cicids2017_v2,RSynaptic,latency,42,probe,0.9999536457609048,0.9925462409128555,0.9962361742905304,21734
cicids2017_v2,RSynaptic,latency,42,r2l,0.9941089837997055,0.8648302370275465,0.9249743062692704,1561
cicids2017_v2,RSynaptic,latency,42,u2r,0.0,0.0,0.0,0
cicids2017_v2,RSynaptic,latency,43,normal,0.9949691917636908,0.9991335299113491,0.9970470125880492,523965
cicids2017_v2,RSynaptic,latency,43,dos,0.9705411653132594,0.8667160702943044,0.9156949920308699,18892
cicids2017_v2,RSynaptic,latency,43,probe,0.999953596287703,0.9914879911659151,0.9957028001108955,21734
cicids2017_v2,RSynaptic,latency,43,r2l,0.9792880258899677,0.9692504804612428,0.974243399871217,1561
cicids2017_v2,RSynaptic,latency,43,u2r,0.0,0.0,0.0,0
cicids2017_v2,RSynaptic,latency,44,normal,0.9948619956730596,0.9996163865907074,0.9972335244289503,523965
cicids2017_v2,RSynaptic,latency,44,dos,0.9843740573152338,0.8636459877196697,0.9200665407280006,18892
cicids2017_v2,RSynaptic,latency,44,probe,0.9999535143175902,0.9897395785405355,0.9948203302039494,21734
cicids2017_v2,RSynaptic,latency,44,r2l,0.9889807162534435,0.9199231262011531,0.9532027879190176,1561
cicids2017_v2,RSynaptic,latency,44,u2r,0.0,0.0,0.0,0
cicids2017_v2,RSynaptic,latency,45,normal,0.9948794825902408,0.999339650549178,0.9971045788785646,523965
cicids2017_v2,RSynaptic,latency,45,dos,0.9762216924910608,0.867086597501588,0.9184234133213725,18892
cicids2017_v2,RSynaptic,latency,45,probe,0.9999534862086609,0.9891414373792214,0.9945180764693636,21734
cicids2017_v2,RSynaptic,latency,45,r2l,0.9799482535575679,0.9705317104420244,0.975217251367879,1561
cicids2017_v2,RSynaptic,latency,45,u2r,0.0,0.0,0.0,0
cicids2017_v2,RSynaptic,latency,46,normal,0.9974397122724268,0.9992976630118424,0.998367823236782,523965
cicids2017_v2,RSynaptic,latency,46,dos,0.9790294915066674,0.9365869150963371,0.9573380224536724,18892
cicids2017_v2,RSynaptic,latency,46,probe,0.999721293199554,0.9902456979847244,0.9949609356941427,21734
cicids2017_v2,RSynaptic,latency,46,r2l,0.956989247311828,0.9692504804612428,0.9630808402291534,1561
cicids2017_v2,RSynaptic,latency,46,u2r,0.0,0.0,0.0,0
cicids2017_v2,RSynaptic,rate,42,normal,0.9916781720805329,0.9979674214880765,0.9948128566577218,523965
cicids2017_v2,RSynaptic,rate,42,dos,0.9387601753287413,0.7935634130849036,0.8600768745338764,18892
cicids2017_v2,RSynaptic,rate,42,probe,0.9998608792431831,0.9920401214686666,0.9959351471199593,21734
cicids2017_v2,RSynaptic,rate,42,r2l,0.8888042650418888,0.7475976937860346,0.8121085594989561,1561
cicids2017_v2,RSynaptic,rate,42,u2r,0.0,0.0,0.0,0
cicids2017_v2,RSynaptic,rate,43,normal,0.9932166343558748,0.9973395169524683,0.9952738059527381,523965
cicids2017_v2,RSynaptic,rate,43,dos,0.9214228525677685,0.8528477662502647,0.8858101050085216,18892
cicids2017_v2,RSynaptic,rate,43,probe,0.9988424318192342,0.9925462409128555,0.9956843830052388,21734
cicids2017_v2,RSynaptic,rate,43,r2l,0.9226579520697168,0.5426008968609866,0.6833400564743848,1561
cicids2017_v2,RSynaptic,rate,43,u2r,0.0,0.0,0.0,0
cicids2017_v2,RSynaptic,rate,44,normal,0.9926660955553994,0.9973910471119254,0.9950229621562341,523965
cicids2017_v2,RSynaptic,rate,44,dos,0.9211922503725782,0.8179652763074318,0.8665152662124653,18892
cicids2017_v2,RSynaptic,rate,44,probe,0.9995366723810406,0.9925922517714181,0.996052358196551,21734
cicids2017_v2,RSynaptic,rate,44,r2l,0.9230177059276367,0.7680973734785393,0.8384615384615385,1561
cicids2017_v2,RSynaptic,rate,44,u2r,0.0,0.0,0.0,0
cicids2017_v2,RSynaptic,rate,45,normal,0.9936023378923247,0.998003683452139,0.9957981473000264,523965
cicids2017_v2,RSynaptic,rate,45,dos,0.9403193033381713,0.85734702519585,0.8969183487000582,18892
cicids2017_v2,RSynaptic,rate,45,probe,0.9998609823911029,0.9927762952056686,0.9963060442351203,21734
cicids2017_v2,RSynaptic,rate,45,r2l,0.929,0.5951313260730301,0.7254978524014057,1561
cicids2017_v2,RSynaptic,rate,45,u2r,0.0,0.0,0.0,0
cicids2017_v2,RSynaptic,rate,46,normal,0.9911259590804955,0.9982269808097869,0.9946637963494738,523965
cicids2017_v2,RSynaptic,rate,46,dos,0.9398855561843678,0.7911814524666525,0.8591464290846386,18892
cicids2017_v2,RSynaptic,rate,46,probe,0.9986582149632166,0.9930983712156068,0.9958705331395483,21734
cicids2017_v2,RSynaptic,rate,46,r2l,0.9573770491803278,0.561178731582319,0.7075928917609047,1561
cicids2017_v2,RSynaptic,rate,46,u2r,0.0,0.0,0.0,0
cicids2017_v2,SConv2dLSTM,delta,42,normal,0.9726679706876059,0.9917513574379968,0.9821169711115941,523965
cicids2017_v2,SConv2dLSTM,delta,42,dos,0.6325741746761387,0.3205060343002329,0.4254496908375492,18892
cicids2017_v2,SConv2dLSTM,delta,42,probe,0.9838230589955673,0.9905677739946628,0.9871838961872664,21734
cicids2017_v2,SConv2dLSTM,delta,42,r2l,0.0,0.0,0.0,1561
cicids2017_v2,SConv2dLSTM,delta,42,u2r,0.0,0.0,0.0,0
cicids2017_v2,SConv2dLSTM,delta,43,normal,0.9728313418627746,0.9927571498096247,0.9826932486478215,523965
cicids2017_v2,SConv2dLSTM,delta,43,dos,0.6359447004608295,0.32140588608935,0.4270042194092827,18892
cicids2017_v2,SConv2dLSTM,delta,43,probe,0.9875915750915751,0.9924082083371676,0.9899940331390279,21734
cicids2017_v2,SConv2dLSTM,delta,43,r2l,0.0,0.0,0.0,1561
cicids2017_v2,SConv2dLSTM,delta,43,u2r,0.0,0.0,0.0,0
cicids2017_v2,SConv2dLSTM,delta,44,normal,0.9727713002471085,0.9924842308169439,0.9825288980754769,523965
cicids2017_v2,SConv2dLSTM,delta,44,dos,0.626477296288617,0.3198708448020326,0.4235055014366809,18892
cicids2017_v2,SConv2dLSTM,delta,44,probe,0.9877272519118927,0.9924082083371676,0.9900621973330885,21734
cicids2017_v2,SConv2dLSTM,delta,44,r2l,0.0,0.0,0.0,1561
cicids2017_v2,SConv2dLSTM,delta,44,u2r,0.0,0.0,0.0,0
cicids2017_v2,SConv2dLSTM,delta,45,normal,0.9728190719200248,0.992501407536763,0.9825616821803046,523965
cicids2017_v2,SConv2dLSTM,delta,45,dos,0.6266391326794012,0.3212470887147999,0.4247471743010113,18892
cicids2017_v2,SConv2dLSTM,delta,45,probe,0.9877272519118927,0.9924082083371676,0.9900621973330885,21734
cicids2017_v2,SConv2dLSTM,delta,45,r2l,0.0,0.0,0.0,1561
cicids2017_v2,SConv2dLSTM,delta,45,u2r,0.0,0.0,0.0,0
cicids2017_v2,SConv2dLSTM,delta,46,normal,0.9727306225438576,0.9925281268787037,0.9825296572623687,523965
cicids2017_v2,SConv2dLSTM,delta,46,dos,0.6285655015039934,0.3207706965911497,0.4247713174219325,18892
cicids2017_v2,SConv2dLSTM,delta,46,probe,0.9877047300087168,0.9905677739946628,0.9891341802393696,21734
cicids2017_v2,SConv2dLSTM,delta,46,r2l,0.0,0.0,0.0,1561
cicids2017_v2,SConv2dLSTM,delta,46,u2r,0.0,0.0,0.0,0
cicids2017_v2,SConv2dLSTM,latency,42,normal,0.9950705871398193,0.9993701869399674,0.9972157525181061,523965
cicids2017_v2,SConv2dLSTM,latency,42,dos,0.9733862841562444,0.8692568282871056,0.9183793305930711,18892
cicids2017_v2,SConv2dLSTM,latency,42,probe,0.9995815315943646,0.9891414373792214,0.9943340810804561,21734
cicids2017_v2,SConv2dLSTM,latency,42,r2l,0.9850162866449511,0.968609865470852,0.9767441860465116,1561
cicids2017_v2,SConv2dLSTM,latency,42,u2r,0.0,0.0,0.0,0
cicids2017_v2,SConv2dLSTM,latency,43,normal,0.9939296960861915,0.9993587357934213,0.9966368225110203,523965
cicids2017_v2,SConv2dLSTM,latency,43,dos,0.9747116511441436,0.836491636671607,0.9003275886625837,18892
cicids2017_v2,SConv2dLSTM,latency,43,probe,0.999953637164449,0.992362197478605,0.9961434542641388,21734
cicids2017_v2,SConv2dLSTM,latency,43,r2l,0.9804560260586319,0.9641255605381166,0.9722222222222222,1561
cicids2017_v2,SConv2dLSTM,latency,43,u2r,0.0,0.0,0.0,0
cicids2017_v2,SConv2dLSTM,latency,44,normal,0.993353306933774,0.9991621577777141,0.9962492649815318,523965
cicids2017_v2,SConv2dLSTM,latency,44,dos,0.9686914135733034,0.820506034300233,0.8884621998051241,18892
cicids2017_v2,SConv2dLSTM,latency,44,probe,0.9999535272794869,0.9900156436919113,0.9949597706464441,21734
cicids2017_v2,SConv2dLSTM,latency,44,r2l,0.9797913950456323,0.9628443305573351,0.9712439418416802,1561
cicids2017_v2,SConv2dLSTM,latency,44,u2r,0.0,0.0,0.0,0
cicids2017_v2,SConv2dLSTM,latency,45,normal,0.9957287712705669,0.9992995715362667,0.9975109758060752,523965
cicids2017_v2,SConv2dLSTM,latency,45,dos,0.9749550698591223,0.890165149269532,0.9306327993137987,18892
cicids2017_v2,SConv2dLSTM,latency,45,probe,0.9996757908387754,0.9930983712156068,0.9963762261973457,21734
cicids2017_v2,SConv2dLSTM,latency,45,r2l,0.9883321894303363,0.9224855861627163,0.9542743538767395,1561
cicids2017_v2,SConv2dLSTM,latency,45,u2r,0.0,0.0,0.0,0
cicids2017_v2,SConv2dLSTM,latency,46,normal,0.9952510537377761,0.9995381370893094,0.9973899886401184,523965
cicids2017_v2,SConv2dLSTM,latency,46,dos,0.9818149402745587,0.8744971416472581,0.925053892886139,18892
cicids2017_v2,SConv2dLSTM,latency,46,probe,0.9999536135077466,0.9918560780344161,0.9958883858449598,21734
cicids2017_v2,SConv2dLSTM,latency,46,r2l,0.9856677524429968,0.9692504804612428,0.977390180878553,1561
cicids2017_v2,SConv2dLSTM,latency,46,u2r,0.0,0.0,0.0,0
cicids2017_v2,SConv2dLSTM,rate,42,normal,0.9918244275389304,0.9962898285190804,0.9940521132754889,523965
cicids2017_v2,SConv2dLSTM,rate,42,dos,0.902072909220872,0.801609146728774,0.8488789237668162,18892
cicids2017_v2,SConv2dLSTM,rate,42,probe,0.9975884617168298,0.9897395785405355,0.9936485206827262,21734
cicids2017_v2,SConv2dLSTM,rate,42,r2l,0.7806896551724138,0.7251761691223575,0.751909664563268,1561
cicids2017_v2,SConv2dLSTM,rate,42,u2r,0.0,0.0,0.0,0
cicids2017_v2,SConv2dLSTM,rate,43,normal,0.9904727228593968,0.9968299409311691,0.9936411637859284,523965
cicids2017_v2,SConv2dLSTM,rate,43,dos,0.9082512691907761,0.7859940715646835,0.8427116143128742,18892
cicids2017_v2,SConv2dLSTM,rate,43,probe,0.9957201339784146,0.9848164166743352,0.9902382604672681,21734
cicids2017_v2,SConv2dLSTM,rate,43,r2l,0.8679245283018868,0.5304292120435619,0.6584493041749503,1561
cicids2017_v2,SConv2dLSTM,rate,43,u2r,0.0,0.0,0.0,0
cicids2017_v2,SConv2dLSTM,rate,44,normal,0.9889405823655002,0.9971753838519748,0.9930409116092191,523965
cicids2017_v2,SConv2dLSTM,rate,44,dos,0.9115849777211967,0.7580457336438704,0.8277556210623663,18892
cicids2017_v2,SConv2dLSTM,rate,44,probe,0.9989126323751891,0.9721634305696144,0.9853565266054191,21734
cicids2017_v2,SConv2dLSTM,rate,44,r2l,0.8939051918735892,0.507367072389494,0.6473232529628116,1561
cicids2017_v2,SConv2dLSTM,rate,44,u2r,0.0,0.0,0.0,0
cicids2017_v2,SConv2dLSTM,rate,45,normal,0.9895314539457856,0.9969005563348697,0.9932023364948015,523965
cicids2017_v2,SConv2dLSTM,rate,45,dos,0.9020055851739021,0.7522760957018844,0.8203648118217501,18892
cicids2017_v2,SConv2dLSTM,rate,45,probe,0.9986534800575754,0.9896015459648477,0.9941069076286658,21734
cicids2017_v2,SConv2dLSTM,rate,45,r2l,0.8577319587628865,0.5329916720051249,0.6574476491505333,1561
cicids2017_v2,SConv2dLSTM,rate,45,u2r,0.0,0.0,0.0,0
cicids2017_v2,SConv2dLSTM,rate,46,normal,0.9904343982227181,0.9963547183495081,0.9933857374731462,523965
cicids2017_v2,SConv2dLSTM,rate,46,dos,0.891118676461805,0.7897522760957019,0.8373789813385716,18892
cicids2017_v2,SConv2dLSTM,rate,46,probe,0.9967962111714723,0.9877611116223429,0.9922580943356982,21734
cicids2017_v2,SConv2dLSTM,rate,46,r2l,0.8684895833333334,0.42729019859064704,0.5727780163160154,1561
cicids2017_v2,SConv2dLSTM,rate,46,u2r,0.0,0.0,0.0,0
cicids2017_v2,SLSTM,delta,42,normal,0.9727725780965115,0.9928048629202332,0.9826866404715128,523965
cicids2017_v2,SLSTM,delta,42,dos,0.6399746461018382,0.320664831674783,0.427251569222089,18892
cicids2017_v2,SLSTM,delta,42,probe,0.9877272519118927,0.9924082083371676,0.9900621973330885,21734
cicids2017_v2,SLSTM,delta,42,r2l,0.0,0.0,0.0,1561
cicids2017_v2,SLSTM,delta,42,u2r,0.0,0.0,0.0,0
cicids2017_v2,SLSTM,delta,43,normal,0.9727918025360623,0.9918200643172731,0.9822137842463327,523965
cicids2017_v2,SLSTM,delta,43,dos,0.6283286706040825,0.32098242642388314,0.42490277826437306,18892
cicids2017_v2,SLSTM,delta,43,probe,0.9877272519118927,0.9924082083371676,0.9900621973330885,21734
cicids2017_v2,SLSTM,delta,43,r2l,0.0,0.0,0.0,1561
cicids2017_v2,SLSTM,delta,43,u2r,0.0,0.0,0.0,0
cicids2017_v2,SLSTM,delta,44,normal,0.973241914705448,0.9934213163092954,0.9832280878055599,523965
cicids2017_v2,SLSTM,delta,44,dos,0.6741024006798385,0.33590937963159007,0.4483855013071434,18892
cicids2017_v2,SLSTM,delta,44,probe,0.9865279750721716,0.9905677739946628,0.9885437472736873,21734
cicids2017_v2,SLSTM,delta,44,r2l,0.0,0.0,0.0,1561
cicids2017_v2,SLSTM,delta,44,u2r,0.0,0.0,0.0,0
cicids2017_v2,SLSTM,delta,45,normal,0.9758310593486558,0.9930396114244272,0.9843601312939262,523965
cicids2017_v2,SLSTM,delta,45,dos,0.7011369788846779,0.41128520008469194,0.5184493227463802,18892
cicids2017_v2,SLSTM,delta,45,probe,0.9875688073394495,0.9905677739946628,0.9890660173657371,21734
cicids2017_v2,SLSTM,delta,45,r2l,0.0,0.0,0.0,1561
cicids2017_v2,SLSTM,delta,45,u2r,0.0,0.0,0.0,0
cicids2017_v2,SLSTM,delta,46,normal,0.9727473193394718,0.992608284904526,0.9825774493023045,523965
cicids2017_v2,SLSTM,delta,46,dos,0.6310132526348743,0.320082574634766,0.42472344161545217,18892
cicids2017_v2,SLSTM,delta,46,probe,0.9876367965566188,0.9924082083371676,0.9900167534941363,21734
cicids2017_v2,SLSTM,delta,46,r2l,0.0,0.0,0.0,1561
cicids2017_v2,SLSTM,delta,46,u2r,0.0,0.0,0.0,0
cicids2017_v2,SLSTM,latency,42,normal,0.9974505107553004,0.9990610059832241,0.9982551088125586,523965
cicids2017_v2,SLSTM,latency,42,dos,0.969425638785761,0.9398687275037053,0.9544184046441625,18892
cicids2017_v2,SLSTM,latency,42,probe,0.9992585727525487,0.9921781540443545,0.9957057764233274,21734
cicids2017_v2,SLSTM,latency,42,r2l,0.9916492693110647,0.9128763613068546,0.9506337558372249,1561
cicids2017_v2,SLSTM,latency,42,u2r,0.0,0.0,0.0,0
cicids2017_v2,SLSTM,latency,43,normal,0.9973986869562732,0.998864427967517,0.9981310193572995,523965
cicids2017_v2,SLSTM,latency,43,dos,0.9651086956521739,0.939974592420072,0.9523758446851872,18892
cicids2017_v2,SLSTM,latency,43,probe,0.9994902215219205,0.9923161866200423,0.9958902844477281,21734
cicids2017_v2,SLSTM,latency,43,r2l,0.9901960784313726,0.905829596412556,0.9461358313817331,1561
cicids2017_v2,SLSTM,latency,43,u2r,0.0,0.0,0.0,0
cicids2017_v2,SLSTM,latency,44,normal,0.99691127185946,0.99975380034926,0.9983305127384166,523965
cicids2017_v2,SLSTM,latency,44,dos,0.990305572878281,0.9246241795468981,0.9563384522734116,18892
cicids2017_v2,SLSTM,latency,44,probe,0.9999536736773835,0.9931443820741696,0.9965373961218836,21734
cicids2017_v2,SLSTM,latency,44,r2l,0.9910591471801926,0.923126201153107,0.9558872305140962,1561
cicids2017_v2,SLSTM,latency,44,u2r,0.0,0.0,0.0,0
cicids2017_v2,SLSTM,latency,45,normal,0.9972283866543484,0.9991316213869247,0.9981790967938756,523965
cicids2017_v2,SLSTM,latency,45,dos,0.9732517096845357,0.9340990895617193,0.9532735522904062,18892
cicids2017_v2,SLSTM,latency,45,probe,0.9993055555555556,0.9931443820741696,0.9962154428393409,21734
cicids2017_v2,SLSTM,latency,45,r2l,0.9903181189488244,0.91736066623959,0.9524442966411706,1561
cicids2017_v2,SLSTM,latency,45,u2r,0.0,0.0,0.0,0
cicids2017_v2,SLSTM,latency,46,normal,0.9967705387830491,0.9990533718855267,0.9979106497764815,523965
cicids2017_v2,SLSTM,latency,46,dos,0.9702860316578729,0.9247300444632649,0.9469604574897689,18892
cicids2017_v2,SLSTM,latency,46,probe,0.9996295610298204,0.9932824146498573,0.9964458804523425,21734
cicids2017_v2,SLSTM,latency,46,r2l,0.9909977494373593,0.846252402306214,0.9129232895646164,1561
cicids2017_v2,SLSTM,latency,46,u2r,0.0,0.0,0.0,0
cicids2017_v2,SLSTM,rate,42,normal,0.9916126203586132,0.9970971343505769,0.9943473146889881,523965
cicids2017_v2,SLSTM,rate,42,dos,0.9132181110029212,0.7943044674994707,0.8496206545125128,18892
cicids2017_v2,SLSTM,rate,42,probe,0.999582211493826,0.9907518174289133,0.9951474258249376,21734
cicids2017_v2,SLSTM,rate,42,r2l,0.8845849802371542,0.7168481742472774,0.7919320594479831,1561
cicids2017_v2,SLSTM,rate,42,u2r,0.0,0.0,0.0,0
cicids2017_v2,SLSTM,rate,43,normal,0.9911036283985393,0.996549387840791,0.9938190479906434,523965
cicids2017_v2,SLSTM,rate,43,dos,0.8921509886159377,0.7881643023502012,0.8369400258557698,18892
cicids2017_v2,SLSTM,rate,43,probe,0.9992576439474783,0.9909358608631637,0.9950793540785917,21734
cicids2017_v2,SLSTM,rate,43,r2l,0.9265267175572519,0.6220371556694426,0.7443464929091606,1561
cicids2017_v2,SLSTM,rate,43,u2r,0.0,0.0,0.0,0
cicids2017_v2,SLSTM,rate,44,normal,0.9925970673216656,0.9972345481091295,0.9949104036832455,523965
cicids2017_v2,SLSTM,rate,44,dos,0.9183158141993071,0.827757781071353,0.8706884552211798,18892
cicids2017_v2,SLSTM,rate,44,probe,0.9997679168213888,0.991027882580289,0.9953787143583345,21734
cicids2017_v2,SLSTM,rate,44,r2l,0.9089285714285714,0.6521460602178091,0.7594181275643417,1561
cicids2017_v2,SLSTM,rate,44,u2r,0.0,0.0,0.0,0
cicids2017_v2,SLSTM,rate,45,normal,0.9941087035532358,0.9970608723865144,0.9955825994820322,523965
cicids2017_v2,SLSTM,rate,45,dos,0.9166758635912151,0.8793139953419437,0.89760631112552,18892
cicids2017_v2,SLSTM,rate,45,probe,0.9995358551868183,0.9908438391460385,0.9951708680884493,21734
cicids2017_v2,SLSTM,rate,45,r2l,0.9249448123620309,0.5368353619474696,0.6793676530198621,1561
cicids2017_v2,SLSTM,rate,45,u2r,0.0,0.0,0.0,0
cicids2017_v2,SLSTM,rate,46,normal,0.991521421214656,0.9976639661046062,0.994583209662321,523965
cicids2017_v2,SLSTM,rate,46,dos,0.9249528674816031,0.8050497565106923,0.8608461865006367,18892
cicids2017_v2,SLSTM,rate,46,probe,0.9997678737233054,0.9908438391460385,0.9952858529370985,21734
cicids2017_v2,SLSTM,rate,46,r2l,0.9332627118644068,0.564381806534273,0.7033932135728543,1561
cicids2017_v2,SLSTM,rate,46,u2r,0.0,0.0,0.0,0
cicids2017_v2,Synaptic,delta,42,normal,0.9726000928232474,0.9798765184697451,0.9762247468745544,523965
cicids2017_v2,Synaptic,delta,42,dos,0.38417654065575824,0.32437010374761804,0.3517492753207244,18892
cicids2017_v2,Synaptic,delta,42,probe,0.986737400530504,0.9927302843471059,0.9897247706422019,21734
cicids2017_v2,Synaptic,delta,42,r2l,0.0,0.0,0.0,1561
cicids2017_v2,Synaptic,delta,42,u2r,0.0,0.0,0.0,0
cicids2017_v2,Synaptic,delta,43,normal,0.9759131359741116,0.9945740650615976,0.9851552390521661,523965
cicids2017_v2,Synaptic,delta,43,dos,0.7517154730839857,0.4117086597501588,0.5320291391634461,18892
cicids2017_v2,Synaptic,delta,43,probe,0.9866183951239632,0.9905677739946628,0.9885891401676041,21734
cicids2017_v2,Synaptic,delta,43,r2l,0.0,0.0,0.0,1561
cicids2017_v2,Synaptic,delta,43,u2r,0.0,0.0,0.0,0
cicids2017_v2,Synaptic,delta,44,normal,0.973287310069895,0.9934174992604468,0.9832493834809736,523965
cicids2017_v2,Synaptic,delta,44,dos,0.670266836086404,0.33506246030065634,0.44678147939017504,18892
cicids2017_v2,Synaptic,delta,44,probe,0.9875011445838293,0.9924082083371676,0.9899485955571874,21734
cicids2017_v2,Synaptic,delta,44,r2l,0.0,0.0,0.0,1561
cicids2017_v2,Synaptic,delta,44,u2r,0.0,0.0,0.0,0
cicids2017_v2,Synaptic,delta,45,normal,0.9728084612485118,0.9949710381418606,0.9837649440920417,523965
cicids2017_v2,Synaptic,delta,45,dos,0.7502163966860393,0.3211412237984332,0.4497572185774121,18892
cicids2017_v2,Synaptic,delta,45,probe,0.9876594182952565,0.9905677739946628,0.9891114582376183,21734
cicids2017_v2,Synaptic,delta,45,r2l,0.0,0.0,0.0,1561
cicids2017_v2,Synaptic,delta,45,u2r,0.0,0.0,0.0,0
cicids2017_v2,Synaptic,delta,46,normal,0.9728771715883431,0.9957821610222057,0.9841964186345691,523965
cicids2017_v2,Synaptic,delta,46,dos,0.7639782910513694,0.3204001693838662,0.45146373298526943,18892
cicids2017_v2,Synaptic,delta,46,probe,0.9875915750915751,0.9924082083371676,0.9899940331390279,21734
cicids2017_v2,Synaptic,delta,46,r2l,0.0,0.0,0.0,1561
cicids2017_v2,Synaptic,delta,46,u2r,0.0,0.0,0.0,0
cicids2017_v2,Synaptic,latency,42,normal,0.9980847073890273,0.9995305029916121,0.9988070819852215,523965
cicids2017_v2,Synaptic,latency,42,dos,0.9833251860300907,0.9582892229515139,0.9706457925636007,18892
cicids2017_v2,Synaptic,latency,42,probe,0.999953609203934,0.9917640563172909,0.9958419958419958,21734
cicids2017_v2,Synaptic,latency,42,r2l,0.9910591471801926,0.923126201153107,0.9558872305140962,1561
cicids2017_v2,Synaptic,latency,42,u2r,0.0,0.0,0.0,0
cicids2017_v2,Synaptic,latency,43,normal,0.9968827894559449,0.9991354384357733,0.9980078428083126,523965
cicids2017_v2,Synaptic,latency,43,dos,0.9709386482574324,0.9231420707177641,0.9464372931025126,18892
cicids2017_v2,Synaptic,latency,43,probe,0.9999072657300505,0.9922241649029171,0.9960508995173322,21734
cicids2017_v2,Synaptic,latency,43,r2l,0.9890635680109364,0.9269698910954516,0.957010582010582,1561
cicids2017_v2,Synaptic,latency,43,u2r,0.0,0.0,0.0,0
cicids2017_v2,Synaptic,latency,44,normal,0.9948258891756006,0.9992098708883227,0.9970130608366287,523965
cicids2017_v2,Synaptic,latency,44,dos,0.9763044518908569,0.8636459877196697,0.9165262330075272,18892
cicids2017_v2,Synaptic,latency,44,probe,0.9998610017143121,0.9929143277813564,0.996375556940693,21734
cicids2017_v2,Synaptic,latency,44,r2l,0.960559796437659,0.9673286354900704,0.963932333226939,1561
cicids2017_v2,Synaptic,latency,44,u2r,0.0,0.0,0.0,0
cicids2017_v2,Synaptic,latency,45,normal,0.9942995923126148,0.9993549187445726,0.9968208461118186,523965
cicids2017_v2,Synaptic,latency,45,dos,0.9762687112084703,0.8492483590937964,0.9083394666817641,18892
cicids2017_v2,Synaptic,latency,45,probe,0.9999535747446611,0.991027882580289,0.9954707214493691,21734
cicids2017_v2,Synaptic,latency,45,r2l,0.9791395045632334,0.9622037155669443,0.9705977382875606,1561
cicids2017_v2,Synaptic,latency,45,u2r,0.0,0.0,0.0,0
cicids2017_v2,Synaptic,latency,46,normal,0.9972370956562803,0.9995343200404607,0.9983843864052073,523965
cicids2017_v2,Synaptic,latency,46,dos,0.9866344695906104,0.9299703578234173,0.9574647810567045,18892
cicids2017_v2,Synaptic,latency,46,probe,0.9997219905476786,0.9927302843471059,0.99621387016345,21734
cicids2017_v2,Synaptic,latency,46,r2l,0.9570435881238155,0.9705317104420244,0.9637404580152672,1561
cicids2017_v2,Synaptic,latency,46,u2r,0.0,0.0,0.0,0
cicids2017_v2,Synaptic,rate,42,normal,0.9892770496996321,0.9953603771244263,0.9923093900786946,523965
cicids2017_v2,Synaptic,rate,42,dos,0.8701322784027692,0.7451302138471311,0.8027944111776447,18892
cicids2017_v2,Synaptic,rate,42,probe,0.9965272954577025,0.9902456979847244,0.9933765664305001,21734
cicids2017_v2,Synaptic,rate,42,r2l,0.7050420168067227,0.5374759769378603,0.6099600145401672,1561
cicids2017_v2,Synaptic,rate,42,u2r,0.0,0.0,0.0,0
cicids2017_v2,Synaptic,rate,43,normal,0.9844003893783315,0.9978109224852805,0.9910602918484875,523965
cicids2017_v2,Synaptic,rate,43,dos,0.9180049413218035,0.629366927800127,0.7467654817234016,18892
cicids2017_v2,Synaptic,rate,43,probe,0.9969826385665213,0.9881752093494065,0.9925593862649044,21734
cicids2017_v2,Synaptic,rate,43,r2l,0.9586956521739131,0.2825112107623318,0.4364176150420584,1561
cicids2017_v2,Synaptic,rate,43,u2r,0.0,0.0,0.0,0
cicids2017_v2,Synaptic,rate,44,normal,0.9839362190560059,0.9979807811590469,0.9909087377500098,523965
cicids2017_v2,Synaptic,rate,44,dos,0.915344317060208,0.6381537158585645,0.752019461684808,18892
cicids2017_v2,Synaptic,rate,44,probe,0.999303394789393,0.9900616545504739,0.9946610580812166,21734
cicids2017_v2,Synaptic,rate,44,r2l,0.0,0.0,0.0,1561
cicids2017_v2,Synaptic,rate,44,u2r,0.0,0.0,0.0,0
cicids2017_v2,Synaptic,rate,45,normal,0.9845337763221234,0.995375645319821,0.98992502609851,523965
cicids2017_v2,Synaptic,rate,45,dos,0.8387808578127155,0.6438704213423672,0.7285141043301192,18892
cicids2017_v2,Synaptic,rate,45,probe,0.9991638407581177,0.9896475568234103,0.9943829315087492,21734
cicids2017_v2,Synaptic,rate,45,r2l,0.6572164948453608,0.16335682254964767,0.2616726526423807,1561
cicids2017_v2,Synaptic,rate,45,u2r,0.0,0.0,0.0,0
cicids2017_v2,Synaptic,rate,46,normal,0.9878661554364196,0.9977002280686688,0.9927588387555002,523965
cicids2017_v2,Synaptic,rate,46,dos,0.9179913060403555,0.7489413508363328,0.824894330272555,18892
cicids2017_v2,Synaptic,rate,46,probe,0.999118288551673,0.9906137848532254,0.9948478617471063,21734
cicids2017_v2,Synaptic,rate,46,r2l,0.0,0.0,0.0,1561
cicids2017_v2,Synaptic,rate,46,u2r,0.0,0.0,0.0,0
ctu13_v2_f0,Alpha,delta,42,normal,0.5135328467153285,0.928563415229686,0.6613259136189202,151533
ctu13_v2_f0,Alpha,delta,42,botnet,0.8800460977582749,0.37336279441493114,0.5242925470287471,212710
ctu13_v2_f0,Alpha,delta,43,normal,0.46101831452651365,0.9970369490474023,0.6305005101710794,151533
ctu13_v2_f0,Alpha,delta,43,botnet,0.9877070499657769,0.16960180527478727,0.28949385118462495,212710
ctu13_v2_f0,Alpha,delta,44,normal,0.5135052268878117,0.9284050338870081,0.6612628407453801,151533
ctu13_v2_f0,Alpha,delta,44,botnet,0.879822763777347,0.3734004043063326,0.5242899813522122,212710
ctu13_v2_f0,Alpha,delta,45,normal,0.5134939864549276,0.9286558043462481,0.661317117070546,151533
ctu13_v2_f0,Alpha,delta,45,botnet,0.8801374799046511,0.373202952376475,0.5241511364949406,212710
ctu13_v2_f0,Alpha,delta,46,normal,0.5152485726221975,0.9278506991876357,0.6625652963754474,151533
ctu13_v2_f0,Alpha,delta,46,botnet,0.8803371093963772,0.37812984815006345,0.5290273781139522,212710
ctu13_v2_f0,Alpha,latency,42,normal,0.9917759065491547,0.9995578520850243,0.9956516737604969,151533
ctu13_v2_f0,Alpha,latency,42,botnet,0.9996832465807177,0.9940952470499741,0.9968814160209886,212710
ctu13_v2_f0,Alpha,latency,43,normal,0.9929649493187868,0.9994456653006276,0.996194767394057,151533
ctu13_v2_f0,Alpha,latency,43,botnet,0.9996032514488407,0.9949555733157821,0.9972739974224314,212710
ctu13_v2_f0,Alpha,latency,44,normal,0.9893651789682851,0.9988649337108089,0.9940923614463371,151533
ctu13_v2_f0,Alpha,latency,44,botnet,0.9991858180871459,0.9923510883362324,0.9957567252013727,212710
ctu13_v2_f0,Alpha,latency,45,normal,0.9769981487573453,0.9995512528624128,0.9881460314975014,151533
ctu13_v2_f0,Alpha,latency,45,botnet,0.9996749708429726,0.9832353909078088,0.9913870336223283,212710
ctu13_v2_f0,Alpha,latency,46,normal,0.9790303813833225,0.9994918598589086,0.9891553163767458,151533
ctu13_v2_f0,Alpha,latency,46,botnet,0.9996325336565764,0.9847491890367167,0.9921350469978899,212710
ctu13_v2_f0,Alpha,rate,42,normal,0.958122592477424,0.9963506298957983,0.976862755247289,151533
ctu13_v2_f0,Alpha,rate,42,botnet,0.9973241590214067,0.9689765408302383,0.982946010005389,212710
ctu13_v2_f0,Alpha,rate,43,normal,0.9423975769964228,0.997927844099965,0.9693680988477379,151533
ctu13_v2_f0,Alpha,rate,43,botnet,0.9984591301446161,0.9565464717220629,0.9770535257664631,212710
ctu13_v2_f0,Alpha,rate,44,normal,0.9522674986606158,0.9970237506021791,0.9741318168336621,151533
ctu13_v2_f0,Alpha,rate,44,botnet,0.9978062921960426,0.9643975365521132,0.9808175033110367,212710
ctu13_v2_f0,Alpha,rate,45,normal,0.9608291118295446,0.9963308322279636,0.9782579819545462,151533
ctu13_v2_f0,Alpha,rate,45,botnet,0.9973154492035672,0.9710638898030182,0.9840146157529042,212710
ctu13_v2_f0,Alpha,rate,46,normal,0.9492541439935657,0.9969445599308402,0.9725150396389843,151533
ctu13_v2_f0,Alpha,rate,46,botnet,0.997742531582617,0.9620328146302477,0.9795623338048429,212710
ctu13_v2_f0,Lapicque,delta,42,normal,0.5655024739599085,0.9254419829344104,0.7020244495839967,151533
ctu13_v2_f0,Lapicque,delta,42,botnet,0.9028212626870806,0.4934511776597245,0.6381250569960787,212710
ctu13_v2_f0,Lapicque,delta,43,normal,0.4596900050195458,0.9971887311674684,0.6292873681931003,151533
ctu13_v2_f0,Lapicque,delta,43,botnet,0.9880094573294304,0.1650228009966621,0.2828092395201379,212710
ctu13_v2_f0,Lapicque,delta,44,normal,0.5651177059450383,0.9238911656206898,0.7012815921095803,151533
ctu13_v2_f0,Lapicque,delta,44,botnet,0.901010239728085,0.4935075924968267,0.6377191943307909,212710
ctu13_v2_f0,Lapicque,delta,45,normal,0.5652217774477838,0.9243597104261118,0.701496685856231,151533
ctu13_v2_f0,Lapicque,delta,45,botnet,0.9015520454877305,0.49346528136900003,0.6378195098089853,212710
ctu13_v2_f0,Lapicque,delta,46,normal,0.565094358663841,0.923811974949351,0.7012408016871297,151533
ctu13_v2_f0,Lapicque,delta,46,botnet,0.9009165965773529,0.4935028912604015,0.6376918123610386,212710
ctu13_v2_f0,Lapicque,latency,42,normal,0.9747776962771365,0.9997690272085948,0.9871152073132193,151533
ctu13_v2_f0,Lapicque,latency,42,botnet,0.9998323955465103,0.9815711532132951,0.990617623684866,212710
ctu13_v2_f0,Lapicque,latency,43,normal,0.9353975960172455,0.9993796730745118,0.966330707556049,151533
ctu13_v2_f0,Lapicque,latency,43,botnet,0.9995354468852702,0.9508297682290442,0.9745744539880257,212710
ctu13_v2_f0,Lapicque,latency,44,normal,0.9318068568405382,0.9995710505302475,0.9645001687435926,151533
ctu13_v2_f0,Lapicque,latency,44,botnet,0.9996777232386336,0.9478867942268817,0.9730936293436293,212710
ctu13_v2_f0,Lapicque,latency,45,normal,0.9828458723691381,0.999703034982479,0.9912027873652528,151533
ctu13_v2_f0,Lapicque,latency,45,botnet,0.9997858274911833,0.9875699308918245,0.9936403347988866,212710
ctu13_v2_f0,Lapicque,latency,46,normal,0.9704683795732684,0.9995248559719665,0.9847823330721742,151533
ctu13_v2_f0,Lapicque,latency,46,botnet,0.9996541338213889,0.9783320013163462,0.9888781442823777,212710
ctu13_v2_f0,Lapicque,rate,42,normal,0.9477021793891695,0.9980664277748081,0.9722324898190081,151533
ctu13_v2_f0,Lapicque,rate,42,botnet,0.998568336289499,0.9607634807954492,0.9793011905589086,212710
ctu13_v2_f0,Lapicque,rate,43,normal,0.9666299869488446,0.9970897428282949,0.9816236303806186,151533
ctu13_v2_f0,Lapicque,rate,43,botnet,0.9978791449250968,0.975478350806262,0.9865516052728548,212710
ctu13_v2_f0,Lapicque,rate,44,normal,0.9609308948515997,0.9975714860789399,0.9789084456877906,151533
ctu13_v2_f0,Lapicque,rate,44,botnet,0.9982216380260182,0.9711062009308448,0.9844772448896917,212710
ctu13_v2_f0,Lapicque,rate,45,normal,0.9835078739129299,0.9940936957626392,0.9887724526332717,151533
ctu13_v2_f0,Lapicque,rate,45,botnet,0.9957598813714297,0.9881246767899957,0.9919275866055985,212710
ctu13_v2_f0,Lapicque,rate,46,normal,0.9564994623315832,0.9978882487642956,0.9767556027814471,151533
ctu13_v2_f0,Lapicque,rate,46,botnet,0.9984477548228743,0.9676695971040383,0.9828177709656857,212710
ctu13_v2_f0,Leaky,delta,42,normal,0.5651610820842832,0.9244059049843928,0.7014632387552956,151533
ctu13_v2_f0,Leaky,delta,42,botnet,0.9015792006048734,0.4933148418033943,0.6377006241301983,212710
ctu13_v2_f0,Leaky,delta,43,normal,0.5153571991106195,0.9284578276679007,0.6628098706340159,151533
ctu13_v2_f0,Leaky,delta,43,botnet,0.8811867081671123,0.37799351229373324,0.5290471584516078,212710
ctu13_v2_f0,Leaky,delta,44,normal,0.5154550815516983,0.9286953996819175,0.6629513602638087,151533
ctu13_v2_f0,Leaky,delta,44,botnet,0.8815578891982548,0.3780781345493865,0.5291969361970941,212710
ctu13_v2_f0,Leaky,delta,45,normal,0.5153478966476047,0.9283390416608923,0.6627719068461397,151533
ctu13_v2_f0,Leaky,delta,45,botnet,0.8810285513947017,0.3780499271308354,0.5290738986262434,212710
ctu13_v2_f0,Leaky,delta,46,normal,0.5135875812390298,0.9287877887984796,0.6614282021759053,151533
ctu13_v2_f0,Leaky,delta,46,botnet,0.880373811054697,0.3733486907056556,0.5243367798333531,212710
ctu13_v2_f0,Leaky,latency,42,normal,0.9758176207991651,0.9996700388694212,0.9875998304918995,151533
ctu13_v2_f0,Leaky,latency,42,botnet,0.9997607724180168,0.982351558459875,0.9909797114645875,212710
ctu13_v2_f0,Leaky,latency,43,normal,0.9991558454405761,0.9998020233216527,0.9994788299402304,151533
ctu13_v2_f0,Leaky,latency,43,botnet,0.9998588978985193,0.999398241737577,0.9996285167473115,212710
ctu13_v2_f0,Leaky,latency,44,normal,0.9886393297139278,0.9998284202120991,0.9942023945062192,151533
ctu13_v2_f0,Leaky,latency,44,botnet,0.9998767743311453,0.991815147383762,0.9958296456260842,212710
ctu13_v2_f0,Leaky,latency,45,normal,0.9970190112066754,0.9998482178799337,0.998431610301289,151533
ctu13_v2_f0,Leaky,latency,45,botnet,0.9998916525343885,0.9978703398993936,0.9988799736464388,212710
ctu13_v2_f0,Leaky,latency,46,normal,0.9983852258047508,0.9996436419789749,0.9990140375984726,151533
ctu13_v2_f0,Leaky,latency,46,botnet,0.9997459050720171,0.998848197075831,0.9992968494622897,212710
ctu13_v2_f0,Leaky,rate,42,normal,0.9714047252182846,0.9985019764671722,0.984766981350047,151533
ctu13_v2_f0,Leaky,rate,42,botnet,0.9989111822067027,0.9790606929622491,0.9888863300197297,212710
ctu13_v2_f0,Leaky,rate,43,normal,0.9564039237731893,0.9992212917318339,0.9773438760690657,151533
ctu13_v2_f0,Leaky,rate,43,botnet,0.999426978623389,0.9675520661934088,0.9832312557926217,212710
ctu13_v2_f0,Leaky,rate,44,normal,0.9661968054544758,0.9987725445942468,0.9822146507666099,151533
ctu13_v2_f0,Leaky,rate,44,botnet,0.9991040505585234,0.9751069531286728,0.9869596560642001,212710
ctu13_v2_f0,Leaky,rate,45,normal,0.9771754083431826,0.9984557819088912,0.9877009850962574,151533
ctu13_v2_f0,Leaky,rate,45,botnet,0.9988825748531589,0.9833858304734145,0.9910736283521273,212710
ctu13_v2_f0,Leaky,rate,46,normal,0.9889877087350623,0.995076979931764,0.9920230000756581,151533
ctu13_v2_f0,Leaky,rate,46,botnet,0.9964774267271705,0.9921066240421231,0.9942872219879525,212710
ctu13_v2_f0,LeakyParallel,delta,42,normal,0.5153786138918497,0.928530419116628,0.6628460788331897,151533
ctu13_v2_f0,LeakyParallel,delta,42,botnet,0.8812942543350066,0.37799821353015844,0.5290711446845472,212710
ctu13_v2_f0,LeakyParallel,delta,43,normal,0.5153807547321877,0.9284050338870081,0.6628158980834102,151533
ctu13_v2_f0,LeakyParallel,delta,43,botnet,0.8811355070558331,0.37808753702223685,0.5291300142771611,212710
ctu13_v2_f0,LeakyParallel,delta,44,normal,0.5092450647190686,0.929480707172695,0.6579898297879299,151533
ctu13_v2_f0,LeakyParallel,delta,44,botnet,0.8781013654563499,0.3618870763010672,0.5125427385284297,212710
ctu13_v2_f0,LeakyParallel,delta,45,normal,0.5153569740991857,0.9284710261131238,0.6628130476567359,151533
ctu13_v2_f0,LeakyParallel,delta,45,botnet,0.8812034195528277,0.3779841098208829,0.529040960684323,212710
ctu13_v2_f0,LeakyParallel,delta,46,normal,0.515357424128647,0.9284446292226776,0.6628066935514265,151533
ctu13_v2_f0,LeakyParallel,delta,46,botnet,0.8811699982465369,0.3780029147665836,0.5290533560557709,212710
ctu13_v2_f0,LeakyParallel,latency,42,normal,0.9995645633758214,0.9998218209894875,0.9996931756322066,151533
ctu13_v2_f0,LeakyParallel,latency,42,botnet,0.9998730433392423,0.9996897183959381,0.9997813724637443,212710
ctu13_v2_f0,LeakyParallel,latency,43,normal,0.999663406327961,0.9995644513076359,0.9996139263688291,151533
ctu13_v2_f0,LeakyParallel,latency,43,botnet,0.9996897402750029,0.9997602369423159,0.9997249873658726,212710
ctu13_v2_f0,LeakyParallel,latency,44,normal,0.9998148491020181,0.997802458870345,0.998807640349979,151533
ctu13_v2_f0,LeakyParallel,latency,44,botnet,0.99843672980776,0.9998683653800949,0.9991520347642258,212710
ctu13_v2_f0,LeakyParallel,latency,45,normal,0.9925585295235101,0.9999274085512727,0.9962293427484705,151533
ctu13_v2_f0,LeakyParallel,latency,45,botnet,0.9999480114374838,0.9946593954209957,0.9972966921599359,212710
ctu13_v2_f0,LeakyParallel,latency,46,normal,0.9953511309836928,0.9989441243821477,0.997144391050449,151533
ctu13_v2_f0,LeakyParallel,latency,46,botnet,0.9992458628507327,0.9966762258473979,0.9979593902177827,212710
ctu13_v2_f0,LeakyParallel,rate,42,normal,0.9800871188550093,0.997802458870345,0.9888654534752538,151533
ctu13_v2_f0,LeakyParallel,rate,42,botnet,0.9984140667044497,0.9855578017018476,0.9919442794920993,212710
ctu13_v2_f0,LeakyParallel,rate,43,normal,0.9748290683662093,0.9982842021209901,0.9864172252797413,151533
ctu13_v2_f0,LeakyParallel,rate,43,botnet,0.9987563616882869,0.9816369705232476,0.9901226723316279,212710
ctu13_v2_f0,LeakyParallel,rate,44,normal,0.9698702131068739,0.9986207624741805,0.9840355315095038,151533
ctu13_v2_f0,LeakyParallel,rate,44,botnet,0.998996244320856,0.9778994875652297,0.9883352972479854,212710
ctu13_v2_f0,LeakyParallel,rate,45,normal,0.9699041005502848,0.9991421010604951,0.9843060259919255,151533
ctu13_v2_f0,LeakyParallel,rate,45,botnet,0.999375426391598,0.9779135912745052,0.9885280336080142,212710
ctu13_v2_f0,LeakyParallel,rate,46,normal,0.9711387854666838,0.9983567935697175,0.9845597159898866,151533
ctu13_v2_f0,LeakyParallel,rate,46,botnet,0.9988055434297693,0.9788632410323915,0.9887338457118571,212710
ctu13_v2_f0,RLeaky,delta,42,normal,0.5160276509525643,0.9285964113427438,0.6633994785699805,151533
ctu13_v2_f0,RLeaky,delta,42,botnet,0.8818235435461674,0.3795684264961685,0.5307031958668016,212710
ctu13_v2_f0,RLeaky,delta,43,normal,0.5154469638978724,0.9287283957949753,0.6629530530143866,151533
ctu13_v2_f0,RLeaky,delta,43,botnet,0.8815945270359163,0.3780358234215599,0.5291620876409079,212710
ctu13_v2_f0,RLeaky,delta,44,normal,0.5159812662517467,0.928438030000066,0.6633207290969269,151533
ctu13_v2_f0,RLeaky,delta,44,botnet,0.8815898667831404,0.37955902402331815,0.5306516809622399,212710
ctu13_v2_f0,RLeaky,delta,45,normal,0.5159337999031648,0.9282334540991072,0.663229292650668,151533
ctu13_v2_f0,RLeaky,delta,45,botnet,0.8812967308846804,0.37957782896901887,0.5306169391275775,212710
ctu13_v2_f0,RLeaky,delta,46,normal,0.45973518756786846,0.9974263031814852,0.6293770065834676,151533
ctu13_v2_f0,RLeaky,delta,46,botnet,0.9890085113578716,0.16497578863241033,0.2827810727178958,212710
ctu13_v2_f0,RLeaky,latency,42,normal,0.9689935875283185,0.9992080932866109,0.9838689240426133,151533
ctu13_v2_f0,RLeaky,latency,42,botnet,0.9994230353150467,0.9772225095200038,0.9881981007618346,212710
ctu13_v2_f0,RLeaky,latency,43,normal,0.9693858610426601,0.9994654629684623,0.9841958878115984,151533
ctu13_v2_f0,RLeaky,latency,43,botnet,0.9996105919003115,0.9775139861783649,0.9884388117456349,212710
ctu13_v2_f0,RLeaky,latency,44,normal,0.9194099822071621,0.9991355018378835,0.9576162375160496,151533
ctu13_v2_f0,RLeaky,latency,44,botnet,0.9993435887157388,0.9376098914014386,0.967492965945474,212710
ctu13_v2_f0,RLeaky,latency,45,normal,0.9581229505587214,0.9930378201447869,0.9752679948669424,151533
ctu13_v2_f0,RLeaky,latency,45,botnet,0.9949080062551885,0.9690799680315924,0.9818241572953431,212710
ctu13_v2_f0,RLeaky,latency,46,normal,0.9970800798023438,0.9960338672104426,0.9965566989207909,151533
ctu13_v2_f0,RLeaky,latency,46,botnet,0.9971766673400072,0.9979220535000706,0.9975492211786766,212710
ctu13_v2_f0,RLeaky,rate,42,normal,0.973589791488183,0.9974263031814852,0.9853639137351031,151533
ctu13_v2_f0,RLeaky,rate,42,botnet,0.998133971291866,0.9807249306567627,0.9893528728272983,212710
ctu13_v2_f0,RLeaky,rate,43,normal,0.9793592831429829,0.998224809117486,0.9887020605585242,151533
ctu13_v2_f0,RLeaky,rate,43,botnet,0.9987177714963941,0.9850124582765267,0.9918177708455128,212710
ctu13_v2_f0,RLeaky,rate,44,normal,0.9830356329764398,0.9973141163970884,0.9901234001709979,151533
ctu13_v2_f0,RLeaky,rate,44,botnet,0.9980665909771078,0.987739175403131,0.9928760287227181,212710
ctu13_v2_f0,RLeaky,rate,45,normal,0.9809005243756814,0.9974395016267084,0.9891008798479162,151533
ctu13_v2_f0,RLeaky,rate,45,botnet,0.9981537436653898,0.9861642612006958,0.9921227815023708,212710
ctu13_v2_f0,RLeaky,rate,46,normal,0.9820831140821007,0.9976374783050557,0.9897991920541075,151533
ctu13_v2_f0,RLeaky,rate,46,botnet,0.9982977509390899,0.9870339899393541,0.9926339180180606,212710
ctu13_v2_f0,RSynaptic,delta,42,normal,0.4568007385417421,0.9992080932866109,0.6269728383406108,151533
ctu13_v2_f0,RSynaptic,delta,42,botnet,0.9963391195582537,0.1535376804099478,0.2660730216017826,212710
ctu13_v2_f0,RSynaptic,delta,43,normal,0.5136017807294423,0.9288405825793722,0.6614533646006138,151533
ctu13_v2_f0,RSynaptic,delta,43,botnet,0.8804518947205038,0.3733486907056556,0.5243506279134259,212710
ctu13_v2_f0,RSynaptic,delta,44,normal,0.5153617116341755,0.9286360066784133,0.662859000146026,151533
ctu13_v2_f0,RSynaptic,delta,44,botnet,0.8814176371252495,0.3778853838559541,0.528982836685269,212710
ctu13_v2_f0,RSynaptic,delta,45,normal,0.565231426000573,0.9244389010974507,0.7015269201684671,151533
ctu13_v2_f0,RSynaptic,delta,45,botnet,0.9016407525126707,0.49344177518687415,0.6378220709771512,212710
ctu13_v2_f0,RSynaptic,delta,46,normal,0.5652459836521936,0.9245708855496823,0.7015761339025276,151533
ctu13_v2_f0,RSynaptic,delta,46,botnet,0.9017880925580636,0.49339946405904755,0.6378235807117181,212710
ctu13_v2_f0,RSynaptic,latency,42,normal,0.9708777739273292,0.9983831904601638,0.9844383928890971,151533
ctu13_v2_f0,RSynaptic,latency,42,botnet,0.9988244720920079,0.978665789102534,0.9886423810394489,212710
ctu13_v2_f0,RSynaptic,latency,43,normal,0.9106283679753656,0.9992014940639993,0.9528610311354447,151533
ctu13_v2_f0,RSynaptic,latency,43,botnet,0.9993887993696047,0.9301396267218278,0.963521565399909,212710
ctu13_v2_f0,RSynaptic,latency,44,normal,0.9310923440035404,0.9996832373146444,0.9641694433040872,151533
ctu13_v2_f0,RSynaptic,latency,44,botnet,0.9997618421509623,0.947294438437309,0.9728212196776397,212710
ctu13_v2_f0,RSynaptic,latency,45,normal,0.9206118653750319,0.9996700388694212,0.9585135361729188,151533
ctu13_v2_f0,RSynaptic,latency,45,botnet,0.9997496206753231,0.938587748577876,0.9682037404796717,212710
ctu13_v2_f0,RSynaptic,latency,46,normal,0.9052963075838248,0.9997492295407601,0.9501812616816568,151533
ctu13_v2_f0,RSynaptic,latency,46,botnet,0.9998070086338243,0.9254948051337502,0.9612167671687702,212710
ctu13_v2_f0,RSynaptic,rate,42,normal,0.9653698979591837,0.9989243267143131,0.9818605209302929,151533
ctu13_v2_f0,RSynaptic,rate,42,botnet,0.9992142419845451,0.9744722862112736,0.9866881826382294,212710
ctu13_v2_f0,RSynaptic,rate,43,normal,0.974067005390349,0.9969445599308402,0.9853730126375866,151533
ctu13_v2_f0,RSynaptic,rate,43,botnet,0.9977862883753843,0.9810916270979267,0.98936853608179,212710
ctu13_v2_f0,RSynaptic,rate,44,normal,0.9705475060905244,0.9990299142760983,0.9845827656066573,151533
ctu13_v2_f0,RSynaptic,rate,44,botnet,0.999294161708993,0.9784025198627239,0.9887379950733183,212710
ctu13_v2_f0,RSynaptic,rate,45,normal,0.9785861696415286,0.9982182098948744,0.9883047049061436,151533
ctu13_v2_f0,RSynaptic,rate,45,botnet,0.9987122621261983,0.9844389074326548,0.9915242198967754,212710
ctu13_v2_f0,RSynaptic,rate,46,normal,0.9746730972584015,0.9975648868563283,0.985986139421117,151533
ctu13_v2_f0,RSynaptic,rate,46,botnet,0.998235724428762,0.9815335433218937,0.9898141805002122,212710
ctu13_v2_f0,SConv2dLSTM,delta,42,normal,0.4974424890463194,0.9934799680597626,0.662944133377076,151533
ctu13_v2_f0,SConv2dLSTM,delta,42,botnet,0.9839623407190975,0.28497484838512527,0.4419517707744746,212710
ctu13_v2_f0,SConv2dLSTM,delta,43,normal,0.5154785665891487,0.9288669794698184,0.663014498761152,151533
ctu13_v2_f0,SConv2dLSTM,delta,43,botnet,0.8817936570601395,0.3780217197122843,0.5291841341502741,212710
ctu13_v2_f0,SConv2dLSTM,delta,44,normal,0.4596991772238529,0.9973603109553695,0.6293301242145501,151533
ctu13_v2_f0,SConv2dLSTM,delta,44,botnet,0.9887254072946615,0.1649099713224578,0.28267281254532856,212710
ctu13_v2_f0,SConv2dLSTM,delta,45,normal,0.4610840564851769,0.9972217272805264,0.6305989379570801,151533
ctu13_v2_f0,SConv2dLSTM,delta,45,botnet,0.9884692284516995,0.16966762258473977,0.2896224635965669,212710
ctu13_v2_f0,SConv2dLSTM,delta,46,normal,0.5160452715043313,0.928563415229686,0.6634056185893885,151533
ctu13_v2_f0,SConv2dLSTM,delta,46,botnet,0.8817934634242223,0.379634243806121,0.5307620765921647,212710
ctu13_v2_f0,SConv2dLSTM,latency,42,normal,0.9995315510279486,0.999736031095537,0.9996337806048888,151533
ctu13_v2_f0,SConv2dLSTM,latency,42,botnet,0.9998119231329845,0.9996662122138122,0.9997390623640949,212710
ctu13_v2_f0,SConv2dLSTM,latency,43,normal,0.8088485747996604,0.9998020233216527,0.8942450714201393,151533
ctu13_v2_f0,SConv2dLSTM,latency,43,botnet,0.9998304471673374,0.8316769310328617,0.908034472315897,212710
ctu13_v2_f0,SConv2dLSTM,latency,44,normal,0.9985761464987047,0.9996832373146444,0.9991293852272503,151533
ctu13_v2_f0,SConv2dLSTM,latency,44,botnet,0.9997741622832194,0.9989845329321612,0.9993791916322557,212710
ctu13_v2_f0,SConv2dLSTM,latency,45,normal,0.9965456208341832,0.9994918598589086,0.9980165659574187,151533
ctu13_v2_f0,SConv2dLSTM,latency,45,botnet,0.9996372407684843,0.9975318508767806,0.998583436085201,212710
ctu13_v2_f0,SConv2dLSTM,latency,46,normal,0.9756992116746918,0.9989177274917015,0.9871719622267439,151533
ctu13_v2_f0,SConv2dLSTM,latency,46,botnet,0.999215701277833,0.9822763386770721,0.9906736144366949,212710
ctu13_v2_f0,SConv2dLSTM,rate,42,normal,0.9645754341245818,0.9988979298238667,0.9814366947850275,151533
ctu13_v2_f0,SConv2dLSTM,rate,42,botnet,0.9991944741894095,0.9738658267124254,0.986367575494967,212710
ctu13_v2_f0,SConv2dLSTM,rate,43,normal,0.9776058131792117,0.997927844099965,0.9876623037333124,151533
ctu13_v2_f0,SConv2dLSTM,rate,43,botnet,0.9985016224470319,0.9837149170231771,0.9910531176735264,212710
ctu13_v2_f0,SConv2dLSTM,rate,44,normal,0.9721924240575037,0.9987791438168584,0.9853064678884151,151533
ctu13_v2_f0,SConv2dLSTM,rate,44,botnet,0.9991129906120845,0.9796483475153965,0.9892849343423314,212710
ctu13_v2_f0,SConv2dLSTM,rate,45,normal,0.9804660882205969,0.9970171513795675,0.9886723555741695,151533
ctu13_v2_f0,SConv2dLSTM,rate,45,botnet,0.997849175834634,0.9858492783602087,0.9918129318784852,212710
ctu13_v2_f0,SConv2dLSTM,rate,46,normal,0.9736267839095701,0.9981324200009238,0.9857273201251303,151533
ctu13_v2_f0,SConv2dLSTM,rate,46,botnet,0.9986452588848039,0.9807390343660383,0.9896111535414581,212710
ctu13_v2_f0,SLSTM,delta,42,normal,0.5153253546976141,0.9283324424382807,0.6627515829941203,151533
ctu13_v2_f0,SLSTM,delta,42,botnet,0.8810045582047685,0.37799821353015844,0.529018929250528,212710
ctu13_v2_f0,SLSTM,delta,43,normal,0.4596730527045854,0.9972217272805264,0.629278053432333,151533
ctu13_v2_f0,SLSTM,delta,43,botnet,0.9881425151387129,0.16493817874100888,0.2826904095240014,212710
ctu13_v2_f0,SLSTM,delta,44,normal,0.515406511362096,0.9284446292226776,0.6628472892942789,151533
ctu13_v2_f0,SLSTM,delta,44,botnet,0.881203847755111,0.3781251469136383,0.529179167324596,212710
ctu13_v2_f0,SLSTM,delta,45,normal,0.5153502104449564,0.9284248315548428,0.6627956827143685,151533
ctu13_v2_f0,SLSTM,delta,45,botnet,0.8811397260273972,0.37799821353015844,0.5290432951704171,212710
ctu13_v2_f0,SLSTM,delta,46,normal,0.46108615786454454,0.9972019296126916,0.6305969448542222,151533
ctu13_v2_f0,SLSTM,delta,46,botnet,0.988389605410882,0.16969112876686568,0.2896532907486689,212710
ctu13_v2_f0,SLSTM,latency,42,normal,0.8222357603099856,0.9886493371080887,0.8977961556324628,151533
ctu13_v2_f0,SLSTM,latency,42,botnet,0.9905515790398867,0.8477316534248507,0.9135936324417164,212710
ctu13_v2_f0,SLSTM,latency,43,normal,0.8356597033948047,0.9865309866497727,0.904849526668765,151533
ctu13_v2_f0,SLSTM,latency,43,botnet,0.988988519141957,0.8617883503361384,0.9210173289588054,212710
ctu13_v2_f0,SLSTM,latency,44,normal,0.844980803366358,0.983270970679654,0.9088957073926544,151533
ctu13_v2_f0,SLSTM,latency,44,botnet,0.986509499228354,0.8714917023177096,0.9254405671209625,212710
ctu13_v2_f0,SLSTM,latency,45,normal,0.7314031223433032,0.9992410893996687,0.8445965355578053,151533
ctu13_v2_f0,SLSTM,latency,45,botnet,0.9992685362456192,0.7385830473414507,0.8493737987559775,212710
ctu13_v2_f0,SLSTM,latency,46,normal,0.8649952172961012,0.9906291038915616,0.9235591786510805,151533
ctu13_v2_f0,SLSTM,latency,46,botnet,0.9925537883912512,0.889854731794462,0.9384027703756219,212710
ctu13_v2_f0,SLSTM,rate,42,normal,0.9567469879518072,0.995684108412029,0.9758272888081155,151533
ctu13_v2_f0,SLSTM,rate,42,botnet,0.996833589131561,0.9679328663438485,0.9821706702158363,212710
ctu13_v2_f0,SLSTM,rate,43,normal,0.9551788099594204,0.9956973068572522,0.9750172862801864,151533
ctu13_v2_f0,SLSTM,rate,43,botnet,0.9968392782695533,0.9667152461097268,0.9815461870393707,212710
ctu13_v2_f0,SLSTM,rate,44,normal,0.9251662360245405,0.9971425366091874,0.9598068952374903,151533
ctu13_v2_f0,SLSTM,rate,44,botnet,0.9978449241244071,0.9425414884114522,0.9694050977803887,212710
ctu13_v2_f0,SLSTM,rate,45,normal,0.961677678827923,0.9941200926530854,0.9776298113427954,151533
ctu13_v2_f0,SLSTM,rate,45,botnet,0.9957080511372942,0.9717784777396455,0.9835977426078019,212710
ctu13_v2_f0,SLSTM,rate,46,normal,0.9523812531980619,0.9949054001438631,0.9731790131426064,151533
ctu13_v2_f0,SLSTM,rate,46,botnet,0.9962514081497883,0.9645620798269945,0.9801506733483974,212710
ctu13_v2_f0,Synaptic,delta,42,normal,0.459760466658151,0.9976176806372209,0.6294387921863517,151533
ctu13_v2_f0,Synaptic,delta,42,botnet,0.9898129074131558,0.16490056884960744,0.2827033975828843,212710
ctu13_v2_f0,Synaptic,delta,43,normal,0.4610423092999911,0.99719533039008,0.6305546166589469,151533
ctu13_v2_f0,Synaptic,delta,43,botnet,0.9883529734173746,0.16955009167411028,0.289446227929374,212710
ctu13_v2_f0,Synaptic,delta,44,normal,0.5135110475258944,0.928517220671405,0.6612961217866619,151533
ctu13_v2_f0,Synaptic,delta,44,botnet,0.8799711895395866,0.3733392882328052,0.5242560776352924,212710
ctu13_v2_f0,Synaptic,delta,45,normal,0.5160414863497,0.928563415229686,0.6634024908003517,151533
ctu13_v2_f0,Synaptic,delta,45,botnet,0.8817908817908818,0.3796248413332706,0.5307524196066188,212710
ctu13_v2_f0,Synaptic,delta,46,normal,0.5153959723183899,0.9283984346643965,0.6628268008499532,151533
ctu13_v2_f0,Synaptic,delta,46,botnet,0.8811375736727942,0.37812984815006345,0.5291718203110608,212710
ctu13_v2_f0,Synaptic,latency,42,normal,0.999320495312737,0.9996370427563633,0.9994787439709152,151533
ctu13_v2_f0,Synaptic,latency,42,botnet,0.9997413736351581,0.9995157726482065,0.9996285604130032,212710
ctu13_v2_f0,Synaptic,latency,43,normal,0.9993865799523775,0.9998878132156032,0.9996371337524989,151533
ctu13_v2_f0,Synaptic,latency,43,botnet,0.9999200504152675,0.9995627850124583,0.9997413857959675,212710
ctu13_v2_f0,Synaptic,latency,44,normal,0.9995180754707016,0.9991421010604951,0.999330052902719,151533
ctu13_v2_f0,Synaptic,latency,44,botnet,0.9993890029938853,0.9996568097409618,0.9995228884287517,212710
ctu13_v2_f0,Synaptic,latency,45,normal,0.9991489473996714,0.999439066078016,0.9992939856817658,151533
ctu13_v2_f0,Synaptic,latency,45,botnet,0.9996003122266841,0.9993935405011518,0.9994969156699014,212710
ctu13_v2_f0,Synaptic,latency,46,normal,0.9994521705267744,0.9992806847353382,0.9993664202745512,151533
ctu13_v2_f0,Synaptic,latency,46,botnet,0.9994876278580024,0.9996097973767101,0.9995487088843238,212710
ctu13_v2_f0,Synaptic,rate,42,normal,0.8190502463906875,0.9992344901770571,0.900214624169892,151533
ctu13_v2_f0,Synaptic,rate,42,botnet,0.9993533064992697,0.8427342391048845,0.9143856928617337,212710
ctu13_v2_f0,Synaptic,rate,43,normal,0.8379972011261871,0.9997756264312064,0.9117657679345209,151533
ctu13_v2_f0,Synaptic,rate,43,botnet,0.9998146694575266,0.8623101875793333,0.9259855717047905,212710
ctu13_v2_f0,Synaptic,rate,44,normal,0.9191049287183876,0.9993862722971234,0.9575658705920291,151533
ctu13_v2_f0,Synaptic,rate,44,botnet,0.9995337738251602,0.9373372196887781,0.9674368728529007,212710
ctu13_v2_f0,Synaptic,rate,45,normal,0.937132421222064,0.9989573228273709,0.9670577487598343,151533
ctu13_v2_f0,Synaptic,rate,45,botnet,0.9992205729282286,0.9522589441022989,0.9751747014488846,212710
ctu13_v2_f0,Synaptic,rate,46,normal,0.8914500418134063,0.9989243267143131,0.942132042883595,151533
ctu13_v2_f0,Synaptic,rate,46,botnet,0.9991616994358186,0.9133468102110855,0.9543289835957667,212710
ctu13_v2_f1,Alpha,delta,42,normal,0.9102864877058425,0.8380946446929811,0.8727001411138805,96297
ctu13_v2_f1,Alpha,delta,42,botnet,0.8725017173137941,0.9306218217659424,0.9006250764990651,114647
ctu13_v2_f1,Alpha,delta,43,normal,0.9924527834233877,0.8316250765859788,0.9049488951290758,96297
ctu13_v2_f1,Alpha,delta,43,botnet,0.875518226207659,0.9946880424258812,0.9313063752812384,114647
ctu13_v2_f1,Alpha,delta,44,normal,0.9106450157870997,0.8386138716678609,0.8731463911729567,96297
ctu13_v2_f1,Alpha,delta,44,botnet,0.8728898122096447,0.9308834945528448,0.9009543668297377,114647
ctu13_v2_f1,Alpha,delta,45,normal,0.8843876767898257,0.8376688785735796,0.8603945452703099,96297
ctu13_v2_f1,Alpha,delta,45,botnet,0.8694439340538193,0.9080220154038047,0.8883143258199256,114647
ctu13_v2_f1,Alpha,delta,46,normal,0.9105154499610789,0.8381257983114738,0.8728222431301301,96297
ctu13_v2_f1,Alpha,delta,46,botnet,0.8725460536536307,0.9308137151430042,0.900738552437223,114647
ctu13_v2_f1,Alpha,latency,42,normal,0.9825059552167699,0.5353957028775559,0.6931008523109187,96297
ctu13_v2_f1,Alpha,latency,42,botnet,0.7176734881901192,0.9919928127207864,0.8328256125602308,114647
ctu13_v2_f1,Alpha,latency,43,normal,0.982314368370299,0.528915750231056,0.687600828906424,96297
ctu13_v2_f1,Alpha,latency,43,botnet,0.7148603969980012,0.9920015351470165,0.8309314278825605,114647
ctu13_v2_f1,Alpha,latency,44,normal,0.9874997588688054,0.5315949614214358,0.6911351730841929,96297
ctu13_v2_f1,Alpha,latency,44,botnet,0.7165016812796581,0.9943478678029081,0.8328633215465092,114647
ctu13_v2_f1,Alpha,latency,45,normal,0.9918674118327231,0.5344714788622699,0.6946358317531227,96297
ctu13_v2_f1,Alpha,latency,45,botnet,0.7181523256252593,0.9963191361309062,0.834669950054987,114647
ctu13_v2_f1,Alpha,latency,46,normal,0.9514330033978431,0.53503224399514,0.6849098365559093,96297
ctu13_v2_f1,Alpha,latency,46,botnet,0.71443058319302,0.9770600190148891,0.8253567099790377,114647
ctu13_v2_f1,Alpha,rate,42,normal,0.9813360817014898,0.5438279489496038,0.6998302842404885,96297
ctu13_v2_f1,Alpha,rate,42,botnet,0.7212318900361089,0.9913124634748401,0.8349753513624709,114647
ctu13_v2_f1,Alpha,rate,43,normal,0.9844266342538078,0.53827222031839,0.6959872709817323,96297
ctu13_v2_f1,Alpha,rate,43,botnet,0.7191041758797144,0.9928476104913343,0.8340899181862481,114647
ctu13_v2_f1,Alpha,rate,44,normal,0.9839612156517074,0.5332357186620559,0.691648202151088,96297
ctu13_v2_f1,Alpha,rate,44,botnet,0.7168772597286436,0.9926993292454229,0.8325378102082991,114647
ctu13_v2_f1,Alpha,rate,45,normal,0.9822664931046843,0.5406918180213298,0.6974628944971334,96297
ctu13_v2_f1,Alpha,rate,45,botnet,0.7199516262813653,0.9918009193437246,0.8342896134769465,114647
ctu13_v2_f1,Alpha,rate,46,normal,0.9830593294163439,0.5507855904129931,0.7060099833610649,96297
ctu13_v2_f1,Alpha,rate,46,botnet,0.7244555420374417,0.9920277024257067,0.8373865217679411,114647
ctu13_v2_f1,Lapicque,delta,42,normal,0.8846019171007135,0.8395069420646541,0.8614646881743346,96297
ctu13_v2_f1,Lapicque,delta,42,botnet,0.8707300344608384,0.9080132929775746,0.8889809268028164,114647
ctu13_v2_f1,Lapicque,delta,43,normal,0.9103014505893019,0.834138135144397,0.8705571240455844,96297
ctu13_v2_f1,Lapicque,delta,43,botnet,0.8698330942756552,0.9309619963889155,0.8993600195491066,114647
ctu13_v2_f1,Lapicque,delta,44,normal,0.9105411111236551,0.8375442640996085,0.8725185802222054,96297
ctu13_v2_f1,Lapicque,delta,44,botnet,0.8721550744890371,0.9308834945528448,0.9005628359506189,114647
ctu13_v2_f1,Lapicque,delta,45,normal,0.8845681449313506,0.8376377249550868,0.8604635037469665,96297
ctu13_v2_f1,Lapicque,delta,45,botnet,0.8694428671632319,0.9081877415021763,0.8883930666416385,114647
ctu13_v2_f1,Lapicque,delta,46,normal,0.9105360610576706,0.8374923414021205,0.8724880861583066,96297
ctu13_v2_f1,Lapicque,delta,46,botnet,0.8721194390873729,0.9308834945528448,0.9005438382576925,114647
ctu13_v2_f1,Lapicque,latency,42,normal,0.527045149754135,0.538708370977289,0.5328129413275131,96297
ctu13_v2_f1,Lapicque,latency,42,botnet,0.6052028155995591,0.5939536141373084,0.5995254508876886,114647
ctu13_v2_f1,Lapicque,latency,43,normal,0.4159271462126131,0.5387914472932698,0.46945349258052843,96297
ctu13_v2_f1,Lapicque,latency,43,botnet,0.48477395853876404,0.3644927473025897,0.4161156695610611,114647
ctu13_v2_f1,Lapicque,latency,44,normal,0.7280943025540275,0.5387914472932698,0.6192997009972726,96297
ctu13_v2_f1,Lapicque,latency,44,botnet,0.6820466195126141,0.8309942693659669,0.7491890489165693,114647
ctu13_v2_f1,Lapicque,latency,45,normal,0.8080698613139833,0.5342741726118155,0.6432491904529712,96297
ctu13_v2_f1,Lapicque,latency,45,botnet,0.695481242573417,0.8934119514684205,0.7821183405746749,114647
ctu13_v2_f1,Lapicque,latency,46,normal,0.9068674218113063,0.5429037249343178,0.6791991997193821,96297
ctu13_v2_f1,Lapicque,latency,46,botnet,0.7128608239016275,0.9531692935706996,0.8156839913115524,114647
ctu13_v2_f1,Lapicque,rate,42,normal,0.9369761984579282,0.5514709700198345,0.6943009923254932,96297
ctu13_v2_f1,Lapicque,rate,42,botnet,0.720017891059008,0.9688434935061536,0.8261005377183783,114647
ctu13_v2_f1,Lapicque,rate,43,normal,0.9348430017911321,0.5311588107625367,0.677420850136745,96297
ctu13_v2_f1,Lapicque,rate,43,botnet,0.7110158100236831,0.9689045504897642,0.8201656102216135,114647
ctu13_v2_f1,Lapicque,rate,44,normal,0.9798673877611498,0.5493940621203153,0.704043542774255,96297
ctu13_v2_f1,Lapicque,rate,44,botnet,0.7235333095468678,0.9905187226879029,0.8362328285450241,114647
ctu13_v2_f1,Lapicque,rate,45,normal,0.9652127911855378,0.5494667538967984,0.7002832261309193,96297
ctu13_v2_f1,Lapicque,rate,45,botnet,0.7221136909527622,0.9833663331792372,0.8327301198055929,114647
ctu13_v2_f1,Lapicque,rate,46,normal,0.9009187134602601,0.5488852196849331,0.6821625388794962,96297
ctu13_v2_f1,Lapicque,rate,46,botnet,0.7147200788047939,0.949296536324544,0.8154741834693281,114647
ctu13_v2_f1,Leaky,delta,42,normal,0.910659120120865,0.8387592552208273,0.8732316707299274,96297
ctu13_v2_f1,Leaky,delta,42,botnet,0.8729897750511247,0.9308834945528448,0.9010076109026286,114647
ctu13_v2_f1,Leaky,delta,43,normal,0.9097373010069191,0.839714632854606,0.8733246211834843,96297
ctu13_v2_f1,Leaky,delta,43,botnet,0.8735447611401044,0.9300199743560669,0.9008981605873954,114647
ctu13_v2_f1,Leaky,delta,44,normal,0.9097762974298961,0.839590018380635,0.8732751869953825,96297
ctu13_v2_f1,Leaky,delta,44,botnet,0.8734640715619778,0.9300635864872173,0.9008757070500121,114647
ctu13_v2_f1,Leaky,delta,45,normal,0.8834744605299099,0.8396938637756108,0.8610279945906231,96297
ctu13_v2_f1,Leaky,delta,45,botnet,0.870732463008399,0.9069753242561951,0.8884844445583724,114647
ctu13_v2_f1,Leaky,delta,46,normal,0.9106374349383746,0.839382327590683,0.8735592432683631,96297
ctu13_v2_f1,Leaky,delta,46,botnet,0.8734101586158354,0.9308137151430042,0.901198755220011,114647
ctu13_v2_f1,Leaky,latency,42,normal,0.6048101147709247,0.5384799111083419,0.5697208747864398,96297
ctu13_v2_f1,Leaky,latency,42,botnet,0.6450466423870679,0.704466754472424,0.673448541827354,114647
ctu13_v2_f1,Leaky,latency,43,normal,0.33666374261461857,0.5420210390770221,0.4153453784421465,96297
ctu13_v2_f1,Leaky,latency,43,botnet,0.2111683480002862,0.10297696407232636,0.13844214476268651,114647
ctu13_v2_f1,Leaky,latency,44,normal,0.7114871124189417,0.5423429598014476,0.6155060960159339,96297
ctu13_v2_f1,Leaky,latency,44,botnet,0.6795768503708012,0.8152764572993624,0.7412673928473712,114647
ctu13_v2_f1,Leaky,latency,45,normal,0.5003095076893317,0.5371610745921472,0.5180807964464387,96297
ctu13_v2_f1,Leaky,latency,45,botnet,0.5856035107945776,0.5493732936753687,0.5669101399183623,114647
ctu13_v2_f1,Leaky,latency,46,normal,0.48217039858775435,0.5389160617672409,0.5089664438745237,96297
ctu13_v2_f1,Leaky,latency,46,botnet,0.5702324951119887,0.5138642964927124,0.5405829483256179,114647
ctu13_v2_f1,Leaky,rate,42,normal,0.9663983717272643,0.5423741134199404,0.6948025169280707,96297
ctu13_v2_f1,Leaky,rate,42,botnet,0.7191314157515344,0.9841600739661744,0.8310267873583113,114647
ctu13_v2_f1,Leaky,rate,43,normal,0.9570652976806028,0.5381995285419068,0.6889643666624571,96297
ctu13_v2_f1,Leaky,rate,43,botnet,0.7163758355018113,0.9797203590150636,0.8276039920571473,114647
ctu13_v2_f1,Leaky,rate,44,normal,0.9824653563988769,0.5632262687311131,0.7159905479795646,96297
ctu13_v2_f1,Leaky,rate,44,botnet,0.7299327721380001,0.9915566914092824,0.8408645418031999,114647
ctu13_v2_f1,Leaky,rate,45,normal,0.9737214256305605,0.5648670259717333,0.7149710830704522,96297
ctu13_v2_f1,Leaky,rate,45,botnet,0.7298057144331027,0.9871954782942424,0.8392083877090996,114647
ctu13_v2_f1,Leaky,rate,46,normal,0.9568127718218101,0.555157481541481,0.7026352106197017,96297
ctu13_v2_f1,Leaky,rate,46,botnet,0.7237587943587132,0.9789527855068165,0.8322321832432392,114647
ctu13_v2_f1,LeakyParallel,delta,42,normal,0.8837097549255166,0.8402753979874762,0.861445430398007,96297
ctu13_v2_f1,LeakyParallel,delta,42,botnet,0.8711593231697101,0.9071236055021065,0.8887777905968115,114647
ctu13_v2_f1,LeakyParallel,delta,43,normal,0.9106144621765395,0.8390396377872623,0.8733630590460748,96297
ctu13_v2_f1,LeakyParallel,delta,43,botnet,0.8731753616547752,0.9308224375692342,0.9010778382440483,114647
ctu13_v2_f1,LeakyParallel,delta,44,normal,0.8837605344744771,0.84069077956738,0.8616878036838548,96297
ctu13_v2_f1,LeakyParallel,delta,44,botnet,0.8714513155689626,0.9071236055021065,0.8889297268651677,114647
ctu13_v2_f1,LeakyParallel,delta,45,normal,0.9105851339476827,0.8393719430511853,0.8735295548002572,96297
ctu13_v2_f1,LeakyParallel,delta,45,botnet,0.8733978293964544,0.9307701030118538,0.901171751293149,114647
ctu13_v2_f1,LeakyParallel,delta,46,normal,0.9108005540478148,0.8399015545655628,0.8739154393888643,96297
ctu13_v2_f1,LeakyParallel,delta,46,botnet,0.8737790949952106,0.930909661831535,0.9014400945985894,114647
ctu13_v2_f1,LeakyParallel,latency,42,normal,0.9953515953783764,0.5403387436784116,0.700436822302841,96297
ctu13_v2_f1,LeakyParallel,latency,42,botnet,0.7210275543902992,0.9978804504260905,0.8371585899054205,114647
ctu13_v2_f1,LeakyParallel,latency,43,normal,0.9861955327718784,0.559373604577505,0.7138493344023537,96297
ctu13_v2_f1,LeakyParallel,latency,43,botnet,0.7285701491773496,0.9934232906225196,0.8406287019644169,114647
ctu13_v2_f1,LeakyParallel,latency,44,normal,0.9890388018801499,0.5397156713085558,0.6983459414428336,96297
ctu13_v2_f1,LeakyParallel,latency,44,botnet,0.720167934593895,0.9949758824914738,0.8355564345412061,114647
ctu13_v2_f1,LeakyParallel,latency,45,normal,0.998055074138263,0.538220297620902,0.6993192873093296,96297
ctu13_v2_f1,LeakyParallel,latency,45,botnet,0.7203516671488045,0.9991190349507619,0.8371379188119608,114647
ctu13_v2_f1,LeakyParallel,latency,46,normal,0.997055618224576,0.5415433502601327,0.701870794078062,96297
ctu13_v2_f1,LeakyParallel,latency,46,botnet,0.721711285228913,0.9986567463605677,0.8378926260940839,114647
ctu13_v2_f1,LeakyParallel,rate,42,normal,0.9854123138893595,0.5436514117781447,0.7007174215654781,96297
ctu13_v2_f1,LeakyParallel,rate,42,botnet,0.7215445737784902,0.9932401196716879,0.8358682247930002,114647
ctu13_v2_f1,LeakyParallel,rate,43,normal,0.98483447383022,0.5529767282469858,0.7082671064794802,96297
ctu13_v2_f1,LeakyParallel,rate,43,botnet,0.72559506355419,0.9928476104913343,0.8384397523580128,114647
ctu13_v2_f1,LeakyParallel,rate,44,normal,0.986199421965318,0.5669543184107501,0.7199931424200663,96297
ctu13_v2_f1,LeakyParallel,rate,44,botnet,0.7319711538461539,0.9933360663602188,0.8428566670737259,114647
ctu13_v2_f1,LeakyParallel,rate,45,normal,0.9848840809339088,0.561585511490493,0.7153023028186712,96297
ctu13_v2_f1,LeakyParallel,rate,45,botnet,0.7294324991187875,0.9927603862290335,0.8409646744149962,114647
ctu13_v2_f1,LeakyParallel,rate,46,normal,0.9832020900794819,0.5549394062120315,0.7094504444105172,96297
ctu13_v2_f1,LeakyParallel,rate,46,botnet,0.7263078573618065,0.9920364248519368,0.8386257138538337,114647
ctu13_v2_f1,RLeaky,delta,42,normal,0.9106117578186567,0.8399638618025483,0.8738622429411796,96297
ctu13_v2_f1,RLeaky,delta,42,botnet,0.8738023878543704,0.9307439357331635,0.9013747809008933,114647
ctu13_v2_f1,RLeaky,delta,43,normal,0.9106207549082553,0.8395277111436493,0.8736302924204111,96297
ctu13_v2_f1,RLeaky,delta,43,botnet,0.8735071419801088,0.930787547864314,0.9012381129334662,114647
ctu13_v2_f1,RLeaky,delta,44,normal,0.9097291762773271,0.8396315565386253,0.8732759458671304,96297
ctu13_v2_f1,RLeaky,delta,44,botnet,0.8734875109570973,0.9300199743560669,0.9008677137811875,114647
ctu13_v2_f1,RLeaky,delta,45,normal,0.9097186298103956,0.8400469381185292,0.8734956996852374,96297
ctu13_v2_f1,RLeaky,delta,45,botnet,0.8737686646670273,0.9299763622249165,0.9009967507362604,114647
ctu13_v2_f1,RLeaky,delta,46,normal,0.90981512945439,0.8396730946966157,0.8733380137171248,96297
ctu13_v2_f1,RLeaky,delta,46,botnet,0.8735244243104423,0.9300897537659075,0.9009200821230324,114647
ctu13_v2_f1,RLeaky,latency,42,normal,0.9583561135123425,0.9647652574846568,0.9615500056924622,96297
ctu13_v2_f1,RLeaky,latency,42,botnet,0.9702376253256493,0.9647875653091664,0.9675049201836868,114647
ctu13_v2_f1,RLeaky,latency,43,normal,0.9506100234172005,0.9232063304152778,0.9367077937814117,96297
ctu13_v2_f1,RLeaky,latency,43,botnet,0.9370225594645002,0.9597111132432598,0.9482311371568923,114647
ctu13_v2_f1,RLeaky,latency,44,normal,0.9895617048586206,0.5444094831614692,0.7023949087255066,96297
ctu13_v2_f1,RLeaky,latency,44,botnet,0.7222693491004394,0.9951764982947656,0.8370400531155887,114647
ctu13_v2_f1,RLeaky,latency,45,normal,0.9536993439432464,0.9465092370478831,0.9500906873475514,96297
ctu13_v2_f1,RLeaky,latency,45,botnet,0.955353505586229,0.9614032639318953,0.958368837492392,114647
ctu13_v2_f1,RLeaky,latency,46,normal,0.7960993378068942,0.9350862436005275,0.8600135621710935,96297
ctu13_v2_f1,RLeaky,latency,46,botnet,0.936106710277508,0.7988346838556613,0.8620400786890183,114647
ctu13_v2_f1,RLeaky,rate,42,normal,0.9824481959136357,0.5632470378101083,0.7160027721857365,96297
ctu13_v2_f1,RLeaky,rate,42,botnet,0.729940411979247,0.9915479689830523,0.8408664745934471,114647
ctu13_v2_f1,RLeaky,rate,43,normal,0.975764298875644,0.5389264463067386,0.6943532040432692,96297
ctu13_v2_f1,RLeaky,rate,43,botnet,0.7185562697295859,0.9887567925894267,0.8322754721829628,114647
ctu13_v2_f1,RLeaky,rate,44,normal,0.9819889078029762,0.5571201595065267,0.710912343470483,96297
ctu13_v2_f1,RLeaky,rate,44,botnet,0.7271593170026421,0.9914171325896011,0.8389713534938994,114647
ctu13_v2_f1,RLeaky,rate,45,normal,0.9844816645193547,0.5316468841189238,0.6904383007417397,96297
ctu13_v2_f1,RLeaky,rate,45,botnet,0.7162406175876583,0.9929610020323253,0.8322002427007033,114647
ctu13_v2_f1,RLeaky,rate,46,normal,0.97948670605613,0.5508894358079691,0.7051715772612773,96297
ctu13_v2_f1,RLeaky,rate,46,botnet,0.7241555260740892,0.9903093844583809,0.8365735674996592,114647
ctu13_v2_f1,RSynaptic,delta,42,normal,0.8846860643185298,0.8398807854865676,0.8617013909235711,96297
ctu13_v2_f1,RSynaptic,delta,42,botnet,0.8709966199257053,0.908048182682495,0.8891365711381853,114647
ctu13_v2_f1,RSynaptic,delta,43,normal,0.9097592230390504,0.840462319698433,0.8737389276634333,96297
ctu13_v2_f1,RSynaptic,delta,43,botnet,0.8740551884704301,0.9299763622249165,0.901149056117382,114647
ctu13_v2_f1,RSynaptic,delta,44,normal,0.90969745384174,0.8396211719991277,0.8732557134833888,96297
ctu13_v2_f1,RSynaptic,delta,44,botnet,0.8734772457297342,0.9299938070773767,0.9008499780323769,114647
ctu13_v2_f1,RSynaptic,delta,45,normal,0.8774795293096903,0.8401923216714955,0.858431210278936,96297
ctu13_v2_f1,RSynaptic,delta,45,botnet,0.8703964156679777,0.9014627508787845,0.885657237366423,114647
ctu13_v2_f1,RSynaptic,delta,46,normal,0.9097214403134641,0.8390292532477647,0.872946502368849,96297
ctu13_v2_f1,RSynaptic,delta,46,botnet,0.8730778678457382,0.9300635864872173,0.9006702509111949,114647
ctu13_v2_f1,RSynaptic,latency,42,normal,0.788436753490892,0.9973830960466058,0.8806862466416645,96297
ctu13_v2_f1,RSynaptic,latency,42,botnet,0.9971725739674846,0.7752056311983742,0.8722898897798541,114647
ctu13_v2_f1,RSynaptic,latency,43,normal,0.9794621026894865,0.9984111654568678,0.9888458630956972,96297
ctu13_v2_f1,RSynaptic,latency,43,botnet,0.9986434245992339,0.9824155887201584,0.990463041537873,114647
ctu13_v2_f1,RSynaptic,latency,44,normal,0.984532048113363,0.9927827450491707,0.9886401828325603,96297
ctu13_v2_f1,RSynaptic,latency,44,botnet,0.9938949402670415,0.9868989158024196,0.9903845733017633,114647
ctu13_v2_f1,RSynaptic,latency,45,normal,0.9813534645456996,0.9449515561232437,0.9628085619663319,96297
ctu13_v2_f1,RSynaptic,latency,45,botnet,0.9551594921290147,0.9849189250481915,0.9698109642455318,114647
ctu13_v2_f1,RSynaptic,latency,46,normal,0.726829913380794,0.6849019180244452,0.7052432915060496,96297
ctu13_v2_f1,RSynaptic,latency,46,botnet,0.74756659622968,0.783788498608773,0.7652491600986165,114647
ctu13_v2_f1,RSynaptic,rate,42,normal,0.9829078598224906,0.5577640009553776,0.7116773330153304,96297
ctu13_v2_f1,RSynaptic,rate,42,botnet,0.7275350450098849,0.9918532539011051,0.8393775881540971,114647
ctu13_v2_f1,RSynaptic,rate,43,normal,0.9835134334986307,0.5519694279157191,0.7070991944978415,96297
ctu13_v2_f1,RSynaptic,rate,43,botnet,0.7250223072020395,0.9922283182289986,0.8378365439500345,114647
ctu13_v2_f1,RSynaptic,rate,44,normal,0.986963314119485,0.5707654444063678,0.723263984840709,96297
ctu13_v2_f1,RSynaptic,rate,44,botnet,0.7337670284370874,0.9936675185569618,0.844165660128491,114647
ctu13_v2_f1,RSynaptic,rate,45,normal,0.9800158744157333,0.5769857835654278,0.7263386320853378,96297
ctu13_v2_f1,RSynaptic,rate,45,botnet,0.7359140091669962,0.9901174910813192,0.8442966797572296,114647
ctu13_v2_f1,RSynaptic,rate,46,normal,0.9865198063459496,0.569218148021226,0.721901751613328,96297
ctu13_v2_f1,RSynaptic,rate,46,botnet,0.7330239862016591,0.99346690275367,0.8436014042988135,114647
ctu13_v2_f1,SConv2dLSTM,delta,42,normal,0.9923294257602419,0.8315835384279884,0.9048730190118365,96297
ctu13_v2_f1,SConv2dLSTM,delta,42,botnet,0.8754817806304992,0.9946008181635804,0.9312475244290364,114647
ctu13_v2_f1,SConv2dLSTM,delta,43,normal,0.9909472644189206,0.8332242956686086,0.9052671958119672,96297
ctu13_v2_f1,SConv2dLSTM,delta,43,botnet,0.8764368258267038,0.9936064615733512,0.9313509469751166,114647
ctu13_v2_f1,SConv2dLSTM,delta,44,normal,0.8843901586330464,0.8406284723303945,0.861954224321058,96297
ctu13_v2_f1,SConv2dLSTM,delta,44,botnet,0.8714785783673332,0.9076992856332917,0.8892202393413626,114647
ctu13_v2_f1,SConv2dLSTM,delta,45,normal,0.910542267088793,0.8392473285772143,0.8734423465583019,96297
ctu13_v2_f1,SConv2dLSTM,delta,45,botnet,0.8733089444867294,0.9307439357331635,0.90111217139431,114647
ctu13_v2_f1,SConv2dLSTM,delta,46,normal,0.9095557578413854,0.8404727042379305,0.8736506908462867,96297
ctu13_v2_f1,SConv2dLSTM,delta,46,botnet,0.8740417018555112,0.9298019137003148,0.9010599810657289,114647
ctu13_v2_f1,SConv2dLSTM,latency,42,normal,0.3635090032551815,0.5496744446867504,0.43761548668725275,96297
ctu13_v2_f1,SConv2dLSTM,latency,42,botnet,0.3362161334761978,0.1915880921437107,0.2440867444173422,114647
ctu13_v2_f1,SConv2dLSTM,latency,43,normal,0.32505577527634116,0.5325814926737074,0.4037107445497947,96297
ctu13_v2_f1,SConv2dLSTM,latency,43,botnet,0.15341934998495335,0.07114883075876385,0.09721419420194857,114647
ctu13_v2_f1,SConv2dLSTM,latency,44,normal,0.5812248449907539,0.5548667144355484,0.567740016044457,96297
ctu13_v2_f1,SConv2dLSTM,latency,44,botnet,0.6398322886383114,0.6642040349943741,0.6517904143181789,114647
ctu13_v2_f1,SConv2dLSTM,latency,45,normal,0.9938584505076329,0.7024414052358848,0.8231178281556115,96297
ctu13_v2_f1,SConv2dLSTM,latency,45,botnet,0.7994582980480534,0.9963540258358264,0.8871121811051139,114647
ctu13_v2_f1,SConv2dLSTM,latency,46,normal,0.9625889209496329,0.6997829631245003,0.8104123196815451,96297
ctu13_v2_f1,SConv2dLSTM,latency,46,botnet,0.7948743419092084,0.9771559657034201,0.8766398654068118,114647
ctu13_v2_f1,SConv2dLSTM,rate,42,normal,0.9259305166979495,0.5430179548687913,0.6845670971584922,96297
ctu13_v2_f1,SConv2dLSTM,rate,42,botnet,0.7151162037936168,0.9635140910795746,0.8209366186454219,114647
ctu13_v2_f1,SConv2dLSTM,rate,43,normal,0.9820635528330781,0.5327580298451665,0.6907773820664211,96297
ctu13_v2_f1,SConv2dLSTM,rate,43,botnet,0.7164910777296098,0.9918270866224149,0.8319706165333216,114647
ctu13_v2_f1,SConv2dLSTM,rate,44,normal,0.9878517463114678,0.5471925397468249,0.7042729787888103,96297
ctu13_v2_f1,SConv2dLSTM,rate,44,botnet,0.723330139654702,0.9943478678029081,0.8374582185491276,114647
ctu13_v2_f1,SConv2dLSTM,rate,45,normal,0.9624764129751101,0.5561647818727479,0.7049663687459689,96297
ctu13_v2_f1,SConv2dLSTM,rate,45,botnet,0.7247889554987476,0.9817875740315927,0.8339371578019308,114647
ctu13_v2_f1,SConv2dLSTM,rate,46,normal,0.8581224489795919,0.5458113959936447,0.6672294616844497,96297
ctu13_v2_f1,SConv2dLSTM,rate,46,botnet,0.7078239608801956,0.9242021160606034,0.8016690562568803,114647
ctu13_v2_f1,SLSTM,delta,42,normal,0.9097653088751012,0.8405246269354185,0.8737754028013927,96297
ctu13_v2_f1,SLSTM,delta,42,botnet,0.8740981832491638,0.9299763622249165,0.9011719063658225,114647
ctu13_v2_f1,SLSTM,delta,43,normal,0.909729875621331,0.8400573226580267,0.8735064977135175,96297
ctu13_v2_f1,SLSTM,delta,43,botnet,0.8737768599105079,0.9299850846511466,0.9010052013571698,114647
ctu13_v2_f1,SLSTM,delta,44,normal,0.9094896421421984,0.8397977091705868,0.8732554058796533,96297
ctu13_v2_f1,SLSTM,delta,44,botnet,0.8735761231213021,0.9298019137003148,0.9008125134679494,114647
ctu13_v2_f1,SLSTM,delta,45,normal,0.9107152909915894,0.839974246342046,0.8739155331309355,96297
ctu13_v2_f1,SLSTM,delta,45,botnet,0.8738198760306893,0.9308311599954643,0.9014249875408618,114647
ctu13_v2_f1,SLSTM,delta,46,normal,0.9923687725721071,0.8332035265896134,0.9058476198002812,96297
ctu13_v2_f1,SLSTM,delta,46,botnet,0.8765335301171479,0.9946182630160405,0.9318498482056394,114647
ctu13_v2_f1,SLSTM,latency,42,normal,0.32151216263359866,0.5263715380541449,0.39919354838709675,96297
ctu13_v2_f1,SLSTM,latency,42,botnet,0.1441197995834037,0.06698823344701563,0.09146341463414634,114647
ctu13_v2_f1,SLSTM,latency,43,normal,0.3271630709151985,0.5289572883890464,0.4042779475376007,96297
ctu13_v2_f1,SLSTM,latency,43,botnet,0.1790193842645382,0.08627351784172285,0.11643456662232633,114647
ctu13_v2_f1,SLSTM,latency,44,normal,0.5212483265041178,0.5336926383999502,0.5273970845540886,96297
ctu13_v2_f1,SLSTM,latency,44,botnet,0.600313312208495,0.5882753146615263,0.5942333531575585,114647
ctu13_v2_f1,SLSTM,latency,45,normal,0.3312162302576891,0.5296322834563901,0.4075579049148757,96297
ctu13_v2_f1,SLSTM,latency,45,botnet,0.20479283707865167,0.10174710197388506,0.13595016520305117,114647
ctu13_v2_f1,SLSTM,latency,46,normal,0.32155935835618166,0.5297880515488541,0.40020866672942357,96297
ctu13_v2_f1,SLSTM,latency,46,botnet,0.13404348907035896,0.06113548544663183,0.08397230076196865,114647
ctu13_v2_f1,SLSTM,rate,42,normal,0.9740984704700234,0.5436306426991495,0.6978185671725351,96297
ctu13_v2_f1,SLSTM,rate,42,botnet,0.7204424880090584,0.9878583826877284,0.8332199125249679,114647
ctu13_v2_f1,SLSTM,rate,43,normal,0.9835418671799807,0.5305980456296665,0.6893225495288269,96297
ctu13_v2_f1,SLSTM,rate,43,botnet,0.715699963520636,0.9925423255732815,0.831688233853845,114647
ctu13_v2_f1,SLSTM,rate,44,normal,0.9857116279069768,0.5501936716616301,0.7062053889781202,96297
ctu13_v2_f1,SLSTM,rate,44,botnet,0.7244487703092993,0.9933011766552985,0.8378353522831361,114647
ctu13_v2_f1,SLSTM,rate,45,normal,0.9853730646541663,0.5260807709482123,0.685943307449106,96297
ctu13_v2_f1,SLSTM,rate,45,botnet,0.713932001103227,0.9934407354749797,0.8308076110861882,114647
ctu13_v2_f1,SLSTM,rate,46,normal,0.9849351347201966,0.5329657206351185,0.6916613321653583,96297
ctu13_v2_f1,SLSTM,rate,46,botnet,0.71685260268453,0.9931528954093871,0.832680641941181,114647
ctu13_v2_f1,Synaptic,delta,42,normal,0.9097278452541611,0.8400365535790315,0.8734943336734748,96297
ctu13_v2_f1,Synaptic,delta,42,botnet,0.873762538517013,0.9299850846511466,0.9009975873681186,114647
ctu13_v2_f1,Synaptic,delta,43,normal,0.9098507261212414,0.8399327081840556,0.8734948216464896,96297
ctu13_v2_f1,Synaptic,delta,43,botnet,0.8737043925700755,0.9300984761921376,0.9010198822107869,114647
ctu13_v2_f1,Synaptic,delta,44,normal,0.9106552026829323,0.840306551605969,0.874067673030704,96297
ctu13_v2_f1,Synaptic,delta,44,botnet,0.874039611421457,0.9307526581593936,0.9015050711138709,114647
ctu13_v2_f1,Synaptic,delta,45,normal,0.909849618140304,0.840026169039534,0.8735448478434591,96297
ctu13_v2_f1,Synaptic,delta,45,botnet,0.8737677917352934,0.9300897537659075,0.901049500599956,114647
ctu13_v2_f1,Synaptic,delta,46,normal,0.8845914047887293,0.839818478249582,0.8616236948646921,96297
ctu13_v2_f1,Synaptic,delta,46,botnet,0.8709431815329524,0.9079696808464243,0.8890710942571145,114647
ctu13_v2_f1,Synaptic,latency,42,normal,0.8411897206556945,0.5312938097760055,0.6512557440904289,96297
ctu13_v2_f1,Synaptic,latency,42,botnet,0.6993465358406107,0.9157500850436557,0.7930505721947351,114647
ctu13_v2_f1,Synaptic,latency,43,normal,0.9319934521644234,0.5321141883963155,0.6774460096379489,96297
ctu13_v2_f1,Synaptic,latency,43,botnet,0.7111128209073889,0.9673868483257303,0.8196858220840986,114647
ctu13_v2_f1,Synaptic,latency,44,normal,0.9651907074814564,0.5324049555022482,0.6862630927283071,96297
ctu13_v2_f1,Synaptic,latency,44,botnet,0.7146984653986035,0.9838722339005818,0.8279572654905256,114647
ctu13_v2_f1,Synaptic,latency,45,normal,0.33915182211732886,0.5312522716180151,0.4140035122077544,96297
ctu13_v2_f1,Synaptic,latency,45,botnet,0.24897259704174501,0.1305223861069195,0.17126180257510729,114647
ctu13_v2_f1,Synaptic,latency,46,normal,0.8629049811636668,0.535188012087604,0.6606376023894066,96297
ctu13_v2_f1,Synaptic,latency,46,botnet,0.7040054490507145,0.9285807740281037,0.8008470432473501,114647
ctu13_v2_f1,Synaptic,rate,42,normal,0.9540492018050366,0.6125424468051964,0.7460727024360628,96297
ctu13_v2_f1,Synaptic,rate,42,botnet,0.7497870799439367,0.9752195870803423,0.8477730092051986,114647
ctu13_v2_f1,Synaptic,rate,43,normal,0.9697546494368288,0.5766846319199975,0.7232648702152876,96297
ctu13_v2_f1,Synaptic,rate,43,botnet,0.7347458013131267,0.9848927577695011,0.8416254854169928,114647
ctu13_v2_f1,Synaptic,rate,44,normal,0.9701093355761143,0.5989075464448529,0.7405985348032386,96297
ctu13_v2_f1,Synaptic,rate,44,botnet,0.7450460084227758,0.9845002485891475,0.8481970083527153,114647
ctu13_v2_f1,Synaptic,rate,45,normal,0.9680004264240788,0.5657600963685265,0.7141349727026655,96297
ctu13_v2_f1,Synaptic,rate,45,botnet,0.7296297733121258,0.9842909103596257,0.8380410606403796,114647
ctu13_v2_f1,Synaptic,rate,46,normal,0.9532629326267786,0.7771166287630975,0.8562242562929062,96297
ctu13_v2_f1,Synaptic,rate,46,botnet,0.8379429330796354,0.9679974181618359,0.8982872498866801,114647
kddcup99_v2,Alpha,delta,42,normal,0.724474058365665,0.9923093426633439,0.8374992165028867,60593
kddcup99_v2,Alpha,delta,42,dos,0.9961882997763862,0.9710165104087359,0.9834413595886337,229855
kddcup99_v2,Alpha,delta,42,probe,0.8480594549958712,0.7395583293326933,0.7901012950378253,4166
kddcup99_v2,Alpha,delta,42,r2l,0.8732394366197183,0.01896604466197614,0.037125748502994015,16345
kddcup99_v2,Alpha,delta,42,u2r,0.0,0.0,0.0,70
kddcup99_v2,Alpha,delta,43,normal,0.7243880107941403,0.9923588533328932,0.8374593491688777,60593
kddcup99_v2,Alpha,delta,43,dos,0.9954895327744276,0.9717213025603098,0.9834618314392521,229855
kddcup99_v2,Alpha,delta,43,probe,0.8791083166619034,0.7383581373019683,0.8026092628832355,4166
kddcup99_v2,Alpha,delta,43,r2l,0.9548387096774194,0.009054756806362802,0.01793939393939394,16345
kddcup99_v2,Alpha,delta,43,u2r,0.0,0.0,0.0,70
kddcup99_v2,Alpha,delta,44,normal,0.7259629875218518,0.9937616556367898,0.839011272276331,60593
kddcup99_v2,Alpha,delta,44,dos,0.9960162743232802,0.9702595114311197,0.9829691955765747,229855
kddcup99_v2,Alpha,delta,44,probe,0.8158940397350993,0.7393182909265482,0.775720941946858,4166
kddcup99_v2,Alpha,delta,44,r2l,0.9798994974874372,0.02386050780055063,0.046586633219853076,16345
kddcup99_v2,Alpha,delta,44,u2r,0.0,0.0,0.0,70
kddcup99_v2,Alpha,delta,45,normal,0.7240055364987663,0.9927549386892875,0.8373446178259719,60593
kddcup99_v2,Alpha,delta,45,dos,0.9956907896204237,0.9710687172347785,0.98322563025025,229855
kddcup99_v2,Alpha,delta,45,probe,0.8559109874826147,0.7385981757081133,0.7929390542455869,4166
kddcup99_v2,Alpha,delta,45,r2l,0.9438202247191011,0.010278372591006424,0.02033529020153725,16345
kddcup99_v2,Alpha,delta,45,u2r,0.0,0.0,0.0,70
kddcup99_v2,Alpha,delta,46,normal,0.7261194210182925,0.9918307395243675,0.8384266073284551,60593
kddcup99_v2,Alpha,delta,46,dos,0.9957240732888483,0.9705553501120271,0.9829786296541089,229855
kddcup99_v2,Alpha,delta,46,probe,0.8206969938813514,0.7405184829572732,0.7785488958990536,4166
kddcup99_v2,Alpha,delta,46,r2l,0.8954248366013072,0.02514530437442643,0.04891692454177577,16345
kddcup99_v2,Alpha,delta,46,u2r,0.0,0.0,0.0,70
kddcup99_v2,Alpha,latency,42,normal,0.727545531063591,0.9843051177528758,0.8366697061092796,60593
kddcup99_v2,Alpha,latency,42,dos,0.9957866355817958,0.9737182136564356,0.9846287856124729,229855
kddcup99_v2,Alpha,latency,42,probe,0.9331977926227127,0.771243398943831,0.8445262189512419,4166
kddcup99_v2,Alpha,latency,42,r2l,0.9516509433962265,0.04937289691037015,0.09387541441284243,16345
kddcup99_v2,Alpha,latency,42,u2r,0.0,0.0,0.0,70
kddcup99_v2,Alpha,latency,43,normal,0.722472399767577,0.9849652600135329,0.8335416652118351,60593
kddcup99_v2,Alpha,latency,43,dos,0.9960162022611947,0.9735050357834287,0.9846319703420129,229855
kddcup99_v2,Alpha,latency,43,probe,0.9245843230403801,0.7474795967354777,0.8266525086275551,4166
kddcup99_v2,Alpha,latency,43,r2l,0.9211195928753181,0.022147445702049556,0.04325486915999522,16345
kddcup99_v2,Alpha,latency,43,u2r,0.0,0.0,0.0,70
kddcup99_v2,Alpha,latency,44,normal,0.7236463780072063,0.9844041390919743,0.8341211019437841,60593
kddcup99_v2,Alpha,latency,44,dos,0.9957753501250923,0.9731569902764786,0.9843362545628167,229855
kddcup99_v2,Alpha,latency,44,probe,0.9348894348894349,0.7306769083053288,0.8202640797628672,4166
kddcup99_v2,Alpha,latency,44,r2l,0.9508426966292135,0.041419394310186604,0.0793808993375154,16345
kddcup99_v2,Alpha,latency,44,u2r,0.0,0.0,0.0,70
kddcup99_v2,Alpha,latency,45,normal,0.7276522712887677,0.9865991121086595,0.8375680390055272,60593
kddcup99_v2,Alpha,latency,45,dos,0.99665977838743,0.9735963977290031,0.9849931006556027,229855
kddcup99_v2,Alpha,latency,45,probe,0.9277715565509519,0.7954872779644743,0.8565520806409925,4166
kddcup99_v2,Alpha,latency,45,r2l,0.8797385620915033,0.041174671153257875,0.07866744593804792,16345
kddcup99_v2,Alpha,latency,45,u2r,0.0,0.0,0.0,70
kddcup99_v2,Alpha,latency,46,normal,0.7214185664605873,0.986004984074068,0.8332113047298286,60593
kddcup99_v2,Alpha,latency,46,dos,0.9960289901526078,0.9733788692871593,0.9845736804236902,229855
kddcup99_v2,Alpha,latency,46,probe,0.9175433608188798,0.7746039366298608,0.8400364440973578,4166
kddcup99_v2,Alpha,latency,46,r2l,0.45588235294117646,0.001896604466197614,0.0037774934503137757,16345
kddcup99_v2,Alpha,latency,46,u2r,0.0,0.0,0.0,70
kddcup99_v2,Alpha,rate,42,normal,0.7263074773735042,0.9866816298912415,0.8367061326167884,60593
kddcup99_v2,Alpha,rate,42,dos,0.9964740389415876,0.9725479106393161,0.9843656083013534,229855
kddcup99_v2,Alpha,rate,42,probe,0.8937337568582154,0.742918867018723,0.8113776379604142,4166
kddcup99_v2,Alpha,rate,42,r2l,0.8939890710382513,0.05004588559192413,0.0947856315179606,16345
kddcup99_v2,Alpha,rate,42,u2r,0.0,0.0,0.0,70
kddcup99_v2,Alpha,rate,43,normal,0.7284954759407848,0.9859389698480022,0.8378880637311622,60593
kddcup99_v2,Alpha,rate,43,dos,0.9963317292068254,0.9736790585369037,0.9848751551209723,229855
kddcup99_v2,Alpha,rate,43,probe,0.8802129547471162,0.71435429668747,0.788657744799258,4166
kddcup99_v2,Alpha,rate,43,r2l,0.8805528134254689,0.054573263995105536,0.10277681760571494,16345
kddcup99_v2,Alpha,rate,43,u2r,0.0,0.0,0.0,70
kddcup99_v2,Alpha,rate,44,normal,0.7254859113037355,0.986236033865298,0.8360006714977197,60593
kddcup99_v2,Alpha,rate,44,dos,0.9967953575026074,0.9729742663853299,0.9847407736830633,229855
kddcup99_v2,Alpha,rate,44,probe,0.869753979739508,0.7213154104656745,0.7886104185802388,4166
kddcup99_v2,Alpha,rate,44,r2l,0.8370986920332937,0.04307127561945549,0.08192715000581868,16345
kddcup99_v2,Alpha,rate,44,u2r,0.0,0.0,0.0,70
kddcup99_v2,Alpha,rate,45,normal,0.7247397724521908,0.988199957090753,0.8362090033725988,60593
kddcup99_v2,Alpha,rate,45,dos,0.9970295174973016,0.9725261577951317,0.9846254137659918,229855
kddcup99_v2,Alpha,rate,45,probe,0.8892136802104648,0.7301968314930389,0.8018979833926453,4166
kddcup99_v2,Alpha,rate,45,r2l,0.8363171355498721,0.04001223615784644,0.07637064284463128,16345
kddcup99_v2,Alpha,rate,45,u2r,0.0,0.0,0.0,70
kddcup99_v2,Alpha,rate,46,normal,0.7288457095609246,0.9892396811512881,0.8393099682148508,60593
kddcup99_v2,Alpha,rate,46,dos,0.9975653151044105,0.9732788062039112,0.985272420581616,229855
kddcup99_v2,Alpha,rate,46,probe,0.8749303621169916,0.7539606337013922,0.8099535843218154,4166
kddcup99_v2,Alpha,rate,46,r2l,0.9073482428115016,0.05212603242581829,0.09858828974774357,16345
kddcup99_v2,Alpha,rate,46,u2r,0.0,0.0,0.0,70
kddcup99_v2,Lapicque,delta,42,normal,0.729732026858024,0.9918637466374004,0.8408416811237338,60593
kddcup99_v2,Lapicque,delta,42,dos,0.9965414158746331,0.9702508102934458,0.9832203965206351,229855
kddcup99_v2,Lapicque,delta,42,probe,0.8086172344689379,0.7748439750360058,0.7913704339298848,4166
kddcup99_v2,Lapicque,delta,42,r2l,0.7731958762886598,0.041297032731722236,0.07840631896852132,16345
kddcup99_v2,Lapicque,delta,42,u2r,0.9285714285714286,0.18571428571428572,0.30952380952380953,70
kddcup99_v2,Lapicque,delta,43,normal,0.7253224580412408,0.9920947964286304,0.837989294078287,60593
kddcup99_v2,Lapicque,delta,43,dos,0.996350185617855,0.9703073676883253,0.9831563449136217,229855
kddcup99_v2,Lapicque,delta,43,probe,0.8061825318940138,0.7887662025924148,0.797379276874545,4166
kddcup99_v2,Lapicque,delta,43,r2l,0.9117647058823529,0.011379626797185684,0.022478699619312346,16345
kddcup99_v2,Lapicque,delta,43,u2r,0.8260869565217391,0.2714285714285714,0.40860215053763443,70
kddcup99_v2,Lapicque,delta,44,normal,0.7306892905327386,0.9921278035416632,0.8415718225470021,60593
kddcup99_v2,Lapicque,delta,44,dos,0.9961353433118233,0.9711165734919841,0.9834668687505095,229855
kddcup99_v2,Lapicque,delta,44,probe,0.8494651708844247,0.7815650504080653,0.8141017627203401,4166
kddcup99_v2,Lapicque,delta,44,r2l,0.6722488038277512,0.034383603548485776,0.06542110470868984,16345
kddcup99_v2,Lapicque,delta,44,u2r,1.0,0.07142857142857142,0.13333333333333333,70
kddcup99_v2,Lapicque,delta,45,normal,0.7254395909211511,0.9927219315762547,0.8382911414456035,60593
kddcup99_v2,Lapicque,delta,45,dos,0.9964168435161398,0.9702769137064671,0.9831731616998766,229855
kddcup99_v2,Lapicque,delta,45,probe,0.8096067695370831,0.7808449351896304,0.7949657869012707,4166
kddcup99_v2,Lapicque,delta,45,r2l,0.8812260536398467,0.014071581523401652,0.027700831024930747,16345
kddcup99_v2,Lapicque,delta,45,u2r,0.8571428571428571,0.08571428571428572,0.15584415584415584,70
kddcup99_v2,Lapicque,delta,46,normal,0.7256165242990203,0.9925568960110904,0.8383503976247064,60593
kddcup99_v2,Lapicque,delta,46,dos,0.9963925189415079,0.9709207978943247,0.9834917613047942,229855
kddcup99_v2,Lapicque,delta,46,probe,0.8443870967741935,0.785405664906385,0.8138291257306305,4166
kddcup99_v2,Lapicque,delta,46,r2l,0.7624113475177305,0.013153869684918936,0.025861550490166595,16345
kddcup99_v2,Lapicque,delta,46,u2r,0.8888888888888888,0.11428571428571428,0.20253164556962025,70
kddcup99_v2,Lapicque,latency,42,normal,0.7255049798737703,0.9845856782136551,0.8354198173976363,60593
kddcup99_v2,Lapicque,latency,42,dos,0.9958933152793614,0.9727436862369755,0.9841823900063165,229855
kddcup99_v2,Lapicque,latency,42,probe,0.9323821339950372,0.7215554488718194,0.813531799729364,4166
kddcup99_v2,Lapicque,latency,42,r2l,0.9561068702290076,0.061303150810645454,0.1152187661702984,16345
kddcup99_v2,Lapicque,latency,42,u2r,0.8571428571428571,0.17142857142857143,0.2857142857142857,70
kddcup99_v2,Lapicque,latency,43,normal,0.7283405329320972,0.9906094763421517,0.8394671514981994,60593
kddcup99_v2,Lapicque,latency,43,dos,0.9976810663527187,0.9733136107546062,0.9853467108276664,229855
kddcup99_v2,Lapicque,latency,43,probe,0.9223810913335279,0.7587614018242919,0.8326089819570657,4166
kddcup99_v2,Lapicque,latency,43,r2l,0.9776833156216791,0.056286326093606606,0.10644452157815573,16345
kddcup99_v2,Lapicque,latency,43,u2r,0.875,0.1,0.1794871794871795,70
kddcup99_v2,Lapicque,latency,44,normal,0.72317908028738,0.9867641476738237,0.8346560015634706,60593
kddcup99_v2,Lapicque,latency,44,dos,0.9965948950166913,0.9728089447695286,0.9845582796153439,229855
kddcup99_v2,Lapicque,latency,44,probe,0.9291528489599036,0.7397983677388382,0.8237337966056395,4166
kddcup99_v2,Lapicque,latency,44,r2l,0.9693251533742331,0.03866625879473845,0.07436606459963523,16345
kddcup99_v2,Lapicque,latency,44,u2r,0.7692307692307693,0.14285714285714285,0.24096385542168675,70
kddcup99_v2,Lapicque,latency,45,normal,0.7274844345769583,0.9950159259320384,0.840474248792422,60593
kddcup99_v2,Lapicque,latency,45,dos,0.9988791340305626,0.9731482891388049,0.9858458446546743,229855
kddcup99_v2,Lapicque,latency,45,probe,0.9297472075249853,0.7592414786365819,0.8358879492600423,4166
kddcup99_v2,Lapicque,latency,45,r2l,0.98,0.04796573875802998,0.09145523476232138,16345
kddcup99_v2,Lapicque,latency,45,u2r,0.7647058823529411,0.18571428571428572,0.2988505747126437,70
kddcup99_v2,Lapicque,latency,46,normal,0.7243701762050386,0.9851137920221807,0.8348566753148667,60593
kddcup99_v2,Lapicque,latency,46,dos,0.9960699740671758,0.9725435600704793,0.9841661878881133,229855
kddcup99_v2,Lapicque,latency,46,probe,0.9320417287630403,0.7506000960153625,0.8315383592607366,4166
kddcup99_v2,Lapicque,latency,46,r2l,0.9736526946107784,0.04973998164576323,0.09464493597206053,16345
kddcup99_v2,Lapicque,latency,46,u2r,1.0,0.12857142857142856,0.22784810126582278,70
kddcup99_v2,Lapicque,rate,42,normal,0.7309622250303648,0.9832818972488572,0.8385525889853767,60593
kddcup99_v2,Lapicque,rate,42,dos,0.9982872129743617,0.9737095125187618,0.9858452024111829,229855
kddcup99_v2,Lapicque,rate,42,probe,0.7541519879214896,0.7193951032165147,0.7363636363636363,4166
kddcup99_v2,Lapicque,rate,42,r2l,0.8340909090909091,0.06736004894463138,0.12465326917633739,16345
kddcup99_v2,Lapicque,rate,42,u2r,0.6333333333333333,0.2714285714285714,0.38,70
kddcup99_v2,Lapicque,rate,43,normal,0.730426686594225,0.98400805373558,0.8384638100997033,60593
kddcup99_v2,Lapicque,rate,43,dos,0.9986126414681912,0.9739009375475843,0.9861019950575082,229855
kddcup99_v2,Lapicque,rate,43,probe,0.7684106124473097,0.7438790206433029,0.7559458470545188,4166
kddcup99_v2,Lapicque,rate,43,r2l,0.825938566552901,0.0592230039767513,0.11052120796940115,16345
kddcup99_v2,Lapicque,rate,43,u2r,0.5357142857142857,0.21428571428571427,0.30612244897959184,70
kddcup99_v2,Lapicque,rate,44,normal,0.730393654595896,0.9863020480913637,0.839273677114931,60593
kddcup99_v2,Lapicque,rate,44,dos,0.9985949104534202,0.9739618455113006,0.986124570522421,229855
kddcup99_v2,Lapicque,rate,44,probe,0.7994708994708994,0.7253960633701392,0.7606342813994462,4166
kddcup99_v2,Lapicque,rate,44,r2l,0.8137417218543046,0.06014071581523402,0.1120036461003817,16345
kddcup99_v2,Lapicque,rate,44,u2r,0.6666666666666666,0.3142857142857143,0.42718446601941745,70
kddcup99_v2,Lapicque,rate,45,normal,0.731278883045882,0.9845526711006222,0.8392229130911854,60593
kddcup99_v2,Lapicque,rate,45,dos,0.9985413376870166,0.9738791847034,0.9860560796241683,229855
kddcup99_v2,Lapicque,rate,45,probe,0.7779383429672447,0.7753240518482958,0.7766289973551335,4166
kddcup99_v2,Lapicque,rate,45,r2l,0.864376130198915,0.05848883450596513,0.10956392183829007,16345
kddcup99_v2,Lapicque,rate,45,u2r,0.8571428571428571,0.17142857142857143,0.2857142857142857,70
kddcup99_v2,Lapicque,rate,46,normal,0.73082251400689,0.9837935075008665,0.8386465953854811,60593
kddcup99_v2,Lapicque,rate,46,dos,0.9986838583028464,0.9738530812903787,0.986112181852223,229855
kddcup99_v2,Lapicque,rate,46,probe,0.7647623619779165,0.7647623619779165,0.7647623619779165,4166
kddcup99_v2,Lapicque,rate,46,r2l,0.8399296394019349,0.05842765371673295,0.10925523395492506,16345
kddcup99_v2,Lapicque,rate,46,u2r,0.6842105263157895,0.18571428571428572,0.29213483146067415,70
kddcup99_v2,Leaky,delta,42,normal,0.7296641134269656,0.9920122786460482,0.8408499566348656,60593
kddcup99_v2,Leaky,delta,42,dos,0.9961845191555903,0.9700506841269496,0.9829439252336448,229855
kddcup99_v2,Leaky,delta,42,probe,0.7941321499013807,0.7731637061929909,0.7835076623692532,4166
kddcup99_v2,Leaky,delta,42,r2l,0.8789115646258503,0.039522789843988985,0.07564402810304449,16345
kddcup99_v2,Leaky,delta,42,u2r,0.7058823529411765,0.34285714285714286,0.46153846153846156,70
kddcup99_v2,Leaky,delta,43,normal,0.7275773632382473,0.9925733995676068,0.8396635370493176,60593
kddcup99_v2,Leaky,delta,43,dos,0.9959530626739267,0.9700332818516021,0.9828223076380562,229855
kddcup99_v2,Leaky,delta,43,probe,0.7892376681614349,0.7604416706673067,0.7745721271393643,4166
kddcup99_v2,Leaky,delta,43,r2l,0.9122807017543859,0.025451208320587334,0.04952086185346111,16345
kddcup99_v2,Leaky,delta,43,u2r,0.6666666666666666,0.22857142857142856,0.3404255319148936,70
kddcup99_v2,Leaky,delta,44,normal,0.7303950740232453,0.9925238888980575,0.841519044020933,60593
kddcup99_v2,Leaky,delta,44,dos,0.9965909750079202,0.9716864980096147,0.9839811792072534,229855
kddcup99_v2,Leaky,delta,44,probe,0.7870713052060202,0.7657225156024964,0.7762501520866285,4166
kddcup99_v2,Leaky,delta,44,r2l,0.564748201438849,0.009605383909452432,0.01888949046501835,16345
kddcup99_v2,Leaky,delta,44,u2r,0.10080645161290322,0.35714285714285715,0.15723270440251572,70
kddcup99_v2,Leaky,delta,45,normal,0.7308056987260527,0.9921773142112125,0.8416668416668417,60593
kddcup99_v2,Leaky,delta,45,dos,0.9959202054611282,0.971747405973331,0.9836853242786773,229855
kddcup99_v2,Leaky,delta,45,probe,0.7902355250245339,0.7731637061929909,0.7816064062120844,4166
kddcup99_v2,Leaky,delta,45,r2l,0.8838383838383839,0.021413276231263382,0.04181351173765008,16345
kddcup99_v2,Leaky,delta,45,u2r,0.6470588235294118,0.15714285714285714,0.25287356321839083,70
kddcup99_v2,Leaky,delta,46,normal,0.7313677811550152,0.9927714422458039,0.8422533830849254,60593
kddcup99_v2,Leaky,delta,46,dos,0.9960842139025998,0.9727741402188336,0.9842911885827733,229855
kddcup99_v2,Leaky,delta,46,probe,0.8429773803261441,0.7693230916946712,0.8044678714859438,4166
kddcup99_v2,Leaky,delta,46,r2l,0.8351177730192719,0.02386050780055063,0.046395431834404,16345
kddcup99_v2,Leaky,delta,46,u2r,0.7647058823529411,0.37142857142857144,0.5,70
kddcup99_v2,Leaky,latency,42,normal,0.7308644699421398,0.9839585430660307,0.8387341825573789,60593
kddcup99_v2,Leaky,latency,42,dos,0.9965745797289953,0.9733484153053011,0.9848245747249386,229855
kddcup99_v2,Leaky,latency,42,probe,0.8842823405930202,0.8089294287085934,0.8449291713676821,4166
kddcup99_v2,Leaky,latency,42,r2l,0.9390815370196813,0.061303150810645454,0.11509303928325293,16345
kddcup99_v2,Leaky,latency,42,u2r,0.5974025974025974,0.6571428571428571,0.6258503401360545,70
kddcup99_v2,Leaky,latency,43,normal,0.7259179055451471,0.9847507137788193,0.8357529536175249,60593
kddcup99_v2,Leaky,latency,43,dos,0.9960881633525955,0.9726523242914011,0.984230753991838,229855
kddcup99_v2,Leaky,latency,43,probe,0.9319416642836718,0.7822851656265002,0.8505807125146809,4166
kddcup99_v2,Leaky,latency,43,r2l,0.8752969121140143,0.045090241664117466,0.0857624949089428,16345
kddcup99_v2,Leaky,latency,43,u2r,0.7555555555555555,0.4857142857142857,0.591304347826087,70
kddcup99_v2,Leaky,latency,44,normal,0.7319984786582747,0.9846516924397207,0.8397325826882477,60593
kddcup99_v2,Leaky,latency,44,dos,0.9989379504228117,0.9739052881164212,0.9862628042735984,229855
kddcup99_v2,Leaky,latency,44,probe,0.7837329572167372,0.800288046087374,0.7919239904988123,4166
kddcup99_v2,Leaky,latency,44,r2l,0.9059360730593607,0.06069134291832365,0.11376146788990826,16345
kddcup99_v2,Leaky,latency,44,u2r,0.5512820512820513,0.6142857142857143,0.581081081081081,70
kddcup99_v2,Leaky,latency,45,normal,0.7278457093396077,0.985311834700378,0.8372318047959613,60593
kddcup99_v2,Leaky,latency,45,dos,0.9963875761125687,0.9731874442583368,0.9846508700187957,229855
kddcup99_v2,Leaky,latency,45,probe,0.9274217149546385,0.7606817090734518,0.8358169589872082,4166
kddcup99_v2,Leaky,latency,45,r2l,0.8772597526165556,0.05640868767207097,0.10600137962750057,16345
kddcup99_v2,Leaky,latency,45,u2r,0.6774193548387096,0.3,0.4158415841584158,70
kddcup99_v2,Leaky,latency,46,normal,0.7284080722920755,0.9924083640024425,0.8401573207961047,60593
kddcup99_v2,Leaky,latency,46,dos,0.9991913180622015,0.9729612146788192,0.9859018330262126,229855
kddcup99_v2,Leaky,latency,46,probe,0.8801378944577035,0.7966874699951992,0.8363361471588762,4166
kddcup99_v2,Leaky,latency,46,r2l,0.8757327080890973,0.04570204955643928,0.08687056634492382,16345
kddcup99_v2,Leaky,latency,46,u2r,0.7333333333333333,0.3142857142857143,0.44,70
kddcup99_v2,Leaky,rate,42,normal,0.7322047600965249,0.9865000907695608,0.8405399704703649,60593
kddcup99_v2,Leaky,rate,42,dos,0.9984591473055175,0.9726001174653586,0.9853600054654804,229855
kddcup99_v2,Leaky,rate,42,probe,0.776034236804565,0.7834853576572252,0.7797419971333015,4166
kddcup99_v2,Leaky,rate,42,r2l,0.8693877551020408,0.06515754053227286,0.12122936824132043,16345
kddcup99_v2,Leaky,rate,42,u2r,0.6779661016949152,0.5714285714285714,0.6201550387596899,70
kddcup99_v2,Leaky,rate,43,normal,0.72795615481618,0.9908075190203489,0.8392828434627617,60593
kddcup99_v2,Leaky,rate,43,dos,0.9985835124423016,0.9722477213895717,0.9852396571791345,229855
kddcup99_v2,Leaky,rate,43,probe,0.8472932938324804,0.7551608257321172,0.7985784998096205,4166
kddcup99_v2,Leaky,rate,43,r2l,0.9305555555555556,0.05738758029978587,0.10810810810810811,16345
kddcup99_v2,Leaky,rate,43,u2r,0.6511627906976745,0.4,0.49557522123893805,70
kddcup99_v2,Leaky,rate,44,normal,0.7325225732253408,0.9881009357516545,0.8413301762841906,60593
kddcup99_v2,Leaky,rate,44,dos,0.9990749595574105,0.9726436231537273,0.9856821323151739,229855
kddcup99_v2,Leaky,rate,44,probe,0.774597495527728,0.727556409025444,0.7503403886619631,4166
kddcup99_v2,Leaky,rate,44,r2l,0.6159235668789809,0.05916182318751912,0.107954228300307,16345
kddcup99_v2,Leaky,rate,44,u2r,0.631578947368421,0.34285714285714286,0.4444444444444444,70
kddcup99_v2,Leaky,rate,45,normal,0.7295884642691017,0.983661479048735,0.8377856023389347,60593
kddcup99_v2,Leaky,rate,45,dos,0.998406840322559,0.9733353635987906,0.985711705122726,229855
kddcup99_v2,Leaky,rate,45,probe,0.755849680926495,0.7676428228516563,0.7617006073597713,4166
kddcup99_v2,Leaky,rate,45,r2l,0.8671328671328671,0.05310492505353319,0.10008071025020178,16345
kddcup99_v2,Leaky,rate,45,u2r,0.7,0.2,0.3111111111111111,70
kddcup99_v2,Leaky,rate,46,normal,0.73558223466156,0.988926113577476,0.8436450670514941,60593
kddcup99_v2,Leaky,rate,46,dos,0.998042904525839,0.9739748972178113,0.9858620287251165,229855
kddcup99_v2,Leaky,rate,46,probe,0.8140387637506548,0.7460393662986078,0.7785571142284569,4166
kddcup99_v2,Leaky,rate,46,r2l,0.7231955150665732,0.06313857448761089,0.11613774476704929,16345
kddcup99_v2,Leaky,rate,46,u2r,0.5,0.07142857142857142,0.125,70
kddcup99_v2,LeakyParallel,delta,42,normal,0.7316868422653446,0.9925403924545739,0.8423817127489706,60593
kddcup99_v2,LeakyParallel,delta,42,dos,0.9958087765470217,0.9695808226925671,0.9825197947343361,229855
kddcup99_v2,LeakyParallel,delta,42,probe,0.7104185623293904,0.7496399423907826,0.7295024526979678,4166
kddcup99_v2,LeakyParallel,delta,42,r2l,0.8129139072847682,0.030039767513000918,0.05793852144669302,16345
kddcup99_v2,LeakyParallel,delta,42,u2r,0.6666666666666666,0.3142857142857143,0.42718446601941745,70
kddcup99_v2,LeakyParallel,delta,43,normal,0.7307388552057641,0.9925568960110904,0.8417590415407009,60593
kddcup99_v2,LeakyParallel,delta,43,dos,0.9959036510160552,0.970977355289204,0.9832825575990678,229855
kddcup99_v2,LeakyParallel,delta,43,probe,0.7821001779811848,0.7383581373019683,0.7595999506111866,4166
kddcup99_v2,LeakyParallel,delta,43,r2l,0.622792937399679,0.023738146222086264,0.04573314474304573,16345
kddcup99_v2,LeakyParallel,delta,43,u2r,0.5294117647058824,0.5142857142857142,0.5217391304347826,70
kddcup99_v2,LeakyParallel,delta,44,normal,0.7291042876365267,0.9926229102371561,0.8406972030806648,60593
kddcup99_v2,LeakyParallel,delta,44,dos,0.9963761794193834,0.968919536229362,0.9824560629587803,229855
kddcup99_v2,LeakyParallel,delta,44,probe,0.6936878512753999,0.7702832453192511,0.7299818016378526,4166
kddcup99_v2,LeakyParallel,delta,44,r2l,0.8660714285714286,0.017803609666564697,0.03488999460464001,16345
kddcup99_v2,LeakyParallel,delta,44,u2r,0.660377358490566,0.5,0.5691056910569106,70
kddcup99_v2,LeakyParallel,delta,45,normal,0.7328515896323556,0.9925238888980575,0.843147151188874,60593
kddcup99_v2,LeakyParallel,delta,45,dos,0.9957393517218635,0.9720171412412173,0.983735255396998,229855
kddcup99_v2,LeakyParallel,delta,45,probe,0.7524633501562125,0.7515602496399424,0.7520115287618591,4166
kddcup99_v2,LeakyParallel,delta,45,r2l,0.8995215311004785,0.02300397675130009,0.044860705124381076,16345
kddcup99_v2,LeakyParallel,delta,45,u2r,0.5,0.05714285714285714,0.10256410256410256,70
kddcup99_v2,LeakyParallel,delta,46,normal,0.7333601766780141,0.9919297608634661,0.8432690284110839,60593
kddcup99_v2,LeakyParallel,delta,46,dos,0.995613546296255,0.9716690957342673,0.9834956030842261,229855
kddcup99_v2,LeakyParallel,delta,46,probe,0.8174394099051633,0.7448391742678828,0.77945239889475,4166
kddcup99_v2,LeakyParallel,delta,46,r2l,0.7890710382513662,0.04417252982563475,0.08366164542294321,16345
kddcup99_v2,LeakyParallel,delta,46,u2r,0.6764705882352942,0.32857142857142857,0.4423076923076923,70
kddcup99_v2,LeakyParallel,latency,42,normal,0.7293187124851774,0.9845856782136551,0.8379426099414301,60593
kddcup99_v2,LeakyParallel,latency,42,dos,0.9980982057955616,0.9726697265667485,0.9852199165370361,229855
kddcup99_v2,LeakyParallel,latency,42,probe,0.7465688594415523,0.7573211713874219,0.751906577693041,4166
kddcup99_v2,LeakyParallel,latency,42,r2l,0.9687174139728885,0.05683695319669624,0.10737401756819233,16345
kddcup99_v2,LeakyParallel,latency,42,u2r,0.6590909090909091,0.4142857142857143,0.5087719298245614,70
kddcup99_v2,LeakyParallel,latency,43,normal,0.7274035588403888,0.9843051177528758,0.8365758209080836,60593
kddcup99_v2,LeakyParallel,latency,43,dos,0.9986194139881511,0.9723912901611885,0.9853308440220159,229855
kddcup99_v2,LeakyParallel,latency,43,probe,0.7575308641975309,0.7364378300528085,0.7468354430379747,4166
kddcup99_v2,LeakyParallel,latency,43,r2l,0.9274336283185841,0.06411746711532579,0.11994277539341917,16345
kddcup99_v2,LeakyParallel,latency,43,u2r,0.7105263157894737,0.38571428571428573,0.5,70
kddcup99_v2,LeakyParallel,latency,44,normal,0.732949367550031,0.9955110326275313,0.84428799372953,60593
kddcup99_v2,LeakyParallel,latency,44,dos,0.9988531086556827,0.9737747710513149,0.9861545273704176,229855
kddcup99_v2,LeakyParallel,latency,44,probe,0.9043847241867043,0.7674027844455112,0.8302817815868069,4166
kddcup99_v2,LeakyParallel,latency,44,r2l,0.9427443237907206,0.05842765371673295,0.1100357184007374,16345
kddcup99_v2,LeakyParallel,latency,44,u2r,0.37755102040816324,0.5285714285714286,0.44047619047619047,70
kddcup99_v2,LeakyParallel,latency,45,normal,0.732998933025914,0.9863845658739459,0.8410210227112824,60593
kddcup99_v2,LeakyParallel,latency,45,dos,0.9979856858917796,0.9742750864675557,0.9859878612831289,229855
kddcup99_v2,LeakyParallel,latency,45,probe,0.7724188075618031,0.7650024003840614,0.7686927158707187,4166
kddcup99_v2,LeakyParallel,latency,45,r2l,0.9518201284796574,0.054389721627408995,0.10289947334915216,16345
kddcup99_v2,LeakyParallel,latency,45,u2r,0.5555555555555556,0.2857142857142857,0.37735849056603776,70
kddcup99_v2,LeakyParallel,latency,46,normal,0.7326853126228864,0.9839915501790636,0.8399439314216484,60593
kddcup99_v2,LeakyParallel,latency,46,dos,0.9988865138492635,0.9717996127993735,0.9851569098322517,229855
kddcup99_v2,LeakyParallel,latency,46,probe,0.7517165005537099,0.814690350456073,0.7819375647966824,4166
kddcup99_v2,LeakyParallel,latency,46,r2l,0.7718940936863544,0.06956255735698991,0.12762375126276798,16345
kddcup99_v2,LeakyParallel,latency,46,u2r,0.4883720930232558,0.3,0.37168141592920356,70
kddcup99_v2,LeakyParallel,rate,42,normal,0.7366619812992727,0.9946693512451933,0.8464412111679119,60593
kddcup99_v2,LeakyParallel,rate,42,dos,0.9984113029547087,0.9733397141676274,0.9857161110107547,229855
kddcup99_v2,LeakyParallel,rate,42,probe,0.8821576763485477,0.7654824771963514,0.8196889859915178,4166
kddcup99_v2,LeakyParallel,rate,42,r2l,0.7376271186440678,0.06656469868461304,0.12210998877665544,16345
kddcup99_v2,LeakyParallel,rate,42,u2r,0.6341463414634146,0.37142857142857144,0.46846846846846846,70
kddcup99_v2,LeakyParallel,rate,43,normal,0.7332948601458706,0.9856088987176737,0.8409335727109515,60593
kddcup99_v2,LeakyParallel,rate,43,dos,0.998644043604703,0.9740575580257118,0.9861975857337612,229855
kddcup99_v2,LeakyParallel,rate,43,probe,0.7956678700361011,0.7935669707153145,0.7946160317269559,4166
kddcup99_v2,LeakyParallel,rate,43,r2l,0.6791979949874687,0.04973998164576323,0.09269182533348536,16345
kddcup99_v2,LeakyParallel,rate,43,u2r,0.5897435897435898,0.32857142857142857,0.42201834862385323,70
kddcup99_v2,LeakyParallel,rate,44,normal,0.730197383717373,0.9847837208918522,0.8385940749901625,60593
kddcup99_v2,LeakyParallel,rate,44,dos,0.9983706302759214,0.9729960192295143,0.9855200190363718,229855
kddcup99_v2,LeakyParallel,rate,44,probe,0.7381932671348995,0.7316370619299087,0.7349005424954792,4166
kddcup99_v2,LeakyParallel,rate,44,r2l,0.830122591943958,0.057999388192107676,0.10842340024017842,16345
kddcup99_v2,LeakyParallel,rate,44,u2r,0.5,0.18571428571428572,0.2708333333333333,70
kddcup99_v2,LeakyParallel,rate,45,normal,0.7296178850839281,0.9834964434835707,0.8377451324945526,60593
kddcup99_v2,LeakyParallel,rate,45,dos,0.9983976576343356,0.9731700419829893,0.985622447136166,229855
kddcup99_v2,LeakyParallel,rate,45,probe,0.7654614652711703,0.772443590974556,0.768936678614098,4166
kddcup99_v2,LeakyParallel,rate,45,r2l,0.6203110704483074,0.041480575099418784,0.07776121114806744,16345
kddcup99_v2,LeakyParallel,rate,45,u2r,0.375,0.04285714285714286,0.07692307692307693,70
kddcup99_v2,LeakyParallel,rate,46,normal,0.7348314882244045,0.9891901704817389,0.8432470455824423,60593
kddcup99_v2,LeakyParallel,rate,46,dos,0.996243429339529,0.9737834721889888,0.9848854196001127,229855
kddcup99_v2,LeakyParallel,rate,46,probe,0.8493485342019544,0.7510801728276524,0.7971974522292994,4166
kddcup99_v2,LeakyParallel,rate,46,r2l,0.8026192703461179,0.052493117161211376,0.09854140346847365,16345
kddcup99_v2,LeakyParallel,rate,46,u2r,0.6388888888888888,0.32857142857142857,0.4339622641509434,70
kddcup99_v2,RLeaky,delta,42,normal,0.7256936067551266,0.9928539600283861,0.8385078017743026,60593
kddcup99_v2,RLeaky,delta,42,dos,0.9967734140054418,0.969023949881447,0.9827028243303163,229855
kddcup99_v2,RLeaky,delta,42,probe,0.7551498127340824,0.7743638982237158,0.7646361697084617,4166
kddcup99_v2,RLeaky,delta,42,r2l,0.9675810473815462,0.023738146222086264,0.046339424340140926,16345
kddcup99_v2,RLeaky,delta,42,u2r,0.0,0.0,0.0,70
kddcup99_v2,RLeaky,delta,43,normal,0.7275003326116668,0.9926724209067054,0.8396476631861075,60593
kddcup99_v2,RLeaky,delta,43,dos,0.9966207899742643,0.9687411629070501,0.9824832333215673,229855
kddcup99_v2,RLeaky,delta,43,probe,0.694692144373673,0.785405664906385,0.7372690401081569,4166
kddcup99_v2,RLeaky,delta,43,r2l,0.8744186046511628,0.011501988375650045,0.022705314009661835,16345
kddcup99_v2,RLeaky,delta,43,u2r,0.0,0.0,0.0,70
kddcup99_v2,RLeaky,delta,44,normal,0.7290265508173677,0.9928539600283861,0.8407283703900387,60593
kddcup99_v2,RLeaky,delta,44,dos,0.9966497443812957,0.9719649344151747,0.9841525757846071,229855
kddcup99_v2,RLeaky,delta,44,probe,0.7767598842815815,0.7734037445991359,0.7750781813808034,4166
kddcup99_v2,RLeaky,delta,44,r2l,0.6565656565656566,0.007953502600183543,0.015716617300368736,16345
kddcup99_v2,RLeaky,delta,44,u2r,0.0,0.0,0.0,70
kddcup99_v2,RLeaky,delta,45,normal,0.7329367449684883,0.9922763355503111,0.8431141587087908,60593
kddcup99_v2,RLeaky,delta,45,dos,0.9963579070462893,0.9711818320245372,0.9836087966124847,229855
kddcup99_v2,RLeaky,delta,45,probe,0.7604265402843602,0.7702832453192511,0.7653231576436919,4166
kddcup99_v2,RLeaky,delta,45,r2l,0.8861454046639232,0.039522789843988985,0.07567061028464332,16345
kddcup99_v2,RLeaky,delta,45,u2r,0.0,0.0,0.0,70
kddcup99_v2,RLeaky,delta,46,normal,0.7324989031345975,0.9919132573069497,0.8426933996985524,60593
kddcup99_v2,RLeaky,delta,46,dos,0.9959082188901659,0.9688890822475038,0.9822128721823081,229855
kddcup99_v2,RLeaky,delta,46,probe,0.703537841468876,0.7542006721075372,0.7279888785912882,4166
kddcup99_v2,RLeaky,delta,46,r2l,0.673469387755102,0.03634138880391557,0.06896151390259476,16345
kddcup99_v2,RLeaky,delta,46,u2r,0.7,0.1,0.175,70
kddcup99_v2,RLeaky,latency,42,normal,0.7206525114046192,0.995923621540442,0.8362167517719686,60593
kddcup99_v2,RLeaky,latency,42,dos,0.9988026207805836,0.9689586913488939,0.9836543430158864,229855
kddcup99_v2,RLeaky,latency,42,probe,0.7545565006075334,0.7453192510801728,0.7499094312281126,4166
kddcup99_v2,RLeaky,latency,42,r2l,0.19576719576719576,0.0022636892015907004,0.004475625982823273,16345
kddcup99_v2,RLeaky,latency,42,u2r,0.0,0.0,0.0,70
kddcup99_v2,RLeaky,latency,43,normal,0.7329436612800235,0.9850642813526315,0.8405044040301628,60593
kddcup99_v2,RLeaky,latency,43,dos,0.9959589999418883,0.9693197885623546,0.9824588479634537,229855
kddcup99_v2,RLeaky,latency,43,probe,0.742483660130719,0.8180508881421027,0.7784376427592508,4166
kddcup99_v2,RLeaky,latency,43,r2l,0.7367563162184189,0.05530743346589171,0.1028909628955156,16345
kddcup99_v2,RLeaky,latency,43,u2r,0.4057971014492754,0.4,0.4028776978417266,70
kddcup99_v2,RLeaky,latency,44,normal,0.7218155722999641,0.9960061393230241,0.8370283558594481,60593
kddcup99_v2,RLeaky,latency,44,dos,0.9987939491216901,0.9691892714972483,0.9837689364248383,229855
kddcup99_v2,RLeaky,latency,44,probe,0.7553838951310862,0.7746039366298608,0.7648731926996919,4166
kddcup99_v2,RLeaky,latency,44,r2l,0.5825242718446602,0.0036708473539308656,0.007295719844357977,16345
kddcup99_v2,RLeaky,latency,44,u2r,1.0,0.02857142857142857,0.05555555555555555,70
kddcup99_v2,RLeaky,latency,45,normal,0.7335098465067473,0.9921443070981797,0.8434455037144601,60593
kddcup99_v2,RLeaky,latency,45,dos,0.9978260479793453,0.9684844793456745,0.9829363441078616,229855
kddcup99_v2,RLeaky,latency,45,probe,0.75,0.8504560729716755,0.7970753655793026,4166
kddcup99_v2,RLeaky,latency,45,r2l,0.7322142286171063,0.056041602936677884,0.10411457149352125,16345
kddcup99_v2,RLeaky,latency,45,u2r,0.0,0.0,0.0,70
kddcup99_v2,RLeaky,latency,46,normal,0.7274089832229367,0.9931840311587147,0.8397697540554684,60593
kddcup99_v2,RLeaky,latency,46,dos,0.9980091650151106,0.9683409105740576,0.9829512207508883,229855
kddcup99_v2,RLeaky,latency,46,probe,0.7990993244933701,0.7666826692270763,0.7825554330515742,4166
kddcup99_v2,RLeaky,latency,46,r2l,0.7100078802206462,0.05512389109819517,0.10230498467128421,16345
kddcup99_v2,RLeaky,latency,46,u2r,1.0,0.12857142857142856,0.22784810126582278,70
kddcup99_v2,RLeaky,rate,42,normal,0.7241291325954097,0.9835789612661529,0.834145112529392,60593
kddcup99_v2,RLeaky,rate,42,dos,0.9988089854436529,0.9704944421483109,0.9844481612730972,229855
kddcup99_v2,RLeaky,rate,42,probe,0.7614983404457089,0.771003360537686,0.7662213740458015,4166
kddcup99_v2,RLeaky,rate,42,r2l,0.9472759226713533,0.06595289079229122,0.12331979637362009,16345
kddcup99_v2,RLeaky,rate,42,u2r,0.5483870967741935,0.24285714285714285,0.33663366336633666,70
kddcup99_v2,RLeaky,rate,43,normal,0.7196631517988563,0.9844371462050072,0.8314805651001191,60593
kddcup99_v2,RLeaky,rate,43,dos,0.9962167232445953,0.9703204193948358,0.9830980638478407,229855
kddcup99_v2,RLeaky,rate,43,probe,0.843218012081274,0.7371579452712435,0.7866290983606558,4166
kddcup99_v2,RLeaky,rate,43,r2l,0.9443535188216039,0.03530131538696849,0.06805850436423685,16345
kddcup99_v2,RLeaky,rate,43,u2r,0.4,0.05714285714285714,0.1,70
kddcup99_v2,RLeaky,rate,44,normal,0.7226173886701,0.9841730893007443,0.8333542950572255,60593
kddcup99_v2,RLeaky,rate,44,dos,0.9979165735234944,0.9710643666659415,0.9843073700457527,229855
kddcup99_v2,RLeaky,rate,44,probe,0.7689954105048444,0.7239558329332694,0.7457962413452027,4166
kddcup99_v2,RLeaky,rate,44,r2l,0.9221218961625283,0.04998470480269195,0.09482908711044048,16345
kddcup99_v2,RLeaky,rate,44,u2r,0.6923076923076923,0.2571428571428571,0.375,70
kddcup99_v2,RLeaky,rate,45,normal,0.723529697204969,0.9843051177528758,0.834008040552351,60593
kddcup99_v2,RLeaky,rate,45,dos,0.9986125532600523,0.9707076200213178,0.9844623825523344,229855
kddcup99_v2,RLeaky,rate,45,probe,0.7279428188519098,0.7822851656265002,0.7541362952678469,4166
kddcup99_v2,RLeaky,rate,45,r2l,0.9376854599406528,0.03866625879473845,0.07426993360361948,16345
kddcup99_v2,RLeaky,rate,45,u2r,0.7142857142857143,0.14285714285714285,0.23809523809523808,70
kddcup99_v2,RLeaky,rate,46,normal,0.7304411764705883,0.9836779826052514,0.8383535054468223,60593
kddcup99_v2,RLeaky,rate,46,dos,0.998620104496941,0.9728785538709186,0.9855812774772194,229855
kddcup99_v2,RLeaky,rate,46,probe,0.7606618503845257,0.7834853576572252,0.7719049308265342,4166
kddcup99_v2,RLeaky,rate,46,r2l,0.6856663872590109,0.05004588559192413,0.09328315657429581,16345
kddcup99_v2,RLeaky,rate,46,u2r,0.3333333333333333,0.07142857142857142,0.11764705882352941,70
kddcup99_v2,RSynaptic,delta,42,normal,0.7294525950465373,0.9920617893155975,0.8407272727272728,60593
kddcup99_v2,RSynaptic,delta,42,dos,0.9960252523897667,0.9691892714972483,0.9824240326161974,229855
kddcup99_v2,RSynaptic,delta,42,probe,0.7254308337214718,0.7477196351416227,0.7364066193853428,4166
kddcup99_v2,RSynaptic,delta,42,r2l,0.9232,0.03530131538696849,0.06800235710076606,16345
kddcup99_v2,RSynaptic,delta,42,u2r,0.7804878048780488,0.45714285714285713,0.5765765765765766,70
kddcup99_v2,RSynaptic,delta,43,normal,0.7288445693791499,0.9927384351327712,0.8405659388646288,60593
kddcup99_v2,RSynaptic,delta,43,dos,0.9960888261114439,0.9694938113158296,0.9826113988266497,229855
kddcup99_v2,RSynaptic,delta,43,probe,0.7169421487603306,0.7496399423907826,0.7329265430650083,4166
kddcup99_v2,RSynaptic,delta,43,r2l,0.5598958333333334,0.013153869684918936,0.02570386753541754,16345
kddcup99_v2,RSynaptic,delta,43,u2r,0.7692307692307693,0.42857142857142855,0.5504587155963303,70
kddcup99_v2,RSynaptic,delta,44,normal,0.7227615576166588,0.9915501790635882,0.8360840523239632,60593
kddcup99_v2,RSynaptic,delta,44,dos,0.996918004587156,0.9681929912336038,0.9823455539443859,229855
kddcup99_v2,RSynaptic,delta,44,probe,0.7534478586982821,0.7474795967354777,0.7504518616700807,4166
kddcup99_v2,RSynaptic,delta,44,r2l,0.7145669291338582,0.022208626491281736,0.0430783836705631,16345
kddcup99_v2,RSynaptic,delta,44,u2r,0.7586206896551724,0.3142857142857143,0.4444444444444444,70
kddcup99_v2,RSynaptic,delta,45,normal,0.7272672316862328,0.9927384351327712,0.8395159939708592,60593
kddcup99_v2,RSynaptic,delta,45,dos,0.9957985259083453,0.969267581736312,0.9823539527234085,229855
kddcup99_v2,RSynaptic,delta,45,probe,0.7161947904869762,0.7590014402304369,0.736977042302762,4166
kddcup99_v2,RSynaptic,delta,45,r2l,0.9863013698630136,0.008810033649434078,0.017464071311624522,16345
kddcup99_v2,RSynaptic,delta,45,u2r,0.8846153846153846,0.32857142857142857,0.4791666666666667,70
kddcup99_v2,RSynaptic,delta,46,normal,0.7330983854446125,0.9921443070981797,0.8431734187956268,60593
kddcup99_v2,RSynaptic,delta,46,dos,0.9962353634682887,0.9705379478366797,0.98321877733973,229855
kddcup99_v2,RSynaptic,delta,46,probe,0.7861200296369474,0.7640422467594815,0.7749239196591601,4166
kddcup99_v2,RSynaptic,delta,46,r2l,0.630057803468208,0.04001223615784644,0.0752459299315423,16345
kddcup99_v2,RSynaptic,delta,46,u2r,0.6666666666666666,0.11428571428571428,0.1951219512195122,70
kddcup99_v2,RSynaptic,latency,42,normal,0.7155444203358947,0.9850972884656644,0.8289586978862873,60593
kddcup99_v2,RSynaptic,latency,42,dos,0.9986256989785114,0.9641991690413522,0.9811105257799047,229855
kddcup99_v2,RSynaptic,latency,42,probe,0.7002927268633191,0.7465194431108978,0.7226675961426746,4166
kddcup99_v2,RSynaptic,latency,42,r2l,0.7870753935376967,0.05812174977057204,0.10824977210574294,16345
kddcup99_v2,RSynaptic,latency,42,u2r,0.6774193548387096,0.3,0.4158415841584158,70
kddcup99_v2,RSynaptic,latency,43,normal,0.7204027200422904,0.9895862558381331,0.8338072823600575,60593
kddcup99_v2,RSynaptic,latency,43,dos,0.9972202576521249,0.9692240760479433,0.9830228766461412,229855
kddcup99_v2,RSynaptic,latency,43,probe,0.7548202808855035,0.7611617858857417,0.7579777698099678,4166
kddcup99_v2,RSynaptic,latency,43,r2l,0.09202453987730061,0.0009177118384827164,0.001817300702689605,16345
kddcup99_v2,RSynaptic,latency,43,u2r,0.6551724137931034,0.2714285714285714,0.3838383838383838,70
kddcup99_v2,RSynaptic,latency,44,normal,0.7244949739029577,0.9896357665076824,0.8365594548029102,60593
kddcup99_v2,RSynaptic,latency,44,dos,0.9971672020982364,0.9709294990319984,0.9838734564499562,229855
kddcup99_v2,RSynaptic,latency,44,probe,0.7654320987654321,0.7590014402304369,0.7622032059780643,4166
kddcup99_v2,RSynaptic,latency,44,r2l,0.4006734006734007,0.007280513918629551,0.014301165725273405,16345
kddcup99_v2,RSynaptic,latency,44,u2r,0.6153846153846154,0.22857142857142856,0.3333333333333333,70
kddcup99_v2,RSynaptic,latency,45,normal,0.7211817462410973,0.992655917350189,0.835417896454738,60593
kddcup99_v2,RSynaptic,latency,45,dos,0.9986475653937958,0.9701725000543822,0.9842041151391574,229855
kddcup99_v2,RSynaptic,latency,45,probe,0.7270973963355835,0.7239558329332694,0.7255232138561463,4166
kddcup99_v2,RSynaptic,latency,45,r2l,0.046242774566473986,0.0004894463138574488,0.000968640271219276,16345
kddcup99_v2,RSynaptic,latency,45,u2r,0.6,0.04285714285714286,0.08,70
kddcup99_v2,RSynaptic,latency,46,normal,0.7310712625681924,0.9863845658739459,0.8397507499279928,60593
kddcup99_v2,RSynaptic,latency,46,dos,0.9985539169599126,0.9703465228078572,0.9842481636831805,229855
kddcup99_v2,RSynaptic,latency,46,probe,0.6724607329842932,0.7707633221315411,0.7182641762666369,4166
kddcup99_v2,RSynaptic,latency,46,r2l,0.818926296633303,0.05506271030896299,0.10318734235267141,16345
kddcup99_v2,RSynaptic,latency,46,u2r,0.6410256410256411,0.35714285714285715,0.45871559633027525,70
kddcup99_v2,RSynaptic,rate,42,normal,0.7330923920342853,0.9908900368029311,0.8427161845411035,60593
kddcup99_v2,RSynaptic,rate,42,dos,0.9984612708564701,0.9739444432359531,0.9860504860526884,229855
kddcup99_v2,RSynaptic,rate,42,probe,0.867476383265857,0.771483437349976,0.8166687841443273,4166
kddcup99_v2,RSynaptic,rate,42,r2l,0.9283305227655987,0.06736004894463138,0.12560606924875933,16345
kddcup99_v2,RSynaptic,rate,42,u2r,0.6923076923076923,0.2571428571428571,0.375,70
kddcup99_v2,RSynaptic,rate,43,normal,0.7274486182601394,0.9865991121086595,0.8374331101336396,60593
kddcup99_v2,RSynaptic,rate,43,dos,0.9984869718907049,0.9732875073415849,0.9857262138446252,229855
kddcup99_v2,RSynaptic,rate,43,probe,0.8296565205249931,0.7131541046567451,0.7670065831934942,4166
kddcup99_v2,RSynaptic,rate,43,r2l,0.9188503803888419,0.06650351789538085,0.12403012323140118,16345
kddcup99_v2,RSynaptic,rate,43,u2r,0.40625,0.18571428571428572,0.2549019607843137,70
kddcup99_v2,RSynaptic,rate,44,normal,0.7233657270477455,0.9888931064644431,0.8355411774548902,60593
kddcup99_v2,RSynaptic,rate,44,dos,0.9977267956751059,0.9719344804333166,0.9846617654836833,229855
kddcup99_v2,RSynaptic,rate,44,probe,0.8888575458392102,0.756361017762842,0.8172740241213851,4166
kddcup99_v2,RSynaptic,rate,44,r2l,0.9260273972602739,0.04135821352095442,0.0791800878477306,16345
kddcup99_v2,RSynaptic,rate,44,u2r,0.8333333333333334,0.07142857142857142,0.13157894736842105,70
kddcup99_v2,RSynaptic,rate,45,normal,0.7297723549404602,0.9851137920221807,0.8384332839374381,60593
kddcup99_v2,RSynaptic,rate,45,dos,0.9988800192761622,0.9739183398229319,0.9862412603587053,229855
kddcup99_v2,RSynaptic,rate,45,probe,0.7778616352201257,0.742198751800288,0.759611841297138,4166
kddcup99_v2,RSynaptic,rate,45,r2l,0.8223214285714285,0.05634750688283879,0.1054680790151732,16345
kddcup99_v2,RSynaptic,rate,45,u2r,0.5862068965517241,0.24285714285714285,0.3434343434343434,70
kddcup99_v2,RSynaptic,rate,46,normal,0.7281109930507211,0.983892528839965,0.8368942669436802,60593
kddcup99_v2,RSynaptic,rate,46,dos,0.9956068314438703,0.9731352374322942,0.9842427869278054,229855
kddcup99_v2,RSynaptic,rate,46,probe,0.8607491856677525,0.7611617858857417,0.8078980891719745,4166
kddcup99_v2,RSynaptic,rate,46,r2l,0.8718291054739653,0.039951055368614256,0.0764010764010764,16345
kddcup99_v2,RSynaptic,rate,46,u2r,0.52,0.37142857142857144,0.43333333333333335,70
kddcup99_v2,SConv2dLSTM,delta,42,normal,0.7296192520893223,0.9927219315762547,0.8410749741323863,60593
kddcup99_v2,SConv2dLSTM,delta,42,dos,0.996656369415378,0.9713036479519698,0.9838167023969788,229855
kddcup99_v2,SConv2dLSTM,delta,42,probe,0.7766348273328435,0.7611617858857417,0.7688204630864347,4166
kddcup99_v2,SConv2dLSTM,delta,42,r2l,0.6600877192982456,0.01841541755888651,0.03583120052377835,16345
kddcup99_v2,SConv2dLSTM,delta,42,u2r,0.7692307692307693,0.42857142857142855,0.5504587155963303,70
kddcup99_v2,SConv2dLSTM,delta,43,normal,0.7230919059298803,0.9925403924545739,0.8366570444823149,60593
kddcup99_v2,SConv2dLSTM,delta,43,dos,0.9963344388200384,0.9684888299145114,0.9822143194362941,229855
kddcup99_v2,SConv2dLSTM,delta,43,probe,0.749757281553398,0.7414786365818531,0.7455949794834661,4166
kddcup99_v2,SConv2dLSTM,delta,43,r2l,0.8494623655913979,0.014499847048026919,0.028512993262752646,16345
kddcup99_v2,SConv2dLSTM,delta,43,u2r,0.7037037037037037,0.2714285714285714,0.3917525773195876,70
kddcup99_v2,SConv2dLSTM,delta,44,normal,0.7295542529823668,0.9921278035416632,0.840818495880946,60593
kddcup99_v2,SConv2dLSTM,delta,44,dos,0.9970117472331821,0.9696286789497727,0.9831295751846616,229855
kddcup99_v2,SConv2dLSTM,delta,44,probe,0.7872393247269116,0.7611617858857417,0.7739809616792775,4166
kddcup99_v2,SConv2dLSTM,delta,44,r2l,0.5562072336265884,0.03481186907311104,0.06552280055274068,16345
kddcup99_v2,SConv2dLSTM,delta,44,u2r,0.6857142857142857,0.34285714285714286,0.45714285714285713,70
kddcup99_v2,SConv2dLSTM,delta,45,normal,0.7238873314001757,0.9929034706979354,0.8373183766631409,60593
kddcup99_v2,SConv2dLSTM,delta,45,dos,0.9966260451439628,0.9702551608622827,0.9832638196936697,229855
kddcup99_v2,SConv2dLSTM,delta,45,probe,0.8104859335038364,0.7606817090734518,0.7847944526993561,4166
kddcup99_v2,SConv2dLSTM,delta,45,r2l,0.8285714285714286,0.01064545732639951,0.021020839625490787,16345
kddcup99_v2,SConv2dLSTM,delta,45,u2r,0.84,0.3,0.4421052631578947,70
kddcup99_v2,SConv2dLSTM,delta,46,normal,0.7286558775075104,0.9927219315762547,0.8404345244332669,60593
kddcup99_v2,SConv2dLSTM,delta,46,dos,0.9965653719728986,0.9694677079028083,0.9828297975565651,229855
kddcup99_v2,SConv2dLSTM,delta,46,probe,0.7993267736923874,0.7409985597695631,0.7690582959641256,4166
kddcup99_v2,SConv2dLSTM,delta,46,r2l,0.40996948118006105,0.02465585806056898,0.04651431209602955,16345
kddcup99_v2,SConv2dLSTM,delta,46,u2r,0.7407407407407407,0.2857142857142857,0.41237113402061853,70
kddcup99_v2,SConv2dLSTM,latency,42,normal,0.7341205112598904,0.9952964863928176,0.8449871447286382,60593
kddcup99_v2,SConv2dLSTM,latency,42,dos,0.99883092800129,0.9701463966413608,0.9842797207735887,229855
kddcup99_v2,SConv2dLSTM,latency,42,probe,0.8325780463242699,0.7938070091214594,0.8127304005898255,4166
kddcup99_v2,SConv2dLSTM,latency,42,r2l,0.795880149812734,0.0780055062710309,0.14208502813840754,16345
kddcup99_v2,SConv2dLSTM,latency,42,u2r,0.5294117647058824,0.38571428571428573,0.4462809917355372,70
kddcup99_v2,SConv2dLSTM,latency,43,normal,0.7277950104401771,0.9951644579406862,0.8407344924222355,60593
kddcup99_v2,SConv2dLSTM,latency,43,dos,0.9989374627327382,0.9693676448195602,0.9839304403121177,229855
kddcup99_v2,SConv2dLSTM,latency,43,probe,0.7735569807597434,0.7527604416706674,0.7630170316301703,4166
kddcup99_v2,SConv2dLSTM,latency,43,r2l,0.8698564593301435,0.05561333741205261,0.10454284071305348,16345
kddcup99_v2,SConv2dLSTM,latency,43,u2r,0.5769230769230769,0.21428571428571427,0.3125,70
kddcup99_v2,SConv2dLSTM,latency,44,normal,0.7269419376603974,0.9957255788622448,0.8403649279197716,60593
kddcup99_v2,SConv2dLSTM,latency,44,dos,0.999110185027857,0.9721041526179548,0.9854221747883668,229855
kddcup99_v2,SConv2dLSTM,latency,44,probe,0.8975155279503105,0.7630820931349016,0.8248572911261027,4166
kddcup99_v2,SConv2dLSTM,latency,44,r2l,0.8672350791717418,0.04356072193331294,0.08295467785156706,16345
kddcup99_v2,SConv2dLSTM,latency,44,u2r,0.7037037037037037,0.2714285714285714,0.3917525773195876,70
kddcup99_v2,SConv2dLSTM,latency,45,normal,0.7230937132714494,0.9950489330450712,0.8375481854488627,60593
kddcup99_v2,SConv2dLSTM,latency,45,dos,0.9988695394719135,0.9687237606317026,0.9835657161535692,229855
kddcup99_v2,SConv2dLSTM,latency,45,probe,0.7923645320197045,0.772203552568411,0.7821541453926574,4166
kddcup99_v2,SConv2dLSTM,latency,45,r2l,0.8501529051987767,0.034016518813092686,0.065415612683099,16345
kddcup99_v2,SConv2dLSTM,latency,45,u2r,0.6,0.12857142857142856,0.21176470588235294,70
kddcup99_v2,SConv2dLSTM,latency,46,normal,0.7239578295773286,0.9882329642037859,0.8357000802484212,60593
kddcup99_v2,SConv2dLSTM,latency,46,dos,0.997182670291929,0.9701159426595027,0.9834631100996536,229855
kddcup99_v2,SConv2dLSTM,latency,46,probe,0.7770320656226697,0.7503600576092174,0.7634631823177433,4166
kddcup99_v2,SConv2dLSTM,latency,46,r2l,0.663109756097561,0.026613643315998775,0.051173460384683254,16345
kddcup99_v2,SConv2dLSTM,latency,46,u2r,0.6363636363636364,0.2,0.30434782608695654,70
kddcup99_v2,SConv2dLSTM,rate,42,normal,0.7300919585208374,0.9853283382568944,0.8387219127759554,60593
kddcup99_v2,SConv2dLSTM,rate,42,dos,0.9968531344027632,0.9743577472754563,0.9854770825678788,229855
kddcup99_v2,SConv2dLSTM,rate,42,probe,0.8804936785069235,0.7021123379740759,0.78125,4166
kddcup99_v2,SConv2dLSTM,rate,42,r2l,0.8097165991902834,0.06118078923218109,0.11376564277588168,16345
kddcup99_v2,SConv2dLSTM,rate,42,u2r,0.5357142857142857,0.21428571428571427,0.30612244897959184,70
kddcup99_v2,SConv2dLSTM,rate,43,normal,0.7224163027656477,0.9828858118924628,0.8327588738263197,60593
kddcup99_v2,SConv2dLSTM,rate,43,dos,0.9981313174212181,0.9713471536403385,0.9845571082722218,229855
kddcup99_v2,SConv2dLSTM,rate,43,probe,0.7718219818047701,0.7534805568891022,0.7625409935624924,4166
kddcup99_v2,SConv2dLSTM,rate,43,r2l,0.7959949937421777,0.03891098195166718,0.07419505366308912,16345
kddcup99_v2,SConv2dLSTM,rate,43,u2r,0.6111111111111112,0.3142857142857143,0.41509433962264153,70
kddcup99_v2,SConv2dLSTM,rate,44,normal,0.7290238208729024,0.9844041390919743,0.8376822177906357,60593
kddcup99_v2,SConv2dLSTM,rate,44,dos,0.9958784223814154,0.9713166996584803,0.9834442264024614,229855
kddcup99_v2,SConv2dLSTM,rate,44,probe,0.8594578668238068,0.700192030724916,0.7716931216931217,4166
kddcup99_v2,SConv2dLSTM,rate,44,r2l,0.7730407523510971,0.0754359131232793,0.1374581939799331,16345
kddcup99_v2,SConv2dLSTM,rate,44,u2r,0.5428571428571428,0.2714285714285714,0.3619047619047619,70
kddcup99_v2,SConv2dLSTM,rate,45,normal,0.727233131283801,0.9919957750895317,0.839227622411795,60593
kddcup99_v2,SConv2dLSTM,rate,45,dos,0.9984300008498571,0.9711165734919841,0.9845838975612123,229855
kddcup99_v2,SConv2dLSTM,rate,45,probe,0.8632715195128702,0.7486797887662026,0.8019025581694306,4166
kddcup99_v2,SConv2dLSTM,rate,45,r2l,0.8423307626392459,0.06014071581523402,0.1122658748286889,16345
kddcup99_v2,SConv2dLSTM,rate,45,u2r,0.6206896551724138,0.2571428571428571,0.36363636363636365,70
kddcup99_v2,SConv2dLSTM,rate,46,normal,0.7193459834328646,0.9860214876305844,0.8318331488558918,60593
kddcup99_v2,SConv2dLSTM,rate,46,dos,0.9987038121332124,0.9721041526179548,0.9852244768380116,229855
kddcup99_v2,SConv2dLSTM,rate,46,probe,0.7804177545691906,0.7174747959673548,0.747623811905953,4166
kddcup99_v2,SConv2dLSTM,rate,46,r2l,0.5408970976253298,0.012542061792597125,0.02451566610858646,16345
kddcup99_v2,SConv2dLSTM,rate,46,u2r,0.5806451612903226,0.2571428571428571,0.3564356435643564,70
kddcup99_v2,SLSTM,delta,42,normal,0.7276842997215833,0.9920947964286304,0.8395634169675217,60593
kddcup99_v2,SLSTM,delta,42,dos,0.996586191950741,0.9703204193948358,0.9832779311013728,229855
kddcup99_v2,SLSTM,delta,42,probe,0.7911408067310072,0.7674027844455112,0.7790910198610942,4166
kddcup99_v2,SLSTM,delta,42,r2l,0.8431734317343174,0.02795962067910676,0.05412447444780008,16345
kddcup99_v2,SLSTM,delta,42,u2r,0.6923076923076923,0.38571428571428573,0.4954128440366973,70
kddcup99_v2,SLSTM,delta,43,normal,0.7313893820375009,0.992655917350189,0.8422261273813108,60593
kddcup99_v2,SLSTM,delta,43,dos,0.9959292200937971,0.9728437493202237,0.9842511367087605,229855
kddcup99_v2,SLSTM,delta,43,probe,0.823143531881396,0.7530004800768123,0.7865112197568008,4166
kddcup99_v2,SLSTM,delta,43,r2l,0.9043062200956937,0.023126338329764455,0.04509932589631927,16345
kddcup99_v2,SLSTM,delta,43,u2r,0.7428571428571429,0.37142857142857144,0.49523809523809526,70
kddcup99_v2,SLSTM,delta,44,normal,0.72377319438762,0.9926394137936725,0.8371481262396048,60593
kddcup99_v2,SLSTM,delta,44,dos,0.9969122405051396,0.9691892714972483,0.9828553024587596,229855
kddcup99_v2,SLSTM,delta,44,probe,0.767497034400949,0.7765242438790206,0.7719842500894881,4166
kddcup99_v2,SLSTM,delta,44,r2l,0.8829268292682927,0.011073722851024778,0.02187311178247734,16345
kddcup99_v2,SLSTM,delta,44,u2r,0.7045454545454546,0.44285714285714284,0.543859649122807,70
kddcup99_v2,SLSTM,delta,45,normal,0.7325748532170439,0.9925238888980575,0.8429639700883752,60593
kddcup99_v2,SLSTM,delta,45,dos,0.9959613970178528,0.9720432446542385,0.9838569761553535,229855
kddcup99_v2,SLSTM,delta,45,probe,0.7791321306679668,0.7671627460393663,0.7731011127237543,4166
kddcup99_v2,SLSTM,delta,45,r2l,0.8253638253638254,0.024288773325175896,0.04718887436110781,16345
kddcup99_v2,SLSTM,delta,45,u2r,0.7058823529411765,0.17142857142857143,0.27586206896551724,70
kddcup99_v2,SLSTM,delta,46,normal,0.7331179124497013,0.9922433284372782,0.8432220921018492,60593
kddcup99_v2,SLSTM,delta,46,dos,0.9962921533586763,0.9726001174653586,0.9843035901409815,229855
kddcup99_v2,SLSTM,delta,46,probe,0.8201211482749539,0.7474795967354777,0.7821172924777094,4166
kddcup99_v2,SLSTM,delta,46,r2l,0.83625,0.04092994799632915,0.07804024496937882,16345
kddcup99_v2,SLSTM,delta,46,u2r,0.6666666666666666,0.3142857142857143,0.42718446601941745,70
kddcup99_v2,SLSTM,latency,42,normal,0.7262763511623098,0.9853448418134108,0.8362044817927171,60593
kddcup99_v2,SLSTM,latency,42,dos,0.9963566472235601,0.9720345435165648,0.9840453293224605,229855
kddcup99_v2,SLSTM,latency,42,probe,0.856020942408377,0.7849255880940951,0.8189331329827197,4166
kddcup99_v2,SLSTM,latency,42,r2l,0.9387755102040817,0.039400428265524624,0.07562679819153309,16345
kddcup99_v2,SLSTM,latency,42,u2r,0.5,0.5142857142857142,0.5070422535211268,70
kddcup99_v2,SLSTM,latency,43,normal,0.7338113569557356,0.9846681959962372,0.8409302325581396,60593
kddcup99_v2,SLSTM,latency,43,dos,0.9963215131288541,0.9721433077374867,0.9840839227361208,229855
kddcup99_v2,SLSTM,latency,43,probe,0.821278696618119,0.798607777244359,0.809784592917123,4166
kddcup99_v2,SLSTM,latency,43,r2l,0.9041916167664671,0.07390639339247476,0.13664385498557774,16345
kddcup99_v2,SLSTM,latency,43,u2r,0.4482758620689655,0.37142857142857144,0.40625,70
kddcup99_v2,SLSTM,latency,44,normal,0.7236843698903894,0.9861040054131666,0.8347560038558796,60593
kddcup99_v2,SLSTM,latency,44,dos,0.9968433554194275,0.971329751364991,0.983921185826317,229855
kddcup99_v2,SLSTM,latency,44,probe,0.872984441301273,0.7407585213634181,0.8014543565770679,4166
kddcup99_v2,SLSTM,latency,44,r2l,0.9013452914798207,0.0491893545426736,0.09328769507454894,16345
kddcup99_v2,SLSTM,latency,44,u2r,0.4153846153846154,0.38571428571428573,0.4,70
kddcup99_v2,SLSTM,latency,45,normal,0.7249047630601995,0.9861040054131666,0.8355673022465546,60593
kddcup99_v2,SLSTM,latency,45,dos,0.9964729781012122,0.9710252115464096,0.9835845231799754,229855
kddcup99_v2,SLSTM,latency,45,probe,0.8509398993910511,0.771483437349976,0.8092660203953166,4166
kddcup99_v2,SLSTM,latency,45,r2l,0.9167686658506732,0.04582441113490364,0.08728586411840111,16345
kddcup99_v2,SLSTM,latency,45,u2r,0.7083333333333334,0.24285714285714285,0.3617021276595745,70
kddcup99_v2,SLSTM,latency,46,normal,0.7284474869129114,0.9852128133612793,0.8375940060612863,60593
kddcup99_v2,SLSTM,latency,46,dos,0.9963307502767561,0.9710556655282678,0.9835308529365756,229855
kddcup99_v2,SLSTM,latency,46,probe,0.82795963573714,0.8074891982717235,0.8175963057479645,4166
kddcup99_v2,SLSTM,latency,46,r2l,0.8284823284823285,0.048761089018048334,0.09210146183625123,16345
kddcup99_v2,SLSTM,latency,46,u2r,0.7931034482758621,0.32857142857142857,0.46464646464646464,70
kddcup99_v2,SLSTM,rate,42,normal,0.7320112966601179,0.9838595217269321,0.8394528032217865,60593
kddcup99_v2,SLSTM,rate,42,dos,0.9988846455849811,0.9740662591633856,0.9863193531263285,229855
kddcup99_v2,SLSTM,rate,42,probe,0.7636320531057373,0.7731637061929909,0.768368320610687,4166
kddcup99_v2,SLSTM,rate,42,r2l,0.8853820598006644,0.06521872132150505,0.12148840389765798,16345
kddcup99_v2,SLSTM,rate,42,u2r,0.7391304347826086,0.24285714285714285,0.3655913978494624,70
kddcup99_v2,SLSTM,rate,43,normal,0.7299518624220673,0.9835129470400872,0.8379712305074736,60593
kddcup99_v2,SLSTM,rate,43,dos,0.9989327641408752,0.9732396510843793,0.9859188449486336,229855
kddcup99_v2,SLSTM,rate,43,probe,0.7608960311663014,0.7501200192030725,0.7554695999032999,4166
kddcup99_v2,SLSTM,rate,43,r2l,0.833592534992224,0.06558580605689814,0.12160399296693324,16345
kddcup99_v2,SLSTM,rate,43,u2r,0.5192307692307693,0.38571428571428573,0.4426229508196721,70
kddcup99_v2,SLSTM,rate,44,normal,0.7329075605434141,0.9829353225620121,0.8397047731165892,60593
kddcup99_v2,SLSTM,rate,44,dos,0.9992218873257073,0.9721085031867917,0.9854787385357011,229855
kddcup99_v2,SLSTM,rate,44,probe,0.7073120066472788,0.8173307729236677,0.7583518930957683,4166
kddcup99_v2,SLSTM,rate,44,r2l,0.8065522620904836,0.06326093606607525,0.11732002042321439,16345
kddcup99_v2,SLSTM,rate,44,u2r,0.37254901960784315,0.2714285714285714,0.3140495867768595,70
kddcup99_v2,SLSTM,rate,45,normal,0.732506240086562,0.9831828759097585,0.8395315736813179,60593
kddcup99_v2,SLSTM,rate,45,dos,0.9987996430165105,0.9737921733266625,0.9861373924728222,229855
kddcup99_v2,SLSTM,rate,45,probe,0.7494456762749445,0.8113298127700432,0.7791609036422315,4166
kddcup99_v2,SLSTM,rate,45,r2l,0.9398496240601504,0.06118078923218109,0.11488310643919812,16345
kddcup99_v2,SLSTM,rate,45,u2r,0.6153846153846154,0.22857142857142856,0.3333333333333333,70
kddcup99_v2,SLSTM,rate,46,normal,0.7261515349761334,0.9891901704817389,0.8375030565550006,60593
kddcup99_v2,SLSTM,rate,46,dos,0.9967494537833861,0.9725305083639686,0.9844910542251583,229855
kddcup99_v2,SLSTM,rate,46,probe,0.9005724615848147,0.7174747959673548,0.7986639946559786,4166
kddcup99_v2,SLSTM,rate,46,r2l,0.8579676674364896,0.045457326399510556,0.08634013131137064,16345
kddcup99_v2,SLSTM,rate,46,u2r,0.6875,0.3142857142857143,0.43137254901960786,70
kddcup99_v2,Synaptic,delta,42,normal,0.7328700316995854,0.9920287822025646,0.8429806539375794,60593
kddcup99_v2,Synaptic,delta,42,dos,0.9965911836018931,0.9692023232037589,0.9827059526724056,229855
kddcup99_v2,Synaptic,delta,42,probe,0.6929469422544214,0.7806048967834853,0.7341686420589232,4166
kddcup99_v2,Synaptic,delta,42,r2l,0.7076502732240437,0.03169164882226981,0.060666393394624346,16345
kddcup99_v2,Synaptic,delta,42,u2r,0.6521739130434783,0.42857142857142855,0.5172413793103449,70
kddcup99_v2,Synaptic,delta,43,normal,0.7287556352707354,0.992424867558959,0.8403943846997743,60593
kddcup99_v2,Synaptic,delta,43,dos,0.9963735713391404,0.9694155010767658,0.9827096899387199,229855
kddcup99_v2,Synaptic,delta,43,probe,0.7076086956521739,0.7813250120019203,0.7426420260095825,4166
kddcup99_v2,Synaptic,delta,43,r2l,0.8697478991596639,0.012664423371061486,0.024965325936199722,16345
kddcup99_v2,Synaptic,delta,43,u2r,0.6923076923076923,0.38571428571428573,0.4954128440366973,70
kddcup99_v2,Synaptic,delta,44,normal,0.7308930936843001,0.9925733995676068,0.8418673012318029,60593
kddcup99_v2,Synaptic,delta,44,dos,0.9958346741034717,0.9693937482325814,0.982436338063566,229855
kddcup99_v2,Synaptic,delta,44,probe,0.6967285587975243,0.756601056168987,0.7254315304948217,4166
kddcup99_v2,Synaptic,delta,44,r2l,0.8926940639269406,0.02392168858978281,0.04659476851575999,16345
kddcup99_v2,Synaptic,delta,44,u2r,0.7142857142857143,0.2857142857142857,0.40816326530612246,70
kddcup99_v2,Synaptic,delta,45,normal,0.7281167911486642,0.9926724209067054,0.8400580997472102,60593
kddcup99_v2,Synaptic,delta,45,dos,0.9957735667169495,0.9706945683148072,0.9830741472635106,229855
kddcup99_v2,Synaptic,delta,45,probe,0.7615499254843517,0.7359577532405185,0.74853515625,4166
kddcup99_v2,Synaptic,delta,45,r2l,0.6116504854368932,0.011563169164882228,0.02269724990993155,16345
kddcup99_v2,Synaptic,delta,45,u2r,0.6842105263157895,0.18571428571428572,0.29213483146067415,70
kddcup99_v2,Synaptic,delta,46,normal,0.7333845797186329,0.991962767976499,0.8432970887407927,60593
kddcup99_v2,Synaptic,delta,46,dos,0.9965067963162579,0.9692893345804964,0.9827096455477338,229855
kddcup99_v2,Synaptic,delta,46,probe,0.7162637362637363,0.7822851656265002,0.7478201009637448,4166
kddcup99_v2,Synaptic,delta,46,r2l,0.5482502651113468,0.03163046803303762,0.05981027302174919,16345
kddcup99_v2,Synaptic,delta,46,u2r,0.5,0.014285714285714285,0.027777777777777776,70
kddcup99_v2,Synaptic,latency,42,normal,0.7311537753787647,0.9836119683791857,0.8387986601739522,60593
kddcup99_v2,Synaptic,latency,42,dos,0.9984740794281813,0.9735920471601662,0.9858760920036477,229855
kddcup99_v2,Synaptic,latency,42,probe,0.7748579545454546,0.78564570331253,0.7802145411203814,4166
kddcup99_v2,Synaptic,latency,42,r2l,0.8371681415929203,0.057877026613643315,0.1082689556509299,16345
kddcup99_v2,Synaptic,latency,42,u2r,0.7272727272727273,0.34285714285714286,0.46601941747572817,70
kddcup99_v2,Synaptic,latency,43,normal,0.7276135350649033,0.9833644150314392,0.8363746104825805,60593
kddcup99_v2,Synaptic,latency,43,dos,0.9987526824034335,0.971921428726806,0.9851543982272591,229855
kddcup99_v2,Synaptic,latency,43,probe,0.7762128325508607,0.8334133461353816,0.8037967357333025,4166
kddcup99_v2,Synaptic,latency,43,r2l,0.9160467587672688,0.052737840318140106,0.09973388869605461,16345
kddcup99_v2,Synaptic,latency,43,u2r,0.6363636363636364,0.4,0.49122807017543857,70
kddcup99_v2,Synaptic,latency,44,normal,0.7276780806020108,0.9830673510141436,0.8363097745205402,60593
kddcup99_v2,Synaptic,latency,44,dos,0.9956596719353674,0.972060646929586,0.983718646948237,229855
kddcup99_v2,Synaptic,latency,44,probe,0.9182249511582473,0.7897263562169947,0.8491418247515808,4166
kddcup99_v2,Synaptic,latency,44,r2l,0.8120567375886525,0.056041602936677884,0.10484747896754994,16345
kddcup99_v2,Synaptic,latency,44,u2r,0.5192307692307693,0.38571428571428573,0.4426229508196721,70
kddcup99_v2,Synaptic,latency,45,normal,0.7274567178736894,0.98470120310927,0.8367540126075463,60593
kddcup99_v2,Synaptic,latency,45,dos,0.9988514171813688,0.9723390833351461,0.9854169560127776,229855
kddcup99_v2,Synaptic,latency,45,probe,0.7903498190591074,0.786365818530965,0.7883527854650463,4166
kddcup99_v2,Synaptic,latency,45,r2l,0.8311808118081181,0.05512389109819517,0.10339090022376499,16345
kddcup99_v2,Synaptic,latency,45,u2r,0.7307692307692307,0.2714285714285714,0.3958333333333333,70
kddcup99_v2,Synaptic,latency,46,normal,0.7230759900539754,0.9838430181704158,0.8335407374264182,60593
kddcup99_v2,Synaptic,latency,46,dos,0.9988282909595044,0.9716690957342673,0.9850615269263,229855
kddcup99_v2,Synaptic,latency,46,probe,0.7204152249134949,0.7496399423907826,0.7347370897541465,4166
kddcup99_v2,Synaptic,latency,46,r2l,0.8062913907284768,0.029795044356072192,0.05746651719865479,16345
kddcup99_v2,Synaptic,latency,46,u2r,0.65,0.37142857142857144,0.4727272727272727,70
kddcup99_v2,Synaptic,rate,42,normal,0.7230907413701024,0.9831828759097585,0.8333135171806044,60593
kddcup99_v2,Synaptic,rate,42,dos,0.998932644986111,0.9731308868634574,0.9858629755406337,229855
kddcup99_v2,Synaptic,rate,42,probe,0.759044069283052,0.8310129620739318,0.7933997937435545,4166
kddcup99_v2,Synaptic,rate,42,r2l,0.7962962962962963,0.00789232181095136,0.015629732840613073,16345
kddcup99_v2,Synaptic,rate,42,u2r,0.0,0.0,0.0,70
kddcup99_v2,Synaptic,rate,43,normal,0.7307330884416836,0.9881834535342366,0.8401784837301977,60593
kddcup99_v2,Synaptic,rate,43,dos,0.9981364493564508,0.9740271040438537,0.985934410491503,229855
kddcup99_v2,Synaptic,rate,43,probe,0.8197031039136302,0.728996639462314,0.7716935586329564,4166
kddcup99_v2,Synaptic,rate,43,r2l,0.9222222222222223,0.06093606607525237,0.11431850789096126,16345
kddcup99_v2,Synaptic,rate,43,u2r,0.0,0.0,0.0,70
kddcup99_v2,Synaptic,rate,44,normal,0.7209822508100788,0.984123578631195,0.8322482048276006,60593
kddcup99_v2,Synaptic,rate,44,dos,0.9960818051333256,0.9721737617193448,0.9839825800926038,229855
kddcup99_v2,Synaptic,rate,44,probe,0.9058823529411765,0.7208353336533846,0.8028338457425478,4166
kddcup99_v2,Synaptic,rate,44,r2l,0.9805389221556886,0.04007341694707862,0.07699994122141891,16345
kddcup99_v2,Synaptic,rate,44,u2r,0.0,0.0,0.0,70
kddcup99_v2,Synaptic,rate,45,normal,0.7209449684970649,0.9951974650537191,0.8361574086913115,60593
kddcup99_v2,Synaptic,rate,45,dos,0.9992381088966472,0.969998477300907,0.9844012150539534,229855
kddcup99_v2,Synaptic,rate,45,probe,0.9212548015364916,0.6908305328852616,0.7895747599451303,4166
kddcup99_v2,Synaptic,rate,45,r2l,0.6725507502206531,0.046619761394921994,0.0871953312736011,16345
kddcup99_v2,Synaptic,rate,45,u2r,0.0,0.0,0.0,70
kddcup99_v2,Synaptic,rate,46,normal,0.7245176086356159,0.9958246002013433,0.8387778364702939,60593
kddcup99_v2,Synaptic,rate,46,dos,0.9970705168445282,0.974331643862435,0.9855699411179665,229855
kddcup99_v2,Synaptic,rate,46,probe,0.9382151029748284,0.6889102256361018,0.7944636678200692,4166
kddcup99_v2,Synaptic,rate,46,r2l,0.47297297297297297,0.0021413276231263384,0.004263353431999513,16345
kddcup99_v2,Synaptic,rate,46,u2r,0.0,0.0,0.0,70
nslkdd_v2,Alpha,delta,42,normal,0.6559693699965193,0.9703429101019463,0.7827712244558896,9711
nslkdd_v2,Alpha,delta,42,dos,0.9009302325581395,0.7789544235924933,0.8355140186915888,7460
nslkdd_v2,Alpha,delta,42,probe,0.8387864366448543,0.5824039653035935,0.6874695270599708,2421
nslkdd_v2,Alpha,delta,42,r2l,0.9583333333333334,0.015944540727902946,0.03136720081827481,2885
nslkdd_v2,Alpha,delta,42,u2r,0.0,0.0,0.0,67
nslkdd_v2,Alpha,delta,43,normal,0.6577607254970352,0.9709607661414891,0.7842468601846461,9711
nslkdd_v2,Alpha,delta,43,dos,0.8977723527616722,0.788739946380697,0.8397316968745541,7460
nslkdd_v2,Alpha,delta,43,probe,0.8375076359193647,0.5662949194547707,0.6757023164120256,2421
nslkdd_v2,Alpha,delta,43,r2l,0.8333333333333334,0.005199306759098787,0.010334137099552188,2885
nslkdd_v2,Alpha,delta,43,u2r,0.0,0.0,0.0,67
nslkdd_v2,Alpha,delta,44,normal,0.6655138339920948,0.9709607661414891,0.7897315632982955,9711
nslkdd_v2,Alpha,delta,44,dos,0.896850753080785,0.7902144772117963,0.8401624741680325,7460
nslkdd_v2,Alpha,delta,44,probe,0.842501447596989,0.6009913258983891,0.7015429122468659,2421
nslkdd_v2,Alpha,delta,44,r2l,1.0,0.02634315424610052,0.05133400878081729,2885
nslkdd_v2,Alpha,delta,44,u2r,0.0,0.0,0.0,67
nslkdd_v2,Alpha,delta,45,normal,0.6566218943559051,0.9715786221810319,0.7836378737541528,9711
nslkdd_v2,Alpha,delta,45,dos,0.9115336266499057,0.7776139410187668,0.8392650462962963,7460
nslkdd_v2,Alpha,delta,45,probe,0.8469914040114613,0.610491532424618,0.7095535285645703,2421
nslkdd_v2,Alpha,delta,45,r2l,1.0,0.022876949740034663,0.044730599796679094,2885
nslkdd_v2,Alpha,delta,45,u2r,0.0,0.0,0.0,67
nslkdd_v2,Alpha,delta,46,normal,0.6563913436782409,0.9713726701678509,0.7834066937961963,9711
nslkdd_v2,Alpha,delta,46,dos,0.9056956115779645,0.7801608579088471,0.8382543569062365,7460
nslkdd_v2,Alpha,delta,46,probe,0.8371559633027523,0.6030565881866997,0.7010804321728692,2421
nslkdd_v2,Alpha,delta,46,r2l,1.0,0.0010398613518197574,0.002077562326869806,2885
nslkdd_v2,Alpha,delta,46,u2r,0.0,0.0,0.0,67
nslkdd_v2,Alpha,latency,42,normal,0.6272506082725061,0.9291525074657605,0.7489209827357237,9711
nslkdd_v2,Alpha,latency,42,dos,0.9483256841747407,0.7478552278820375,0.836243723300607,7460
nslkdd_v2,Alpha,latency,42,probe,0.7196801421590404,0.6691449814126395,0.6934931506849316,2421
nslkdd_v2,Alpha,latency,42,r2l,1.0,0.008665511265164644,0.01718213058419244,2885
nslkdd_v2,Alpha,latency,42,u2r,0.0,0.0,0.0,67
nslkdd_v2,Alpha,latency,43,normal,0.6316599077052161,0.9302852435382556,0.7524257693749219,9711
nslkdd_v2,Alpha,latency,43,dos,0.9519068511643605,0.7561662198391421,0.8428208576124309,7460
nslkdd_v2,Alpha,latency,43,probe,0.7315673289183223,0.6844279223461379,0.7072129748186087,2421
nslkdd_v2,Alpha,latency,43,r2l,0.9411764705882353,0.016637781629116118,0.0326975476839237,2885
nslkdd_v2,Alpha,latency,43,u2r,0.0,0.0,0.0,67
nslkdd_v2,Alpha,latency,44,normal,0.6431255218480378,0.9518072289156626,0.7675953992442802,9711
nslkdd_v2,Alpha,latency,44,dos,0.9490331039003606,0.7762734584450403,0.8540038342427371,7460
nslkdd_v2,Alpha,latency,44,probe,0.8025169409486931,0.6848409748038001,0.7390238466681525,2421
nslkdd_v2,Alpha,latency,44,r2l,1.0,0.0013864818024263432,0.0027691242644513675,2885
nslkdd_v2,Alpha,latency,44,u2r,0.0,0.0,0.0,67
nslkdd_v2,Alpha,latency,45,normal,0.6368695407156946,0.9310060755843889,0.7563475132806291,9711
nslkdd_v2,Alpha,latency,45,dos,0.9521460286137149,0.7761394101876675,0.8551805627353962,7460
nslkdd_v2,Alpha,latency,45,probe,0.7276746242263483,0.6798843453118546,0.7029681827888106,2421
nslkdd_v2,Alpha,latency,45,r2l,1.0,0.0017331022530329288,0.0034602076124567475,2885
nslkdd_v2,Alpha,latency,45,u2r,0.0,0.0,0.0,67
nslkdd_v2,Alpha,latency,46,normal,0.63276440962507,0.9315209556173412,0.753613529387262,9711
nslkdd_v2,Alpha,latency,46,dos,0.9349753694581281,0.7632707774798928,0.8404428044280443,7460
nslkdd_v2,Alpha,latency,46,probe,0.737260402057036,0.6513837257331682,0.6916666666666667,2421
nslkdd_v2,Alpha,latency,46,r2l,0.9473684210526315,0.006239168110918544,0.012396694214876033,2885
nslkdd_v2,Alpha,latency,46,u2r,0.0,0.0,0.0,67
nslkdd_v2,Alpha,rate,42,normal,0.6475042063937184,0.9510863968695294,0.7704692387904066,9711
nslkdd_v2,Alpha,rate,42,dos,0.9509262268443289,0.7844504021447721,0.8597032466578522,7460
nslkdd_v2,Alpha,rate,42,probe,0.7864424057084608,0.6373399421726559,0.704083960757472,2421
nslkdd_v2,Alpha,rate,42,r2l,0.4573170731707317,0.025996533795493933,0.04919645785503444,2885
nslkdd_v2,Alpha,rate,42,u2r,0.0,0.0,0.0,67
nslkdd_v2,Alpha,rate,43,normal,0.648306290919442,0.9381114200391308,0.7667382064554139,9711
nslkdd_v2,Alpha,rate,43,dos,0.9378901872898991,0.7853887399463807,0.8548916611950098,7460
nslkdd_v2,Alpha,rate,43,probe,0.7696007696007696,0.6608839322593969,0.7111111111111111,2421
nslkdd_v2,Alpha,rate,43,r2l,0.5843373493975904,0.03362218370883882,0.06358570960340872,2885
nslkdd_v2,Alpha,rate,43,u2r,0.0,0.0,0.0,67
nslkdd_v2,Alpha,rate,44,normal,0.6491490422274443,0.9387292760786736,0.7675338890292162,9711
nslkdd_v2,Alpha,rate,44,dos,0.9368924302788845,0.7880697050938338,0.8560611576265016,7460
nslkdd_v2,Alpha,rate,44,probe,0.7770669291338582,0.6522098306484924,0.7091848192229957,2421
nslkdd_v2,Alpha,rate,44,r2l,0.845360824742268,0.05684575389948007,0.10652809353686261,2885
nslkdd_v2,Alpha,rate,44,u2r,0.0,0.0,0.0,67
nslkdd_v2,Alpha,rate,45,normal,0.6481834215167549,0.946143548553187,0.7693209411370677,9711
nslkdd_v2,Alpha,rate,45,dos,0.9401083147499204,0.7911528150134048,0.859222594264085,7460
nslkdd_v2,Alpha,rate,45,probe,0.7766287487073423,0.6204047914085089,0.6897818599311136,2421
nslkdd_v2,Alpha,rate,45,r2l,0.7961783439490446,0.043327556325823226,0.08218277449046679,2885
nslkdd_v2,Alpha,rate,45,u2r,0.0,0.0,0.0,67
nslkdd_v2,Alpha,rate,46,normal,0.6478853148848156,0.9354340438677788,0.7655486263273218,9711
nslkdd_v2,Alpha,rate,46,dos,0.9432363287496003,0.7907506702412869,0.8602887560157503,7460
nslkdd_v2,Alpha,rate,46,probe,0.7543604651162791,0.6431226765799256,0.6943143812709031,2421
nslkdd_v2,Alpha,rate,46,r2l,0.5609756097560976,0.03986135181975736,0.0744336569579288,2885
nslkdd_v2,Alpha,rate,46,u2r,0.0,0.0,0.0,67
nslkdd_v2,Lapicque,delta,42,normal,0.6690090857467348,0.9705488621151271,0.792050086138073,9711
nslkdd_v2,Lapicque,delta,42,dos,0.9147310989867498,0.7865951742627346,0.8458378378378378,7460
nslkdd_v2,Lapicque,delta,42,probe,0.8375796178343949,0.6517967781908303,0.7331010452961673,2421
nslkdd_v2,Lapicque,delta,42,r2l,0.9426751592356688,0.051299826689774695,0.0973044049967127,2885
nslkdd_v2,Lapicque,delta,42,u2r,0.0,0.0,0.0,67
nslkdd_v2,Lapicque,delta,43,normal,0.669983652000853,0.9706518381217176,0.792767031118587,9711
nslkdd_v2,Lapicque,delta,43,dos,0.9068237454100367,0.7945040214477211,0.8469562732209203,7460
nslkdd_v2,Lapicque,delta,43,probe,0.8680065181966322,0.6600578273440727,0.7498826841858283,2421
nslkdd_v2,Lapicque,delta,43,r2l,0.9591836734693877,0.032582322357019064,0.06302380154207174,2885
nslkdd_v2,Lapicque,delta,43,u2r,0.0,0.0,0.0,67
nslkdd_v2,Lapicque,delta,44,normal,0.6676580978684229,0.9708577901348986,0.7912051023833501,9711
nslkdd_v2,Lapicque,delta,44,dos,0.915786202610317,0.7900804289544235,0.8483016695451928,7460
nslkdd_v2,Lapicque,delta,44,probe,0.8513227513227514,0.664601404378356,0.7464625376942705,2421
nslkdd_v2,Lapicque,delta,44,r2l,0.9278350515463918,0.03119584055459272,0.060362173038229376,2885
nslkdd_v2,Lapicque,delta,44,u2r,0.0,0.0,0.0,67
nslkdd_v2,Lapicque,delta,45,normal,0.6638034218122931,0.9708577901348986,0.7884920966797692,9711
nslkdd_v2,Lapicque,delta,45,dos,0.9124594719777674,0.792225201072386,0.8481021740690249,7460
nslkdd_v2,Lapicque,delta,45,probe,0.8612334801762115,0.6460140437835605,0.7382582015577059,2421
nslkdd_v2,Lapicque,delta,45,r2l,0.875,0.014558058925476604,0.028639618138424822,2885
nslkdd_v2,Lapicque,delta,45,u2r,0.0,0.0,0.0,67
nslkdd_v2,Lapicque,delta,46,normal,0.6649033714205107,0.9707548141283081,0.7892335384486584,9711
nslkdd_v2,Lapicque,delta,46,dos,0.9082229750538959,0.7906166219839142,0.8453490038698581,7460
nslkdd_v2,Lapicque,delta,46,probe,0.8554817275747508,0.6381660470879802,0.7310149041873669,2421
nslkdd_v2,Lapicque,delta,46,r2l,0.8181818181818182,0.01871750433275563,0.03659776347001017,2885
nslkdd_v2,Lapicque,delta,46,u2r,0.0,0.0,0.0,67
nslkdd_v2,Lapicque,latency,42,normal,0.6437673130193906,0.9572649572649573,0.7698231957268851,9711
nslkdd_v2,Lapicque,latency,42,dos,0.938449240607514,0.7868632707774799,0.8559970834852352,7460
nslkdd_v2,Lapicque,latency,42,probe,0.8859988931931378,0.6612969847170591,0.7573320719016083,2421
nslkdd_v2,Lapicque,latency,42,r2l,0.9523809523809523,0.01386481802426343,0.027331738981892725,2885
nslkdd_v2,Lapicque,latency,42,u2r,0.0,0.0,0.0,67
nslkdd_v2,Lapicque,latency,43,normal,0.6451010240797121,0.9600453094428998,0.7716757025203824,9711
nslkdd_v2,Lapicque,latency,43,dos,0.9468289557975657,0.7924932975871314,0.8628137769994162,7460
nslkdd_v2,Lapicque,latency,43,probe,0.8729096989966555,0.6468401486988847,0.7430604982206406,2421
nslkdd_v2,Lapicque,latency,43,r2l,1.0,0.01871750433275563,0.03674719292276284,2885
nslkdd_v2,Lapicque,latency,43,u2r,0.0,0.0,0.0,67
nslkdd_v2,Lapicque,latency,44,normal,0.6428122600013964,0.9481000926784059,0.7661646001497878,9711
nslkdd_v2,Lapicque,latency,44,dos,0.9246050367589551,0.7923592493297588,0.853389157583195,7460
nslkdd_v2,Lapicque,latency,44,probe,0.8812709030100334,0.6530359355638166,0.7501779359430605,2421
nslkdd_v2,Lapicque,latency,44,r2l,0.9411764705882353,0.011091854419410746,0.021925316889345667,2885
nslkdd_v2,Lapicque,latency,44,u2r,0.0,0.0,0.0,67
nslkdd_v2,Lapicque,latency,45,normal,0.6443980514961726,0.9535578210277006,0.7690710518666168,9711
nslkdd_v2,Lapicque,latency,45,dos,0.9486071085494716,0.7942359249329759,0.8645848533488983,7460
nslkdd_v2,Lapicque,latency,45,probe,0.8449653702717101,0.6551011978521272,0.7380176826430898,2421
nslkdd_v2,Lapicque,latency,45,r2l,0.9607843137254902,0.016984402079722703,0.03337874659400545,2885
nslkdd_v2,Lapicque,latency,45,u2r,0.0,0.0,0.0,67
nslkdd_v2,Lapicque,latency,46,normal,0.6460805912870443,0.9361548759139121,0.7645277941300143,9711
nslkdd_v2,Lapicque,latency,46,dos,0.9088834803772436,0.8009383378016086,0.8515034915205928,7460
nslkdd_v2,Lapicque,latency,46,probe,0.8877551020408163,0.6827757125154895,0.7718888629465328,2421
nslkdd_v2,Lapicque,latency,46,r2l,0.918918918918919,0.011785095320623917,0.02327173169062286,2885
nslkdd_v2,Lapicque,latency,46,u2r,0.0,0.0,0.0,67
nslkdd_v2,Lapicque,rate,42,normal,0.6437522123893805,0.936360827927093,0.7629635844940427,9711
nslkdd_v2,Lapicque,rate,42,dos,0.9569857166310951,0.7813672922252011,0.860305512508302,7460
nslkdd_v2,Lapicque,rate,42,probe,0.7140733399405352,0.5952085914911194,0.6492453255237666,2421
nslkdd_v2,Lapicque,rate,42,r2l,0.7161716171617162,0.07521663778162911,0.13613550815558345,2885
nslkdd_v2,Lapicque,rate,42,u2r,0.8571428571428571,0.08955223880597014,0.16216216216216217,67
nslkdd_v2,Lapicque,rate,43,normal,0.6516464471403813,0.929255483472351,0.7660766586018082,9711
nslkdd_v2,Lapicque,rate,43,dos,0.9518208185626813,0.7918230563002681,0.8644811942045953,7460
nslkdd_v2,Lapicque,rate,43,probe,0.7122980251346499,0.6555142503097894,0.6827274682727468,2421
nslkdd_v2,Lapicque,rate,43,r2l,0.9137254901960784,0.0807625649913345,0.1484076433121019,2885
nslkdd_v2,Lapicque,rate,43,u2r,0.7142857142857143,0.07462686567164178,0.13513513513513514,67
nslkdd_v2,Lapicque,rate,44,normal,0.6557079613905218,0.9303882195448461,0.7692635163899532,9711
nslkdd_v2,Lapicque,rate,44,dos,0.9542949756888168,0.7892761394101877,0.8639765223771093,7460
nslkdd_v2,Lapicque,rate,44,probe,0.7073608617594255,0.650970673275506,0.6779952677995268,2421
nslkdd_v2,Lapicque,rate,44,r2l,0.672316384180791,0.08249566724436742,0.14695893794380982,2885
nslkdd_v2,Lapicque,rate,44,u2r,0.8461538461538461,0.16417910447761194,0.275,67
nslkdd_v2,Lapicque,rate,45,normal,0.6475221999427099,0.9311090515909793,0.7638437170010559,9711
nslkdd_v2,Lapicque,rate,45,dos,0.9476389335046579,0.7908847184986595,0.8621949437381266,7460
nslkdd_v2,Lapicque,rate,45,probe,0.7292161520190024,0.634035522511359,0.6783031374281927,2421
nslkdd_v2,Lapicque,rate,45,r2l,0.8791666666666667,0.0731369150779896,0.13504,2885
nslkdd_v2,Lapicque,rate,45,u2r,0.8888888888888888,0.11940298507462686,0.21052631578947367,67
nslkdd_v2,Lapicque,rate,46,normal,0.6508474576271186,0.929255483472351,0.7655242619613166,9711
nslkdd_v2,Lapicque,rate,46,dos,0.9542145283934639,0.7906166219839142,0.8647459863646361,7460
nslkdd_v2,Lapicque,rate,46,probe,0.7082957619477006,0.6489054109871953,0.6773011424876051,2421
nslkdd_v2,Lapicque,rate,46,r2l,0.6531365313653137,0.061351819757365686,0.11216730038022814,2885
nslkdd_v2,Lapicque,rate,46,u2r,0.7777777777777778,0.1044776119402985,0.18421052631578946,67
nslkdd_v2,Leaky,delta,42,normal,0.6635014419357108,0.9713726701678509,0.7884486793714477,9711
nslkdd_v2,Leaky,delta,42,dos,0.8985856637737062,0.7494638069705094,0.8172781757053063,7460
nslkdd_v2,Leaky,delta,42,probe,0.7896928682977615,0.6266005782734407,0.6987563334868724,2421
nslkdd_v2,Leaky,delta,42,r2l,0.7380952380952381,0.04298093587521664,0.08123157549950868,2885
nslkdd_v2,Leaky,delta,42,u2r,0.9375,0.22388059701492538,0.3614457831325301,67
nslkdd_v2,Leaky,delta,43,normal,0.677004810108407,0.9710637421480794,0.7978003384094755,9711
nslkdd_v2,Leaky,delta,43,dos,0.914456129336054,0.7809651474530831,0.8424553539151182,7460
nslkdd_v2,Leaky,delta,43,probe,0.8051823416506718,0.6931020239570426,0.7449500554938957,2421
nslkdd_v2,Leaky,delta,43,r2l,0.9459459459459459,0.04852686308492201,0.0923178371249588,2885
nslkdd_v2,Leaky,delta,43,u2r,0.9166666666666666,0.16417910447761194,0.27848101265822783,67
nslkdd_v2,Leaky,delta,44,normal,0.6711714915712355,0.9716815981876222,0.7939419436264199,9711
nslkdd_v2,Leaky,delta,44,dos,0.911037631868997,0.7756032171581769,0.8378828470060097,7460
nslkdd_v2,Leaky,delta,44,probe,0.7867494824016563,0.6278397356464271,0.6983689409602573,2421
nslkdd_v2,Leaky,delta,44,r2l,0.8852459016393442,0.056152512998266894,0.10560625814863103,2885
nslkdd_v2,Leaky,delta,44,u2r,0.8421052631578947,0.23880597014925373,0.37209302325581395,67
nslkdd_v2,Leaky,delta,45,normal,0.6664311952528963,0.9714756461744414,0.7905476180500273,9711
nslkdd_v2,Leaky,delta,45,dos,0.9154463863958432,0.7793565683646113,0.8419375859821882,7460
nslkdd_v2,Leaky,delta,45,probe,0.803046218487395,0.6315572077653862,0.7070520231213873,2421
nslkdd_v2,Leaky,delta,45,r2l,0.9444444444444444,0.04124783362218371,0.07904350714048489,2885
nslkdd_v2,Leaky,delta,45,u2r,0.8571428571428571,0.08955223880597014,0.16216216216216217,67
nslkdd_v2,Leaky,delta,46,normal,0.6758151200286635,0.9711667181546699,0.7970083664328572,9711
nslkdd_v2,Leaky,delta,46,dos,0.9113764927718416,0.7774798927613941,0.8391203703703703,7460
nslkdd_v2,Leaky,delta,46,probe,0.7948463825569871,0.6625361420900454,0.7226852894796125,2421
nslkdd_v2,Leaky,delta,46,r2l,0.9545454545454546,0.058232235701906415,0.10976804965697484,2885
nslkdd_v2,Leaky,delta,46,u2r,0.8387096774193549,0.3880597014925373,0.5306122448979592,67
nslkdd_v2,Leaky,latency,42,normal,0.6592159074883656,0.9627226856142519,0.7825723015109027,9711
nslkdd_v2,Leaky,latency,42,dos,0.9627667861037544,0.8284182305630027,0.8905540745010447,7460
nslkdd_v2,Leaky,latency,42,probe,0.8271537622682661,0.6266005782734407,0.7130434782608696,2421
nslkdd_v2,Leaky,latency,42,r2l,0.6813186813186813,0.02149046793760832,0.041666666666666664,2885
nslkdd_v2,Leaky,latency,42,u2r,0.7222222222222222,0.19402985074626866,0.3058823529411765,67
nslkdd_v2,Leaky,latency,43,normal,0.6643007170275947,0.9444959324477397,0.7799982991750999,9711
nslkdd_v2,Leaky,latency,43,dos,0.963275039745628,0.8121983914209115,0.8813090909090909,7460
nslkdd_v2,Leaky,latency,43,probe,0.7571900047147572,0.6633622470053697,0.7071774548656979,2421
nslkdd_v2,Leaky,latency,43,r2l,0.804416403785489,0.08838821490467938,0.15927545284197375,2885
nslkdd_v2,Leaky,latency,43,u2r,0.8888888888888888,0.11940298507462686,0.21052631578947367,67
nslkdd_v2,Leaky,latency,44,normal,0.6473268313518901,0.936360827927093,0.765468473777254,9711
nslkdd_v2,Leaky,latency,44,dos,0.9048062015503876,0.7823056300268096,0.8391085549964055,7460
nslkdd_v2,Leaky,latency,44,probe,0.8839336763865066,0.6385790995456423,0.7414868105515587,2421
nslkdd_v2,Leaky,latency,44,r2l,0.5857142857142857,0.05684575389948007,0.10363349131121644,2885
nslkdd_v2,Leaky,latency,44,u2r,0.8333333333333334,0.22388059701492538,0.35294117647058826,67
nslkdd_v2,Leaky,latency,45,normal,0.6747329409199913,0.9561322211924621,0.7911554192229039,9711
nslkdd_v2,Leaky,latency,45,dos,0.9617209743751978,0.8150134048257373,0.882310259759106,7460
nslkdd_v2,Leaky,latency,45,probe,0.8056410256410257,0.6489054109871953,0.7188286433310456,2421
nslkdd_v2,Leaky,latency,45,r2l,0.8293650793650794,0.14488734835355285,0.24668043670699322,2885
nslkdd_v2,Leaky,latency,45,u2r,0.8571428571428571,0.08955223880597014,0.16216216216216217,67
nslkdd_v2,Leaky,latency,46,normal,0.6731146825685405,0.9531459170013387,0.7890205438581536,9711
nslkdd_v2,Leaky,latency,46,dos,0.9630222506803265,0.8064343163538874,0.8777996644050485,7460
nslkdd_v2,Leaky,latency,46,probe,0.7932024892292963,0.6844279223461379,0.7348115299334812,2421
nslkdd_v2,Leaky,latency,46,r2l,0.9101382488479263,0.1369150779896014,0.2380235010545345,2885
nslkdd_v2,Leaky,latency,46,u2r,0.7391304347826086,0.2537313432835821,0.37777777777777777,67
nslkdd_v2,Leaky,rate,42,normal,0.6788226848528356,0.9737411183194316,0.7999661604839051,9711
nslkdd_v2,Leaky,rate,42,dos,0.9637748756218906,0.8309651474530831,0.8924560898358768,7460
nslkdd_v2,Leaky,rate,42,probe,0.8672102504368084,0.6150351094589013,0.7196713388110199,2421
nslkdd_v2,Leaky,rate,42,r2l,0.7815315315315315,0.12027729636048527,0.2084710123160108,2885
nslkdd_v2,Leaky,rate,42,u2r,0.8095238095238095,0.2537313432835821,0.38636363636363635,67
nslkdd_v2,Leaky,rate,43,normal,0.6702119856231203,0.9408917722170734,0.7828135709389993,9711
nslkdd_v2,Leaky,rate,43,dos,0.9359360868254447,0.8323056300268097,0.881084149283383,7460
nslkdd_v2,Leaky,rate,43,probe,0.790224032586558,0.641057414291615,0.7078677309007981,2421
nslkdd_v2,Leaky,rate,43,r2l,0.9509803921568627,0.10086655112651646,0.1823879661548104,2885
nslkdd_v2,Leaky,rate,43,u2r,0.7142857142857143,0.07462686567164178,0.13513513513513514,67
nslkdd_v2,Leaky,rate,44,normal,0.6866124990508011,0.9311090515909793,0.7903846153846154,9711
nslkdd_v2,Leaky,rate,44,dos,0.8993366022497836,0.8359249329758713,0.8664721411699319,7460
nslkdd_v2,Leaky,rate,44,probe,0.8524390243902439,0.5774473358116481,0.688500369367151,2421
nslkdd_v2,Leaky,rate,44,r2l,0.6721938775510204,0.1826689774696707,0.28727173616789314,2885
nslkdd_v2,Leaky,rate,44,u2r,0.8235294117647058,0.208955223880597,0.3333333333333333,67
nslkdd_v2,Leaky,rate,45,normal,0.6909509202453987,0.9278138193800844,0.7920530965671838,9711
nslkdd_v2,Leaky,rate,45,dos,0.9505662687480869,0.8325737265415549,0.8876661426325568,7460
nslkdd_v2,Leaky,rate,45,probe,0.6828803051979018,0.5914911193721603,0.6339088092076139,2421
nslkdd_v2,Leaky,rate,45,r2l,0.5409457900807382,0.16256499133448873,0.25,2885
nslkdd_v2,Leaky,rate,45,u2r,0.6666666666666666,0.05970149253731343,0.1095890410958904,67
nslkdd_v2,Leaky,rate,46,normal,0.6718726758887401,0.9302852435382556,0.7802392365159563,9711
nslkdd_v2,Leaky,rate,46,dos,0.9552680798004988,0.8215817694369973,0.8833957912943211,7460
nslkdd_v2,Leaky,rate,46,probe,0.7063095778483885,0.6427096241222635,0.6730103806228374,2421
nslkdd_v2,Leaky,rate,46,r2l,0.4420131291028446,0.07001733102253033,0.12088569718731298,2885
nslkdd_v2,Leaky,rate,46,u2r,0.8181818181818182,0.26865671641791045,0.4044943820224719,67
nslkdd_v2,LeakyParallel,delta,42,normal,0.6562565208318842,0.9715786221810319,0.7833776154101627,9711
nslkdd_v2,LeakyParallel,delta,42,dos,0.9195402298850575,0.739946380697051,0.8200252544009508,7460
nslkdd_v2,LeakyParallel,delta,42,probe,0.7798774259448417,0.630731102850062,0.697419502169445,2421
nslkdd_v2,LeakyParallel,delta,42,r2l,0.845360824742268,0.05684575389948007,0.10652809353686261,2885
nslkdd_v2,LeakyParallel,delta,42,u2r,0.75,0.13432835820895522,0.22784810126582278,67
nslkdd_v2,LeakyParallel,delta,43,normal,0.6888418285380459,0.9713726701678509,0.8060670796838283,9711
nslkdd_v2,LeakyParallel,delta,43,dos,0.9205781552674713,0.8281501340482573,0.8719215298849764,7460
nslkdd_v2,LeakyParallel,delta,43,probe,0.7702970297029703,0.6427096241222635,0.7007430758838099,2421
nslkdd_v2,LeakyParallel,delta,43,r2l,0.9137931034482759,0.03674176776429809,0.07064311896034656,2885
nslkdd_v2,LeakyParallel,delta,43,u2r,0.6666666666666666,0.029850746268656716,0.05714285714285714,67
nslkdd_v2,LeakyParallel,delta,44,normal,0.6778065258013511,0.9711667181546699,0.7983915343915344,9711
nslkdd_v2,LeakyParallel,delta,44,dos,0.9168198529411765,0.8022788203753352,0.85573348584501,7460
nslkdd_v2,LeakyParallel,delta,44,probe,0.812565445026178,0.641057414291615,0.7166936042484414,2421
nslkdd_v2,LeakyParallel,delta,44,r2l,0.9382022471910112,0.05788561525129983,0.10904342148220698,2885
nslkdd_v2,LeakyParallel,delta,44,u2r,0.6428571428571429,0.13432835820895522,0.2222222222222222,67
nslkdd_v2,LeakyParallel,delta,45,normal,0.685407132999201,0.9716815981876222,0.8038163387000596,9711
nslkdd_v2,LeakyParallel,delta,45,dos,0.8939571721912585,0.8170241286863271,0.8537610309567166,7460
nslkdd_v2,LeakyParallel,delta,45,probe,0.7939226519337017,0.5935563816604709,0.6792720397069251,2421
nslkdd_v2,LeakyParallel,delta,45,r2l,0.8482758620689655,0.042634315424610054,0.08118811881188119,2885
nslkdd_v2,LeakyParallel,delta,45,u2r,1.0,0.05970149253731343,0.11267605633802817,67
nslkdd_v2,LeakyParallel,delta,46,normal,0.6761583703916224,0.9707548141283081,0.7971081892360378,9711
nslkdd_v2,LeakyParallel,delta,46,dos,0.917280540208717,0.8012064343163539,0.8553234115626789,7460
nslkdd_v2,LeakyParallel,delta,46,probe,0.7306485355648535,0.577034283353986,0.644818832217863,2421
nslkdd_v2,LeakyParallel,delta,46,r2l,0.9375,0.05199306759098787,0.09852216748768473,2885
nslkdd_v2,LeakyParallel,delta,46,u2r,0.6428571428571429,0.13432835820895522,0.2222222222222222,67
nslkdd_v2,LeakyParallel,latency,42,normal,0.6511443217096239,0.9287406034393986,0.7655547067311773,9711
nslkdd_v2,LeakyParallel,latency,42,dos,0.959504132231405,0.7781501340482574,0.8593634344929681,7460
nslkdd_v2,LeakyParallel,latency,42,probe,0.6927816901408451,0.6501445683601818,0.6707862774344768,2421
nslkdd_v2,LeakyParallel,latency,42,r2l,0.8847262247838616,0.10641247833622183,0.18997524752475248,2885
nslkdd_v2,LeakyParallel,latency,42,u2r,0.625,0.22388059701492538,0.32967032967032966,67
nslkdd_v2,LeakyParallel,latency,43,normal,0.6977932636469222,0.9280197713932654,0.7966056748872978,9711
nslkdd_v2,LeakyParallel,latency,43,dos,0.9561284486657621,0.8501340482573726,0.9000212871638402,7460
nslkdd_v2,LeakyParallel,latency,43,probe,0.6890101325019485,0.7302767451466337,0.7090435131341488,2421
nslkdd_v2,LeakyParallel,latency,43,r2l,0.9571428571428572,0.13934142114384748,0.24326777609682299,2885
nslkdd_v2,LeakyParallel,latency,43,u2r,0.8,0.11940298507462686,0.2077922077922078,67
nslkdd_v2,LeakyParallel,latency,44,normal,0.704744635841644,0.9605601894758521,0.8130038785026366,9711
nslkdd_v2,LeakyParallel,latency,44,dos,0.9375276263444821,0.8529490616621984,0.8932406822488945,7460
nslkdd_v2,LeakyParallel,latency,44,probe,0.8125329120589784,0.6373399421726559,0.7143518518518519,2421
nslkdd_v2,LeakyParallel,latency,44,r2l,0.9700996677740864,0.2024263431542461,0.3349584169773444,2885
nslkdd_v2,LeakyParallel,latency,44,u2r,0.65,0.19402985074626866,0.2988505747126437,67
nslkdd_v2,LeakyParallel,latency,45,normal,0.6757623201371803,0.9333745237359695,0.7839474139422246,9711
nslkdd_v2,LeakyParallel,latency,45,dos,0.9638746803069054,0.8083109919571045,0.8792650918635171,7460
nslkdd_v2,LeakyParallel,latency,45,probe,0.6985398021667452,0.6125567947129286,0.6527288732394366,2421
nslkdd_v2,LeakyParallel,latency,45,r2l,0.8481182795698925,0.21871750433275564,0.34775420225957565,2885
nslkdd_v2,LeakyParallel,latency,45,u2r,0.625,0.07462686567164178,0.13333333333333333,67
nslkdd_v2,LeakyParallel,latency,46,normal,0.6808639636225843,0.9251364432087323,0.7844232952064961,9711
nslkdd_v2,LeakyParallel,latency,46,dos,0.9587432561091717,0.8099195710455764,0.8780700479581456,7460
nslkdd_v2,LeakyParallel,latency,46,probe,0.6814054480852744,0.7129285419248245,0.6968106580540977,2421
nslkdd_v2,LeakyParallel,latency,46,r2l,0.9221052631578948,0.15181975736568457,0.26071428571428573,2885
nslkdd_v2,LeakyParallel,latency,46,u2r,0.6410256410256411,0.373134328358209,0.4716981132075472,67
nslkdd_v2,LeakyParallel,rate,42,normal,0.6796773728935619,0.9718875502008032,0.7999321947705217,9711
nslkdd_v2,LeakyParallel,rate,42,dos,0.9602899464229436,0.8168900804289544,0.882804577719832,7460
nslkdd_v2,LeakyParallel,rate,42,probe,0.8664343786295006,0.6162742668318877,0.7202510258266956,2421
nslkdd_v2,LeakyParallel,rate,42,r2l,0.558974358974359,0.11334488734835356,0.18847262247838617,2885
nslkdd_v2,LeakyParallel,rate,42,u2r,0.8,0.05970149253731343,0.1111111111111111,67
nslkdd_v2,LeakyParallel,rate,43,normal,0.6882479288125192,0.9239007311296468,0.7888512770914846,9711
nslkdd_v2,LeakyParallel,rate,43,dos,0.9606875934230195,0.8615281501340483,0.9084098939929328,7460
nslkdd_v2,LeakyParallel,rate,43,probe,0.7032388663967611,0.7174721189591078,0.7102841954610509,2421
nslkdd_v2,LeakyParallel,rate,43,r2l,0.906158357771261,0.107105719237435,0.19156850588964663,2885
nslkdd_v2,LeakyParallel,rate,43,u2r,0.8571428571428571,0.08955223880597014,0.16216216216216217,67
nslkdd_v2,LeakyParallel,rate,44,normal,0.6677536231884058,0.9489239007311296,0.7838883926672622,9711
nslkdd_v2,LeakyParallel,rate,44,dos,0.9449353108236037,0.8028150134048258,0.8680968256269025,7460
nslkdd_v2,LeakyParallel,rate,44,probe,0.7505040322580645,0.6150351094589013,0.676049943246311,2421
nslkdd_v2,LeakyParallel,rate,44,r2l,0.6666666666666666,0.09289428076256499,0.16306662610282932,2885
nslkdd_v2,LeakyParallel,rate,44,u2r,0.85,0.2537313432835821,0.39080459770114945,67
nslkdd_v2,LeakyParallel,rate,45,normal,0.6639501098433845,0.9647822057460612,0.7865838300730418,9711
nslkdd_v2,LeakyParallel,rate,45,dos,0.9489178866963718,0.7993297587131367,0.8677240977881258,7460
nslkdd_v2,LeakyParallel,rate,45,probe,0.8348891481913653,0.5910780669144982,0.6921402660217654,2421
nslkdd_v2,LeakyParallel,rate,45,r2l,0.5977011494252874,0.09012131715771231,0.1566265060240964,2885
nslkdd_v2,LeakyParallel,rate,45,u2r,0.0,0.0,0.0,67
nslkdd_v2,LeakyParallel,rate,46,normal,0.6721935917544253,0.9267840593141798,0.7792207792207793,9711
nslkdd_v2,LeakyParallel,rate,46,dos,0.9427246896964259,0.8450402144772118,0.8912136848801866,7460
nslkdd_v2,LeakyParallel,rate,46,probe,0.7028814359943316,0.6146220570012392,0.6557955046275893,2421
nslkdd_v2,LeakyParallel,rate,46,r2l,0.5636363636363636,0.06447140381282496,0.11570762052877138,2885
nslkdd_v2,LeakyParallel,rate,46,u2r,0.8095238095238095,0.2537313432835821,0.38636363636363635,67
nslkdd_v2,RLeaky,delta,42,normal,0.6833744378354852,0.9701369580887653,0.8018896029280334,9711
nslkdd_v2,RLeaky,delta,42,dos,0.8870819269714636,0.7750670241286863,0.8273000429245958,7460
nslkdd_v2,RLeaky,delta,42,probe,0.7774755168661589,0.5902519619991738,0.6710495421460436,2421
nslkdd_v2,RLeaky,delta,42,r2l,0.927860696517413,0.1292894280762565,0.22695466991177365,2885
nslkdd_v2,RLeaky,delta,42,u2r,0.0,0.0,0.0,67
nslkdd_v2,RLeaky,delta,43,normal,0.6559132308975875,0.9714756461744414,0.7830995268531584,9711
nslkdd_v2,RLeaky,delta,43,dos,0.895429899302866,0.774798927613941,0.8307581746316924,7460
nslkdd_v2,RLeaky,delta,43,probe,0.7725930301240401,0.540272614622057,0.6358774914924648,2421
nslkdd_v2,RLeaky,delta,43,r2l,0.07692307692307693,0.0003466204506065858,0.0006901311249137336,2885
nslkdd_v2,RLeaky,delta,43,u2r,0.0,0.0,0.0,67
nslkdd_v2,RLeaky,delta,44,normal,0.6580343431523105,0.9707548141283081,0.7843740899446686,9711
nslkdd_v2,RLeaky,delta,44,dos,0.9138332557056358,0.7890080428954424,0.8468455506798072,7460
nslkdd_v2,RLeaky,delta,44,probe,0.8303927148548662,0.6026435357290376,0.6984202967927238,2421
nslkdd_v2,RLeaky,delta,44,r2l,0.95,0.00658578856152513,0.013080895008605853,2885
nslkdd_v2,RLeaky,delta,44,u2r,0.0,0.0,0.0,67
nslkdd_v2,RLeaky,delta,45,normal,0.6479763622620766,0.9710637421480794,0.7772832179360369,9711
nslkdd_v2,RLeaky,delta,45,dos,0.9286893364146583,0.7541554959785522,0.8323716526113331,7460
nslkdd_v2,RLeaky,delta,45,probe,0.7331910352187834,0.5675340768277571,0.6398137369033761,2421
nslkdd_v2,RLeaky,delta,45,r2l,0.896551724137931,0.01802426343154246,0.03533809038396194,2885
nslkdd_v2,RLeaky,delta,45,u2r,1.0,0.014925373134328358,0.029411764705882353,67
nslkdd_v2,RLeaky,delta,46,normal,0.68394612304332,0.9673566059108227,0.8013307173931588,9711
nslkdd_v2,RLeaky,delta,46,dos,0.8968343242808935,0.7481233243967829,0.8157567784842505,7460
nslkdd_v2,RLeaky,delta,46,probe,0.7414874551971327,0.6836018174308137,0.7113690092413497,2421
nslkdd_v2,RLeaky,delta,46,r2l,0.4180790960451977,0.051299826689774695,0.09138623031799938,2885
nslkdd_v2,RLeaky,delta,46,u2r,0.0,0.0,0.0,67
nslkdd_v2,RLeaky,latency,42,normal,0.6645132873293202,0.932138811656884,0.7758967985256933,9711
nslkdd_v2,RLeaky,latency,42,dos,0.8924477940021982,0.7619302949061663,0.8220406392363873,7460
nslkdd_v2,RLeaky,latency,42,probe,0.8259655653792461,0.7331681123502685,0.7768052516411379,2421
nslkdd_v2,RLeaky,latency,42,r2l,0.9503722084367245,0.13275563258232237,0.2329683698296837,2885
nslkdd_v2,RLeaky,latency,42,u2r,1.0,0.014925373134328358,0.029411764705882353,67
nslkdd_v2,RLeaky,latency,43,normal,0.63754528020456,0.9243126351560087,0.7546027742749054,9711
nslkdd_v2,RLeaky,latency,43,dos,0.8907112442832361,0.7571045576407507,0.8184914136656763,7460
nslkdd_v2,RLeaky,latency,43,probe,0.7904896421845574,0.6935150764147047,0.7388338833883389,2421
nslkdd_v2,RLeaky,latency,43,r2l,0.0,0.0,0.0,2885
nslkdd_v2,RLeaky,latency,43,u2r,0.0,0.0,0.0,67
nslkdd_v2,RLeaky,latency,44,normal,0.6305766413636968,0.9751827824116981,0.765902381818917,9711
nslkdd_v2,RLeaky,latency,44,dos,0.9561483646994335,0.7014745308310992,0.8092476610221913,7460
nslkdd_v2,RLeaky,latency,44,probe,0.8738431563565514,0.7410161090458488,0.8019669199821189,2421
nslkdd_v2,RLeaky,latency,44,r2l,0.0,0.0,0.0,2885
nslkdd_v2,RLeaky,latency,44,u2r,0.0,0.0,0.0,67
nslkdd_v2,RLeaky,latency,45,normal,0.6395956306397992,0.9707548141283081,0.7711247443762781,9711
nslkdd_v2,RLeaky,latency,45,dos,0.955480733258511,0.6847184986595174,0.7977510541933469,7460
nslkdd_v2,RLeaky,latency,45,probe,0.7160664819944599,0.6406443618339529,0.6762589928057554,2421
nslkdd_v2,RLeaky,latency,45,r2l,0.9726962457337884,0.09878682842287695,0.17935808684707363,2885
nslkdd_v2,RLeaky,latency,45,u2r,0.0,0.0,0.0,67
nslkdd_v2,RLeaky,latency,46,normal,0.6229317653493778,0.9382143960457213,0.7487364917615154,9711
nslkdd_v2,RLeaky,latency,46,dos,0.8987450575898229,0.7008042895442359,0.7875273028545605,7460
nslkdd_v2,RLeaky,latency,46,probe,0.8457142857142858,0.7335811648079306,0.7856668878566688,2421
nslkdd_v2,RLeaky,latency,46,r2l,1.0,0.0003466204506065858,0.000693000693000693,2885
nslkdd_v2,RLeaky,latency,46,u2r,0.0,0.0,0.0,67
nslkdd_v2,RLeaky,rate,42,normal,0.6458661699383866,0.9283286994130368,0.7617558832227809,9711
nslkdd_v2,RLeaky,rate,42,dos,0.9664005322687957,0.7788203753351206,0.8625296912114014,7460
nslkdd_v2,RLeaky,rate,42,probe,0.7031050616758826,0.6827757125154895,0.69279128248114,2421
nslkdd_v2,RLeaky,rate,42,r2l,0.8779342723004695,0.06481802426343154,0.12072304712717882,2885
nslkdd_v2,RLeaky,rate,42,u2r,0.8,0.11940298507462686,0.2077922077922078,67
nslkdd_v2,RLeaky,rate,43,normal,0.6706935123042506,0.9261662032746371,0.777994031400026,9711
nslkdd_v2,RLeaky,rate,43,dos,0.8862516793551276,0.7958445040214477,0.8386185465075218,7460
nslkdd_v2,RLeaky,rate,43,probe,0.8625518672199171,0.6869062370921107,0.764773511151989,2421
nslkdd_v2,RLeaky,rate,43,r2l,0.547808764940239,0.09532062391681109,0.16238559196929436,2885
nslkdd_v2,RLeaky,rate,43,u2r,0.8,0.05970149253731343,0.1111111111111111,67
nslkdd_v2,RLeaky,rate,44,normal,0.6600297597959328,0.959221501390176,0.7819845533915379,9711
nslkdd_v2,RLeaky,rate,44,dos,0.9540624489128657,0.7823056300268096,0.8596891802312735,7460
nslkdd_v2,RLeaky,rate,44,probe,0.8102439024390244,0.6860801321767864,0.7430105121896667,2421
nslkdd_v2,RLeaky,rate,44,r2l,0.98,0.08492201039861352,0.15629984051036683,2885
nslkdd_v2,RLeaky,rate,44,u2r,0.9285714285714286,0.19402985074626866,0.32098765432098764,67
nslkdd_v2,RLeaky,rate,45,normal,0.6419082988144551,0.9255483472350943,0.7580651963058238,9711
nslkdd_v2,RLeaky,rate,45,dos,0.9161638615433471,0.7734584450402144,0.8387847070795174,7460
nslkdd_v2,RLeaky,rate,45,probe,0.7462915601023018,0.6026435357290376,0.666819012797075,2421
nslkdd_v2,RLeaky,rate,45,r2l,0.9236111111111112,0.09220103986135182,0.16766467065868262,2885
nslkdd_v2,RLeaky,rate,45,u2r,0.0,0.0,0.0,67
nslkdd_v2,RLeaky,rate,46,normal,0.6587847730600292,0.9266810833075894,0.7700996962046981,9711
nslkdd_v2,RLeaky,rate,46,dos,0.9518916394208314,0.8195710455764075,0.880789454728805,7460
nslkdd_v2,RLeaky,rate,46,probe,0.6992720655141037,0.6348616274266832,0.6655120155877896,2421
nslkdd_v2,RLeaky,rate,46,r2l,0.9254901960784314,0.08180242634315425,0.1503184713375796,2885
nslkdd_v2,RLeaky,rate,46,u2r,0.625,0.07462686567164178,0.13333333333333333,67
nslkdd_v2,RSynaptic,delta,42,normal,0.7144589269475599,0.9708577901348986,0.8231544942593967,9711
nslkdd_v2,RSynaptic,delta,42,dos,0.8908022413557469,0.8737265415549598,0.8821817689652839,7460
nslkdd_v2,RSynaptic,delta,42,probe,0.8104238258877434,0.5844692275919041,0.6791456683465322,2421
nslkdd_v2,RSynaptic,delta,42,r2l,0.9253731343283582,0.08596187175043328,0.1573104979384713,2885
nslkdd_v2,RSynaptic,delta,42,u2r,0.7058823529411765,0.1791044776119403,0.2857142857142857,67
nslkdd_v2,RSynaptic,delta,43,normal,0.6661014554189628,0.9708577901348986,0.790111041273832,9711
nslkdd_v2,RSynaptic,delta,43,dos,0.945322376738306,0.8018766756032172,0.8677110530896431,7460
nslkdd_v2,RSynaptic,delta,43,probe,0.7951745379876797,0.6398182569186287,0.7090867475394828,2421
nslkdd_v2,RSynaptic,delta,43,r2l,0.9459459459459459,0.036395147313691506,0.07009345794392523,2885
nslkdd_v2,RSynaptic,delta,43,u2r,1.0,0.04477611940298507,0.08571428571428572,67
nslkdd_v2,RSynaptic,delta,44,normal,0.7053411131059246,0.9709607661414891,0.8171064604185623,9711
nslkdd_v2,RSynaptic,delta,44,dos,0.8989552025189638,0.8419571045576407,0.8695230843773794,7460
nslkdd_v2,RSynaptic,delta,44,probe,0.7256997455470738,0.5890128046261875,0.6502507979936161,2421
nslkdd_v2,RSynaptic,delta,44,r2l,0.925,0.06412478336221837,0.11993517017828201,2885
nslkdd_v2,RSynaptic,delta,44,u2r,0.9166666666666666,0.3283582089552239,0.4835164835164835,67
nslkdd_v2,RSynaptic,delta,45,normal,0.6547082090070085,0.9715786221810319,0.7822734433297405,9711
nslkdd_v2,RSynaptic,delta,45,dos,0.9231152441049485,0.7451742627345844,0.8246550956831331,7460
nslkdd_v2,RSynaptic,delta,45,probe,0.7339449541284404,0.5947955390334573,0.6570841889117043,2421
nslkdd_v2,RSynaptic,delta,45,r2l,0.8796992481203008,0.04055459272097054,0.0775347912524851,2885
nslkdd_v2,RSynaptic,delta,45,u2r,0.875,0.208955223880597,0.3373493975903614,67
nslkdd_v2,RSynaptic,delta,46,normal,0.728122080348801,0.9630316136340232,0.8292618044779428,9711
nslkdd_v2,RSynaptic,delta,46,dos,0.8982915535685774,0.7541554959785522,0.8199373314872841,7460
nslkdd_v2,RSynaptic,delta,46,probe,0.5545893719806764,0.711276332094176,0.6232356134636265,2421
nslkdd_v2,RSynaptic,delta,46,r2l,0.973421926910299,0.10155979202772963,0.18392969240426868,2885
nslkdd_v2,RSynaptic,delta,46,u2r,0.8064516129032258,0.373134328358209,0.5102040816326531,67
nslkdd_v2,RSynaptic,latency,42,normal,0.6694700210251577,0.9508804448563485,0.7857385976855004,9711
nslkdd_v2,RSynaptic,latency,42,dos,0.9580486254568569,0.8081769436997319,0.876754162728132,7460
nslkdd_v2,RSynaptic,latency,42,probe,0.7421190893169878,0.7001239157372986,0.720510095642933,2421
nslkdd_v2,RSynaptic,latency,42,r2l,0.8079470198675497,0.04228769497400347,0.08036890645586298,2885
nslkdd_v2,RSynaptic,latency,42,u2r,0.782608695652174,0.26865671641791045,0.4,67
nslkdd_v2,RSynaptic,latency,43,normal,0.6746960996345738,0.9316239316239316,0.7826124567474049,9711
nslkdd_v2,RSynaptic,latency,43,dos,0.8966784244562023,0.817828418230563,0.855440269209198,7460
nslkdd_v2,RSynaptic,latency,43,probe,0.8005738880918221,0.6914498141263941,0.7420212765957447,2421
nslkdd_v2,RSynaptic,latency,43,r2l,0.3026315789473684,0.02391681109185442,0.044330228075811114,2885
nslkdd_v2,RSynaptic,latency,43,u2r,0.8333333333333334,0.14925373134328357,0.25316455696202533,67
nslkdd_v2,RSynaptic,latency,44,normal,0.6849059420722604,0.9448048604675111,0.7941316484182283,9711
nslkdd_v2,RSynaptic,latency,44,dos,0.9468807906114886,0.8219839142091153,0.8800229621125144,7460
nslkdd_v2,RSynaptic,latency,44,probe,0.7895397489539749,0.7794299876084263,0.784452296819788,2421
nslkdd_v2,RSynaptic,latency,44,r2l,0.49097472924187724,0.04714038128249567,0.08602150537634409,2885
nslkdd_v2,RSynaptic,latency,44,u2r,0.8,0.05970149253731343,0.1111111111111111,67
nslkdd_v2,RSynaptic,latency,45,normal,0.6493764172335601,0.9436721243950159,0.7693405532468622,9711
nslkdd_v2,RSynaptic,latency,45,dos,0.92534281361097,0.7327077747989276,0.8178349667090596,7460
nslkdd_v2,RSynaptic,latency,45,probe,0.7151841868823001,0.6575795125981,0.6851732300408866,2421
nslkdd_v2,RSynaptic,latency,45,r2l,0.9765886287625418,0.10121317157712305,0.18341708542713567,2885
nslkdd_v2,RSynaptic,latency,45,u2r,0.0,0.0,0.0,67
nslkdd_v2,RSynaptic,latency,46,normal,0.6655383964459488,0.9718875502008032,0.7900552486187845,9711
nslkdd_v2,RSynaptic,latency,46,dos,0.9633948817622286,0.797319034852547,0.8725245709256271,7460
nslkdd_v2,RSynaptic,latency,46,probe,0.7890625,0.7092110698058653,0.7470089188601262,2421
nslkdd_v2,RSynaptic,latency,46,r2l,0.8571428571428571,0.0020797227036395147,0.004149377593360996,2885
nslkdd_v2,RSynaptic,latency,46,u2r,0.8333333333333334,0.07462686567164178,0.136986301369863,67
nslkdd_v2,RSynaptic,rate,42,normal,0.6483083632271225,0.9491298527443106,0.7703945168839853,9711
nslkdd_v2,RSynaptic,rate,42,dos,0.949354351836324,0.7588471849865952,0.8434776130522238,7460
nslkdd_v2,RSynaptic,rate,42,probe,0.7880761523046093,0.6497315159025197,0.7122481322164365,2421
nslkdd_v2,RSynaptic,rate,42,r2l,0.7674418604651163,0.09150779896013865,0.16351811706410654,2885
nslkdd_v2,RSynaptic,rate,42,u2r,0.7916666666666666,0.2835820895522388,0.4175824175824176,67
nslkdd_v2,RSynaptic,rate,43,normal,0.6717602996254681,0.923488827103285,0.7777633233597849,9711
nslkdd_v2,RSynaptic,rate,43,dos,0.9616671737146334,0.8474530831099196,0.90095482399886,7460
nslkdd_v2,RSynaptic,rate,43,probe,0.6842539159109645,0.6856670797191243,0.6849597689292346,2421
nslkdd_v2,RSynaptic,rate,43,r2l,0.9259259259259259,0.060658578856152515,0.11385816525699415,2885
nslkdd_v2,RSynaptic,rate,43,u2r,0.6,0.04477611940298507,0.08333333333333333,67
nslkdd_v2,RSynaptic,rate,44,normal,0.6707389749702026,0.9271959633405417,0.7783877242273611,9711
nslkdd_v2,RSynaptic,rate,44,dos,0.9555485498108449,0.8126005361930295,0.8782961460446247,7460
nslkdd_v2,RSynaptic,rate,44,probe,0.7106598984771574,0.6939281288723668,0.7021943573667712,2421
nslkdd_v2,RSynaptic,rate,44,r2l,0.8891752577319587,0.1195840554592721,0.21081576535288726,2885
nslkdd_v2,RSynaptic,rate,44,u2r,0.7916666666666666,0.2835820895522388,0.4175824175824176,67
nslkdd_v2,RSynaptic,rate,45,normal,0.6684682016732065,0.9297703635053033,0.7777586355413904,9711
nslkdd_v2,RSynaptic,rate,45,dos,0.9634853471242751,0.8241286863270777,0.8883751174048118,7460
nslkdd_v2,RSynaptic,rate,45,probe,0.6993806574559314,0.6063610078479967,0.6495575221238938,2421
nslkdd_v2,RSynaptic,rate,45,r2l,0.5182481751824818,0.09844020797227036,0.16545295659772793,2885
nslkdd_v2,RSynaptic,rate,45,u2r,0.7777777777777778,0.1044776119402985,0.18421052631578946,67
nslkdd_v2,RSynaptic,rate,46,normal,0.6695035460992907,0.923488827103285,0.7762485934389336,9711
nslkdd_v2,RSynaptic,rate,46,dos,0.9614461686130219,0.8056300268096515,0.8766683684632777,7460
nslkdd_v2,RSynaptic,rate,46,probe,0.7236793498337644,0.8091697645600991,0.7640405616224649,2421
nslkdd_v2,RSynaptic,rate,46,r2l,0.9281767955801105,0.058232235701906415,0.1095890410958904,2885
nslkdd_v2,RSynaptic,rate,46,u2r,0.7,0.1044776119402985,0.18181818181818182,67
nslkdd_v2,SConv2dLSTM,delta,42,normal,0.6708348134991119,0.972299454227165,0.7939123854368115,9711
nslkdd_v2,SConv2dLSTM,delta,42,dos,0.9207810763613272,0.7774798927613941,0.8430845264917508,7460
nslkdd_v2,SConv2dLSTM,delta,42,probe,0.8160206718346253,0.6522098306484924,0.7249770431588614,2421
nslkdd_v2,SConv2dLSTM,delta,42,r2l,0.7924528301886793,0.058232235701906415,0.10849208911850178,2885
nslkdd_v2,SConv2dLSTM,delta,42,u2r,0.8695652173913043,0.29850746268656714,0.4444444444444444,67
nslkdd_v2,SConv2dLSTM,delta,43,normal,0.6746514122273864,0.9715786221810319,0.7963369345037137,9711
nslkdd_v2,SConv2dLSTM,delta,43,dos,0.9066503965832825,0.7967828418230563,0.8481735159817352,7460
nslkdd_v2,SConv2dLSTM,delta,43,probe,0.82421875,0.6100784799669559,0.7011630666983147,2421
nslkdd_v2,SConv2dLSTM,delta,43,r2l,0.9617224880382775,0.06967071057192374,0.129928894634777,2885
nslkdd_v2,SConv2dLSTM,delta,43,u2r,1.0,0.029850746268656716,0.057971014492753624,67
nslkdd_v2,SConv2dLSTM,delta,44,normal,0.6884576098059244,0.9716815981876222,0.805910236153222,9711
nslkdd_v2,SConv2dLSTM,delta,44,dos,0.9067028985507246,0.8050938337801609,0.852882703777336,7460
nslkdd_v2,SConv2dLSTM,delta,44,probe,0.795687885010267,0.6402313093762908,0.7095445181963836,2421
nslkdd_v2,SConv2dLSTM,delta,44,r2l,0.9722222222222222,0.08492201039861352,0.15620019126554033,2885
nslkdd_v2,SConv2dLSTM,delta,44,u2r,0.8571428571428571,0.1791044776119403,0.2962962962962963,67
nslkdd_v2,SConv2dLSTM,delta,45,normal,0.6705514496873224,0.9716815981876222,0.7935079678762141,9711
nslkdd_v2,SConv2dLSTM,delta,45,dos,0.8940833844267321,0.7819034852546917,0.8342391304347826,7460
nslkdd_v2,SConv2dLSTM,delta,45,probe,0.8218801539307312,0.617513424204874,0.7051886792452831,2421
nslkdd_v2,SConv2dLSTM,delta,45,r2l,0.7983870967741935,0.03431542461005199,0.06580259222333001,2885
nslkdd_v2,SConv2dLSTM,delta,45,u2r,1.0,0.07462686567164178,0.1388888888888889,67
nslkdd_v2,SConv2dLSTM,delta,46,normal,0.682433900760594,0.9701369580887653,0.8012417077734308,9711
nslkdd_v2,SConv2dLSTM,delta,46,dos,0.8880035413899956,0.8067024128686328,0.8454028236285734,7460
nslkdd_v2,SConv2dLSTM,delta,46,probe,0.8059450364554123,0.5935563816604709,0.6836346336822074,2421
nslkdd_v2,SConv2dLSTM,delta,46,r2l,0.8963414634146342,0.05095320623916811,0.0964250573958675,2885
nslkdd_v2,SConv2dLSTM,delta,46,u2r,0.9333333333333333,0.208955223880597,0.34146341463414637,67
nslkdd_v2,SConv2dLSTM,latency,42,normal,0.6711744286954007,0.9557203171661003,0.7885636603084243,9711
nslkdd_v2,SConv2dLSTM,latency,42,dos,0.9558582212011815,0.7808310991957105,0.8595248635089272,7460
nslkdd_v2,SConv2dLSTM,latency,42,probe,0.8114309553608677,0.8033870301528294,0.8073889580738896,2421
nslkdd_v2,SConv2dLSTM,latency,42,r2l,0.958139534883721,0.07140381282495667,0.1329032258064516,2885
nslkdd_v2,SConv2dLSTM,latency,42,u2r,1.0,0.14925373134328357,0.2597402597402597,67
nslkdd_v2,SConv2dLSTM,latency,43,normal,0.6464064832586905,0.936360827927093,0.7648246278072167,9711
nslkdd_v2,SConv2dLSTM,latency,43,dos,0.9365079365079365,0.7908847184986595,0.8575581395348837,7460
nslkdd_v2,SConv2dLSTM,latency,43,probe,0.8166189111747851,0.7063197026022305,0.7574750830564784,2421
nslkdd_v2,SConv2dLSTM,latency,43,r2l,0.8823529411764706,0.02079722703639515,0.04063664070436844,2885
nslkdd_v2,SConv2dLSTM,latency,43,u2r,0.8666666666666667,0.19402985074626866,0.3170731707317073,67
nslkdd_v2,SConv2dLSTM,latency,44,normal,0.6529062543145105,0.9739470703326125,0.7817498036946728,9711
nslkdd_v2,SConv2dLSTM,latency,44,dos,0.9608403361344537,0.7663538873994639,0.8526472781506339,7460
nslkdd_v2,SConv2dLSTM,latency,44,probe,0.8565349544072949,0.5819909128459314,0.6930644367929168,2421
nslkdd_v2,SConv2dLSTM,latency,44,r2l,0.9748283752860412,0.14766031195840554,0.25647200481637566,2885
nslkdd_v2,SConv2dLSTM,latency,44,u2r,0.6923076923076923,0.26865671641791045,0.3870967741935484,67
nslkdd_v2,SConv2dLSTM,latency,45,normal,0.6726220985575163,0.9459375965400062,0.7862033550154057,9711
nslkdd_v2,SConv2dLSTM,latency,45,dos,0.9267415730337079,0.8292225201072386,0.8752741422002123,7460
nslkdd_v2,SConv2dLSTM,latency,45,probe,0.8646055437100213,0.6699710863279636,0.7549453106818711,2421
nslkdd_v2,SConv2dLSTM,latency,45,r2l,0.37770897832817335,0.04228769497400347,0.07605985037406483,2885
nslkdd_v2,SConv2dLSTM,latency,45,u2r,0.7692307692307693,0.14925373134328357,0.25,67
nslkdd_v2,SConv2dLSTM,latency,46,normal,0.6465319575809687,0.9291525074657605,0.7624963028689736,9711
nslkdd_v2,SConv2dLSTM,latency,46,dos,0.9657937806873977,0.7910187667560322,0.8697126013264554,7460
nslkdd_v2,SConv2dLSTM,latency,46,probe,0.7114449845338047,0.6650144568360181,0.6874466268146883,2421
nslkdd_v2,SConv2dLSTM,latency,46,r2l,0.9746192893401016,0.06655112651646447,0.1245944192083063,2885
nslkdd_v2,SConv2dLSTM,latency,46,u2r,0.8333333333333334,0.22388059701492538,0.35294117647058826,67
nslkdd_v2,SConv2dLSTM,rate,42,normal,0.6467123287671233,0.972299454227165,0.7767677183168114,9711
nslkdd_v2,SConv2dLSTM,rate,42,dos,0.938676967648479,0.781769436997319,0.853068090397133,7460
nslkdd_v2,SConv2dLSTM,rate,42,probe,0.8540012217470984,0.5774473358116481,0.689009364218827,2421
nslkdd_v2,SConv2dLSTM,rate,42,r2l,0.8169014084507042,0.020103986135181974,0.03924221921515562,2885
nslkdd_v2,SConv2dLSTM,rate,42,u2r,0.8260869565217391,0.2835820895522388,0.4222222222222222,67
nslkdd_v2,SConv2dLSTM,rate,43,normal,0.6647293861242282,0.9422304603027495,0.7795195092860794,9711
nslkdd_v2,SConv2dLSTM,rate,43,dos,0.913988368533823,0.8005361930294906,0.8535086465628127,7460
nslkdd_v2,SConv2dLSTM,rate,43,probe,0.8524240809802877,0.6608839322593969,0.7445323406235458,2421
nslkdd_v2,SConv2dLSTM,rate,43,r2l,0.7436619718309859,0.09150779896013865,0.16296296296296298,2885
nslkdd_v2,SConv2dLSTM,rate,43,u2r,0.7692307692307693,0.14925373134328357,0.25,67
nslkdd_v2,SConv2dLSTM,rate,44,normal,0.658063606233693,0.960972093502214,0.7811819856018751,9711
nslkdd_v2,SConv2dLSTM,rate,44,dos,0.9374489629266699,0.7694369973190348,0.8451741147022013,7460
nslkdd_v2,SConv2dLSTM,rate,44,probe,0.865234375,0.7319289549772822,0.7930185723875587,2421
nslkdd_v2,SConv2dLSTM,rate,44,r2l,0.9375,0.05719237435008666,0.1078079059131003,2885
nslkdd_v2,SConv2dLSTM,rate,44,u2r,0.875,0.208955223880597,0.3373493975903614,67
nslkdd_v2,SConv2dLSTM,rate,45,normal,0.6578599735799208,0.9743589743589743,0.7854237569519382,9711
nslkdd_v2,SConv2dLSTM,rate,45,dos,0.9514391381251005,0.7931635388739946,0.8651217194239345,7460
nslkdd_v2,SConv2dLSTM,rate,45,probe,0.9009356081452944,0.6761668731928955,0.7725342142520056,2421
nslkdd_v2,SConv2dLSTM,rate,45,r2l,0.8347826086956521,0.033275563258232235,0.064,2885
nslkdd_v2,SConv2dLSTM,rate,45,u2r,0.9,0.13432835820895522,0.23376623376623376,67
nslkdd_v2,SConv2dLSTM,rate,46,normal,0.6761550565012159,0.9735351663062507,0.7980416156670747,9711
nslkdd_v2,SConv2dLSTM,rate,46,dos,0.9654747225647349,0.8396782841823056,0.8981932893604818,7460
nslkdd_v2,SConv2dLSTM,rate,46,probe,0.8703412073490814,0.6848409748038001,0.7665279704114656,2421
nslkdd_v2,SConv2dLSTM,rate,46,r2l,0.903448275862069,0.04540727902946274,0.08646864686468647,2885
nslkdd_v2,SConv2dLSTM,rate,46,u2r,0.75,0.26865671641791045,0.3956043956043956,67
nslkdd_v2,SLSTM,delta,42,normal,0.6697671116160182,0.9713726701678509,0.7928556419415844,9711
nslkdd_v2,SLSTM,delta,42,dos,0.9182460648891745,0.7663538873994639,0.835452287008622,7460
nslkdd_v2,SLSTM,delta,42,probe,0.7787742899850523,0.6456009913258984,0.7059620596205962,2421
nslkdd_v2,SLSTM,delta,42,r2l,0.8805970149253731,0.061351819757365686,0.11471160077770577,2885
nslkdd_v2,SLSTM,delta,42,u2r,0.7692307692307693,0.29850746268656714,0.43010752688172044,67
nslkdd_v2,SLSTM,delta,43,normal,0.6916251100029334,0.9711667181546699,0.8078982310361075,9711
nslkdd_v2,SLSTM,delta,43,dos,0.9065069975472515,0.8422252010723861,0.8731846292821902,7460
nslkdd_v2,SLSTM,delta,43,probe,0.8230184581976113,0.6261875258157786,0.7112362186253812,2421
nslkdd_v2,SLSTM,delta,43,r2l,0.968503937007874,0.042634315424610054,0.08167330677290836,2885
nslkdd_v2,SLSTM,delta,43,u2r,0.75,0.08955223880597014,0.16,67
nslkdd_v2,SLSTM,delta,44,normal,0.6885174100299292,0.9712696941612604,0.8058094831268688,9711
nslkdd_v2,SLSTM,delta,44,dos,0.9148842660416057,0.8371313672922251,0.874282514349713,7460
nslkdd_v2,SLSTM,delta,44,probe,0.8272827282728272,0.6212308963238331,0.7096013210662893,2421
nslkdd_v2,SLSTM,delta,44,r2l,0.9204545454545454,0.056152512998266894,0.10584776216922574,2885
nslkdd_v2,SLSTM,delta,44,u2r,0.8,0.29850746268656714,0.43478260869565216,67
nslkdd_v2,SLSTM,delta,45,normal,0.6663840011306621,0.9710637421480794,0.7903780068728522,9711
nslkdd_v2,SLSTM,delta,45,dos,0.9074965078379637,0.7837801608579088,0.8411134287563835,7460
nslkdd_v2,SLSTM,delta,45,probe,0.8192567567567568,0.6009913258983891,0.6933523945675483,2421
nslkdd_v2,SLSTM,delta,45,r2l,0.9526627218934911,0.05580589254766031,0.1054354944335298,2885
nslkdd_v2,SLSTM,delta,45,u2r,0.6,0.04477611940298507,0.08333333333333333,67
nslkdd_v2,SLSTM,delta,46,normal,0.6735729084803886,0.9708577901348986,0.7953433440188966,9711
nslkdd_v2,SLSTM,delta,46,dos,0.9013657056145675,0.7962466487935657,0.8455516014234875,7460
nslkdd_v2,SLSTM,delta,46,probe,0.8306674020959736,0.6220570012391574,0.7113840340103921,2421
nslkdd_v2,SLSTM,delta,46,r2l,0.928,0.04020797227036395,0.07707641196013289,2885
nslkdd_v2,SLSTM,delta,46,u2r,0.7894736842105263,0.22388059701492538,0.3488372093023256,67
nslkdd_v2,SLSTM,latency,42,normal,0.6535537420659832,0.9648851817526516,0.7792747837658017,9711
nslkdd_v2,SLSTM,latency,42,dos,0.972972972972973,0.7624664879356569,0.854952652938524,7460
nslkdd_v2,SLSTM,latency,42,probe,0.8096976016684045,0.6414704667492772,0.7158331412767919,2421
nslkdd_v2,SLSTM,latency,42,r2l,0.8981481481481481,0.13448873483535528,0.2339463370515526,2885
nslkdd_v2,SLSTM,latency,42,u2r,0.6363636363636364,0.1044776119402985,0.1794871794871795,67
nslkdd_v2,SLSTM,latency,43,normal,0.6630720113515431,0.9624137575944804,0.7851802066705873,9711
nslkdd_v2,SLSTM,latency,43,dos,0.9661410788381742,0.7802949061662199,0.8633296255098257,7460
nslkdd_v2,SLSTM,latency,43,probe,0.7842239185750636,0.6365138372573317,0.7026903784769721,2421
nslkdd_v2,SLSTM,latency,43,r2l,0.9487750556792873,0.14766031195840554,0.2555488902219556,2885
nslkdd_v2,SLSTM,latency,43,u2r,0.8,0.11940298507462686,0.2077922077922078,67
nslkdd_v2,SLSTM,latency,44,normal,0.6449410304158908,0.9629286376274329,0.7724907063197026,9711
nslkdd_v2,SLSTM,latency,44,dos,0.9730571847507331,0.7116621983914209,0.822081139671725,7460
nslkdd_v2,SLSTM,latency,44,probe,0.8007380073800738,0.6274266831887649,0.7035664659564613,2421
nslkdd_v2,SLSTM,latency,44,r2l,0.7636632200886263,0.17920277296360484,0.29028635597978664,2885
nslkdd_v2,SLSTM,latency,44,u2r,0.7333333333333333,0.16417910447761194,0.2682926829268293,67
nslkdd_v2,SLSTM,latency,45,normal,0.6445272087730188,0.9623107815878901,0.7719950433705081,9711
nslkdd_v2,SLSTM,latency,45,dos,0.9701014415376401,0.7306970509383378,0.8335499655936999,7460
nslkdd_v2,SLSTM,latency,45,probe,0.7751627441161743,0.6394052044609665,0.7007695789950203,2421
nslkdd_v2,SLSTM,latency,45,r2l,0.8813559322033898,0.12616984402079723,0.22073984232868404,2885
nslkdd_v2,SLSTM,latency,45,u2r,0.5625,0.13432835820895522,0.21686746987951808,67
nslkdd_v2,SLSTM,latency,46,normal,0.6753237358026477,0.9612810215219854,0.7933203025410045,9711
nslkdd_v2,SLSTM,latency,46,dos,0.9642747623428396,0.843029490616622,0.8995851809469317,7460
nslkdd_v2,SLSTM,latency,46,probe,0.8022626660108214,0.6736885584469228,0.7323753929052537,2421
nslkdd_v2,SLSTM,latency,46,r2l,0.9050632911392406,0.04956672443674177,0.09398619783108775,2885
nslkdd_v2,SLSTM,latency,46,u2r,0.625,0.07462686567164178,0.13333333333333333,67
nslkdd_v2,SLSTM,rate,42,normal,0.6656220392099701,0.9404798681907116,0.7795322635711847,9711
nslkdd_v2,SLSTM,rate,42,dos,0.9497774952320407,0.8010723860589812,0.8691099476439791,7460
nslkdd_v2,SLSTM,rate,42,probe,0.7713372889091739,0.698058653448988,0.7328707718993929,2421
nslkdd_v2,SLSTM,rate,42,r2l,0.8836477987421384,0.0974003466204506,0.17546050577583516,2885
nslkdd_v2,SLSTM,rate,42,u2r,0.9090909090909091,0.29850746268656714,0.449438202247191,67
nslkdd_v2,SLSTM,rate,43,normal,0.6717907028305373,0.9360518999073216,0.7822046295499526,9711
nslkdd_v2,SLSTM,rate,43,dos,0.9574768554840735,0.8179624664879357,0.8822381262199089,7460
nslkdd_v2,SLSTM,rate,43,probe,0.7152406417112299,0.6629491945477075,0.6881028938906752,2421
nslkdd_v2,SLSTM,rate,43,r2l,0.7889182058047494,0.10363951473136915,0.18321078431372548,2885
nslkdd_v2,SLSTM,rate,43,u2r,0.7058823529411765,0.1791044776119403,0.2857142857142857,67
nslkdd_v2,SLSTM,rate,44,normal,0.6757100149476831,0.9310060755843889,0.7830756571824521,9711
nslkdd_v2,SLSTM,rate,44,dos,0.9606698417575664,0.8382037533512064,0.8952680936359081,7460
nslkdd_v2,SLSTM,rate,44,probe,0.7233201581027668,0.6802973977695167,0.7011494252873564,2421
nslkdd_v2,SLSTM,rate,44,r2l,0.8805555555555555,0.10987868284228769,0.19537750385208014,2885
nslkdd_v2,SLSTM,rate,44,u2r,0.8888888888888888,0.23880597014925373,0.3764705882352941,67
nslkdd_v2,SLSTM,rate,45,normal,0.6583126912428967,0.9304911955514366,0.7710884498869309,9711
nslkdd_v2,SLSTM,rate,45,dos,0.9441003406627438,0.8172922252010724,0.8761316281074867,7460
nslkdd_v2,SLSTM,rate,45,probe,0.7488076311605724,0.5836431226765799,0.6559888579387186,2421
nslkdd_v2,SLSTM,rate,45,r2l,0.7229437229437229,0.11577123050259966,0.19958171496862862,2885
nslkdd_v2,SLSTM,rate,45,u2r,0.8181818181818182,0.13432835820895522,0.23076923076923078,67
nslkdd_v2,SLSTM,rate,46,normal,0.6564439576487769,0.9257542992482751,0.7681790993762283,9711
nslkdd_v2,SLSTM,rate,46,dos,0.9682820801803252,0.806166219839142,0.8798185941043084,7460
nslkdd_v2,SLSTM,rate,46,probe,0.6819772528433946,0.6439487814952499,0.6624176758019971,2421
nslkdd_v2,SLSTM,rate,46,r2l,0.7366863905325444,0.08630849220103987,0.1545144275519702,2885
nslkdd_v2,SLSTM,rate,46,u2r,0.7857142857142857,0.16417910447761194,0.2716049382716049,67
nslkdd_v2,Synaptic,delta,42,normal,0.6824133690226434,0.9713726701678509,0.801648678507691,9711
nslkdd_v2,Synaptic,delta,42,dos,0.9149587029672682,0.8018766756032172,0.8546935276468067,7460
nslkdd_v2,Synaptic,delta,42,probe,0.7693888032871083,0.6187525815778604,0.6858974358974359,2421
nslkdd_v2,Synaptic,delta,42,r2l,0.5619469026548672,0.0440207972270364,0.08164577306332368,2885
nslkdd_v2,Synaptic,delta,42,u2r,0.8,0.11940298507462686,0.2077922077922078,67
nslkdd_v2,Synaptic,delta,43,normal,0.6897636643008707,0.9707548141283081,0.8064847292326118,9711
nslkdd_v2,Synaptic,delta,43,dos,0.9066666666666666,0.811260053619303,0.8563141139016626,7460
nslkdd_v2,Synaptic,delta,43,probe,0.76,0.6042957455596861,0.6732627703635526,2421
nslkdd_v2,Synaptic,delta,43,r2l,0.8768656716417911,0.08145580589254767,0.14906438312718046,2885
nslkdd_v2,Synaptic,delta,43,u2r,0.8888888888888888,0.11940298507462686,0.21052631578947367,67
nslkdd_v2,Synaptic,delta,44,normal,0.6612677043892862,0.9711667181546699,0.7868018187127185,9711
nslkdd_v2,Synaptic,delta,44,dos,0.9139269783578391,0.7415549597855228,0.8187671131502997,7460
nslkdd_v2,Synaptic,delta,44,probe,0.7721088435374149,0.6563403552251136,0.7095333779861577,2421
nslkdd_v2,Synaptic,delta,44,r2l,0.9591836734693877,0.048873483535528596,0.09300791556728233,2885
nslkdd_v2,Synaptic,delta,44,u2r,0.75,0.26865671641791045,0.3956043956043956,67
nslkdd_v2,Synaptic,delta,45,normal,0.6527845036319613,0.9716815981876222,0.7809318877762145,9711
nslkdd_v2,Synaptic,delta,45,dos,0.9080065359477124,0.7449061662198392,0.8184094256259205,7460
nslkdd_v2,Synaptic,delta,45,probe,0.7934065934065934,0.5964477488641058,0.680971468993162,2421
nslkdd_v2,Synaptic,delta,45,r2l,1.0,0.050606585788561524,0.09633784229627186,2885
nslkdd_v2,Synaptic,delta,45,u2r,1.0,0.04477611940298507,0.08571428571428572,67
nslkdd_v2,Synaptic,delta,46,normal,0.6857038923244816,0.9705488621151271,0.8036323328785812,9711
nslkdd_v2,Synaptic,delta,46,dos,0.9107224334600761,0.8026809651474531,0.8532953330958318,7460
nslkdd_v2,Synaptic,delta,46,probe,0.7810849735957753,0.6720363486162743,0.7224689165186501,2421
nslkdd_v2,Synaptic,delta,46,r2l,0.9133858267716536,0.04020797227036395,0.07702523240371846,2885
nslkdd_v2,Synaptic,delta,46,u2r,0.7142857142857143,0.14925373134328357,0.24691358024691357,67
nslkdd_v2,Synaptic,latency,42,normal,0.6674851190476191,0.9237977551230563,0.7749989201330396,9711
nslkdd_v2,Synaptic,latency,42,dos,0.9651107967939652,0.8231903485254691,0.8885191347753744,7460
nslkdd_v2,Synaptic,latency,42,probe,0.6947077409162717,0.7265592730276745,0.7102766000403795,2421
nslkdd_v2,Synaptic,latency,42,r2l,0.9384615384615385,0.0634315424610052,0.11883116883116883,2885
nslkdd_v2,Synaptic,latency,42,u2r,0.8571428571428571,0.1791044776119403,0.2962962962962963,67
nslkdd_v2,Synaptic,latency,43,normal,0.675404554440946,0.9498506847904439,0.7894556658678534,9711
nslkdd_v2,Synaptic,latency,43,dos,0.9600314712824548,0.817828418230563,0.8832428519724936,7460
nslkdd_v2,Synaptic,latency,43,probe,0.7810989010989011,0.7339942172655928,0.7568143100511073,2421
nslkdd_v2,Synaptic,latency,43,r2l,0.97165991902834,0.0831889081455806,0.1532567049808429,2885
nslkdd_v2,Synaptic,latency,43,u2r,0.7,0.1044776119402985,0.18181818181818182,67
nslkdd_v2,Synaptic,latency,44,normal,0.6486719930900453,0.9280197713932654,0.7635993899339095,9711
nslkdd_v2,Synaptic,latency,44,dos,0.9603389830508474,0.7595174262734584,0.8482035928143713,7460
nslkdd_v2,Synaptic,latency,44,probe,0.6999583853516438,0.6947542337876911,0.697346600331675,2421
nslkdd_v2,Synaptic,latency,44,r2l,0.9556962025316456,0.1046793760831889,0.1886910340518588,2885
nslkdd_v2,Synaptic,latency,44,u2r,0.71875,0.34328358208955223,0.46464646464646464,67
nslkdd_v2,Synaptic,latency,45,normal,0.6827070973412437,0.9598393574297188,0.7978941961992809,9711
nslkdd_v2,Synaptic,latency,45,dos,0.9560542309490416,0.8223860589812333,0.8841968725228796,7460
nslkdd_v2,Synaptic,latency,45,probe,0.7886297376093294,0.6703841387856257,0.724715338245144,2421
nslkdd_v2,Synaptic,latency,45,r2l,0.7195121951219512,0.1022530329289428,0.17905918057663125,2885
nslkdd_v2,Synaptic,latency,45,u2r,1.0,0.08955223880597014,0.1643835616438356,67
nslkdd_v2,Synaptic,latency,46,normal,0.6833422032996275,0.9255483472350943,0.7862141357592722,9711
nslkdd_v2,Synaptic,latency,46,dos,0.9736762020693853,0.857774798927614,0.9120581527936146,7460
nslkdd_v2,Synaptic,latency,46,probe,0.6961233847436432,0.6897976042957455,0.6929460580912863,2421
nslkdd_v2,Synaptic,latency,46,r2l,0.8753387533875339,0.1119584055459272,0.19852489244007376,2885
nslkdd_v2,Synaptic,latency,46,u2r,0.39215686274509803,0.29850746268656714,0.3389830508474576,67
nslkdd_v2,Synaptic,rate,42,normal,0.6486373165618449,0.9558232931726908,0.772823779193206,9711
nslkdd_v2,Synaptic,rate,42,dos,0.963107786467188,0.7593833780160858,0.849198021286164,7460
nslkdd_v2,Synaptic,rate,42,probe,0.7821122740247384,0.6790582403965304,0.7269511386248065,2421
nslkdd_v2,Synaptic,rate,42,r2l,0.7701612903225806,0.06620450606585788,0.12192786466645388,2885
nslkdd_v2,Synaptic,rate,42,u2r,0.5,0.014925373134328358,0.028985507246376812,67
nslkdd_v2,Synaptic,rate,43,normal,0.6667403803626714,0.9314179796107507,0.7771620054130687,9711
nslkdd_v2,Synaptic,rate,43,dos,0.9605603776458048,0.8455764075067024,0.8994082840236687,7460
nslkdd_v2,Synaptic,rate,43,probe,0.7279090113735783,0.6873192895497728,0.7070320798810282,2421
nslkdd_v2,Synaptic,rate,43,r2l,0.8677685950413223,0.036395147313691506,0.06986027944111776,2885
nslkdd_v2,Synaptic,rate,43,u2r,0.5,0.029850746268656716,0.056338028169014086,67
nslkdd_v2,Synaptic,rate,44,normal,0.6554873697730841,0.9459375965400062,0.7743730242360379,9711
nslkdd_v2,Synaptic,rate,44,dos,0.9631013545072397,0.8292225201072386,0.8911618526255132,7460
nslkdd_v2,Synaptic,rate,44,probe,0.7264550264550265,0.567121024370095,0.6369751797726746,2421
nslkdd_v2,Synaptic,rate,44,r2l,0.75,0.056152512998266894,0.10448242502418574,2885
nslkdd_v2,Synaptic,rate,44,u2r,1.0,0.014925373134328358,0.029411764705882353,67
nslkdd_v2,Synaptic,rate,45,normal,0.6818936877076412,0.9299763155184841,0.7868438248747549,9711
nslkdd_v2,Synaptic,rate,45,dos,0.9591490673655002,0.8340482573726542,0.8922348892234889,7460
nslkdd_v2,Synaptic,rate,45,probe,0.7021996615905245,0.6856670797191243,0.6938349007314525,2421
nslkdd_v2,Synaptic,rate,45,r2l,0.8421052631578947,0.12755632582322357,0.22155328115593018,2885
nslkdd_v2,Synaptic,rate,45,u2r,0.8333333333333334,0.14925373134328357,0.25316455696202533,67
nslkdd_v2,Synaptic,rate,46,normal,0.6622212813999435,0.9664298218515086,0.7859146673365992,9711
nslkdd_v2,Synaptic,rate,46,dos,0.9595281009339669,0.7849865951742627,0.8635257686352577,7460
nslkdd_v2,Synaptic,rate,46,probe,0.849083215796897,0.7459727385377943,0.7941952506596306,2421
nslkdd_v2,Synaptic,rate,46,r2l,0.5144927536231884,0.02461005199306759,0.04697320542507443,2885
nslkdd_v2,Synaptic,rate,46,u2r,0.75,0.04477611940298507,0.08450704225352113,67
